Dispatch_ID,GPU_ID,Queue_ID,PID,TID,Grid_Size,Workgroup_Size,LDS_Per_Workgroup,Scratch_Per_Workitem,Arch_VGPR,Accum_VGPR,SGPR,Wave_Size,Kernel_Name,Start_Timestamp,End_Timestamp,Correlation_ID,Kernel_ID,CPC_CPC_STAT_STALL,CPC_CPC_TCIU_BUSY,SQ_ACTIVE_INST_LDS,SQ_ACTIVE_INST_MISC,SQ_INSTS_VALU_MFMA_F16,SQ_INSTS_VALU_MUL_F32,SQ_INSTS_VSKIPPED,SQ_INST_LEVEL_LDS,SQ_ACCUM_PREV_HIRES,SQ_WAIT_INST_ANY,TA_BUFFER_COALESCED_READ_CYCLES_sum,TA_BUFFER_COALESCED_WRITE_CYCLES_sum,TCC_EA0_ATOMIC_sum,TCC_EA0_WRREQ_DRAM_sum,TCC_READ_sum,TCC_STREAMING_REQ_sum,TCP_GATE_EN1_sum,TCP_TCC_NC_ATOMIC_REQ_sum,TCP_TOTAL_WRITEBACK_INVALIDATES_sum,TCP_UTCL1_TRANSLATION_HIT_sum
0,0,1,650,650,622592,256,0,0,56,0,48,64,"void at::native::(anonymous namespace)::distribution_elementwise_grid_stride_kernel<float, 4, at::native::templates::cuda::normal_and_transform<c10::Half, float, at::CUDAGeneratorImpl*, at::native::templates::cuda::normal_kernel<at::CUDAGeneratorImpl*>(at::TensorBase const&, double, double, at::CUDAGeneratorImpl*)::{lambda()#1}::operator()() const::{lambda()#3}::operator()() const::{lambda(float)#1}>(at::TensorIteratorBase&, at::CUDAGeneratorImpl*, at::native::templates::cuda::normal_kernel<at::CUDAGeneratorImpl*>(at::TensorBase const&, double, double, at::CUDAGeneratorImpl*)::{lambda()#1}::operator()() const::{lambda()#3}::operator()() const::{lambda(float)#1})::{lambda(hiprandStatePhilox4_32_10*)#2}, at::native::(anonymous namespace)::distribution_nullary_kernel<c10::Half, float, HIP_vector_type<float, 4u>, at::CUDAGeneratorImpl*, at::native::templates::cuda::normal_and_transform<c10::Half, float, at::CUDAGeneratorImpl*, at::native::templates::cuda::normal_kernel<at::CUDAGeneratorImpl*>(at::TensorBase const&, double, double, at::CUDAGeneratorImpl*)::{lambda()#1}::operator()() const::{lambda()#3}::operator()() const::{lambda(float)#1}>(at::TensorIteratorBase&, at::CUDAGeneratorImpl*, at::native::templates::cuda::normal_kernel<at::CUDAGeneratorImpl*>(at::TensorBase const&, double, double, at::CUDAGeneratorImpl*)::{lambda()#1}::operator()() const::{lambda()#3}::operator()() const::{lambda(float)#1})::{lambda(hiprandStatePhilox4_32_10*)#2}, at::native::templates::cuda::normal_kernel<at::CUDAGeneratorImpl*>(at::TensorBase const&, double, double, at::CUDAGeneratorImpl*)::{lambda()#1}::operator()() const::{lambda()#3}::operator()() const::{lambda(float)#1}>(at::TensorIteratorBase&, at::CUDAGeneratorImpl*, at::native::templates::cuda::normal_and_transform<c10::Half, float, at::CUDAGeneratorImpl*, at::native::templates::cuda::normal_kernel<at::CUDAGeneratorImpl*>(at::TensorBase const&, double, double, at::CUDAGeneratorImpl*)::{lambda()#1}::operator()() const::{lambda()#3}::operator()() const::{lambda(float)#1}>(at::TensorIteratorBase&, at::CUDAGeneratorImpl*, at::native::templates::cuda::normal_kernel<at::CUDAGeneratorImpl*>(at::TensorBase const&, double, double, at::CUDAGeneratorImpl*)::{lambda()#1}::operator()() const::{lambda()#3}::operator()() const::{lambda(float)#1})::{lambda(hiprandStatePhilox4_32_10*)#2} const&, at::native::templates::cuda::normal_kernel<at::CUDAGeneratorImpl*>(at::TensorBase const&, double, double, at::CUDAGeneratorImpl*)::{lambda()#1}::operator()() const::{lambda()#3}::operator()() const::{lambda(float)#1})::{lambda(int, float)#1}>(long, at::PhiloxCudaState, at::native::templates::cuda::normal_and_transform<c10::Half, float, at::CUDAGeneratorImpl*, at::native::templates::cuda::normal_kernel<at::CUDAGeneratorImpl*>(at::TensorBase const&, double, double, at::CUDAGeneratorImpl*)::{lambda()#1}::operator()() const::{lambda()#3}::operator()() const::{lambda(float)#1}>(at::TensorIteratorBase&, at::CUDAGeneratorImpl*, at::native::templates::cuda::normal_kernel<at::CUDAGeneratorImpl*>(at::TensorBase const&, double, double, at::CUDAGeneratorImpl*)::{lambda()#1}::operator()() const::{lambda()#3}::operator()() const::{lambda(float)#1})::{lambda(hiprandStatePhilox4_32_10*)#2}, at::native::(anonymous namespace)::distribution_nullary_kernel<c10::Half, float, HIP_vector_type<float, 4u>, at::CUDAGeneratorImpl*, at::native::templates::cuda::normal_and_transform<c10::Half, float, at::CUDAGeneratorImpl*, at::native::templates::cuda::normal_kernel<at::CUDAGeneratorImpl*>(at::TensorBase const&, double, double, at::CUDAGeneratorImpl*)::{lambda()#1}::operator()() const::{lambda()#3}::operator()() const::{lambda(float)#1}>(at::TensorIteratorBase&, at::CUDAGeneratorImpl*, at::native::templates::cuda::normal_kernel<at::CUDAGeneratorImpl*>(at::TensorBase const&, double, double, at::CUDAGeneratorImpl*)::{lambda()#1}::operator()() const::{lambda()#3}::operator()() const::{lambda(float)#1})::{lambda(hiprandStatePhilox4_32_10*)#2}, at::native::templates::cuda::normal_kernel<at::CUDAGeneratorImpl*>(at::TensorBase const&, double, double, at::CUDAGeneratorImpl*)::{lambda()#1}::operator()() const::{lambda()#3}::operator()() const::{lambda(float)#1}>(at::TensorIteratorBase&, at::CUDAGeneratorImpl*, at::native::templates::cuda::normal_and_transform<c10::Half, float, at::CUDAGeneratorImpl*, at::native::templates::cuda::normal_kernel<at::CUDAGeneratorImpl*>(at::TensorBase const&, double, double, at::CUDAGeneratorImpl*)::{lambda()#1}::operator()() const::{lambda()#3}::operator()() const::{lambda(float)#1}>(at::TensorIteratorBase&, at::CUDAGeneratorImpl*, at::native::templates::cuda::normal_kernel<at::CUDAGeneratorImpl*>(at::TensorBase const&, double, double, at::CUDAGeneratorImpl*)::{lambda()#1}::operator()() const::{lambda()#3}::operator()() const::{lambda(float)#1})::{lambda(hiprandStatePhilox4_32_10*)#2} const&, at::native::templates::cuda::normal_kernel<at::CUDAGeneratorImpl*>(at::TensorBase const&, double, double, at::CUDAGeneratorImpl*)::{lambda()#1}::operator()() const::{lambda()#3}::operator()() const::{lambda(float)#1})::{lambda(int, float)#1})",20836801234682,20836801242981,1,9,71106.0,1810.0,0.0,136192.0,0.0,123392.0,0.0,0.0,0.0,8214413.0,0.0,0.0,0.0,32768.0,10457.0,0.0,4598876.0,0.0,304.0,61672.0
1,0,1,650,650,622592,256,0,0,56,0,48,64,"void at::native::(anonymous namespace)::distribution_elementwise_grid_stride_kernel<float, 4, at::native::templates::cuda::normal_and_transform<c10::Half, float, at::CUDAGeneratorImpl*, at::native::templates::cuda::normal_kernel<at::CUDAGeneratorImpl*>(at::TensorBase const&, double, double, at::CUDAGeneratorImpl*)::{lambda()#1}::operator()() const::{lambda()#3}::operator()() const::{lambda(float)#1}>(at::TensorIteratorBase&, at::CUDAGeneratorImpl*, at::native::templates::cuda::normal_kernel<at::CUDAGeneratorImpl*>(at::TensorBase const&, double, double, at::CUDAGeneratorImpl*)::{lambda()#1}::operator()() const::{lambda()#3}::operator()() const::{lambda(float)#1})::{lambda(hiprandStatePhilox4_32_10*)#2}, at::native::(anonymous namespace)::distribution_nullary_kernel<c10::Half, float, HIP_vector_type<float, 4u>, at::CUDAGeneratorImpl*, at::native::templates::cuda::normal_and_transform<c10::Half, float, at::CUDAGeneratorImpl*, at::native::templates::cuda::normal_kernel<at::CUDAGeneratorImpl*>(at::TensorBase const&, double, double, at::CUDAGeneratorImpl*)::{lambda()#1}::operator()() const::{lambda()#3}::operator()() const::{lambda(float)#1}>(at::TensorIteratorBase&, at::CUDAGeneratorImpl*, at::native::templates::cuda::normal_kernel<at::CUDAGeneratorImpl*>(at::TensorBase const&, double, double, at::CUDAGeneratorImpl*)::{lambda()#1}::operator()() const::{lambda()#3}::operator()() const::{lambda(float)#1})::{lambda(hiprandStatePhilox4_32_10*)#2}, at::native::templates::cuda::normal_kernel<at::CUDAGeneratorImpl*>(at::TensorBase const&, double, double, at::CUDAGeneratorImpl*)::{lambda()#1}::operator()() const::{lambda()#3}::operator()() const::{lambda(float)#1}>(at::TensorIteratorBase&, at::CUDAGeneratorImpl*, at::native::templates::cuda::normal_and_transform<c10::Half, float, at::CUDAGeneratorImpl*, at::native::templates::cuda::normal_kernel<at::CUDAGeneratorImpl*>(at::TensorBase const&, double, double, at::CUDAGeneratorImpl*)::{lambda()#1}::operator()() const::{lambda()#3}::operator()() const::{lambda(float)#1}>(at::TensorIteratorBase&, at::CUDAGeneratorImpl*, at::native::templates::cuda::normal_kernel<at::CUDAGeneratorImpl*>(at::TensorBase const&, double, double, at::CUDAGeneratorImpl*)::{lambda()#1}::operator()() const::{lambda()#3}::operator()() const::{lambda(float)#1})::{lambda(hiprandStatePhilox4_32_10*)#2} const&, at::native::templates::cuda::normal_kernel<at::CUDAGeneratorImpl*>(at::TensorBase const&, double, double, at::CUDAGeneratorImpl*)::{lambda()#1}::operator()() const::{lambda()#3}::operator()() const::{lambda(float)#1})::{lambda(int, float)#1}>(long, at::PhiloxCudaState, at::native::templates::cuda::normal_and_transform<c10::Half, float, at::CUDAGeneratorImpl*, at::native::templates::cuda::normal_kernel<at::CUDAGeneratorImpl*>(at::TensorBase const&, double, double, at::CUDAGeneratorImpl*)::{lambda()#1}::operator()() const::{lambda()#3}::operator()() const::{lambda(float)#1}>(at::TensorIteratorBase&, at::CUDAGeneratorImpl*, at::native::templates::cuda::normal_kernel<at::CUDAGeneratorImpl*>(at::TensorBase const&, double, double, at::CUDAGeneratorImpl*)::{lambda()#1}::operator()() const::{lambda()#3}::operator()() const::{lambda(float)#1})::{lambda(hiprandStatePhilox4_32_10*)#2}, at::native::(anonymous namespace)::distribution_nullary_kernel<c10::Half, float, HIP_vector_type<float, 4u>, at::CUDAGeneratorImpl*, at::native::templates::cuda::normal_and_transform<c10::Half, float, at::CUDAGeneratorImpl*, at::native::templates::cuda::normal_kernel<at::CUDAGeneratorImpl*>(at::TensorBase const&, double, double, at::CUDAGeneratorImpl*)::{lambda()#1}::operator()() const::{lambda()#3}::operator()() const::{lambda(float)#1}>(at::TensorIteratorBase&, at::CUDAGeneratorImpl*, at::native::templates::cuda::normal_kernel<at::CUDAGeneratorImpl*>(at::TensorBase const&, double, double, at::CUDAGeneratorImpl*)::{lambda()#1}::operator()() const::{lambda()#3}::operator()() const::{lambda(float)#1})::{lambda(hiprandStatePhilox4_32_10*)#2}, at::native::templates::cuda::normal_kernel<at::CUDAGeneratorImpl*>(at::TensorBase const&, double, double, at::CUDAGeneratorImpl*)::{lambda()#1}::operator()() const::{lambda()#3}::operator()() const::{lambda(float)#1}>(at::TensorIteratorBase&, at::CUDAGeneratorImpl*, at::native::templates::cuda::normal_and_transform<c10::Half, float, at::CUDAGeneratorImpl*, at::native::templates::cuda::normal_kernel<at::CUDAGeneratorImpl*>(at::TensorBase const&, double, double, at::CUDAGeneratorImpl*)::{lambda()#1}::operator()() const::{lambda()#3}::operator()() const::{lambda(float)#1}>(at::TensorIteratorBase&, at::CUDAGeneratorImpl*, at::native::templates::cuda::normal_kernel<at::CUDAGeneratorImpl*>(at::TensorBase const&, double, double, at::CUDAGeneratorImpl*)::{lambda()#1}::operator()() const::{lambda()#3}::operator()() const::{lambda(float)#1})::{lambda(hiprandStatePhilox4_32_10*)#2} const&, at::native::templates::cuda::normal_kernel<at::CUDAGeneratorImpl*>(at::TensorBase const&, double, double, at::CUDAGeneratorImpl*)::{lambda()#1}::operator()() const::{lambda()#3}::operator()() const::{lambda(float)#1})::{lambda(int, float)#1})",20836801641108,20836801648405,2,9,62549.0,1811.0,0.0,136192.0,0.0,123392.0,0.0,0.0,0.0,7443543.0,0.0,0.0,0.0,32768.0,10416.0,0.0,4269954.0,0.0,304.0,61308.0
2,0,1,650,650,1024,256,0,0,56,0,48,64,"void at::native::(anonymous namespace)::distribution_elementwise_grid_stride_kernel<float, 4, at::native::templates::cuda::normal_and_transform<c10::Half, float, at::CUDAGeneratorImpl*, at::native::templates::cuda::normal_kernel<at::CUDAGeneratorImpl*>(at::TensorBase const&, double, double, at::CUDAGeneratorImpl*)::{lambda()#1}::operator()() const::{lambda()#3}::operator()() const::{lambda(float)#1}>(at::TensorIteratorBase&, at::CUDAGeneratorImpl*, at::native::templates::cuda::normal_kernel<at::CUDAGeneratorImpl*>(at::TensorBase const&, double, double, at::CUDAGeneratorImpl*)::{lambda()#1}::operator()() const::{lambda()#3}::operator()() const::{lambda(float)#1})::{lambda(hiprandStatePhilox4_32_10*)#2}, at::native::(anonymous namespace)::distribution_nullary_kernel<c10::Half, float, HIP_vector_type<float, 4u>, at::CUDAGeneratorImpl*, at::native::templates::cuda::normal_and_transform<c10::Half, float, at::CUDAGeneratorImpl*, at::native::templates::cuda::normal_kernel<at::CUDAGeneratorImpl*>(at::TensorBase const&, double, double, at::CUDAGeneratorImpl*)::{lambda()#1}::operator()() const::{lambda()#3}::operator()() const::{lambda(float)#1}>(at::TensorIteratorBase&, at::CUDAGeneratorImpl*, at::native::templates::cuda::normal_kernel<at::CUDAGeneratorImpl*>(at::TensorBase const&, double, double, at::CUDAGeneratorImpl*)::{lambda()#1}::operator()() const::{lambda()#3}::operator()() const::{lambda(float)#1})::{lambda(hiprandStatePhilox4_32_10*)#2}, at::native::templates::cuda::normal_kernel<at::CUDAGeneratorImpl*>(at::TensorBase const&, double, double, at::CUDAGeneratorImpl*)::{lambda()#1}::operator()() const::{lambda()#3}::operator()() const::{lambda(float)#1}>(at::TensorIteratorBase&, at::CUDAGeneratorImpl*, at::native::templates::cuda::normal_and_transform<c10::Half, float, at::CUDAGeneratorImpl*, at::native::templates::cuda::normal_kernel<at::CUDAGeneratorImpl*>(at::TensorBase const&, double, double, at::CUDAGeneratorImpl*)::{lambda()#1}::operator()() const::{lambda()#3}::operator()() const::{lambda(float)#1}>(at::TensorIteratorBase&, at::CUDAGeneratorImpl*, at::native::templates::cuda::normal_kernel<at::CUDAGeneratorImpl*>(at::TensorBase const&, double, double, at::CUDAGeneratorImpl*)::{lambda()#1}::operator()() const::{lambda()#3}::operator()() const::{lambda(float)#1})::{lambda(hiprandStatePhilox4_32_10*)#2} const&, at::native::templates::cuda::normal_kernel<at::CUDAGeneratorImpl*>(at::TensorBase const&, double, double, at::CUDAGeneratorImpl*)::{lambda()#1}::operator()() const::{lambda()#3}::operator()() const::{lambda(float)#1})::{lambda(int, float)#1}>(long, at::PhiloxCudaState, at::native::templates::cuda::normal_and_transform<c10::Half, float, at::CUDAGeneratorImpl*, at::native::templates::cuda::normal_kernel<at::CUDAGeneratorImpl*>(at::TensorBase const&, double, double, at::CUDAGeneratorImpl*)::{lambda()#1}::operator()() const::{lambda()#3}::operator()() const::{lambda(float)#1}>(at::TensorIteratorBase&, at::CUDAGeneratorImpl*, at::native::templates::cuda::normal_kernel<at::CUDAGeneratorImpl*>(at::TensorBase const&, double, double, at::CUDAGeneratorImpl*)::{lambda()#1}::operator()() const::{lambda()#3}::operator()() const::{lambda(float)#1})::{lambda(hiprandStatePhilox4_32_10*)#2}, at::native::(anonymous namespace)::distribution_nullary_kernel<c10::Half, float, HIP_vector_type<float, 4u>, at::CUDAGeneratorImpl*, at::native::templates::cuda::normal_and_transform<c10::Half, float, at::CUDAGeneratorImpl*, at::native::templates::cuda::normal_kernel<at::CUDAGeneratorImpl*>(at::TensorBase const&, double, double, at::CUDAGeneratorImpl*)::{lambda()#1}::operator()() const::{lambda()#3}::operator()() const::{lambda(float)#1}>(at::TensorIteratorBase&, at::CUDAGeneratorImpl*, at::native::templates::cuda::normal_kernel<at::CUDAGeneratorImpl*>(at::TensorBase const&, double, double, at::CUDAGeneratorImpl*)::{lambda()#1}::operator()() const::{lambda()#3}::operator()() const::{lambda(float)#1})::{lambda(hiprandStatePhilox4_32_10*)#2}, at::native::templates::cuda::normal_kernel<at::CUDAGeneratorImpl*>(at::TensorBase const&, double, double, at::CUDAGeneratorImpl*)::{lambda()#1}::operator()() const::{lambda()#3}::operator()() const::{lambda(float)#1}>(at::TensorIteratorBase&, at::CUDAGeneratorImpl*, at::native::templates::cuda::normal_and_transform<c10::Half, float, at::CUDAGeneratorImpl*, at::native::templates::cuda::normal_kernel<at::CUDAGeneratorImpl*>(at::TensorBase const&, double, double, at::CUDAGeneratorImpl*)::{lambda()#1}::operator()() const::{lambda()#3}::operator()() const::{lambda(float)#1}>(at::TensorIteratorBase&, at::CUDAGeneratorImpl*, at::native::templates::cuda::normal_kernel<at::CUDAGeneratorImpl*>(at::TensorBase const&, double, double, at::CUDAGeneratorImpl*)::{lambda()#1}::operator()() const::{lambda()#3}::operator()() const::{lambda(float)#1})::{lambda(hiprandStatePhilox4_32_10*)#2} const&, at::native::templates::cuda::normal_kernel<at::CUDAGeneratorImpl*>(at::TensorBase const&, double, double, at::CUDAGeneratorImpl*)::{lambda()#1}::operator()() const::{lambda()#3}::operator()() const::{lambda(float)#1})::{lambda(int, float)#1})",20836802017144,20836802020592,3,9,57113.0,1810.0,0.0,224.0,0.0,192.0,0.0,0.0,0.0,30.0,0.0,0.0,0.0,32.0,280.0,0.0,1171190.0,0.0,4.0,0.0
3,0,1,650,650,16384,256,0,0,16,192,48,64,matmulbias_kernel,20837171367746,20837171402745,4,27,181395.0,2018.0,250809.0,12800.0,131072.0,1024.0,0.0,10347657.0,10347657.0,2072616.0,0.0,0.0,0.0,32768.0,270572.0,0.0,21584690.0,0.0,64.0,807168.0
4,0,1,650,650,4194304,256,0,0,12,4,32,64,"void at::native::vectorized_elementwise_kernel<4, at::native::FillFunctor<int>, std::array<char*, 1ul> >(int, at::native::FillFunctor<int>, std::array<char*, 1ul>)",20837184826097,20837184884309,5,112,85487.0,1810.0,0.0,196608.0,0.0,0.0,0.0,0.0,0.0,178781659.0,0.0,0.0,0.0,4194304.0,4191.0,0.0,34190989.0,0.0,304.0,3857485.0
5,0,1,650,650,16384,256,0,0,16,192,48,64,matmulbias_kernel,20837185262569,20837185297729,6,27,180396.0,2018.0,250883.0,12800.0,131072.0,1024.0,0.0,10341957.0,10341957.0,2036589.0,0.0,0.0,0.0,32768.0,270912.0,0.0,21452793.0,0.0,64.0,814976.0
6,0,1,650,650,4194304,256,0,0,12,4,32,64,"void at::native::vectorized_elementwise_kernel<4, at::native::FillFunctor<int>, std::array<char*, 1ul> >(int, at::native::FillFunctor<int>, std::array<char*, 1ul>)",20837185671057,20837185728989,7,112,83170.0,1810.0,0.0,196608.0,0.0,0.0,0.0,0.0,0.0,176410317.0,0.0,0.0,0.0,4194304.0,4000.0,0.0,33751640.0,0.0,304.0,3863915.0
7,0,1,650,650,16384,256,0,0,16,192,48,64,matmulbias_kernel,20837186105806,20837186140284,8,27,172832.0,2018.0,250900.0,12800.0,131072.0,1024.0,0.0,10339149.0,10339149.0,2026111.0,0.0,0.0,0.0,32768.0,271288.0,0.0,21116887.0,0.0,64.0,814976.0
8,0,1,650,650,4194304,256,0,0,12,4,32,64,"void at::native::vectorized_elementwise_kernel<4, at::native::FillFunctor<int>, std::array<char*, 1ul> >(int, at::native::FillFunctor<int>, std::array<char*, 1ul>)",20837186492324,20837186550015,9,112,86412.0,1810.0,0.0,196608.0,0.0,0.0,0.0,0.0,0.0,175641730.0,0.0,0.0,0.0,4194304.0,4016.0,0.0,33901905.0,0.0,304.0,3862659.0
9,0,1,650,650,16384,256,0,0,16,192,48,64,matmulbias_kernel,20837186907027,20837186940984,10,27,171319.0,2018.0,251002.0,12800.0,131072.0,1024.0,0.0,10348687.0,10348687.0,2043443.0,0.0,0.0,0.0,32768.0,271992.0,0.0,21472128.0,0.0,64.0,814976.0
10,0,1,650,650,4194304,256,0,0,12,4,32,64,"void at::native::vectorized_elementwise_kernel<4, at::native::FillFunctor<int>, std::array<char*, 1ul> >(int, at::native::FillFunctor<int>, std::array<char*, 1ul>)",20837187315435,20837187373046,11,112,77757.0,1810.0,0.0,196608.0,0.0,0.0,0.0,0.0,0.0,175901286.0,0.0,0.0,0.0,4194304.0,4016.0,0.0,33891889.0,0.0,304.0,3861953.0
11,0,1,650,650,16384,256,0,0,16,192,48,64,matmulbias_kernel,20837187728614,20837187763213,12,27,179224.0,2018.0,250768.0,12800.0,131072.0,1024.0,0.0,10347972.0,10347972.0,2032178.0,0.0,0.0,0.0,32768.0,270552.0,0.0,21479339.0,0.0,64.0,814976.0
12,0,1,650,650,4194304,256,0,0,12,4,32,64,"void at::native::vectorized_elementwise_kernel<4, at::native::FillFunctor<int>, std::array<char*, 1ul> >(int, at::native::FillFunctor<int>, std::array<char*, 1ul>)",20837188140310,20837188198082,13,112,77472.0,1810.0,0.0,196608.0,0.0,0.0,0.0,0.0,0.0,176321854.0,0.0,0.0,0.0,4194304.0,4016.0,0.0,33981644.0,0.0,304.0,3862718.0
13,0,1,650,650,16384,256,0,0,16,192,48,64,matmulbias_kernel,20837188547837,20837188581714,14,27,178374.0,2018.0,250861.0,12800.0,131072.0,1024.0,0.0,10350301.0,10350301.0,2009156.0,0.0,0.0,0.0,32768.0,271632.0,0.0,21347737.0,0.0,64.0,814976.0
14,0,1,650,650,16384,256,0,0,16,192,48,64,matmulbias_kernel,20837189096564,20837189130200,15,27,167309.0,2018.0,250851.0,12800.0,131072.0,1024.0,0.0,10342101.0,10342101.0,2023447.0,0.0,0.0,0.0,32768.0,271632.0,0.0,21259768.0,0.0,64.0,814976.0
15,0,1,650,650,16384,256,0,0,16,192,48,64,matmulbias_kernel,20837189522612,20837189554324,16,27,165177.0,2018.0,250912.0,12800.0,131072.0,1024.0,0.0,10343887.0,10343887.0,1954274.0,0.0,0.0,0.0,32768.0,271632.0,0.0,20030485.0,0.0,64.0,814976.0
16,0,1,650,650,16384,256,0,0,16,192,48,64,matmulbias_kernel,20837189920918,20837189952510,17,27,159403.0,2068.0,250838.0,12800.0,131072.0,1024.0,0.0,10349913.0,10349913.0,1954437.0,0.0,0.0,0.0,32768.0,270732.0,0.0,19911523.0,0.0,64.0,814976.0
17,0,1,650,650,16384,256,0,0,16,192,48,64,matmulbias_kernel,20837190334217,20837190364887,18,27,160837.0,2018.0,250862.0,12800.0,131072.0,1024.0,0.0,10353791.0,10353791.0,1918175.0,0.0,0.0,0.0,32768.0,270912.0,0.0,19195861.0,0.0,64.0,816032.0
18,0,1,650,650,16384,256,0,0,16,192,48,64,matmulbias_kernel,20837190740260,20837190770850,19,27,164108.0,2045.0,250848.0,12800.0,131072.0,1024.0,0.0,10347911.0,10347911.0,1934397.0,0.0,0.0,0.0,32768.0,270912.0,0.0,19317783.0,0.0,64.0,819200.0
19,0,1,650,650,16384,256,0,0,16,192,48,64,matmulbias_kernel,20837191138686,20837191169155,20,27,159065.0,2068.0,250858.0,12800.0,131072.0,1024.0,0.0,10346413.0,10346413.0,1922819.0,0.0,0.0,0.0,32768.0,270913.0,0.0,19252432.0,0.0,64.0,819200.0
20,0,1,650,650,16384,256,0,0,16,192,48,64,matmulbias_kernel,20837191527570,20837191558320,21,27,156713.0,2018.0,250836.0,12800.0,131072.0,1024.0,0.0,10346946.0,10346946.0,1930946.0,0.0,0.0,0.0,32768.0,271452.0,0.0,19297747.0,0.0,64.0,819200.0
21,0,1,650,650,4194304,256,0,0,12,4,32,64,"void at::native::vectorized_elementwise_kernel<4, at::native::FillFunctor<int>, std::array<char*, 1ul> >(int, at::native::FillFunctor<int>, std::array<char*, 1ul>)",20837191902622,20837191945159,22,112,77889.0,1810.0,0.0,196608.0,0.0,0.0,0.0,0.0,0.0,126411054.0,0.0,0.0,0.0,4194304.0,4016.0,0.0,24822904.0,0.0,304.0,3848041.0
22,0,1,650,650,16384,256,0,0,16,192,48,64,matmulbias_kernel,20837192293471,20837192323699,23,27,158234.0,2018.0,250841.0,12800.0,131072.0,1024.0,0.0,10343328.0,10343328.0,1924269.0,0.0,0.0,0.0,32768.0,270748.0,0.0,19186677.0,0.0,64.0,814976.0
23,0,1,650,650,4194304,256,0,0,12,4,32,64,"void at::native::vectorized_elementwise_kernel<4, at::native::FillFunctor<int>, std::array<char*, 1ul> >(int, at::native::FillFunctor<int>, std::array<char*, 1ul>)",20837192680591,20837192723408,24,112,66453.0,1810.0,0.0,196608.0,0.0,0.0,0.0,0.0,0.0,126499964.0,0.0,0.0,0.0,4194304.0,4000.0,0.0,25027791.0,0.0,304.0,3850162.0
24,0,1,650,650,16384,256,0,0,16,192,48,64,matmulbias_kernel,20837193065706,20837193096656,25,27,171472.0,2018.0,250937.0,12800.0,131072.0,1024.0,0.0,10358901.0,10358901.0,1936328.0,0.0,0.0,0.0,32768.0,271468.0,0.0,19309250.0,0.0,64.0,814976.0
25,0,1,650,650,4194304,256,0,0,12,4,32,64,"void at::native::vectorized_elementwise_kernel<4, at::native::FillFunctor<int>, std::array<char*, 1ul> >(int, at::native::FillFunctor<int>, std::array<char*, 1ul>)",20837193455873,20837193498370,26,112,74171.0,1860.0,0.0,196608.0,0.0,0.0,0.0,0.0,0.0,126699538.0,0.0,0.0,0.0,4194304.0,4000.0,0.0,24945450.0,0.0,304.0,3849009.0
26,0,1,650,650,16384,256,0,0,16,192,48,64,matmulbias_kernel,20837193860032,20837193890501,27,27,161595.0,2018.0,250783.0,12800.0,131072.0,1024.0,0.0,10355486.0,10355486.0,1895623.0,0.0,0.0,0.0,32768.0,271468.0,0.0,19075604.0,0.0,64.0,814976.0
27,0,1,650,650,4194304,256,0,0,12,4,32,64,"void at::native::vectorized_elementwise_kernel<4, at::native::FillFunctor<int>, std::array<char*, 1ul> >(int, at::native::FillFunctor<int>, std::array<char*, 1ul>)",20837194253326,20837194296063,28,112,69936.0,1810.0,0.0,196608.0,0.0,0.0,0.0,0.0,0.0,127453021.0,0.0,0.0,0.0,4194304.0,4000.0,0.0,25135538.0,0.0,304.0,3847212.0
28,0,1,650,650,16384,256,0,0,16,192,48,64,matmulbias_kernel,20837194643372,20837194673601,29,27,165020.0,2018.0,250873.0,12800.0,131072.0,1024.0,0.0,10341876.0,10341876.0,1910069.0,0.0,0.0,0.0,32768.0,270568.0,0.0,19336919.0,0.0,64.0,814976.0
29,0,1,650,650,4194304,256,0,0,12,4,32,64,"void at::native::vectorized_elementwise_kernel<4, at::native::FillFunctor<int>, std::array<char*, 1ul> >(int, at::native::FillFunctor<int>, std::array<char*, 1ul>)",20837195031174,20837195073670,30,112,79262.0,1810.0,0.0,196608.0,0.0,0.0,0.0,0.0,0.0,126640770.0,0.0,0.0,0.0,4194304.0,4016.0,0.0,24987804.0,0.0,304.0,3849428.0
30,0,1,650,650,16384,256,0,0,16,192,48,64,matmulbias_kernel,20837195436214,20837195467165,31,27,165286.0,2093.0,250900.0,12800.0,131072.0,1024.0,0.0,10344612.0,10344612.0,1927808.0,0.0,0.0,0.0,32768.0,271632.0,0.0,19320026.0,0.0,64.0,814976.0
31,0,1,650,650,4194304,256,0,0,12,4,32,64,"void at::native::vectorized_elementwise_kernel<4, at::native::FillFunctor<int>, std::array<char*, 1ul> >(int, at::native::FillFunctor<int>, std::array<char*, 1ul>)",20837195828105,20837195870762,32,112,81482.0,1860.0,0.0,196608.0,0.0,0.0,0.0,0.0,0.0,126287656.0,0.0,0.0,0.0,4194304.0,4016.0,0.0,25091536.0,0.0,304.0,3850595.0
32,0,1,650,650,16384,256,0,0,16,192,48,64,matmulbias_kernel,20837196232785,20837196264136,33,27,161004.0,2018.0,250789.0,12800.0,131072.0,1024.0,0.0,10349296.0,10349296.0,1971495.0,0.0,0.0,0.0,32768.0,270552.0,0.0,19612188.0,0.0,64.0,814976.0
33,0,1,650,650,4194304,256,0,0,12,4,32,64,"void at::native::vectorized_elementwise_kernel<4, at::native::FillFunctor<int>, std::array<char*, 1ul> >(int, at::native::FillFunctor<int>, std::array<char*, 1ul>)",20837196627963,20837196670661,34,112,81159.0,1810.0,0.0,196608.0,0.0,0.0,0.0,0.0,0.0,127022364.0,0.0,0.0,0.0,4194304.0,4016.0,0.0,24991017.0,0.0,304.0,3848683.0
34,0,1,650,650,16384,256,0,0,16,192,48,64,matmulbias_kernel,20837197038617,20837197071492,35,27,165033.0,2018.0,250773.0,12800.0,131072.0,1024.0,0.0,10341190.0,10341190.0,2032127.0,0.0,0.0,0.0,32768.0,270732.0,0.0,20423461.0,0.0,64.0,814976.0
35,0,1,650,650,4194304,256,0,0,12,4,32,64,"void at::native::vectorized_elementwise_kernel<4, at::native::FillFunctor<int>, std::array<char*, 1ul> >(int, at::native::FillFunctor<int>, std::array<char*, 1ul>)",20837197417638,20837197460496,36,112,84752.0,1810.0,0.0,196608.0,0.0,0.0,0.0,0.0,0.0,126227140.0,0.0,0.0,0.0,4194304.0,4016.0,0.0,24917133.0,0.0,304.0,3848520.0
36,0,1,650,650,16384,256,0,0,16,192,48,64,matmulbias_kernel,20837197821076,20837197854912,37,27,169786.0,2018.0,250709.0,12800.0,131072.0,1024.0,0.0,10350823.0,10350823.0,2081618.0,0.0,0.0,0.0,32768.0,271272.0,0.0,21250535.0,0.0,64.0,814976.0
37,0,1,650,650,4194304,256,0,0,12,4,32,64,"void at::native::vectorized_elementwise_kernel<4, at::native::FillFunctor<int>, std::array<char*, 1ul> >(int, at::native::FillFunctor<int>, std::array<char*, 1ul>)",20837198198654,20837198241150,38,112,78616.0,1860.0,0.0,196608.0,0.0,0.0,0.0,0.0,0.0,127155398.0,0.0,0.0,0.0,4194304.0,4016.0,0.0,25035961.0,0.0,304.0,3851653.0
38,0,1,650,650,16384,256,0,0,16,192,48,64,matmulbias_kernel,20837198604015,20837198638293,39,27,175238.0,2018.0,250822.0,12800.0,131072.0,1024.0,0.0,10341525.0,10341525.0,2128478.0,0.0,0.0,0.0,32768.0,271092.0,0.0,21933110.0,0.0,64.0,814976.0
39,0,1,650,650,4194304,256,0,0,12,4,32,64,"void at::native::vectorized_elementwise_kernel<4, at::native::FillFunctor<int>, std::array<char*, 1ul> >(int, at::native::FillFunctor<int>, std::array<char*, 1ul>)",20837198991616,20837199034193,40,112,77410.0,1810.0,0.0,196608.0,0.0,0.0,0.0,0.0,0.0,126849069.0,0.0,0.0,0.0,4194304.0,4016.0,0.0,24934994.0,0.0,304.0,3847142.0
40,0,1,650,650,16384,256,0,0,16,192,48,64,matmulbias_kernel,20837199393410,20837199427367,41,27,175373.0,2018.0,250828.0,12800.0,131072.0,1024.0,0.0,10358981.0,10358981.0,2131027.0,0.0,0.0,0.0,32768.0,271632.0,0.0,21577644.0,0.0,64.0,814976.0
41,0,1,650,650,4194304,256,0,0,12,4,32,64,"void at::native::vectorized_elementwise_kernel<4, at::native::FillFunctor<int>, std::array<char*, 1ul> >(int, at::native::FillFunctor<int>, std::array<char*, 1ul>)",20837199787145,20837199829842,42,112,67249.0,1810.0,0.0,196608.0,0.0,0.0,0.0,0.0,0.0,127254039.0,0.0,0.0,0.0,4194304.0,4000.0,0.0,25047598.0,0.0,304.0,3848687.0
42,0,1,650,650,16384,256,0,0,16,192,48,64,matmulbias_kernel,20837200181361,20837200215398,43,27,183723.0,2068.0,250671.0,12800.0,131072.0,1024.0,0.0,10338676.0,10338676.0,2116791.0,0.0,0.0,0.0,32768.0,271468.0,0.0,21721385.0,0.0,64.0,814976.0
43,0,1,650,650,4194304,256,0,0,12,4,32,64,"void at::native::vectorized_elementwise_kernel<4, at::native::FillFunctor<int>, std::array<char*, 1ul> >(int, at::native::FillFunctor<int>, std::array<char*, 1ul>)",20837200582793,20837200625450,44,112,78563.0,1860.0,0.0,196608.0,0.0,0.0,0.0,0.0,0.0,127284491.0,0.0,0.0,0.0,4194304.0,4000.0,0.0,25174045.0,0.0,304.0,3847388.0
44,0,1,650,650,16384,256,0,0,16,192,48,64,matmulbias_kernel,20837200987232,20837201021470,45,27,179080.0,2018.0,250711.0,12800.0,131072.0,1024.0,0.0,10346037.0,10346037.0,2147898.0,0.0,0.0,0.0,32768.0,271468.0,0.0,21667621.0,0.0,64.0,814976.0
45,0,1,650,650,4194304,256,0,0,12,4,32,64,"void at::native::vectorized_elementwise_kernel<4, at::native::FillFunctor<int>, std::array<char*, 1ul> >(int, at::native::FillFunctor<int>, std::array<char*, 1ul>)",20837201386099,20837201428395,46,112,72291.0,1810.0,0.0,196608.0,0.0,0.0,0.0,0.0,0.0,124949093.0,0.0,0.0,0.0,4194304.0,4000.0,0.0,24873182.0,0.0,304.0,3847259.0
46,0,1,650,650,16384,256,0,0,16,192,48,64,matmulbias_kernel,20837201795269,20837201829106,47,27,175604.0,2018.0,250768.0,12800.0,131072.0,1024.0,0.0,10351293.0,10351293.0,2163982.0,0.0,0.0,0.0,32768.0,271648.0,0.0,21576642.0,0.0,64.0,814976.0
47,0,1,650,650,4194304,256,0,0,12,4,32,64,"void at::native::vectorized_elementwise_kernel<4, at::native::FillFunctor<int>, std::array<char*, 1ul> >(int, at::native::FillFunctor<int>, std::array<char*, 1ul>)",20837202191009,20837202233906,48,112,72362.0,1810.0,0.0,196608.0,0.0,0.0,0.0,0.0,0.0,126047536.0,0.0,0.0,0.0,4194304.0,4000.0,0.0,25082917.0,0.0,304.0,3849971.0
48,0,1,650,650,16384,256,0,0,16,192,48,64,matmulbias_kernel,20837202593804,20837202627762,49,27,177185.0,2018.0,250731.0,12800.0,131072.0,1024.0,0.0,10351963.0,10351963.0,2149905.0,0.0,0.0,0.0,32768.0,270748.0,0.0,21615577.0,0.0,64.0,814976.0
49,0,1,650,650,4194304,256,0,0,12,4,32,64,"void at::native::vectorized_elementwise_kernel<4, at::native::FillFunctor<int>, std::array<char*, 1ul> >(int, at::native::FillFunctor<int>, std::array<char*, 1ul>)",20837202984773,20837203027149,50,112,68304.0,1810.0,0.0,196608.0,0.0,0.0,0.0,0.0,0.0,127742613.0,0.0,0.0,0.0,4194304.0,4000.0,0.0,24979814.0,0.0,304.0,3848415.0
50,0,1,650,650,16384,256,0,0,16,192,48,64,matmulbias_kernel,20837203379711,20837203413708,51,27,176001.0,2018.0,250647.0,12800.0,131072.0,1024.0,0.0,10341739.0,10341739.0,2143599.0,0.0,0.0,0.0,32768.0,272008.0,0.0,21633236.0,0.0,64.0,814976.0
51,0,1,650,650,4194304,256,0,0,12,4,32,64,"void at::native::vectorized_elementwise_kernel<4, at::native::FillFunctor<int>, std::array<char*, 1ul> >(int, at::native::FillFunctor<int>, std::array<char*, 1ul>)",20837203779139,20837203821756,52,112,79047.0,1810.0,0.0,196608.0,0.0,0.0,0.0,0.0,0.0,127291316.0,0.0,0.0,0.0,4194304.0,4000.0,0.0,25037960.0,0.0,304.0,3848672.0
52,0,1,650,650,16384,256,0,0,16,192,48,64,matmulbias_kernel,20837204181654,20837204216052,53,27,172425.0,2018.0,250684.0,12800.0,131072.0,1024.0,0.0,10349997.0,10349997.0,2134553.0,0.0,0.0,0.0,32768.0,270192.0,0.0,21542885.0,0.0,64.0,814976.0
53,0,1,650,650,4194304,256,0,0,12,4,32,64,"void at::native::vectorized_elementwise_kernel<4, at::native::FillFunctor<int>, std::array<char*, 1ul> >(int, at::native::FillFunctor<int>, std::array<char*, 1ul>)",20837204577554,20837204619930,54,112,78772.0,1810.0,0.0,196608.0,0.0,0.0,0.0,0.0,0.0,126261810.0,0.0,0.0,0.0,4194304.0,4016.0,0.0,25007103.0,0.0,304.0,3850900.0
54,0,1,650,650,16384,256,0,0,16,192,48,64,matmulbias_kernel,20837204981953,20837205015870,55,27,170732.0,2018.0,250719.0,12800.0,131072.0,1024.0,0.0,10344177.0,10344177.0,2138615.0,0.0,0.0,0.0,32768.0,270552.0,0.0,21552293.0,0.0,64.0,814976.0
55,0,1,650,650,4194304,256,0,0,12,4,32,64,"void at::native::vectorized_elementwise_kernel<4, at::native::FillFunctor<int>, std::array<char*, 1ul> >(int, at::native::FillFunctor<int>, std::array<char*, 1ul>)",20837205383105,20837205425641,56,112,78898.0,1810.0,0.0,196608.0,0.0,0.0,0.0,0.0,0.0,127011940.0,0.0,0.0,0.0,4194304.0,4016.0,0.0,25019575.0,0.0,304.0,3847699.0
56,0,1,650,650,16384,256,0,0,16,192,48,64,matmulbias_kernel,20837205789268,20837205823786,57,27,170016.0,2018.0,250676.0,12800.0,131072.0,1024.0,0.0,10345310.0,10345310.0,2163273.0,0.0,0.0,0.0,32768.0,271452.0,0.0,21732984.0,0.0,64.0,814976.0
57,0,1,650,650,4194304,256,0,0,12,4,32,64,"void at::native::vectorized_elementwise_kernel<4, at::native::FillFunctor<int>, std::array<char*, 1ul> >(int, at::native::FillFunctor<int>, std::array<char*, 1ul>)",20837206183524,20837206225860,58,112,73029.0,1810.0,0.0,196608.0,0.0,0.0,0.0,0.0,0.0,126403319.0,0.0,0.0,0.0,4194304.0,4016.0,0.0,24921127.0,0.0,304.0,3848011.0
58,0,1,650,650,16384,256,0,0,16,192,48,64,matmulbias_kernel,20837206588364,20837206622362,59,27,172060.0,2018.0,250707.0,12800.0,131072.0,1024.0,0.0,10347962.0,10347962.0,2106085.0,0.0,0.0,0.0,32768.0,271092.0,0.0,21391511.0,0.0,64.0,814976.0
59,0,1,650,650,4194304,256,0,0,12,4,32,64,"void at::native::vectorized_elementwise_kernel<4, at::native::FillFunctor<int>, std::array<char*, 1ul> >(int, at::native::FillFunctor<int>, std::array<char*, 1ul>)",20837206984986,20837207027763,60,112,72477.0,1810.0,0.0,196608.0,0.0,0.0,0.0,0.0,0.0,126565543.0,0.0,0.0,0.0,4194304.0,4016.0,0.0,25112451.0,0.0,304.0,3848823.0
60,0,1,650,650,16384,256,0,0,16,192,48,64,matmulbias_kernel,20837207387541,20837207421659,61,27,170357.0,2018.0,250619.0,12800.0,131072.0,1024.0,0.0,10347886.0,10347886.0,2149913.0,0.0,0.0,0.0,32768.0,270912.0,0.0,21724503.0,0.0,64.0,814976.0
61,0,1,650,650,4194304,256,0,0,12,4,32,64,"void at::native::vectorized_elementwise_kernel<4, at::native::FillFunctor<int>, std::array<char*, 1ul> >(int, at::native::FillFunctor<int>, std::array<char*, 1ul>)",20837207784363,20837207826820,62,112,72826.0,1810.0,0.0,196608.0,0.0,0.0,0.0,0.0,0.0,125915368.0,0.0,0.0,0.0,4194304.0,4000.0,0.0,24939411.0,0.0,304.0,3848004.0
62,0,1,650,650,16384,256,0,0,16,192,48,64,matmulbias_kernel,20837208180904,20837208214982,63,27,175661.0,2018.0,250766.0,12800.0,131072.0,1024.0,0.0,10351321.0,10351321.0,2171421.0,0.0,0.0,0.0,32768.0,270748.0,0.0,21712983.0,0.0,64.0,814976.0
63,0,1,650,650,4194304,256,0,0,12,4,32,64,"void at::native::vectorized_elementwise_kernel<4, at::native::FillFunctor<int>, std::array<char*, 1ul> >(int, at::native::FillFunctor<int>, std::array<char*, 1ul>)",20837208572835,20837208615613,64,112,75352.0,1810.0,0.0,196608.0,0.0,0.0,0.0,0.0,0.0,127303156.0,0.0,0.0,0.0,4194304.0,4016.0,0.0,25130488.0,0.0,304.0,3846788.0
64,0,1,650,650,16384,256,0,0,16,192,48,64,matmulbias_kernel,20837208973747,20837209007904,65,27,176144.0,2018.0,250653.0,12800.0,131072.0,1024.0,0.0,10353696.0,10353696.0,2166014.0,0.0,0.0,0.0,32768.0,270764.0,0.0,21752311.0,0.0,64.0,814976.0
65,0,1,650,650,4194304,256,0,0,12,4,32,64,"void at::native::vectorized_elementwise_kernel<4, at::native::FillFunctor<int>, std::array<char*, 1ul> >(int, at::native::FillFunctor<int>, std::array<char*, 1ul>)",20837209368925,20837209411742,66,112,74013.0,1810.0,0.0,196608.0,0.0,0.0,0.0,0.0,0.0,127706691.0,0.0,0.0,0.0,4194304.0,4000.0,0.0,25137904.0,0.0,304.0,3847990.0
66,0,1,650,650,16384,256,0,0,16,192,48,64,matmulbias_kernel,20837209762580,20837209796697,67,27,177610.0,2018.0,250757.0,12800.0,131072.0,1024.0,0.0,10344786.0,10344786.0,2162590.0,0.0,0.0,0.0,32768.0,270928.0,0.0,21771638.0,0.0,64.0,814976.0
67,0,1,650,650,4194304,256,0,0,12,4,32,64,"void at::native::vectorized_elementwise_kernel<4, at::native::FillFunctor<int>, std::array<char*, 1ul> >(int, at::native::FillFunctor<int>, std::array<char*, 1ul>)",20837210162208,20837210204624,68,112,74003.0,1810.0,0.0,196608.0,0.0,0.0,0.0,0.0,0.0,126712402.0,0.0,0.0,0.0,4194304.0,4016.0,0.0,24919380.0,0.0,304.0,3848830.0
68,0,1,650,650,16384,256,0,0,16,192,48,64,matmulbias_kernel,20837210564322,20837210598881,69,27,178666.0,2018.0,250715.0,12800.0,131072.0,1024.0,0.0,10347554.0,10347554.0,2166636.0,0.0,0.0,0.0,32768.0,270928.0,0.0,21847149.0,0.0,64.0,814976.0
69,0,1,650,650,4194304,256,0,0,12,4,32,64,"void at::native::vectorized_elementwise_kernel<4, at::native::FillFunctor<int>, std::array<char*, 1ul> >(int, at::native::FillFunctor<int>, std::array<char*, 1ul>)",20837210955612,20837210998309,70,112,71302.0,1810.0,0.0,196608.0,0.0,0.0,0.0,0.0,0.0,127924680.0,0.0,0.0,0.0,4194304.0,4000.0,0.0,25074495.0,0.0,304.0,3850520.0
70,0,1,650,650,16384,256,0,0,16,192,48,64,matmulbias_kernel,20837211349186,20837211383384,71,27,177056.0,2018.0,250713.0,12800.0,131072.0,1024.0,0.0,10351148.0,10351148.0,2177809.0,0.0,0.0,0.0,32768.0,270748.0,0.0,21737274.0,0.0,64.0,814976.0
71,0,1,650,650,4194304,256,0,0,12,4,32,64,"void at::native::vectorized_elementwise_kernel<4, at::native::FillFunctor<int>, std::array<char*, 1ul> >(int, at::native::FillFunctor<int>, std::array<char*, 1ul>)",20837211739193,20837211781449,72,112,75069.0,1810.0,0.0,196608.0,0.0,0.0,0.0,0.0,0.0,126770803.0,0.0,0.0,0.0,4194304.0,4016.0,0.0,24959362.0,0.0,304.0,3848019.0
72,0,1,650,650,16384,256,0,0,16,192,48,64,matmulbias_kernel,20837212144755,20837212178591,73,27,176499.0,2018.0,250750.0,12800.0,131072.0,1024.0,0.0,10346000.0,10346000.0,2156140.0,0.0,0.0,0.0,32768.0,270928.0,0.0,21558400.0,0.0,64.0,814976.0
73,0,1,650,650,4194304,256,0,0,12,4,32,64,"void at::native::vectorized_elementwise_kernel<4, at::native::FillFunctor<int>, std::array<char*, 1ul> >(int, at::native::FillFunctor<int>, std::array<char*, 1ul>)",20837212538730,20837212581347,74,112,70493.0,1810.0,0.0,196608.0,0.0,0.0,0.0,0.0,0.0,126845064.0,0.0,0.0,0.0,4194304.0,4000.0,0.0,25053695.0,0.0,304.0,3849205.0
74,0,1,650,650,16384,256,0,0,16,192,48,64,matmulbias_kernel,20837212938559,20837212973158,75,27,170886.0,2018.0,250685.0,12800.0,131072.0,1024.0,0.0,10339116.0,10339116.0,2150422.0,0.0,0.0,0.0,32768.0,271812.0,0.0,21683514.0,0.0,64.0,814976.0
75,0,1,650,650,4194304,256,0,0,12,4,32,64,"void at::native::vectorized_elementwise_kernel<4, at::native::FillFunctor<int>, std::array<char*, 1ul> >(int, at::native::FillFunctor<int>, std::array<char*, 1ul>)",20837213321189,20837213363966,76,112,78681.0,1810.0,0.0,196608.0,0.0,0.0,0.0,0.0,0.0,126636811.0,0.0,0.0,0.0,4194304.0,4016.0,0.0,25026716.0,0.0,304.0,3849257.0
76,0,1,650,650,16384,256,0,0,16,192,48,64,matmulbias_kernel,20837213719254,20837213753652,77,27,176173.0,2018.0,250737.0,12800.0,131072.0,1024.0,0.0,10359714.0,10359714.0,2182814.0,0.0,0.0,0.0,32768.0,271452.0,0.0,21785487.0,0.0,64.0,814976.0
77,0,1,650,650,4194304,256,0,0,12,4,32,64,"void at::native::vectorized_elementwise_kernel<4, at::native::FillFunctor<int>, std::array<char*, 1ul> >(int, at::native::FillFunctor<int>, std::array<char*, 1ul>)",20837214109982,20837214152358,78,112,69535.0,1810.0,0.0,196608.0,0.0,0.0,0.0,0.0,0.0,126645080.0,0.0,0.0,0.0,4194304.0,4016.0,0.0,24885779.0,0.0,304.0,3847106.0
78,0,1,650,650,16384,256,0,0,16,192,48,64,matmulbias_kernel,20837214493373,20837214527531,79,27,187948.0,2018.0,250721.0,12800.0,131072.0,1024.0,0.0,10354054.0,10354054.0,2175308.0,0.0,0.0,0.0,32768.0,270568.0,0.0,21686888.0,0.0,64.0,814976.0
79,0,1,650,650,32768,512,0,0,108,4,48,64,matmulbias_kernel,20837216862809,20837216885902,80,196,136204.0,2018.0,345547.0,24576.0,131072.0,2048.0,0.0,13987454.0,13987454.0,1478383.0,0.0,0.0,0.0,32768.0,266518.0,0.0,14614171.0,0.0,64.0,814976.0
80,0,1,650,650,4194304,256,0,0,12,4,32,64,"void at::native::vectorized_elementwise_kernel<4, at::native::FillFunctor<int>, std::array<char*, 1ul> >(int, at::native::FillFunctor<int>, std::array<char*, 1ul>)",20837217352923,20837217395580,81,112,72259.0,1810.0,0.0,196608.0,0.0,0.0,0.0,0.0,0.0,126338740.0,0.0,0.0,0.0,4194304.0,4000.0,0.0,25061851.0,0.0,304.0,3848662.0
81,0,1,650,650,32768,512,0,0,108,4,48,64,matmulbias_kernel,20837217738800,20837217762454,82,196,133982.0,2018.0,345528.0,24576.0,131072.0,2048.0,0.0,13997318.0,13997318.0,1477076.0,0.0,0.0,0.0,32768.0,266592.0,0.0,15088743.0,0.0,64.0,814976.0
82,0,1,650,650,4194304,256,0,0,12,4,32,64,"void at::native::vectorized_elementwise_kernel<4, at::native::FillFunctor<int>, std::array<char*, 1ul> >(int, at::native::FillFunctor<int>, std::array<char*, 1ul>)",20837218124236,20837218166893,83,112,72458.0,1810.0,0.0,196608.0,0.0,0.0,0.0,0.0,0.0,126580124.0,0.0,0.0,0.0,4194304.0,4000.0,0.0,24890633.0,0.0,304.0,3846584.0
83,0,1,650,650,32768,512,0,0,108,4,48,64,matmulbias_kernel,20837218519455,20837218543269,84,196,138211.0,2018.0,345534.0,24576.0,131072.0,2048.0,0.0,13990611.0,13990611.0,1484465.0,0.0,0.0,0.0,32768.0,266592.0,0.0,15261184.0,0.0,64.0,814976.0
84,0,1,650,650,4194304,256,0,0,12,4,32,64,"void at::native::vectorized_elementwise_kernel<4, at::native::FillFunctor<int>, std::array<char*, 1ul> >(int, at::native::FillFunctor<int>, std::array<char*, 1ul>)",20837218904610,20837218947187,85,112,71298.0,1810.0,0.0,196608.0,0.0,0.0,0.0,0.0,0.0,125894564.0,0.0,0.0,0.0,4194304.0,4000.0,0.0,24981387.0,0.0,304.0,3848826.0
85,0,1,650,650,32768,512,0,0,108,4,48,64,matmulbias_kernel,20837219301272,20837219325607,86,196,137071.0,2018.0,345436.0,24576.0,131072.0,2048.0,0.0,13987852.0,13987852.0,1451066.0,0.0,0.0,0.0,32768.0,266952.0,0.0,15341820.0,0.0,64.0,814976.0
86,0,1,650,650,4194304,256,0,0,12,4,32,64,"void at::native::vectorized_elementwise_kernel<4, at::native::FillFunctor<int>, std::array<char*, 1ul> >(int, at::native::FillFunctor<int>, std::array<char*, 1ul>)",20837219680935,20837219723151,87,112,73181.0,1810.0,0.0,196608.0,0.0,0.0,0.0,0.0,0.0,126762618.0,0.0,0.0,0.0,4194304.0,4000.0,0.0,24942581.0,0.0,304.0,3848770.0
87,0,1,650,650,32768,512,0,0,108,4,48,64,matmulbias_kernel,20837220078198,20837220102774,88,196,140467.0,2018.0,345413.0,24576.0,131072.0,2048.0,0.0,13990678.0,13990678.0,1453838.0,0.0,0.0,0.0,32768.0,266682.0,0.0,15448830.0,0.0,64.0,814976.0
88,0,1,650,650,4194304,256,0,0,12,4,32,64,"void at::native::vectorized_elementwise_kernel<4, at::native::FillFunctor<int>, std::array<char*, 1ul> >(int, at::native::FillFunctor<int>, std::array<char*, 1ul>)",20837220458663,20837220501360,89,112,68960.0,1810.0,0.0,196608.0,0.0,0.0,0.0,0.0,0.0,127390134.0,0.0,0.0,0.0,4194304.0,4000.0,0.0,25059157.0,0.0,304.0,3846700.0
89,0,1,650,650,32768,512,0,0,108,4,48,64,matmulbias_kernel,20837220856527,20837220881223,90,196,137891.0,2018.0,345298.0,24576.0,131072.0,2048.0,0.0,13988864.0,13988864.0,1448708.0,0.0,0.0,0.0,32768.0,266682.0,0.0,15462960.0,0.0,64.0,814976.0
90,0,1,650,650,32768,512,0,0,108,4,48,64,matmulbias_kernel,20837221498226,20837221521238,91,196,133516.0,2018.0,345523.0,24576.0,131072.0,2048.0,0.0,13985847.0,13985847.0,1468542.0,0.0,0.0,0.0,32768.0,266772.0,0.0,14589317.0,0.0,64.0,814976.0
91,0,1,650,650,32768,512,0,0,108,4,48,64,matmulbias_kernel,20837221876406,20837221899378,92,196,130101.0,2018.0,345494.0,24576.0,131072.0,2048.0,0.0,13986191.0,13986191.0,1477951.0,0.0,0.0,0.0,32768.0,266772.0,0.0,14654524.0,0.0,64.0,814976.0
92,0,1,650,650,32768,512,0,0,108,4,48,64,matmulbias_kernel,20837222257873,20837222280965,93,196,129593.0,2018.0,345498.0,24576.0,131072.0,2048.0,0.0,13986406.0,13986406.0,1464486.0,0.0,0.0,0.0,32768.0,266592.0,0.0,14596322.0,0.0,64.0,814976.0
93,0,1,650,650,32768,512,0,0,108,4,48,64,matmulbias_kernel,20837222644151,20837222667083,94,196,131343.0,2018.0,345515.0,24576.0,131072.0,2048.0,0.0,13983576.0,13983576.0,1447209.0,0.0,0.0,0.0,32768.0,266592.0,0.0,14543276.0,0.0,64.0,816032.0
94,0,1,650,650,32768,512,0,0,108,4,48,64,matmulbias_kernel,20837223026941,20837223049713,95,196,128916.0,2018.0,345560.0,24576.0,131072.0,2048.0,0.0,13983198.0,13983198.0,1443839.0,0.0,0.0,0.0,32768.0,266772.0,0.0,14444611.0,0.0,64.0,819200.0
95,0,1,650,650,32768,512,0,0,108,4,48,64,matmulbias_kernel,20837223407606,20837223430498,96,196,132209.0,2018.0,345489.0,24576.0,131072.0,2048.0,0.0,13986270.0,13986270.0,1451879.0,0.0,0.0,0.0,32768.0,266502.0,0.0,14518320.0,0.0,64.0,819200.0
96,0,1,650,650,32768,512,0,0,108,4,48,64,matmulbias_kernel,20837223783741,20837223806673,97,196,134384.0,2018.0,345503.0,24576.0,131072.0,2048.0,0.0,13984661.0,13984661.0,1457922.0,0.0,0.0,0.0,32768.0,266682.0,0.0,14547939.0,0.0,64.0,819200.0
97,0,1,650,650,32768,512,0,0,108,4,48,64,matmulbias_kernel,20837224170139,20837224192991,98,196,130564.0,2018.0,345522.0,24576.0,131072.0,2048.0,0.0,13989413.0,13989413.0,1462526.0,0.0,0.0,0.0,32768.0,266682.0,0.0,14574642.0,0.0,64.0,819200.0
98,0,1,650,650,32768,512,0,0,108,4,48,64,matmulbias_kernel,20837224551005,20837224573777,99,196,129732.0,2018.0,345533.0,24576.0,131072.0,2048.0,0.0,13988479.0,13988479.0,1447525.0,0.0,0.0,0.0,32768.0,266682.0,0.0,14488713.0,0.0,64.0,819200.0
99,0,1,650,650,32768,512,0,0,108,4,48,64,matmulbias_kernel,20837224938566,20837224961498,100,196,125416.0,2018.0,345485.0,24576.0,131072.0,2048.0,0.0,13989830.0,13989830.0,1445261.0,0.0,0.0,0.0,32768.0,266772.0,0.0,14505609.0,0.0,64.0,819200.0
100,0,1,650,650,32768,512,0,0,108,4,48,64,matmulbias_kernel,20837225309690,20837225332542,101,196,131066.0,2018.0,345494.0,24576.0,131072.0,2048.0,0.0,13988529.0,13988529.0,1449277.0,0.0,0.0,0.0,32768.0,266772.0,0.0,14522885.0,0.0,64.0,819200.0
101,0,1,650,650,32768,512,0,0,108,4,48,64,matmulbias_kernel,20837225689714,20837225712485,102,196,132142.0,2018.0,345481.0,24576.0,131072.0,2048.0,0.0,13988981.0,13988981.0,1452347.0,0.0,0.0,0.0,32768.0,266592.0,0.0,14569043.0,0.0,64.0,819200.0
102,0,1,650,650,32768,512,0,0,108,4,48,64,matmulbias_kernel,20837226076232,20837226099044,103,196,123178.0,2018.0,345480.0,24576.0,131072.0,2048.0,0.0,13992597.0,13992597.0,1451456.0,0.0,0.0,0.0,32768.0,266592.0,0.0,14553354.0,0.0,64.0,819200.0
103,0,1,650,650,32768,512,0,0,108,4,48,64,matmulbias_kernel,20837226464234,20837226487166,104,196,130472.0,2018.0,345511.0,24576.0,131072.0,2048.0,0.0,13987337.0,13987337.0,1448113.0,0.0,0.0,0.0,32768.0,266772.0,0.0,14505061.0,0.0,64.0,819200.0
104,0,1,650,650,32768,512,0,0,108,4,48,64,matmulbias_kernel,20837226845621,20837226868353,105,196,130289.0,2018.0,345779.0,24576.0,131072.0,2048.0,0.0,13994874.0,13994874.0,1420023.0,0.0,0.0,0.0,32768.0,266502.0,0.0,14409322.0,0.0,64.0,819200.0
105,0,1,650,650,32768,512,0,0,108,4,48,64,matmulbias_kernel,20837227230295,20837227252907,106,196,130700.0,2068.0,345782.0,24576.0,131072.0,2048.0,0.0,13997688.0,13997688.0,1407019.0,0.0,0.0,0.0,32768.0,266682.0,0.0,14444664.0,0.0,64.0,819200.0
106,0,1,650,650,32768,512,0,0,108,4,48,64,matmulbias_kernel,20837227620703,20837227643555,107,196,129217.0,2045.0,345644.0,24576.0,131072.0,2048.0,0.0,13997042.0,13997042.0,1434803.0,0.0,0.0,0.0,32768.0,266682.0,0.0,14562922.0,0.0,64.0,819200.0
107,0,1,650,650,32768,512,0,0,108,4,48,64,matmulbias_kernel,20837228001288,20837228024100,108,196,128276.0,2018.0,345523.0,24576.0,131072.0,2048.0,0.0,13986178.0,13986178.0,1444108.0,0.0,0.0,0.0,32768.0,266682.0,0.0,14464159.0,0.0,64.0,819200.0
108,0,1,650,650,32768,512,0,0,108,4,48,64,matmulbias_kernel,20837228384479,20837228407291,109,196,128582.0,2018.0,345525.0,24576.0,131072.0,2048.0,0.0,13987942.0,13987942.0,1447320.0,0.0,0.0,0.0,32768.0,266772.0,0.0,14496874.0,0.0,64.0,819200.0
109,0,1,650,650,32768,512,0,0,108,4,48,64,matmulbias_kernel,20837228766588,20837228789520,110,196,130251.0,2018.0,345499.0,24576.0,131072.0,2048.0,0.0,13986136.0,13986136.0,1449786.0,0.0,0.0,0.0,32768.0,266772.0,0.0,14519746.0,0.0,64.0,819200.0
110,0,1,650,650,32768,512,0,0,108,4,48,64,matmulbias_kernel,20837229152986,20837229175918,111,196,135591.0,2067.0,345521.0,24576.0,131072.0,2048.0,0.0,13988289.0,13988289.0,1455404.0,0.0,0.0,0.0,32768.0,266592.0,0.0,14564739.0,0.0,64.0,819200.0
111,0,1,650,650,32768,512,0,0,108,4,48,64,matmulbias_kernel,20837229544315,20837229567167,112,196,130079.0,2018.0,345513.0,24576.0,131072.0,2048.0,0.0,13985797.0,13985797.0,1456245.0,0.0,0.0,0.0,32768.0,266592.0,0.0,14540529.0,0.0,64.0,819200.0
112,0,1,650,650,32768,512,0,0,108,4,48,64,matmulbias_kernel,20837229930634,20837229953445,113,196,131317.0,2018.0,345583.0,24576.0,131072.0,2048.0,0.0,13989026.0,13989026.0,1439771.0,0.0,0.0,0.0,32768.0,266772.0,0.0,14451661.0,0.0,64.0,819200.0
113,0,1,650,650,32768,512,0,0,108,4,48,64,matmulbias_kernel,20837230317994,20837230340686,114,196,130152.0,2018.0,345465.0,24576.0,131072.0,2048.0,0.0,13991060.0,13991060.0,1446612.0,0.0,0.0,0.0,32768.0,266502.0,0.0,14493139.0,0.0,64.0,819200.0
114,0,1,650,650,32768,512,0,0,108,4,48,64,matmulbias_kernel,20837230698258,20837230721070,115,196,135373.0,2018.0,345501.0,24576.0,131072.0,2048.0,0.0,13987478.0,13987478.0,1447106.0,0.0,0.0,0.0,32768.0,266682.0,0.0,14513073.0,0.0,64.0,819200.0
115,0,1,650,650,32768,512,0,0,108,4,48,64,matmulbias_kernel,20837231089628,20837231112560,116,196,132425.0,2018.0,345517.0,24576.0,131072.0,2048.0,0.0,13994406.0,13994406.0,1453761.0,0.0,0.0,0.0,32768.0,266682.0,0.0,14572894.0,0.0,64.0,819200.0
116,0,1,650,650,32768,512,0,0,108,4,48,64,matmulbias_kernel,20837231483002,20837231505934,117,196,129581.0,2018.0,345494.0,24576.0,131072.0,2048.0,0.0,13986872.0,13986872.0,1444598.0,0.0,0.0,0.0,32768.0,266682.0,0.0,14505149.0,0.0,64.0,819200.0
117,0,1,650,650,32768,512,0,0,108,4,48,64,matmulbias_kernel,20837231870804,20837231893535,118,196,131271.0,2018.0,345473.0,24576.0,131072.0,2048.0,0.0,13986396.0,13986396.0,1439151.0,0.0,0.0,0.0,32768.0,266772.0,0.0,14490608.0,0.0,64.0,819200.0
118,0,1,650,650,32768,512,0,0,108,4,48,64,matmulbias_kernel,20837232267826,20837232290598,119,196,132890.0,2018.0,345524.0,24576.0,131072.0,2048.0,0.0,13986136.0,13986136.0,1434819.0,0.0,0.0,0.0,32768.0,266772.0,0.0,14458101.0,0.0,64.0,819200.0
119,0,1,650,650,32768,512,0,0,108,4,48,64,matmulbias_kernel,20837232656871,20837232679642,120,196,133770.0,2018.0,345502.0,24576.0,131072.0,2048.0,0.0,13985029.0,13985029.0,1447007.0,0.0,0.0,0.0,32768.0,266592.0,0.0,14485343.0,0.0,64.0,819200.0
120,0,1,650,650,32768,512,0,0,108,4,48,64,matmulbias_kernel,20837233048160,20837233071012,121,196,128161.0,2018.0,345513.0,24576.0,131072.0,2048.0,0.0,13993419.0,13993419.0,1451892.0,0.0,0.0,0.0,32768.0,266592.0,0.0,14565593.0,0.0,64.0,819200.0
121,0,1,650,650,32768,512,0,0,108,4,48,64,matmulbias_kernel,20837233445383,20837233468195,122,196,138270.0,2067.0,345574.0,24576.0,131072.0,2048.0,0.0,13992265.0,13992265.0,1437107.0,0.0,0.0,0.0,32768.0,266788.0,0.0,14492382.0,0.0,64.0,819200.0
122,0,1,650,650,4194304,256,0,0,12,4,32,64,"void at::native::vectorized_elementwise_kernel<4, at::native::FillFunctor<int>, std::array<char*, 1ul> >(int, at::native::FillFunctor<int>, std::array<char*, 1ul>)",20837233833425,20837233875801,123,112,75661.0,1810.0,0.0,196608.0,0.0,0.0,0.0,0.0,0.0,126824923.0,0.0,0.0,0.0,4194304.0,4016.0,0.0,25030595.0,0.0,304.0,3848519.0
123,0,1,650,650,32768,512,0,0,108,4,48,64,matmulbias_kernel,20837234240033,20837234263847,124,196,136202.0,2018.0,345531.0,24576.0,131072.0,2048.0,0.0,13987847.0,13987847.0,1470050.0,0.0,0.0,0.0,32768.0,266502.0,0.0,15188794.0,0.0,64.0,814976.0
124,0,1,650,650,4194304,256,0,0,12,4,32,64,"void at::native::vectorized_elementwise_kernel<4, at::native::FillFunctor<int>, std::array<char*, 1ul> >(int, at::native::FillFunctor<int>, std::array<char*, 1ul>)",20837234649082,20837234691899,125,112,75296.0,1811.0,0.0,196608.0,0.0,0.0,0.0,0.0,0.0,126497858.0,0.0,0.0,0.0,4194304.0,4000.0,0.0,24957606.0,0.0,304.0,3848707.0
125,0,1,650,650,32768,512,0,0,108,4,48,64,matmulbias_kernel,20837235062261,20837235085875,126,196,132489.0,2018.0,345473.0,24576.0,131072.0,2048.0,0.0,13983453.0,13983453.0,1466562.0,0.0,0.0,0.0,32768.0,266682.0,0.0,15048286.0,0.0,64.0,814976.0
126,0,1,650,650,4194304,256,0,0,12,4,32,64,"void at::native::vectorized_elementwise_kernel<4, at::native::FillFunctor<int>, std::array<char*, 1ul> >(int, at::native::FillFunctor<int>, std::array<char*, 1ul>)",20837235454994,20837235497290,127,112,86651.0,1810.0,0.0,196608.0,0.0,0.0,0.0,0.0,0.0,126018031.0,0.0,0.0,0.0,4194304.0,4016.0,0.0,24916842.0,0.0,304.0,3847831.0
127,0,1,650,650,32768,512,0,0,108,4,48,64,matmulbias_kernel,20837235875510,20837235898763,128,196,134415.0,2045.0,345472.0,24576.0,131072.0,2048.0,0.0,13995507.0,13995507.0,1460395.0,0.0,0.0,0.0,32768.0,266412.0,0.0,14977672.0,0.0,64.0,814976.0
128,0,1,650,650,4194304,256,0,0,12,4,32,64,"void at::native::vectorized_elementwise_kernel<4, at::native::FillFunctor<int>, std::array<char*, 1ul> >(int, at::native::FillFunctor<int>, std::array<char*, 1ul>)",20837236271450,20837236314027,129,112,73041.0,1860.0,0.0,196608.0,0.0,0.0,0.0,0.0,0.0,127527547.0,0.0,0.0,0.0,4194304.0,4000.0,0.0,25052217.0,0.0,304.0,3849799.0
129,0,1,650,650,32768,512,0,0,108,4,48,64,matmulbias_kernel,20837236687315,20837236710929,130,196,136509.0,2018.0,345522.0,24576.0,131072.0,2048.0,0.0,13986908.0,13986908.0,1483521.0,0.0,0.0,0.0,32768.0,266592.0,0.0,15087271.0,0.0,64.0,814976.0
130,0,1,650,650,4194304,256,0,0,12,4,32,64,"void at::native::vectorized_elementwise_kernel<4, at::native::FillFunctor<int>, std::array<char*, 1ul> >(int, at::native::FillFunctor<int>, std::array<char*, 1ul>)",20837237085220,20837237127636,131,112,75307.0,1810.0,0.0,196608.0,0.0,0.0,0.0,0.0,0.0,126123907.0,0.0,0.0,0.0,4194304.0,4000.0,0.0,25025739.0,0.0,304.0,3849139.0
131,0,1,650,650,32768,512,0,0,108,4,48,64,matmulbias_kernel,20837237501767,20837237525501,132,196,138200.0,2018.0,345493.0,24576.0,131072.0,2048.0,0.0,13987906.0,13987906.0,1463116.0,0.0,0.0,0.0,32768.0,266878.0,0.0,15132644.0,0.0,64.0,814976.0
132,0,1,650,650,4194304,256,0,0,12,4,32,64,"void at::native::vectorized_elementwise_kernel<4, at::native::FillFunctor<int>, std::array<char*, 1ul> >(int, at::native::FillFunctor<int>, std::array<char*, 1ul>)",20837237897386,20837237939401,133,112,78158.0,1810.0,0.0,196608.0,0.0,0.0,0.0,0.0,0.0,126316498.0,0.0,0.0,0.0,4194304.0,4016.0,0.0,24882028.0,0.0,304.0,3848302.0
133,0,1,650,650,32768,512,0,0,108,4,48,64,matmulbias_kernel,20837238306436,20837238330210,134,196,137889.0,2045.0,345512.0,24576.0,131072.0,2048.0,0.0,13988004.0,13988004.0,1469265.0,0.0,0.0,0.0,32768.0,266592.0,0.0,15399139.0,0.0,64.0,814976.0
134,0,1,650,650,4194304,256,0,0,12,4,32,64,"void at::native::vectorized_elementwise_kernel<4, at::native::FillFunctor<int>, std::array<char*, 1ul> >(int, at::native::FillFunctor<int>, std::array<char*, 1ul>)",20837238694959,20837238737295,135,112,78211.0,1839.0,0.0,196608.0,0.0,0.0,0.0,0.0,0.0,127166502.0,0.0,0.0,0.0,4194304.0,4016.0,0.0,24998086.0,0.0,304.0,3849648.0
135,0,1,650,650,32768,512,0,0,108,4,48,64,matmulbias_kernel,20837239099399,20837239123333,136,196,133219.0,2018.0,345479.0,24576.0,131072.0,2048.0,0.0,13982855.0,13982855.0,1457643.0,0.0,0.0,0.0,32768.0,266592.0,0.0,15343247.0,0.0,64.0,814976.0
136,0,1,650,650,4194304,256,0,0,12,4,32,64,"void at::native::vectorized_elementwise_kernel<4, at::native::FillFunctor<int>, std::array<char*, 1ul> >(int, at::native::FillFunctor<int>, std::array<char*, 1ul>)",20837239493334,20837239535951,137,112,74461.0,1810.0,0.0,196608.0,0.0,0.0,0.0,0.0,0.0,126225712.0,0.0,0.0,0.0,4194304.0,4016.0,0.0,25046212.0,0.0,304.0,3848276.0
137,0,1,650,650,32768,512,0,0,108,4,48,64,matmulbias_kernel,20837239906674,20837239930728,138,196,132451.0,2018.0,345692.0,24576.0,131072.0,2048.0,0.0,13984790.0,13984790.0,1380686.0,0.0,0.0,0.0,32768.0,266862.0,0.0,15262739.0,0.0,64.0,814976.0
138,0,1,650,650,4194304,256,0,0,12,4,32,64,"void at::native::vectorized_elementwise_kernel<4, at::native::FillFunctor<int>, std::array<char*, 1ul> >(int, at::native::FillFunctor<int>, std::array<char*, 1ul>)",20837240284533,20837240327190,139,112,75228.0,1810.0,0.0,196608.0,0.0,0.0,0.0,0.0,0.0,126141391.0,0.0,0.0,0.0,4194304.0,4000.0,0.0,24994662.0,0.0,304.0,3848629.0
139,0,1,650,650,32768,512,0,0,108,4,48,64,matmulbias_kernel,20837240705690,20837240729865,140,196,147666.0,2093.0,345460.0,24576.0,131072.0,2048.0,0.0,13988321.0,13988321.0,1444608.0,0.0,0.0,0.0,32768.0,266518.0,0.0,15586382.0,0.0,64.0,814976.0
140,0,1,650,650,4194304,256,0,0,12,4,32,64,"void at::native::vectorized_elementwise_kernel<4, at::native::FillFunctor<int>, std::array<char*, 1ul> >(int, at::native::FillFunctor<int>, std::array<char*, 1ul>)",20837241102753,20837241145410,141,112,81494.0,1860.0,0.0,196608.0,0.0,0.0,0.0,0.0,0.0,126371323.0,0.0,0.0,0.0,4194304.0,4016.0,0.0,25034127.0,0.0,304.0,3848782.0
141,0,1,650,650,32768,512,0,0,108,4,48,64,matmulbias_kernel,20837241518097,20837241542392,142,196,141821.0,2018.0,345693.0,24576.0,131072.0,2048.0,0.0,13994999.0,13994999.0,1415367.0,0.0,0.0,0.0,32768.0,267238.0,0.0,15561483.0,0.0,64.0,814976.0
142,0,1,650,650,4194304,256,0,0,12,4,32,64,"void at::native::vectorized_elementwise_kernel<4, at::native::FillFunctor<int>, std::array<char*, 1ul> >(int, at::native::FillFunctor<int>, std::array<char*, 1ul>)",20837241920131,20837241962748,143,112,70464.0,1810.0,0.0,196608.0,0.0,0.0,0.0,0.0,0.0,127560902.0,0.0,0.0,0.0,4194304.0,4000.0,0.0,25093108.0,0.0,304.0,3848126.0
143,0,1,650,650,32768,512,0,0,108,4,48,64,matmulbias_kernel,20837242331827,20837242356363,144,196,141661.0,2018.0,345357.0,24576.0,131072.0,2048.0,0.0,13981464.0,13981464.0,1437491.0,0.0,0.0,0.0,32768.0,267238.0,0.0,15548086.0,0.0,64.0,814976.0
144,0,1,650,650,4194304,256,0,0,12,4,32,64,"void at::native::vectorized_elementwise_kernel<4, at::native::FillFunctor<int>, std::array<char*, 1ul> >(int, at::native::FillFunctor<int>, std::array<char*, 1ul>)",20837242735063,20837242777720,145,112,75928.0,1810.0,0.0,196608.0,0.0,0.0,0.0,0.0,0.0,125896399.0,0.0,0.0,0.0,4194304.0,4000.0,0.0,24939916.0,0.0,304.0,3848218.0
145,0,1,650,650,32768,512,0,0,108,4,48,64,matmulbias_kernel,20837243146318,20837243170854,146,196,139685.0,2018.0,345620.0,24576.0,131072.0,2048.0,0.0,13986471.0,13986471.0,1440446.0,0.0,0.0,0.0,32768.0,266682.0,0.0,15644053.0,0.0,64.0,814976.0
146,0,1,650,650,4194304,256,0,0,12,4,32,64,"void at::native::vectorized_elementwise_kernel<4, at::native::FillFunctor<int>, std::array<char*, 1ul> >(int, at::native::FillFunctor<int>, std::array<char*, 1ul>)",20837243541336,20837243584033,147,112,75580.0,1810.0,0.0,196608.0,0.0,0.0,0.0,0.0,0.0,126216723.0,0.0,0.0,0.0,4194304.0,4016.0,0.0,24971701.0,0.0,304.0,3848424.0
147,0,1,650,650,32768,512,0,0,108,4,48,64,matmulbias_kernel,20837243964378,20837243989034,148,196,141214.0,2018.0,345444.0,24576.0,131072.0,2048.0,0.0,13980277.0,13980277.0,1441914.0,0.0,0.0,0.0,32768.0,266968.0,0.0,15705847.0,0.0,64.0,814976.0
148,0,1,650,650,4194304,256,0,0,12,4,32,64,"void at::native::vectorized_elementwise_kernel<4, at::native::FillFunctor<int>, std::array<char*, 1ul> >(int, at::native::FillFunctor<int>, std::array<char*, 1ul>)",20837244358594,20837244401171,149,112,74843.0,1810.0,0.0,196608.0,0.0,0.0,0.0,0.0,0.0,126084361.0,0.0,0.0,0.0,4194304.0,4016.0,0.0,25096662.0,0.0,304.0,3848409.0
149,0,1,650,650,32768,512,0,0,108,4,48,64,matmulbias_kernel,20837244778870,20837244803365,150,196,137048.0,2018.0,345677.0,24576.0,131072.0,2048.0,0.0,13992256.0,13992256.0,1412667.0,0.0,0.0,0.0,32768.0,266502.0,0.0,15584239.0,0.0,64.0,814976.0
150,0,1,650,650,4194304,256,0,0,12,4,32,64,"void at::native::vectorized_elementwise_kernel<4, at::native::FillFunctor<int>, std::array<char*, 1ul> >(int, at::native::FillFunctor<int>, std::array<char*, 1ul>)",20837245178779,20837245221315,151,112,79712.0,1810.0,0.0,196608.0,0.0,0.0,0.0,0.0,0.0,127129872.0,0.0,0.0,0.0,4194304.0,4016.0,0.0,25106239.0,0.0,304.0,3848200.0
151,0,1,650,650,32768,512,0,0,108,4,48,64,matmulbias_kernel,20837245599976,20837245624552,152,196,136569.0,2018.0,345511.0,24576.0,131072.0,2048.0,0.0,13986757.0,13986757.0,1421987.0,0.0,0.0,0.0,32768.0,266142.0,0.0,15593779.0,0.0,64.0,814976.0
152,0,1,650,650,4194304,256,0,0,12,4,32,64,"void at::native::vectorized_elementwise_kernel<4, at::native::FillFunctor<int>, std::array<char*, 1ul> >(int, at::native::FillFunctor<int>, std::array<char*, 1ul>)",20837245997079,20837246039536,153,112,76325.0,1810.0,0.0,196608.0,0.0,0.0,0.0,0.0,0.0,126860796.0,0.0,0.0,0.0,4194304.0,4016.0,0.0,25046424.0,0.0,304.0,3847927.0
153,0,1,650,650,32768,512,0,0,108,4,48,64,matmulbias_kernel,20837246415831,20837246440407,154,196,136608.0,2018.0,345558.0,24576.0,131072.0,2048.0,0.0,13990478.0,13990478.0,1417059.0,0.0,0.0,0.0,32768.0,266592.0,0.0,15680954.0,0.0,64.0,814976.0
154,0,1,650,650,4194304,256,0,0,12,4,32,64,"void at::native::vectorized_elementwise_kernel<4, at::native::FillFunctor<int>, std::array<char*, 1ul> >(int, at::native::FillFunctor<int>, std::array<char*, 1ul>)",20837246810007,20837246852584,155,112,76348.0,1860.0,0.0,196608.0,0.0,0.0,0.0,0.0,0.0,128296457.0,0.0,0.0,0.0,4194304.0,4000.0,0.0,25125769.0,0.0,304.0,3846822.0
155,0,1,650,650,32768,512,0,0,108,4,48,64,matmulbias_kernel,20837247235815,20837247260471,156,196,143722.0,2045.0,345526.0,24576.0,131072.0,2048.0,0.0,13992350.0,13992350.0,1451097.0,0.0,0.0,0.0,32768.0,266519.0,0.0,15593912.0,0.0,64.0,814976.0
156,0,1,650,650,4194304,256,0,0,12,4,32,64,"void at::native::vectorized_elementwise_kernel<4, at::native::FillFunctor<int>, std::array<char*, 1ul> >(int, at::native::FillFunctor<int>, std::array<char*, 1ul>)",20837247637208,20837247680105,157,112,74745.0,1810.0,0.0,196608.0,0.0,0.0,0.0,0.0,0.0,126339722.0,0.0,0.0,0.0,4194304.0,4000.0,0.0,25035556.0,0.0,304.0,3848554.0
157,0,1,650,650,32768,512,0,0,108,4,48,64,matmulbias_kernel,20837248058766,20837248083221,158,196,145353.0,2018.0,345457.0,24576.0,131072.0,2048.0,0.0,13985563.0,13985563.0,1417604.0,0.0,0.0,0.0,32768.0,267148.0,0.0,15605106.0,0.0,64.0,814976.0
158,0,1,650,650,4194304,256,0,0,12,4,32,64,"void at::native::vectorized_elementwise_kernel<4, at::native::FillFunctor<int>, std::array<char*, 1ul> >(int, at::native::FillFunctor<int>, std::array<char*, 1ul>)",20837248449534,20837248492392,159,112,72398.0,1810.0,0.0,196608.0,0.0,0.0,0.0,0.0,0.0,127781377.0,0.0,0.0,0.0,4194304.0,4000.0,0.0,25168534.0,0.0,304.0,3849270.0
159,0,1,650,650,32768,512,0,0,108,4,48,64,matmulbias_kernel,20837248868246,20837248892862,160,196,147362.0,2018.0,345496.0,24576.0,131072.0,2048.0,0.0,13987803.0,13987803.0,1440948.0,0.0,0.0,0.0,32768.0,266428.0,0.0,15603770.0,0.0,64.0,814976.0
160,0,1,650,650,4194304,256,0,0,12,4,32,64,"void at::native::vectorized_elementwise_kernel<4, at::native::FillFunctor<int>, std::array<char*, 1ul> >(int, at::native::FillFunctor<int>, std::array<char*, 1ul>)",20837249268155,20837249310892,161,112,76611.0,1860.0,0.0,196608.0,0.0,0.0,0.0,0.0,0.0,125817166.0,0.0,0.0,0.0,4194304.0,4000.0,0.0,25068819.0,0.0,304.0,3851662.0
161,0,1,650,650,32768,512,0,0,108,4,48,64,matmulbias_kernel,20837249689994,20837249714410,162,196,136870.0,2018.0,345454.0,24576.0,131072.0,2048.0,0.0,13986606.0,13986606.0,1438081.0,0.0,0.0,0.0,32768.0,265962.0,0.0,15516837.0,0.0,64.0,814976.0
162,0,1,650,650,4194304,256,0,0,12,4,32,64,"void at::native::vectorized_elementwise_kernel<4, at::native::FillFunctor<int>, std::array<char*, 1ul> >(int, at::native::FillFunctor<int>, std::array<char*, 1ul>)",20837250097240,20837250139897,163,112,78290.0,1810.0,0.0,196608.0,0.0,0.0,0.0,0.0,0.0,127271756.0,0.0,0.0,0.0,4194304.0,4016.0,0.0,25175196.0,0.0,304.0,3847961.0
163,0,1,650,650,32768,512,0,0,108,4,48,64,matmulbias_kernel,20837250523128,20837250547584,164,196,137347.0,2018.0,345445.0,24576.0,131072.0,2048.0,0.0,13987983.0,13987983.0,1451898.0,0.0,0.0,0.0,32768.0,265962.0,0.0,15634525.0,0.0,64.0,814976.0
164,0,1,650,650,4194304,256,0,0,12,4,32,64,"void at::native::vectorized_elementwise_kernel<4, at::native::FillFunctor<int>, std::array<char*, 1ul> >(int, at::native::FillFunctor<int>, std::array<char*, 1ul>)",20837250935265,20837250977521,165,112,77664.0,1810.0,0.0,196608.0,0.0,0.0,0.0,0.0,0.0,125268494.0,0.0,0.0,0.0,4194304.0,4016.0,0.0,24936553.0,0.0,304.0,3846837.0
165,0,1,650,650,32768,512,0,0,108,4,48,64,matmulbias_kernel,20837251354618,20837251379034,166,196,141074.0,2018.0,345446.0,24576.0,131072.0,2048.0,0.0,13980700.0,13980700.0,1408929.0,0.0,0.0,0.0,32768.0,266518.0,0.0,15511949.0,0.0,64.0,814976.0
166,0,1,650,650,4194304,256,0,0,12,4,32,64,"void at::native::vectorized_elementwise_kernel<4, at::native::FillFunctor<int>, std::array<char*, 1ul> >(int, at::native::FillFunctor<int>, std::array<char*, 1ul>)",20837251759699,20837251802116,167,112,76293.0,1810.0,0.0,196608.0,0.0,0.0,0.0,0.0,0.0,126584021.0,0.0,0.0,0.0,4194304.0,4016.0,0.0,25038076.0,0.0,304.0,3849602.0
167,0,1,650,650,32768,512,0,0,108,4,48,64,matmulbias_kernel,20837252180656,20837252205232,168,196,142468.0,2018.0,345517.0,24576.0,131072.0,2048.0,0.0,13988596.0,13988596.0,1408610.0,0.0,0.0,0.0,32768.0,267058.0,0.0,15564399.0,0.0,64.0,814976.0
168,0,1,650,650,4194304,256,0,0,12,4,32,64,"void at::native::vectorized_elementwise_kernel<4, at::native::FillFunctor<int>, std::array<char*, 1ul> >(int, at::native::FillFunctor<int>, std::array<char*, 1ul>)",20837252579282,20837252621659,169,112,77352.0,1859.0,0.0,196608.0,0.0,0.0,0.0,0.0,0.0,126596708.0,0.0,0.0,0.0,4194304.0,4016.0,0.0,24909493.0,0.0,304.0,3850143.0
169,0,1,650,650,32768,512,0,0,108,4,48,64,matmulbias_kernel,20837253005892,20837253030067,170,196,136306.0,2018.0,345644.0,24576.0,131072.0,2048.0,0.0,13991066.0,13991066.0,1366813.0,0.0,0.0,0.0,32768.0,266772.0,0.0,15425077.0,0.0,64.0,814976.0
170,0,1,650,650,4194304,256,0,0,12,4,32,64,"void at::native::vectorized_elementwise_kernel<4, at::native::FillFunctor<int>, std::array<char*, 1ul> >(int, at::native::FillFunctor<int>, std::array<char*, 1ul>)",20837253395257,20837253437714,171,112,74873.0,1810.0,0.0,196608.0,0.0,0.0,0.0,0.0,0.0,125969964.0,0.0,0.0,0.0,4194304.0,4016.0,0.0,24943764.0,0.0,304.0,3847775.0
171,0,1,650,650,32768,512,0,0,108,4,48,64,matmulbias_kernel,20837253820424,20837253844879,172,196,144056.0,2018.0,345501.0,24576.0,131072.0,2048.0,0.0,13984583.0,13984583.0,1441918.0,0.0,0.0,0.0,32768.0,266338.0,0.0,15586984.0,0.0,64.0,814976.0
172,0,1,650,650,4194304,256,0,0,12,4,32,64,"void at::native::vectorized_elementwise_kernel<4, at::native::FillFunctor<int>, std::array<char*, 1ul> >(int, at::native::FillFunctor<int>, std::array<char*, 1ul>)",20837254231799,20837254274496,173,112,73209.0,1810.0,0.0,196608.0,0.0,0.0,0.0,0.0,0.0,126622379.0,0.0,0.0,0.0,4194304.0,4000.0,0.0,25040708.0,0.0,304.0,3850037.0
173,0,1,650,650,32768,512,0,0,108,4,48,64,matmulbias_kernel,20837254646021,20837254670597,174,196,143535.0,2018.0,345491.0,24576.0,131072.0,2048.0,0.0,13986808.0,13986808.0,1438802.0,0.0,0.0,0.0,32768.0,266608.0,0.0,15626446.0,0.0,64.0,814976.0
174,0,1,650,650,4194304,256,0,0,12,4,32,64,"void at::native::vectorized_elementwise_kernel<4, at::native::FillFunctor<int>, std::array<char*, 1ul> >(int, at::native::FillFunctor<int>, std::array<char*, 1ul>)",20837255051382,20837255093879,175,112,69777.0,1810.0,0.0,196608.0,0.0,0.0,0.0,0.0,0.0,127190682.0,0.0,0.0,0.0,4194304.0,4000.0,0.0,24949999.0,0.0,304.0,3848737.0
175,0,1,650,650,32768,512,0,0,108,4,48,64,matmulbias_kernel,20837255477391,20837255502007,176,196,140529.0,2018.0,345522.0,24576.0,131072.0,2048.0,0.0,13984203.0,13984203.0,1444276.0,0.0,0.0,0.0,32768.0,267058.0,0.0,15669709.0,0.0,64.0,814976.0
176,0,1,650,650,4194304,256,0,0,12,4,32,64,"void at::native::vectorized_elementwise_kernel<4, at::native::FillFunctor<int>, std::array<char*, 1ul> >(int, at::native::FillFunctor<int>, std::array<char*, 1ul>)",20837255890610,20837255933187,177,112,86097.0,1810.0,0.0,196608.0,0.0,0.0,0.0,0.0,0.0,127076539.0,0.0,0.0,0.0,4194304.0,4016.0,0.0,25075433.0,0.0,304.0,3848167.0
177,0,1,650,650,32768,512,0,0,108,4,48,64,matmulbias_kernel,20837256318904,20837256343199,178,196,143890.0,2018.0,345700.0,24576.0,131072.0,2048.0,0.0,13989906.0,13989906.0,1409032.0,0.0,0.0,0.0,32768.0,266878.0,0.0,15502701.0,0.0,64.0,814976.0
178,0,1,650,650,4194304,256,0,0,12,4,32,64,"void at::native::vectorized_elementwise_kernel<4, at::native::FillFunctor<int>, std::array<char*, 1ul> >(int, at::native::FillFunctor<int>, std::array<char*, 1ul>)",20837256720657,20837256763234,179,112,78922.0,1810.0,0.0,196608.0,0.0,0.0,0.0,0.0,0.0,127159285.0,0.0,0.0,0.0,4194304.0,4016.0,0.0,25146767.0,0.0,304.0,3850487.0
179,0,1,650,650,32768,512,0,0,108,4,48,64,matmulbias_kernel,20837257158853,20837257183389,180,196,141529.0,2018.0,345439.0,24576.0,131072.0,2048.0,0.0,13984659.0,13984659.0,1445221.0,0.0,0.0,0.0,32768.0,266698.0,0.0,15519413.0,0.0,64.0,814976.0
180,0,1,650,650,4194304,256,0,0,12,4,32,64,"void at::native::vectorized_elementwise_kernel<4, at::native::FillFunctor<int>, std::array<char*, 1ul> >(int, at::native::FillFunctor<int>, std::array<char*, 1ul>)",20837257570188,20837257613046,181,112,73002.0,1810.0,0.0,196608.0,0.0,0.0,0.0,0.0,0.0,127624518.0,0.0,0.0,0.0,4194304.0,4000.0,0.0,25085484.0,0.0,304.0,3849045.0
181,0,1,650,650,32768,512,0,0,108,4,48,64,matmulbias_kernel,20837257999965,20837258024180,182,196,136630.0,2045.0,345524.0,24576.0,131072.0,2048.0,0.0,13987361.0,13987361.0,1423071.0,0.0,0.0,0.0,32768.0,266412.0,0.0,15483810.0,0.0,64.0,814976.0
182,0,1,650,650,4194304,256,0,0,12,4,32,64,"void at::native::vectorized_elementwise_kernel<4, at::native::FillFunctor<int>, std::array<char*, 1ul> >(int, at::native::FillFunctor<int>, std::array<char*, 1ul>)",20837258411100,20837258453276,183,112,78150.0,1859.0,0.0,196608.0,0.0,0.0,0.0,0.0,0.0,126739950.0,0.0,0.0,0.0,4194304.0,4016.0,0.0,24929330.0,0.0,304.0,3852027.0
183,0,1,650,650,32768,512,0,0,108,4,48,64,matmulbias_kernel,20837258840316,20837258864771,184,196,133520.0,2018.0,345476.0,24576.0,131072.0,2048.0,0.0,13991042.0,13991042.0,1455966.0,0.0,0.0,0.0,32768.0,266502.0,0.0,15648422.0,0.0,64.0,814976.0
184,0,1,650,650,4194304,256,0,0,12,4,32,64,"void at::native::vectorized_elementwise_kernel<4, at::native::FillFunctor<int>, std::array<char*, 1ul> >(int, at::native::FillFunctor<int>, std::array<char*, 1ul>)",20837259258105,20837259300963,185,112,74483.0,1810.0,0.0,196608.0,0.0,0.0,0.0,0.0,0.0,126809090.0,0.0,0.0,0.0,4194304.0,4016.0,0.0,25109215.0,0.0,304.0,3848270.0
185,0,1,650,650,32768,512,0,0,108,4,48,64,matmulbias_kernel,20837259677298,20837259701874,186,196,144216.0,2018.0,345467.0,24576.0,131072.0,2048.0,0.0,13991577.0,13991577.0,1441501.0,0.0,0.0,0.0,32768.0,266518.0,0.0,15621067.0,0.0,64.0,814976.0
186,0,1,650,650,4194304,256,0,0,12,4,32,64,"void at::native::vectorized_elementwise_kernel<4, at::native::FillFunctor<int>, std::array<char*, 1ul> >(int, at::native::FillFunctor<int>, std::array<char*, 1ul>)",20837260088794,20837260131731,187,112,84738.0,1810.0,0.0,196608.0,0.0,0.0,0.0,0.0,0.0,125926286.0,0.0,0.0,0.0,4194304.0,4016.0,0.0,25047413.0,0.0,304.0,3849123.0
187,0,1,650,650,32768,512,0,0,108,4,48,64,matmulbias_kernel,20837260517328,20837260541784,188,196,136938.0,2018.0,345459.0,24576.0,131072.0,2048.0,0.0,13983125.0,13983125.0,1441621.0,0.0,0.0,0.0,32768.0,266322.0,0.0,15662033.0,0.0,64.0,814976.0
188,0,1,650,650,4194304,256,0,0,12,4,32,64,"void at::native::vectorized_elementwise_kernel<4, at::native::FillFunctor<int>, std::array<char*, 1ul> >(int, at::native::FillFunctor<int>, std::array<char*, 1ul>)",20837260934757,20837260977334,189,112,79356.0,1860.0,0.0,196608.0,0.0,0.0,0.0,0.0,0.0,125408279.0,0.0,0.0,0.0,4194304.0,4017.0,0.0,24966300.0,0.0,304.0,3848657.0
189,0,1,650,650,32768,512,0,0,108,4,48,64,matmulbias_kernel,20837261342724,20837261367180,190,196,135777.0,2018.0,345460.0,24576.0,131072.0,2048.0,0.0,13990783.0,13990783.0,1408900.0,0.0,0.0,0.0,32768.0,267042.0,0.0,15465906.0,0.0,64.0,814976.0
190,0,1,650,650,4194304,256,0,0,12,4,32,64,"void at::native::vectorized_elementwise_kernel<4, at::native::FillFunctor<int>, std::array<char*, 1ul> >(int, at::native::FillFunctor<int>, std::array<char*, 1ul>)",20837261759752,20837261802049,191,112,77800.0,1810.0,0.0,196608.0,0.0,0.0,0.0,0.0,0.0,125866570.0,0.0,0.0,0.0,4194304.0,4016.0,0.0,24936996.0,0.0,304.0,3850030.0
191,0,1,650,650,32768,512,0,0,108,4,48,64,matmulbias_kernel,20837262179186,20837262203722,192,196,135012.0,2018.0,345487.0,24576.0,131072.0,2048.0,0.0,13989030.0,13989030.0,1438999.0,0.0,0.0,0.0,32768.0,266862.0,0.0,15712419.0,0.0,64.0,814976.0
192,0,1,650,650,4194304,256,0,0,12,4,32,64,"void at::native::vectorized_elementwise_kernel<4, at::native::FillFunctor<int>, std::array<char*, 1ul> >(int, at::native::FillFunctor<int>, std::array<char*, 1ul>)",20837262580177,20837262622313,193,112,78210.0,1810.0,0.0,196608.0,0.0,0.0,0.0,0.0,0.0,126573598.0,0.0,0.0,0.0,4194304.0,4016.0,0.0,24912874.0,0.0,304.0,3847209.0
193,0,1,650,650,32768,512,0,0,108,4,48,64,matmulbias_kernel,20837263007749,20837263032205,194,196,134414.0,2018.0,345653.0,24576.0,131072.0,2048.0,0.0,13987815.0,13987815.0,1378840.0,0.0,0.0,0.0,32768.0,266682.0,0.0,15589254.0,0.0,64.0,814976.0
194,0,1,650,650,4194304,256,0,0,12,4,32,64,"void at::native::vectorized_elementwise_kernel<4, at::native::FillFunctor<int>, std::array<char*, 1ul> >(int, at::native::FillFunctor<int>, std::array<char*, 1ul>)",20837263415156,20837263458013,195,112,78310.0,1810.0,0.0,196608.0,0.0,0.0,0.0,0.0,0.0,126464959.0,0.0,0.0,0.0,4194304.0,4016.0,0.0,24932918.0,0.0,304.0,3848533.0
195,0,1,650,650,32768,512,0,0,108,4,48,64,matmulbias_kernel,20837263834910,20837263859325,196,196,141143.0,2018.0,345524.0,24576.0,131072.0,2048.0,0.0,13989684.0,13989684.0,1413672.0,0.0,0.0,0.0,32768.0,266608.0,0.0,15503302.0,0.0,64.0,814976.0
196,0,1,650,650,4194304,256,0,0,12,4,32,64,"void at::native::vectorized_elementwise_kernel<4, at::native::FillFunctor<int>, std::array<char*, 1ul> >(int, at::native::FillFunctor<int>, std::array<char*, 1ul>)",20837264239590,20837264282287,197,112,71547.0,1810.0,0.0,196608.0,0.0,0.0,0.0,0.0,0.0,125339132.0,0.0,0.0,0.0,4194304.0,4000.0,0.0,24944205.0,0.0,304.0,3850296.0
197,0,1,650,650,32768,512,0,0,108,4,48,64,matmulbias_kernel,20837264664796,20837264689412,198,196,141256.0,2018.0,345475.0,24576.0,131072.0,2048.0,0.0,13981239.0,13981239.0,1436184.0,0.0,0.0,0.0,32768.0,266788.0,0.0,15602075.0,0.0,64.0,814976.0
198,0,1,650,650,4194304,256,0,0,12,4,32,64,"void at::native::vectorized_elementwise_kernel<4, at::native::FillFunctor<int>, std::array<char*, 1ul> >(int, at::native::FillFunctor<int>, std::array<char*, 1ul>)",20837265067352,20837265109968,199,112,74753.0,1810.0,0.0,196608.0,0.0,0.0,0.0,0.0,0.0,126561626.0,0.0,0.0,0.0,4194304.0,4000.0,0.0,25010706.0,0.0,304.0,3850367.0
199,0,1,650,650,32768,512,0,0,108,4,48,64,matmulbias_kernel,20837265488469,20837265512924,200,196,141871.0,2018.0,345400.0,24576.0,131072.0,2048.0,0.0,13989952.0,13989952.0,1437664.0,0.0,0.0,0.0,32768.0,266428.0,0.0,15565772.0,0.0,64.0,814976.0
200,0,1,650,650,4194304,256,0,0,12,4,32,64,"void at::native::vectorized_elementwise_kernel<4, at::native::FillFunctor<int>, std::array<char*, 1ul> >(int, at::native::FillFunctor<int>, std::array<char*, 1ul>)",20837265893951,20837265936447,201,112,74775.0,1810.0,0.0,196608.0,0.0,0.0,0.0,0.0,0.0,125927045.0,0.0,0.0,0.0,4194304.0,4000.0,0.0,24942094.0,0.0,304.0,3848385.0
201,0,1,650,650,32768,512,0,0,108,4,48,64,matmulbias_kernel,20837266308012,20837266332067,202,196,140889.0,2018.0,345677.0,24576.0,131072.0,2048.0,0.0,13993456.0,13993456.0,1384002.0,0.0,0.0,0.0,32768.0,266698.0,0.0,15447505.0,0.0,64.0,814976.0
202,0,1,650,650,4194304,256,0,0,12,4,32,64,"void at::native::vectorized_elementwise_kernel<4, at::native::FillFunctor<int>, std::array<char*, 1ul> >(int, at::native::FillFunctor<int>, std::array<char*, 1ul>)",20837266729330,20837266771706,203,112,72124.0,1810.0,0.0,196608.0,0.0,0.0,0.0,0.0,0.0,127041188.0,0.0,0.0,0.0,4194304.0,4000.0,0.0,25052718.0,0.0,304.0,3847836.0
203,0,1,650,650,32768,512,0,0,108,4,48,64,matmulbias_kernel,20837267167847,20837267192342,204,196,143026.0,2067.0,345557.0,24576.0,131072.0,2048.0,0.0,13987329.0,13987329.0,1439550.0,0.0,0.0,0.0,32768.0,266608.0,0.0,15531589.0,0.0,64.0,814976.0
204,0,1,650,650,4194304,256,0,0,12,4,32,64,"void at::native::vectorized_elementwise_kernel<4, at::native::FillFunctor<int>, std::array<char*, 1ul> >(int, at::native::FillFunctor<int>, std::array<char*, 1ul>)",20837267579663,20837267622280,205,112,70757.0,1810.0,0.0,196608.0,0.0,0.0,0.0,0.0,0.0,126137685.0,0.0,0.0,0.0,4194304.0,4000.0,0.0,24927253.0,0.0,304.0,3847520.0
205,0,1,650,650,32768,512,0,0,108,4,48,64,matmulbias_kernel,20837268000099,20837268025115,206,196,146699.0,2018.0,345488.0,24576.0,131072.0,2048.0,0.0,13992719.0,13992719.0,1453769.0,0.0,0.0,0.0,32768.0,266788.0,0.0,15743364.0,0.0,64.0,814976.0
206,0,1,650,650,4194304,256,0,0,12,4,32,64,"void at::native::vectorized_elementwise_kernel<4, at::native::FillFunctor<int>, std::array<char*, 1ul> >(int, at::native::FillFunctor<int>, std::array<char*, 1ul>)",20837268428593,20837268471250,207,112,74037.0,1810.0,0.0,196608.0,0.0,0.0,0.0,0.0,0.0,126777981.0,0.0,0.0,0.0,4194304.0,4000.0,0.0,24991932.0,0.0,304.0,3847645.0
207,0,1,650,650,32768,512,0,0,108,4,48,64,matmulbias_kernel,20837268861376,20837268885912,208,196,139516.0,2018.0,345455.0,24576.0,131072.0,2048.0,0.0,13985431.0,13985431.0,1434529.0,0.0,0.0,0.0,32768.0,266232.0,0.0,15575334.0,0.0,64.0,814976.0
208,0,1,650,650,4194304,256,0,0,12,4,32,64,"void at::native::vectorized_elementwise_kernel<4, at::native::FillFunctor<int>, std::array<char*, 1ul> >(int, at::native::FillFunctor<int>, std::array<char*, 1ul>)",20837269267219,20837269310036,209,112,79918.0,1810.0,0.0,196608.0,0.0,0.0,0.0,0.0,0.0,126320773.0,0.0,0.0,0.0,4194304.0,4016.0,0.0,25007885.0,0.0,304.0,3848103.0
209,0,1,650,650,32768,512,0,0,108,4,48,64,matmulbias_kernel,20837269706738,20837269731354,210,196,137278.0,2018.0,345466.0,24576.0,131072.0,2048.0,0.0,13983546.0,13983546.0,1446536.0,0.0,0.0,0.0,32768.0,266502.0,0.0,15615543.0,0.0,64.0,814976.0
210,0,1,650,650,4194304,256,0,0,12,4,32,64,"void at::native::vectorized_elementwise_kernel<4, at::native::FillFunctor<int>, std::array<char*, 1ul> >(int, at::native::FillFunctor<int>, std::array<char*, 1ul>)",20837270123165,20837270166022,211,112,83976.0,1860.0,0.0,196608.0,0.0,0.0,0.0,0.0,0.0,126683912.0,0.0,0.0,0.0,4194304.0,4016.0,0.0,24996644.0,0.0,304.0,3847741.0
211,0,1,650,650,32768,512,0,0,108,4,48,64,matmulbias_kernel,20837270563606,20837270587941,212,196,141697.0,2018.0,345352.0,24576.0,131072.0,2048.0,0.0,13987721.0,13987721.0,1418751.0,0.0,0.0,0.0,32768.0,266068.0,0.0,15501310.0,0.0,64.0,814976.0
212,0,1,650,650,4194304,256,0,0,12,4,32,64,"void at::native::vectorized_elementwise_kernel<4, at::native::FillFunctor<int>, std::array<char*, 1ul> >(int, at::native::FillFunctor<int>, std::array<char*, 1ul>)",20837270959907,20837271003125,213,112,76710.0,1810.0,0.0,196608.0,0.0,0.0,0.0,0.0,0.0,126248544.0,0.0,0.0,0.0,4194304.0,4016.0,0.0,25027619.0,0.0,304.0,3848320.0
213,0,1,650,650,32768,512,0,0,108,4,48,64,matmulbias_kernel,20837271404157,20837271428893,214,196,142049.0,2018.0,345484.0,24576.0,131072.0,2048.0,0.0,13994794.0,13994794.0,1433794.0,0.0,0.0,0.0,32768.0,266592.0,0.0,15716912.0,0.0,64.0,814976.0
214,0,1,650,650,4194304,256,0,0,12,4,32,64,"void at::native::vectorized_elementwise_kernel<4, at::native::FillFunctor<int>, std::array<char*, 1ul> >(int, at::native::FillFunctor<int>, std::array<char*, 1ul>)",20837271827519,20837271869856,215,112,79447.0,1810.0,0.0,196608.0,0.0,0.0,0.0,0.0,0.0,126795820.0,0.0,0.0,0.0,4194304.0,4016.0,0.0,25002241.0,0.0,304.0,3848473.0
215,0,1,650,650,32768,512,0,0,108,4,48,64,matmulbias_kernel,20837272261586,20837272286042,216,196,134559.0,2018.0,345489.0,24576.0,131072.0,2048.0,0.0,13984287.0,13984287.0,1442714.0,0.0,0.0,0.0,32768.0,266232.0,0.0,15547096.0,0.0,64.0,814976.0
216,0,1,650,650,4194304,256,0,0,12,4,32,64,"void at::native::vectorized_elementwise_kernel<4, at::native::FillFunctor<int>, std::array<char*, 1ul> >(int, at::native::FillFunctor<int>, std::array<char*, 1ul>)",20837272676088,20837272718745,217,112,78133.0,1810.0,0.0,196608.0,0.0,0.0,0.0,0.0,0.0,126623008.0,0.0,0.0,0.0,4194304.0,4016.0,0.0,24995488.0,0.0,304.0,3847751.0
217,0,1,650,650,32768,512,0,0,108,4,48,64,matmulbias_kernel,20837273110195,20837273134811,218,196,134651.0,2018.0,345556.0,24576.0,131072.0,2048.0,0.0,13982019.0,13982019.0,1456542.0,0.0,0.0,0.0,32768.0,266502.0,0.0,15698079.0,0.0,64.0,814976.0
218,0,1,650,650,4194304,256,0,0,12,4,32,64,"void at::native::vectorized_elementwise_kernel<4, at::native::FillFunctor<int>, std::array<char*, 1ul> >(int, at::native::FillFunctor<int>, std::array<char*, 1ul>)",20837273524617,20837273567114,219,112,82475.0,1860.0,0.0,196608.0,0.0,0.0,0.0,0.0,0.0,126835730.0,0.0,0.0,0.0,4194304.0,4016.0,0.0,24976811.0,0.0,304.0,3849066.0
219,0,1,650,650,32768,512,0,0,108,4,48,64,matmulbias_kernel,20837273963976,20837273988512,220,196,137264.0,2018.0,345450.0,24576.0,131072.0,2048.0,0.0,13992424.0,13992424.0,1439487.0,0.0,0.0,0.0,32768.0,266412.0,0.0,15533855.0,0.0,64.0,814976.0
220,0,1,650,650,4194304,256,0,0,12,4,32,64,"void at::native::vectorized_elementwise_kernel<4, at::native::FillFunctor<int>, std::array<char*, 1ul> >(int, at::native::FillFunctor<int>, std::array<char*, 1ul>)",20837274377757,20837274420253,221,112,73012.0,1810.0,0.0,196608.0,0.0,0.0,0.0,0.0,0.0,125654413.0,0.0,0.0,0.0,4194304.0,4000.0,0.0,24903793.0,0.0,304.0,3845953.0
221,0,1,650,650,32768,512,0,0,108,4,48,64,matmulbias_kernel,20837274797351,20837274821927,222,196,141484.0,2018.0,345509.0,24576.0,131072.0,2048.0,0.0,13991973.0,13991973.0,1416458.0,0.0,0.0,0.0,32768.0,266878.0,0.0,15538320.0,0.0,64.0,814976.0
222,0,1,650,650,4194304,256,0,0,12,4,32,64,"void at::native::vectorized_elementwise_kernel<4, at::native::FillFunctor<int>, std::array<char*, 1ul> >(int, at::native::FillFunctor<int>, std::array<char*, 1ul>)",20837275217947,20837275260804,223,112,72446.0,1810.0,0.0,196608.0,0.0,0.0,0.0,0.0,0.0,127544052.0,0.0,0.0,0.0,4194304.0,4000.0,0.0,25123758.0,0.0,304.0,3851673.0
223,0,1,650,650,32768,512,0,0,108,4,48,64,matmulbias_kernel,20837275668812,20837275693308,224,196,143214.0,2018.0,345430.0,24576.0,131072.0,2048.0,0.0,13980995.0,13980995.0,1415332.0,0.0,0.0,0.0,32768.0,266878.0,0.0,15608730.0,0.0,64.0,814976.0
224,0,1,650,650,4194304,256,0,0,12,4,32,64,"void at::native::vectorized_elementwise_kernel<4, at::native::FillFunctor<int>, std::array<char*, 1ul> >(int, at::native::FillFunctor<int>, std::array<char*, 1ul>)",20837276098990,20837276141727,225,112,77082.0,1810.0,0.0,196608.0,0.0,0.0,0.0,0.0,0.0,127916798.0,0.0,0.0,0.0,4194304.0,4016.0,0.0,25057568.0,0.0,304.0,3848556.0
225,0,1,650,650,32768,512,0,0,108,4,48,64,matmulbias_kernel,20837276531573,20837276556109,226,196,140892.0,2018.0,345488.0,24576.0,131072.0,2048.0,0.0,13979961.0,13979961.0,1422917.0,0.0,0.0,0.0,32768.0,266788.0,0.0,15543239.0,0.0,64.0,814976.0
226,0,1,650,650,4194304,256,0,0,12,4,32,64,"void at::native::vectorized_elementwise_kernel<4, at::native::FillFunctor<int>, std::array<char*, 1ul> >(int, at::native::FillFunctor<int>, std::array<char*, 1ul>)",20837276954214,20837276997593,227,112,76585.0,1860.0,0.0,196608.0,0.0,0.0,0.0,0.0,0.0,126243710.0,0.0,0.0,0.0,4194304.0,4000.0,0.0,25128825.0,0.0,304.0,3849778.0
227,0,1,650,650,32768,512,0,0,108,4,48,64,matmulbias_kernel,20837277397943,20837277422238,228,196,142954.0,2068.0,345483.0,24576.0,131072.0,2048.0,0.0,13981602.0,13981602.0,1433000.0,0.0,0.0,0.0,32768.0,266428.0,0.0,15463816.0,0.0,64.0,814976.0
228,0,1,650,650,4194304,256,0,0,12,4,32,64,"void at::native::vectorized_elementwise_kernel<4, at::native::FillFunctor<int>, std::array<char*, 1ul> >(int, at::native::FillFunctor<int>, std::array<char*, 1ul>)",20837277818619,20837277861156,229,112,72391.0,1810.0,0.0,196608.0,0.0,0.0,0.0,0.0,0.0,128030600.0,0.0,0.0,0.0,4194304.0,4000.0,0.0,25092800.0,0.0,304.0,3848479.0
229,0,1,650,650,32768,512,0,0,108,4,48,64,matmulbias_kernel,20837278269965,20837278294381,230,196,144282.0,2018.0,345462.0,24576.0,131072.0,2048.0,0.0,13981672.0,13981672.0,1433849.0,0.0,0.0,0.0,32768.0,266968.0,0.0,15565017.0,0.0,64.0,814976.0
230,0,1,650,650,4194304,256,0,0,12,4,32,64,"void at::native::vectorized_elementwise_kernel<4, at::native::FillFunctor<int>, std::array<char*, 1ul> >(int, at::native::FillFunctor<int>, std::array<char*, 1ul>)",20837278692285,20837278734982,231,112,74507.0,1810.0,0.0,196608.0,0.0,0.0,0.0,0.0,0.0,127010524.0,0.0,0.0,0.0,4194304.0,4000.0,0.0,25061339.0,0.0,304.0,3849476.0
231,0,1,650,650,32768,512,0,0,108,4,48,64,matmulbias_kernel,20837279120539,20837279145034,232,196,137408.0,2018.0,345506.0,24576.0,131072.0,2048.0,0.0,13982782.0,13982782.0,1451189.0,0.0,0.0,0.0,32768.0,266502.0,0.0,15552192.0,0.0,64.0,814976.0
232,0,1,650,650,4194304,256,0,0,12,4,32,64,"void at::native::vectorized_elementwise_kernel<4, at::native::FillFunctor<int>, std::array<char*, 1ul> >(int, at::native::FillFunctor<int>, std::array<char*, 1ul>)",20837279551478,20837279594055,233,112,78957.0,1810.0,0.0,196608.0,0.0,0.0,0.0,0.0,0.0,125241047.0,0.0,0.0,0.0,4194304.0,4016.0,0.0,24814111.0,0.0,304.0,3848154.0
233,0,1,650,650,32768,512,0,0,108,4,48,64,matmulbias_kernel,20837280001622,20837280025676,234,196,137700.0,2018.0,345721.0,24576.0,131072.0,2048.0,0.0,13988570.0,13988570.0,1363012.0,0.0,0.0,0.0,32768.0,266502.0,0.0,15325568.0,0.0,64.0,814976.0
234,0,1,650,650,4194304,256,0,0,12,4,32,64,"void at::native::vectorized_elementwise_kernel<4, at::native::FillFunctor<int>, std::array<char*, 1ul> >(int, at::native::FillFunctor<int>, std::array<char*, 1ul>)",20837280427390,20837280470046,235,112,79555.0,1810.0,0.0,196608.0,0.0,0.0,0.0,0.0,0.0,126647593.0,0.0,0.0,0.0,4194304.0,4016.0,0.0,24955733.0,0.0,304.0,3848468.0
235,0,1,650,650,32768,512,0,0,108,4,48,64,matmulbias_kernel,20837280851233,20837280875729,236,196,136747.0,2018.0,345516.0,24576.0,131072.0,2048.0,0.0,13989459.0,13989459.0,1441240.0,0.0,0.0,0.0,32768.0,266772.0,0.0,15586289.0,0.0,64.0,814976.0
236,0,1,650,650,4194304,256,0,0,12,4,32,64,"void at::native::vectorized_elementwise_kernel<4, at::native::FillFunctor<int>, std::array<char*, 1ul> >(int, at::native::FillFunctor<int>, std::array<char*, 1ul>)",20837281265495,20837281307911,237,112,82269.0,1810.0,0.0,196608.0,0.0,0.0,0.0,0.0,0.0,126509917.0,0.0,0.0,0.0,4194304.0,4016.0,0.0,24964645.0,0.0,304.0,3849766.0
237,0,1,650,650,32768,512,0,0,108,4,48,64,matmulbias_kernel,20837281701807,20837281726262,238,196,137601.0,2018.0,345437.0,24576.0,131072.0,2048.0,0.0,13991753.0,13991753.0,1436124.0,0.0,0.0,0.0,32768.0,266412.0,0.0,15574795.0,0.0,64.0,814976.0
238,0,1,650,650,4194304,256,0,0,12,4,32,64,"void at::native::vectorized_elementwise_kernel<4, at::native::FillFunctor<int>, std::array<char*, 1ul> >(int, at::native::FillFunctor<int>, std::array<char*, 1ul>)",20837282127975,20837282170352,239,112,78465.0,1810.0,0.0,196608.0,0.0,0.0,0.0,0.0,0.0,126836112.0,0.0,0.0,0.0,4194304.0,4016.0,0.0,24972861.0,0.0,304.0,3847212.0
239,0,1,650,650,32768,512,0,0,108,4,48,64,matmulbias_kernel,20837282574310,20837282599006,240,196,139708.0,2018.0,345293.0,24576.0,131072.0,2048.0,0.0,13986083.0,13986083.0,1429721.0,0.0,0.0,0.0,32768.0,266772.0,0.0,15512071.0,0.0,64.0,814976.0
240,0,1,650,650,4194304,256,0,0,12,4,32,64,"void at::native::vectorized_elementwise_kernel<4, at::native::FillFunctor<int>, std::array<char*, 1ul> >(int, at::native::FillFunctor<int>, std::array<char*, 1ul>)",20837282995588,20837283038405,241,112,80097.0,1810.0,0.0,196608.0,0.0,0.0,0.0,0.0,0.0,127211634.0,0.0,0.0,0.0,4194304.0,4016.0,0.0,25077824.0,0.0,304.0,3850750.0
241,0,1,650,650,32768,512,0,0,108,4,48,64,matmulbias_kernel,20837283436991,20837283461487,242,196,134919.0,2018.0,345802.0,24576.0,131072.0,2048.0,0.0,14004157.0,14004157.0,1417717.0,0.0,0.0,0.0,32768.0,266772.0,0.0,15606506.0,0.0,64.0,814976.0
242,0,1,650,650,4194304,256,0,0,12,4,32,64,"void at::native::vectorized_elementwise_kernel<4, at::native::FillFunctor<int>, std::array<char*, 1ul> >(int, at::native::FillFunctor<int>, std::array<char*, 1ul>)",20837283851373,20837283893990,243,112,77784.0,1810.0,0.0,196608.0,0.0,0.0,0.0,0.0,0.0,127289751.0,0.0,0.0,0.0,4194304.0,4016.0,0.0,25049920.0,0.0,304.0,3847787.0
243,0,1,650,650,32768,512,0,0,108,4,48,64,matmulbias_kernel,20837284290892,20837284315148,244,196,142579.0,2018.0,345428.0,24576.0,131072.0,2048.0,0.0,13987028.0,13987028.0,1443939.0,0.0,0.0,0.0,32768.0,266592.0,0.0,15489311.0,0.0,64.0,814976.0
244,0,1,650,650,4194304,256,0,0,12,4,32,64,"void at::native::vectorized_elementwise_kernel<4, at::native::FillFunctor<int>, std::array<char*, 1ul> >(int, at::native::FillFunctor<int>, std::array<char*, 1ul>)",20837284707079,20837284749415,245,112,69978.0,1810.0,0.0,196608.0,0.0,0.0,0.0,0.0,0.0,126619274.0,0.0,0.0,0.0,4194304.0,4000.0,0.0,25058760.0,0.0,304.0,3849143.0
245,0,1,650,650,32768,512,0,0,108,4,48,64,matmulbias_kernel,20837285137657,20837285162354,246,196,144629.0,2018.0,345558.0,24576.0,131072.0,2048.0,0.0,13989597.0,13989597.0,1410364.0,0.0,0.0,0.0,32768.0,266248.0,0.0,15502693.0,0.0,64.0,814976.0
246,0,1,650,650,4194304,256,0,0,12,4,32,64,"void at::native::vectorized_elementwise_kernel<4, at::native::FillFunctor<int>, std::array<char*, 1ul> >(int, at::native::FillFunctor<int>, std::array<char*, 1ul>)",20837285563064,20837285605641,247,112,72193.0,1810.0,0.0,196608.0,0.0,0.0,0.0,0.0,0.0,125590622.0,0.0,0.0,0.0,4194304.0,4000.0,0.0,24938724.0,0.0,304.0,3848432.0
247,0,1,650,650,32768,512,0,0,108,4,48,64,matmulbias_kernel,20837285986066,20837286010602,248,196,144123.0,2018.0,345509.0,24576.0,131072.0,2048.0,0.0,13985054.0,13985054.0,1421588.0,0.0,0.0,0.0,32768.0,266608.0,0.0,15562326.0,0.0,64.0,814976.0
248,0,1,650,650,4194304,256,0,0,12,4,32,64,"void at::native::vectorized_elementwise_kernel<4, at::native::FillFunctor<int>, std::array<char*, 1ul> >(int, at::native::FillFunctor<int>, std::array<char*, 1ul>)",20837286405700,20837286448437,249,112,72490.0,1810.0,0.0,196608.0,0.0,0.0,0.0,0.0,0.0,126149028.0,0.0,0.0,0.0,4194304.0,4000.0,0.0,24970799.0,0.0,304.0,3849251.0
249,0,1,650,650,32768,512,0,0,108,4,48,64,matmulbias_kernel,20837286845780,20837286870517,250,196,143152.0,2018.0,345444.0,24576.0,131072.0,2048.0,0.0,13986610.0,13986610.0,1429950.0,0.0,0.0,0.0,32768.0,266968.0,0.0,15656744.0,0.0,64.0,814976.0
250,0,1,650,650,4194304,256,0,0,12,4,32,64,"void at::native::vectorized_elementwise_kernel<4, at::native::FillFunctor<int>, std::array<char*, 1ul> >(int, at::native::FillFunctor<int>, std::array<char*, 1ul>)",20837287257957,20837287300735,251,112,71864.0,1810.0,0.0,196608.0,0.0,0.0,0.0,0.0,0.0,127388766.0,0.0,0.0,0.0,4194304.0,4000.0,0.0,25044222.0,0.0,304.0,3848279.0
251,0,1,650,650,32768,512,0,0,108,4,48,64,matmulbias_kernel,20837287691744,20837287716319,252,196,142334.0,2018.0,345384.0,24576.0,131072.0,2048.0,0.0,13989946.0,13989946.0,1442126.0,0.0,0.0,0.0,32768.0,266248.0,0.0,15616819.0,0.0,64.0,814976.0
252,0,1,650,650,4194304,256,0,0,12,4,32,64,"void at::native::vectorized_elementwise_kernel<4, at::native::FillFunctor<int>, std::array<char*, 1ul> >(int, at::native::FillFunctor<int>, std::array<char*, 1ul>)",20837288106927,20837288149023,253,112,76519.0,1810.0,0.0,196608.0,0.0,0.0,0.0,0.0,0.0,125527548.0,0.0,0.0,0.0,4194304.0,4000.0,0.0,24809210.0,0.0,304.0,3848225.0
253,0,1,650,650,32768,512,0,0,108,4,48,64,matmulbias_kernel,20837288532214,20837288556750,254,196,142317.0,2018.0,345303.0,24576.0,131072.0,2048.0,0.0,13984139.0,13984139.0,1394756.0,0.0,0.0,0.0,32768.0,266788.0,0.0,15538732.0,0.0,64.0,814976.0
254,0,1,650,650,4194304,256,0,0,12,4,32,64,"void at::native::vectorized_elementwise_kernel<4, at::native::FillFunctor<int>, std::array<char*, 1ul> >(int, at::native::FillFunctor<int>, std::array<char*, 1ul>)",20837288940061,20837288982638,255,112,75014.0,1810.0,0.0,196608.0,0.0,0.0,0.0,0.0,0.0,127555490.0,0.0,0.0,0.0,4194304.0,4000.0,0.0,25057331.0,0.0,304.0,3849700.0
255,0,1,650,650,32768,512,0,0,108,4,48,64,matmulbias_kernel,20837289381425,20837289406001,256,196,141571.0,2018.0,345410.0,24576.0,131072.0,2048.0,0.0,13980133.0,13980133.0,1427959.0,0.0,0.0,0.0,32768.0,267058.0,0.0,15539069.0,0.0,64.0,814976.0
256,0,1,650,650,4194304,256,0,0,12,4,32,64,"void at::native::vectorized_elementwise_kernel<4, at::native::FillFunctor<int>, std::array<char*, 1ul> >(int, at::native::FillFunctor<int>, std::array<char*, 1ul>)",20837289798733,20837289841230,257,112,72211.0,1810.0,0.0,196608.0,0.0,0.0,0.0,0.0,0.0,126615216.0,0.0,0.0,0.0,4194304.0,4000.0,0.0,25001374.0,0.0,304.0,3848787.0
257,0,1,650,650,32768,512,0,0,108,4,48,64,matmulbias_kernel,20837290235406,20837290259862,258,196,142503.0,2018.0,345544.0,24576.0,131072.0,2048.0,0.0,13981564.0,13981564.0,1424667.0,0.0,0.0,0.0,32768.0,266968.0,0.0,15551019.0,0.0,64.0,814976.0
258,0,1,650,650,4194304,256,0,0,12,4,32,64,"void at::native::vectorized_elementwise_kernel<4, at::native::FillFunctor<int>, std::array<char*, 1ul> >(int, at::native::FillFunctor<int>, std::array<char*, 1ul>)",20837290644616,20837290687554,259,112,81077.0,1810.0,0.0,196608.0,0.0,0.0,0.0,0.0,0.0,127485288.0,0.0,0.0,0.0,4194304.0,4016.0,0.0,25025149.0,0.0,304.0,3850477.0
259,0,1,650,650,32768,512,0,0,108,4,48,64,matmulbias_kernel,20837291075195,20837291099691,260,196,133831.0,2018.0,345530.0,24576.0,131072.0,2048.0,0.0,13983556.0,13983556.0,1437061.0,0.0,0.0,0.0,32768.0,266502.0,0.0,15515372.0,0.0,64.0,814976.0
260,0,1,650,650,4194304,256,0,0,12,4,32,64,"void at::native::vectorized_elementwise_kernel<4, at::native::FillFunctor<int>, std::array<char*, 1ul> >(int, at::native::FillFunctor<int>, std::array<char*, 1ul>)",20837291478993,20837291521650,261,112,75538.0,1810.0,0.0,196608.0,0.0,0.0,0.0,0.0,0.0,126389292.0,0.0,0.0,0.0,4194304.0,4016.0,0.0,24955578.0,0.0,304.0,3849074.0
261,0,1,650,650,32768,512,0,0,108,4,48,64,matmulbias_kernel,20837291902837,20837291927252,262,196,142834.0,2018.0,345377.0,24576.0,131072.0,2048.0,0.0,13986195.0,13986195.0,1419520.0,0.0,0.0,0.0,32768.0,266788.0,0.0,15470416.0,0.0,64.0,814976.0
262,0,1,650,650,4194304,256,0,0,12,4,32,64,"void at::native::vectorized_elementwise_kernel<4, at::native::FillFunctor<int>, std::array<char*, 1ul> >(int, at::native::FillFunctor<int>, std::array<char*, 1ul>)",20837292305071,20837292347407,263,112,77768.0,1810.0,0.0,196608.0,0.0,0.0,0.0,0.0,0.0,126319312.0,0.0,0.0,0.0,4194304.0,4016.0,0.0,24911974.0,0.0,304.0,3848348.0
263,0,1,650,650,32768,512,0,0,108,4,48,64,matmulbias_kernel,20837292724705,20837292749040,264,196,140360.0,2018.0,345542.0,24576.0,131072.0,2048.0,0.0,13989393.0,13989393.0,1449198.0,0.0,0.0,0.0,32768.0,266952.0,0.0,15583951.0,0.0,64.0,814976.0
264,0,1,650,650,4194304,256,0,0,12,4,32,64,"void at::native::vectorized_elementwise_kernel<4, at::native::FillFunctor<int>, std::array<char*, 1ul> >(int, at::native::FillFunctor<int>, std::array<char*, 1ul>)",20837293137002,20837293179419,265,112,77860.0,1810.0,0.0,196608.0,0.0,0.0,0.0,0.0,0.0,126296570.0,0.0,0.0,0.0,4194304.0,4016.0,0.0,24966097.0,0.0,304.0,3848365.0
265,0,1,650,650,32768,512,0,0,108,4,48,64,matmulbias_kernel,20837293565617,20837293589952,266,196,133549.0,2018.0,345770.0,24576.0,131072.0,2048.0,0.0,13995671.0,13995671.0,1397860.0,0.0,0.0,0.0,32768.0,266862.0,0.0,15532983.0,0.0,64.0,814976.0
266,0,1,650,650,4194304,256,0,0,12,4,32,64,"void at::native::vectorized_elementwise_kernel<4, at::native::FillFunctor<int>, std::array<char*, 1ul> >(int, at::native::FillFunctor<int>, std::array<char*, 1ul>)",20837293971980,20837294014437,267,112,77956.0,1810.0,0.0,196608.0,0.0,0.0,0.0,0.0,0.0,125804476.0,0.0,0.0,0.0,4194304.0,4016.0,0.0,24945183.0,0.0,304.0,3847151.0
267,0,1,650,650,32768,512,0,0,108,4,48,64,matmulbias_kernel,20837294390853,20837294415429,268,196,136366.0,2018.0,345556.0,24576.0,131072.0,2048.0,0.0,13996155.0,13996155.0,1426396.0,0.0,0.0,0.0,32768.0,266772.0,0.0,15631994.0,0.0,64.0,814976.0
268,0,1,650,650,4194304,256,0,0,12,4,32,64,"void at::native::vectorized_elementwise_kernel<4, at::native::FillFunctor<int>, std::array<char*, 1ul> >(int, at::native::FillFunctor<int>, std::array<char*, 1ul>)",20837294808602,20837294851420,269,112,77388.0,1810.0,0.0,196608.0,0.0,0.0,0.0,0.0,0.0,126591513.0,0.0,0.0,0.0,4194304.0,4016.0,0.0,24991139.0,0.0,304.0,3847762.0
269,0,1,650,650,32768,512,0,0,108,4,48,64,matmulbias_kernel,20837295244193,20837295268889,270,196,147456.0,2018.0,345569.0,24576.0,131072.0,2048.0,0.0,13998831.0,13998831.0,1404879.0,0.0,0.0,0.0,32768.0,266608.0,0.0,15480311.0,0.0,64.0,814976.0
270,0,1,650,650,4194304,256,0,0,12,4,32,64,"void at::native::vectorized_elementwise_kernel<4, at::native::FillFunctor<int>, std::array<char*, 1ul> >(int, at::native::FillFunctor<int>, std::array<char*, 1ul>)",20837295653283,20837295695699,271,112,71625.0,1810.0,0.0,196608.0,0.0,0.0,0.0,0.0,0.0,127685057.0,0.0,0.0,0.0,4194304.0,4000.0,0.0,25057322.0,0.0,304.0,3848875.0
271,0,1,650,650,32768,512,0,0,108,4,48,64,matmulbias_kernel,20837296091519,20837296116055,272,196,147913.0,2018.0,345516.0,24576.0,131072.0,2048.0,0.0,13981663.0,13981663.0,1422517.0,0.0,0.0,0.0,32768.0,266608.0,0.0,15560331.0,0.0,64.0,814976.0
272,0,1,650,650,4194304,256,0,0,12,4,32,64,"void at::native::vectorized_elementwise_kernel<4, at::native::FillFunctor<int>, std::array<char*, 1ul> >(int, at::native::FillFunctor<int>, std::array<char*, 1ul>)",20837296494114,20837296536691,273,112,77337.0,1810.0,0.0,196608.0,0.0,0.0,0.0,0.0,0.0,125574259.0,0.0,0.0,0.0,4194304.0,4000.0,0.0,24865899.0,0.0,304.0,3848593.0
273,0,1,650,650,32768,512,0,0,108,4,48,64,matmulbias_kernel,20837296919401,20837296944017,274,196,143319.0,2018.0,345401.0,24576.0,131072.0,2048.0,0.0,13977114.0,13977114.0,1454795.0,0.0,0.0,0.0,32768.0,266878.0,0.0,15509473.0,0.0,64.0,814976.0
274,0,1,650,650,4194304,256,0,0,12,4,32,64,"void at::native::vectorized_elementwise_kernel<4, at::native::FillFunctor<int>, std::array<char*, 1ul> >(int, at::native::FillFunctor<int>, std::array<char*, 1ul>)",20837297335528,20837297378105,275,112,75537.0,1810.0,0.0,196608.0,0.0,0.0,0.0,0.0,0.0,126853058.0,0.0,0.0,0.0,4194304.0,4000.0,0.0,24978016.0,0.0,304.0,3849613.0
275,0,1,650,650,32768,512,0,0,108,4,48,64,matmulbias_kernel,20837297790041,20837297814376,276,196,139920.0,2019.0,345227.0,24576.0,131072.0,2048.0,0.0,13978948.0,13978948.0,1416626.0,0.0,0.0,0.0,32768.0,266608.0,0.0,15453756.0,0.0,64.0,814976.0
276,0,1,650,650,4194304,256,0,0,12,4,32,64,"void at::native::vectorized_elementwise_kernel<4, at::native::FillFunctor<int>, std::array<char*, 1ul> >(int, at::native::FillFunctor<int>, std::array<char*, 1ul>)",20837298197447,20837298239783,277,112,80226.0,1810.0,0.0,196608.0,0.0,0.0,0.0,0.0,0.0,126336788.0,0.0,0.0,0.0,4194304.0,4016.0,0.0,25043100.0,0.0,304.0,3848507.0
277,0,1,650,650,32768,512,0,0,108,4,48,64,matmulbias_kernel,20837298616960,20837298641456,278,196,140653.0,2018.0,345490.0,24576.0,131072.0,2048.0,0.0,13989586.0,13989586.0,1448817.0,0.0,0.0,0.0,32768.0,266428.0,0.0,15539836.0,0.0,64.0,814976.0
278,0,1,650,650,4194304,256,0,0,12,4,32,64,"void at::native::vectorized_elementwise_kernel<4, at::native::FillFunctor<int>, std::array<char*, 1ul> >(int, at::native::FillFunctor<int>, std::array<char*, 1ul>)",20837299018674,20837299061210,279,112,80628.0,1810.0,0.0,196608.0,0.0,0.0,0.0,0.0,0.0,127178320.0,0.0,0.0,0.0,4194304.0,4016.0,0.0,25040662.0,0.0,304.0,3848884.0
279,0,1,650,650,32768,512,0,0,108,4,48,64,matmulbias_kernel,20837299450255,20837299474871,280,196,138489.0,2018.0,345525.0,24576.0,131072.0,2048.0,0.0,13986478.0,13986478.0,1429463.0,0.0,0.0,0.0,32768.0,266788.0,0.0,15428614.0,0.0,64.0,814976.0
280,0,1,650,650,4194304,256,0,0,12,4,32,64,"void at::native::vectorized_elementwise_kernel<4, at::native::FillFunctor<int>, std::array<char*, 1ul> >(int, at::native::FillFunctor<int>, std::array<char*, 1ul>)",20837299858623,20837299901119,281,112,76159.0,1810.0,0.0,196608.0,0.0,0.0,0.0,0.0,0.0,126854585.0,0.0,0.0,0.0,4194304.0,4016.0,0.0,25115984.0,0.0,304.0,3847810.0
281,0,1,650,650,32768,512,0,0,108,4,48,64,matmulbias_kernel,20837300288560,20837300312695,282,196,138420.0,2018.0,345532.0,24576.0,131072.0,2048.0,0.0,13985932.0,13985932.0,1426681.0,0.0,0.0,0.0,32768.0,266968.0,0.0,15393801.0,0.0,64.0,814976.0
282,0,1,650,650,4194304,256,0,0,12,4,32,64,"void at::native::vectorized_elementwise_kernel<4, at::native::FillFunctor<int>, std::array<char*, 1ul> >(int, at::native::FillFunctor<int>, std::array<char*, 1ul>)",20837300695485,20837300737621,283,112,73894.0,1810.0,0.0,196608.0,0.0,0.0,0.0,0.0,0.0,126491084.0,0.0,0.0,0.0,4194304.0,4016.0,0.0,24887590.0,0.0,304.0,3847927.0
283,0,1,650,650,32768,512,0,0,108,4,48,64,matmulbias_kernel,20837301112313,20837301136768,284,196,142744.0,2018.0,345460.0,24576.0,131072.0,2048.0,0.0,13981717.0,13981717.0,1415534.0,0.0,0.0,0.0,32768.0,266158.0,0.0,15465121.0,0.0,64.0,814976.0
284,0,1,650,650,4194304,256,0,0,12,4,32,64,"void at::native::vectorized_elementwise_kernel<4, at::native::FillFunctor<int>, std::array<char*, 1ul> >(int, at::native::FillFunctor<int>, std::array<char*, 1ul>)",20837301523527,20837301566305,285,112,82186.0,1810.0,0.0,196608.0,0.0,0.0,0.0,0.0,0.0,127516645.0,0.0,0.0,0.0,4194304.0,4016.0,0.0,25141446.0,0.0,304.0,3847471.0
285,0,1,650,650,32768,512,0,0,108,4,48,64,matmulbias_kernel,20837301947451,20837301971947,286,196,138973.0,2018.0,345515.0,24576.0,131072.0,2048.0,0.0,13994829.0,13994829.0,1435838.0,0.0,0.0,0.0,32768.0,267132.0,0.0,15660941.0,0.0,64.0,814976.0
286,0,1,650,650,4194304,256,0,0,12,4,32,64,"void at::native::vectorized_elementwise_kernel<4, at::native::FillFunctor<int>, std::array<char*, 1ul> >(int, at::native::FillFunctor<int>, std::array<char*, 1ul>)",20837302349846,20837302392102,287,112,74481.0,1810.0,0.0,196608.0,0.0,0.0,0.0,0.0,0.0,126796272.0,0.0,0.0,0.0,4194304.0,4016.0,0.0,24988056.0,0.0,304.0,3848693.0
287,0,1,650,650,32768,512,0,0,108,4,48,64,matmulbias_kernel,20837302765270,20837302789485,288,196,136780.0,2018.0,345778.0,24576.0,131072.0,2048.0,0.0,13998626.0,13998626.0,1408742.0,0.0,0.0,0.0,32768.0,266592.0,0.0,15487129.0,0.0,64.0,814976.0
288,0,1,650,650,4194304,256,0,0,12,4,32,64,"void at::native::vectorized_elementwise_kernel<4, at::native::FillFunctor<int>, std::array<char*, 1ul> >(int, at::native::FillFunctor<int>, std::array<char*, 1ul>)",20837303160529,20837303203065,289,112,80617.0,1810.0,0.0,196608.0,0.0,0.0,0.0,0.0,0.0,126283151.0,0.0,0.0,0.0,4194304.0,4016.0,0.0,25039341.0,0.0,304.0,3849235.0
289,0,1,650,650,32768,512,0,0,108,4,48,64,matmulbias_kernel,20837303582207,20837303606583,290,196,136221.0,2018.0,345473.0,24576.0,131072.0,2048.0,0.0,13986897.0,13986897.0,1437237.0,0.0,0.0,0.0,32768.0,266608.0,0.0,15515505.0,0.0,64.0,814976.0
290,0,1,650,650,4194304,256,0,0,12,4,32,64,"void at::native::vectorized_elementwise_kernel<4, at::native::FillFunctor<int>, std::array<char*, 1ul> >(int, at::native::FillFunctor<int>, std::array<char*, 1ul>)",20837303990375,20837304033032,291,112,84221.0,1810.0,0.0,196608.0,0.0,0.0,0.0,0.0,0.0,127372168.0,0.0,0.0,0.0,4194304.0,4016.0,0.0,25039839.0,0.0,304.0,3851154.0
291,0,1,650,650,32768,512,0,0,108,4,48,64,matmulbias_kernel,20837304424482,20837304448817,292,196,137349.0,2018.0,345442.0,24576.0,131072.0,2048.0,0.0,13978978.0,13978978.0,1427919.0,0.0,0.0,0.0,32768.0,267042.0,0.0,15438448.0,0.0,64.0,814976.0
292,0,1,650,650,4194304,256,0,0,12,4,32,64,"void at::native::vectorized_elementwise_kernel<4, at::native::FillFunctor<int>, std::array<char*, 1ul> >(int, at::native::FillFunctor<int>, std::array<char*, 1ul>)",20837304822266,20837304864883,293,112,74232.0,1810.0,0.0,196608.0,0.0,0.0,0.0,0.0,0.0,126130334.0,0.0,0.0,0.0,4194304.0,4016.0,0.0,24982106.0,0.0,304.0,3848241.0
293,0,1,650,650,32768,512,0,0,108,4,48,64,matmulbias_kernel,20837305243383,20837305267919,294,196,142290.0,2018.0,345525.0,24576.0,131072.0,2048.0,0.0,13994178.0,13994178.0,1422229.0,0.0,0.0,0.0,32768.0,266248.0,0.0,15529264.0,0.0,64.0,814976.0
294,0,1,650,650,4194304,256,0,0,12,4,32,64,"void at::native::vectorized_elementwise_kernel<4, at::native::FillFunctor<int>, std::array<char*, 1ul> >(int, at::native::FillFunctor<int>, std::array<char*, 1ul>)",20837305643894,20837305686230,295,112,80818.0,1810.0,0.0,196608.0,0.0,0.0,0.0,0.0,0.0,127151917.0,0.0,0.0,0.0,4194304.0,4016.0,0.0,24983317.0,0.0,304.0,3848154.0
295,0,1,650,650,32768,512,0,0,108,4,48,64,matmulbias_kernel,20837306068579,20837306093075,296,196,146218.0,2018.0,345502.0,24576.0,131072.0,2048.0,0.0,13988203.0,13988203.0,1450877.0,0.0,0.0,0.0,32768.0,266878.0,0.0,15570308.0,0.0,64.0,814976.0
296,0,1,650,650,4194304,256,0,0,12,4,32,64,"void at::native::vectorized_elementwise_kernel<4, at::native::FillFunctor<int>, std::array<char*, 1ul> >(int, at::native::FillFunctor<int>, std::array<char*, 1ul>)",20837306473139,20837306515715,297,112,77720.0,1810.0,0.0,196608.0,0.0,0.0,0.0,0.0,0.0,126822816.0,0.0,0.0,0.0,4194304.0,4016.0,0.0,25015455.0,0.0,304.0,3848712.0
297,0,1,650,650,32768,512,0,0,108,4,48,64,matmulbias_kernel,20837306887480,20837306911696,298,196,141971.0,2018.0,345710.0,24576.0,131072.0,2048.0,0.0,13992301.0,13992301.0,1391411.0,0.0,0.0,0.0,32768.0,266518.0,0.0,15397354.0,0.0,64.0,814976.0
298,0,1,650,650,4194304,256,0,0,12,4,32,64,"void at::native::vectorized_elementwise_kernel<4, at::native::FillFunctor<int>, std::array<char*, 1ul> >(int, at::native::FillFunctor<int>, std::array<char*, 1ul>)",20837307284102,20837307326599,299,112,73128.0,1810.0,0.0,196608.0,0.0,0.0,0.0,0.0,0.0,126872239.0,0.0,0.0,0.0,4194304.0,4000.0,0.0,24936435.0,0.0,304.0,3850075.0
299,0,1,650,650,32768,512,0,0,108,4,48,64,matmulbias_kernel,20837307705941,20837307730196,300,196,140898.0,2018.0,345386.0,24576.0,131072.0,2048.0,0.0,13984089.0,13984089.0,1433672.0,0.0,0.0,0.0,32768.0,266788.0,0.0,15487896.0,0.0,64.0,814976.0
300,0,1,650,650,4194304,256,0,0,12,4,32,64,"void at::native::vectorized_elementwise_kernel<4, at::native::FillFunctor<int>, std::array<char*, 1ul> >(int, at::native::FillFunctor<int>, std::array<char*, 1ul>)",20837308098153,20837308140769,301,112,77858.0,1810.0,0.0,196608.0,0.0,0.0,0.0,0.0,0.0,127592755.0,0.0,0.0,0.0,4194304.0,4016.0,0.0,25105865.0,0.0,304.0,3849529.0
301,0,1,650,650,32768,512,0,0,108,4,48,64,matmulbias_kernel,20837308507884,20837308532660,302,196,143243.0,2018.0,345546.0,24576.0,131072.0,2048.0,0.0,13989824.0,13989824.0,1451109.0,0.0,0.0,0.0,32768.0,266878.0,0.0,15588921.0,0.0,64.0,814976.0
302,0,1,650,650,4194304,256,0,0,12,4,32,64,"void at::native::vectorized_elementwise_kernel<4, at::native::FillFunctor<int>, std::array<char*, 1ul> >(int, at::native::FillFunctor<int>, std::array<char*, 1ul>)",20837308904946,20837308947443,303,112,73427.0,1810.0,0.0,196608.0,0.0,0.0,0.0,0.0,0.0,126487044.0,0.0,0.0,0.0,4194304.0,4000.0,0.0,25001497.0,0.0,304.0,3847587.0
303,0,1,650,650,32768,512,0,0,108,4,48,64,matmulbias_kernel,20837309322897,20837309347432,304,196,142254.0,2018.0,345483.0,24576.0,131072.0,2048.0,0.0,13987119.0,13987119.0,1439220.0,0.0,0.0,0.0,32768.0,266788.0,0.0,15555885.0,0.0,64.0,814976.0
304,0,1,650,650,4194304,256,0,0,12,4,32,64,"void at::native::vectorized_elementwise_kernel<4, at::native::FillFunctor<int>, std::array<char*, 1ul> >(int, at::native::FillFunctor<int>, std::array<char*, 1ul>)",20837309716752,20837309759369,305,112,78361.0,1810.0,0.0,196608.0,0.0,0.0,0.0,0.0,0.0,126770209.0,0.0,0.0,0.0,4194304.0,4016.0,0.0,25124763.0,0.0,304.0,3848879.0
305,0,1,650,650,32768,512,0,0,108,4,48,64,matmulbias_kernel,20837310133940,20837310158556,306,196,140356.0,2018.0,345450.0,24576.0,131072.0,2048.0,0.0,13986118.0,13986118.0,1429686.0,0.0,0.0,0.0,32768.0,266608.0,0.0,15653437.0,0.0,64.0,814976.0
306,0,1,650,650,4194304,256,0,0,12,4,32,64,"void at::native::vectorized_elementwise_kernel<4, at::native::FillFunctor<int>, std::array<char*, 1ul> >(int, at::native::FillFunctor<int>, std::array<char*, 1ul>)",20837310531364,20837310574141,307,112,73332.0,1810.0,0.0,196608.0,0.0,0.0,0.0,0.0,0.0,125875668.0,0.0,0.0,0.0,4194304.0,4000.0,0.0,25106024.0,0.0,304.0,3848163.0
307,0,1,650,650,32768,512,0,0,108,4,48,64,matmulbias_kernel,20837310950476,20837310974812,308,196,135895.0,2018.0,345730.0,24576.0,131072.0,2048.0,0.0,13997083.0,13997083.0,1413312.0,0.0,0.0,0.0,32768.0,266878.0,0.0,15455882.0,0.0,64.0,814976.0
308,0,1,650,650,4194304,256,0,0,12,4,32,64,"void at::native::vectorized_elementwise_kernel<4, at::native::FillFunctor<int>, std::array<char*, 1ul> >(int, at::native::FillFunctor<int>, std::array<char*, 1ul>)",20837311351227,20837311393363,309,112,74028.0,1810.0,0.0,196608.0,0.0,0.0,0.0,0.0,0.0,126379314.0,0.0,0.0,0.0,4194304.0,4016.0,0.0,24954998.0,0.0,304.0,3848486.0
309,0,1,650,650,32768,512,0,0,108,4,48,64,matmulbias_kernel,20837311771182,20837311795437,310,196,135580.0,2018.0,345467.0,24576.0,131072.0,2048.0,0.0,13992124.0,13992124.0,1415801.0,0.0,0.0,0.0,32768.0,266592.0,0.0,15476523.0,0.0,64.0,814976.0
310,0,1,650,650,4194304,256,0,0,12,4,32,64,"void at::native::vectorized_elementwise_kernel<4, at::native::FillFunctor<int>, std::array<char*, 1ul> >(int, at::native::FillFunctor<int>, std::array<char*, 1ul>)",20837312172013,20837312214911,311,112,81782.0,1810.0,0.0,196608.0,0.0,0.0,0.0,0.0,0.0,127034049.0,0.0,0.0,0.0,4194304.0,4016.0,0.0,25041889.0,0.0,304.0,3850361.0
311,0,1,650,650,32768,512,0,0,108,4,48,64,matmulbias_kernel,20837312599224,20837312623600,312,196,147923.0,2018.0,345500.0,24576.0,131072.0,2048.0,0.0,13986517.0,13986517.0,1425717.0,0.0,0.0,0.0,32768.0,266608.0,0.0,15443739.0,0.0,64.0,814976.0
312,0,1,650,650,4194304,256,0,0,12,4,32,64,"void at::native::vectorized_elementwise_kernel<4, at::native::FillFunctor<int>, std::array<char*, 1ul> >(int, at::native::FillFunctor<int>, std::array<char*, 1ul>)",20837312999694,20837313042592,313,112,79627.0,1810.0,0.0,196608.0,0.0,0.0,0.0,0.0,0.0,128463337.0,0.0,0.0,0.0,4194304.0,4016.0,0.0,25222762.0,0.0,304.0,3847450.0
313,0,1,650,650,32768,512,0,0,108,4,48,64,matmulbias_kernel,20837313417725,20837313441980,314,196,143251.0,2018.0,345505.0,24576.0,131072.0,2048.0,0.0,13993628.0,13993628.0,1426665.0,0.0,0.0,0.0,32768.0,266878.0,0.0,15396242.0,0.0,64.0,814976.0
314,0,1,650,650,4194304,256,0,0,12,4,32,64,"void at::native::vectorized_elementwise_kernel<4, at::native::FillFunctor<int>, std::array<char*, 1ul> >(int, at::native::FillFunctor<int>, std::array<char*, 1ul>)",20837313808693,20837313850990,315,112,74523.0,1810.0,0.0,196608.0,0.0,0.0,0.0,0.0,0.0,126638341.0,0.0,0.0,0.0,4194304.0,4016.0,0.0,24886852.0,0.0,304.0,3849298.0
315,0,1,650,650,32768,512,0,0,108,4,48,64,matmulbias_kernel,20837314227967,20837314252542,316,196,137305.0,2018.0,345513.0,24576.0,131072.0,2048.0,0.0,13991078.0,13991078.0,1453628.0,0.0,0.0,0.0,32768.0,266952.0,0.0,15643378.0,0.0,64.0,814976.0
316,0,1,650,650,4194304,256,0,0,12,4,32,64,"void at::native::vectorized_elementwise_kernel<4, at::native::FillFunctor<int>, std::array<char*, 1ul> >(int, at::native::FillFunctor<int>, std::array<char*, 1ul>)",20837314627074,20837314669570,317,112,76810.0,1810.0,0.0,196608.0,0.0,0.0,0.0,0.0,0.0,126611717.0,0.0,0.0,0.0,4194304.0,4016.0,0.0,25067117.0,0.0,304.0,3847062.0
317,0,1,650,650,32768,512,0,0,108,4,48,64,matmulbias_kernel,20837315040774,20837315065310,318,196,140590.0,2018.0,345471.0,24576.0,131072.0,2048.0,0.0,13984135.0,13984135.0,1418296.0,0.0,0.0,0.0,32768.0,266158.0,0.0,15546332.0,0.0,64.0,814976.0
318,0,1,650,650,4194304,256,0,0,12,4,32,64,"void at::native::vectorized_elementwise_kernel<4, at::native::FillFunctor<int>, std::array<char*, 1ul> >(int, at::native::FillFunctor<int>, std::array<char*, 1ul>)",20837315440322,20837315482659,319,112,75366.0,1810.0,0.0,196608.0,0.0,0.0,0.0,0.0,0.0,126495124.0,0.0,0.0,0.0,4194304.0,4016.0,0.0,25045302.0,0.0,304.0,3846953.0
319,0,1,650,650,32768,512,0,0,108,4,48,64,matmulbias_kernel,20837315855105,20837315879641,320,196,137423.0,2018.0,345531.0,24576.0,131072.0,2048.0,0.0,13983484.0,13983484.0,1425581.0,0.0,0.0,0.0,32768.0,267042.0,0.0,15569157.0,0.0,64.0,814976.0
320,0,1,650,650,4194304,256,0,0,12,4,32,64,"void at::native::vectorized_elementwise_kernel<4, at::native::FillFunctor<int>, std::array<char*, 1ul> >(int, at::native::FillFunctor<int>, std::array<char*, 1ul>)",20837316248680,20837316291177,321,112,81055.0,1810.0,0.0,196608.0,0.0,0.0,0.0,0.0,0.0,126108719.0,0.0,0.0,0.0,4194304.0,4016.0,0.0,25031549.0,0.0,304.0,3850109.0
321,0,1,650,650,32768,512,0,0,108,4,48,64,matmulbias_kernel,20837316656647,20837316681103,322,196,140688.0,2018.0,345495.0,24576.0,131072.0,2048.0,0.0,13980548.0,13980548.0,1440734.0,0.0,0.0,0.0,32768.0,266428.0,0.0,15562490.0,0.0,64.0,814976.0
322,0,1,650,650,4194304,256,0,0,12,4,32,64,"void at::native::vectorized_elementwise_kernel<4, at::native::FillFunctor<int>, std::array<char*, 1ul> >(int, at::native::FillFunctor<int>, std::array<char*, 1ul>)",20837317054632,20837317097249,323,112,70816.0,1810.0,0.0,196608.0,0.0,0.0,0.0,0.0,0.0,127246995.0,0.0,0.0,0.0,4194304.0,4000.0,0.0,25044042.0,0.0,304.0,3848614.0
323,0,1,650,650,32768,512,0,0,108,4,48,64,matmulbias_kernel,20837317466689,20837317491264,324,196,143768.0,2018.0,345484.0,24576.0,131072.0,2048.0,0.0,13990039.0,13990039.0,1427629.0,0.0,0.0,0.0,32768.0,267058.0,0.0,15495414.0,0.0,64.0,814976.0
324,0,1,650,650,4194304,256,0,0,12,4,32,64,"void at::native::vectorized_elementwise_kernel<4, at::native::FillFunctor<int>, std::array<char*, 1ul> >(int, at::native::FillFunctor<int>, std::array<char*, 1ul>)",20837317858820,20837317901557,325,112,77776.0,1810.0,0.0,196608.0,0.0,0.0,0.0,0.0,0.0,126745689.0,0.0,0.0,0.0,4194304.0,4016.0,0.0,25024463.0,0.0,304.0,3847491.0
325,0,1,650,650,32768,512,0,0,108,4,48,64,matmulbias_kernel,20837318274765,20837318299381,326,196,142932.0,2018.0,345540.0,24576.0,131072.0,2048.0,0.0,13985826.0,13985826.0,1457573.0,0.0,0.0,0.0,32768.0,266338.0,0.0,15578589.0,0.0,64.0,814976.0
326,0,1,650,650,4194304,256,0,0,12,4,32,64,"void at::native::vectorized_elementwise_kernel<4, at::native::FillFunctor<int>, std::array<char*, 1ul> >(int, at::native::FillFunctor<int>, std::array<char*, 1ul>)",20837318673793,20837318716570,327,112,71170.0,1810.0,0.0,196608.0,0.0,0.0,0.0,0.0,0.0,127743197.0,0.0,0.0,0.0,4194304.0,4000.0,0.0,25095337.0,0.0,304.0,3848768.0
327,0,1,650,650,32768,512,0,0,108,4,48,64,matmulbias_kernel,20837319082762,20837319107218,328,196,140321.0,2018.0,345755.0,24576.0,131072.0,2048.0,0.0,13990537.0,13990537.0,1409968.0,0.0,0.0,0.0,32768.0,266608.0,0.0,15425314.0,0.0,64.0,814976.0
328,0,1,650,650,4194304,256,0,0,12,4,32,64,"void at::native::vectorized_elementwise_kernel<4, at::native::FillFunctor<int>, std::array<char*, 1ul> >(int, at::native::FillFunctor<int>, std::array<char*, 1ul>)",20837319468399,20837319510575,329,112,79320.0,1810.0,0.0,196608.0,0.0,0.0,0.0,0.0,0.0,125574222.0,0.0,0.0,0.0,4194304.0,4016.0,0.0,24917157.0,0.0,304.0,3850100.0
329,0,1,650,650,32768,512,0,0,108,4,48,64,matmulbias_kernel,20837319874602,20837319898937,330,196,142613.0,2018.0,345673.0,24576.0,131072.0,2048.0,0.0,13989834.0,13989834.0,1397144.0,0.0,0.0,0.0,32768.0,266608.0,0.0,15442652.0,0.0,64.0,814976.0
330,0,1,650,650,4194304,256,0,0,12,4,32,64,"void at::native::vectorized_elementwise_kernel<4, at::native::FillFunctor<int>, std::array<char*, 1ul> >(int, at::native::FillFunctor<int>, std::array<char*, 1ul>)",20837320261041,20837320303818,331,112,72396.0,1810.0,0.0,196608.0,0.0,0.0,0.0,0.0,0.0,126739900.0,0.0,0.0,0.0,4194304.0,4000.0,0.0,25018392.0,0.0,304.0,3848503.0
331,0,1,650,650,32768,512,0,0,108,4,48,64,matmulbias_kernel,20837320670050,20837320694546,332,196,144255.0,2018.0,345444.0,24576.0,131072.0,2048.0,0.0,13994737.0,13994737.0,1432085.0,0.0,0.0,0.0,32768.0,266788.0,0.0,15566197.0,0.0,64.0,814976.0
332,0,1,650,650,4194304,256,0,0,12,4,32,64,"void at::native::vectorized_elementwise_kernel<4, at::native::FillFunctor<int>, std::array<char*, 1ul> >(int, at::native::FillFunctor<int>, std::array<char*, 1ul>)",20837321062342,20837321104839,333,112,76861.0,1810.0,0.0,196608.0,0.0,0.0,0.0,0.0,0.0,126811219.0,0.0,0.0,0.0,4194304.0,4016.0,0.0,25095210.0,0.0,304.0,3850734.0
333,0,1,650,650,32768,512,0,0,108,4,48,64,matmulbias_kernel,20837321472635,20837321497130,334,196,141420.0,2018.0,345547.0,24576.0,131072.0,2048.0,0.0,13983258.0,13983258.0,1439707.0,0.0,0.0,0.0,32768.0,266608.0,0.0,15596410.0,0.0,64.0,814976.0
334,0,1,650,650,4194304,256,0,0,12,4,32,64,"void at::native::vectorized_elementwise_kernel<4, at::native::FillFunctor<int>, std::array<char*, 1ul> >(int, at::native::FillFunctor<int>, std::array<char*, 1ul>)",20837321872183,20837321914599,335,112,77493.0,1810.0,0.0,196608.0,0.0,0.0,0.0,0.0,0.0,126252393.0,0.0,0.0,0.0,4194304.0,4000.0,0.0,24943614.0,0.0,304.0,3849104.0
335,0,1,650,650,32768,512,0,0,108,4,48,64,matmulbias_kernel,20837322288409,20837322312704,336,196,134714.0,2018.0,345259.0,24576.0,131072.0,2048.0,0.0,13983218.0,13983218.0,1413185.0,0.0,0.0,0.0,32768.0,267042.0,0.0,15410217.0,0.0,64.0,814976.0
336,0,1,650,650,4194304,256,0,0,12,4,32,64,"void at::native::vectorized_elementwise_kernel<4, at::native::FillFunctor<int>, std::array<char*, 1ul> >(int, at::native::FillFunctor<int>, std::array<char*, 1ul>)",20837322684630,20837322727367,337,112,76797.0,1810.0,0.0,196608.0,0.0,0.0,0.0,0.0,0.0,126580261.0,0.0,0.0,0.0,4194304.0,4016.0,0.0,24939707.0,0.0,304.0,3848619.0
337,0,1,650,650,32768,512,0,0,108,4,48,64,matmulbias_kernel,20837323091154,20837323115529,338,196,144152.0,2018.0,345516.0,24576.0,131072.0,2048.0,0.0,13984214.0,13984214.0,1440066.0,0.0,0.0,0.0,32768.0,266788.0,0.0,15521193.0,0.0,64.0,814976.0
338,0,1,650,650,4194304,256,0,0,12,4,32,64,"void at::native::vectorized_elementwise_kernel<4, at::native::FillFunctor<int>, std::array<char*, 1ul> >(int, at::native::FillFunctor<int>, std::array<char*, 1ul>)",20837323484167,20837323527345,339,112,76765.0,1810.0,0.0,196608.0,0.0,0.0,0.0,0.0,0.0,127131839.0,0.0,0.0,0.0,4194304.0,4016.0,0.0,25007455.0,0.0,304.0,3848500.0
339,0,1,650,650,32768,512,0,0,108,4,48,64,matmulbias_kernel,20837323893778,20837323918795,340,196,145370.0,2018.0,345520.0,24576.0,131072.0,2048.0,0.0,13994324.0,13994324.0,1438568.0,0.0,0.0,0.0,32768.0,266592.0,0.0,15607963.0,0.0,64.0,814976.0
340,0,1,650,650,4194304,256,0,0,12,4,32,64,"void at::native::vectorized_elementwise_kernel<4, at::native::FillFunctor<int>, std::array<char*, 1ul> >(int, at::native::FillFunctor<int>, std::array<char*, 1ul>)",20837324285789,20837324328487,341,112,79348.0,1810.0,0.0,196608.0,0.0,0.0,0.0,0.0,0.0,127393222.0,0.0,0.0,0.0,4194304.0,4016.0,0.0,25068179.0,0.0,304.0,3847787.0
341,0,1,650,650,32768,512,0,0,108,4,48,64,matmulbias_kernel,20837324691391,20837324715887,342,196,143631.0,2018.0,345500.0,24576.0,131072.0,2048.0,0.0,13991721.0,13991721.0,1420994.0,0.0,0.0,0.0,32768.0,266518.0,0.0,15534235.0,0.0,64.0,814976.0
342,0,1,650,650,4194304,256,0,0,12,4,32,64,"void at::native::vectorized_elementwise_kernel<4, at::native::FillFunctor<int>, std::array<char*, 1ul> >(int, at::native::FillFunctor<int>, std::array<char*, 1ul>)",20837325080235,20837325122932,343,112,78020.0,1810.0,0.0,196608.0,0.0,0.0,0.0,0.0,0.0,126743389.0,0.0,0.0,0.0,4194304.0,4016.0,0.0,25038121.0,0.0,304.0,3850122.0
343,0,1,650,650,32768,512,0,0,108,4,48,64,matmulbias_kernel,20837325488483,20837325512899,344,196,142928.0,2018.0,345511.0,24576.0,131072.0,2048.0,0.0,13990234.0,13990234.0,1438673.0,0.0,0.0,0.0,32768.0,266878.0,0.0,15603279.0,0.0,64.0,814976.0
344,0,1,650,650,4194304,256,0,0,12,4,32,64,"void at::native::vectorized_elementwise_kernel<4, at::native::FillFunctor<int>, std::array<char*, 1ul> >(int, at::native::FillFunctor<int>, std::array<char*, 1ul>)",20837325878771,20837325921468,345,112,79596.0,1810.0,0.0,196608.0,0.0,0.0,0.0,0.0,0.0,127599760.0,0.0,0.0,0.0,4194304.0,4016.0,0.0,25198559.0,0.0,304.0,3848572.0
345,0,1,650,650,32768,512,0,0,108,4,48,64,matmulbias_kernel,20837326285214,20837326309911,346,196,142891.0,2018.0,345504.0,24576.0,131072.0,2048.0,0.0,13990344.0,13990344.0,1429088.0,0.0,0.0,0.0,32768.0,266698.0,0.0,15572830.0,0.0,64.0,814976.0
346,0,1,650,650,4194304,256,0,0,12,4,32,64,"void at::native::vectorized_elementwise_kernel<4, at::native::FillFunctor<int>, std::array<char*, 1ul> >(int, at::native::FillFunctor<int>, std::array<char*, 1ul>)",20837326676905,20837326719802,347,112,80793.0,1810.0,0.0,196608.0,0.0,0.0,0.0,0.0,0.0,127581733.0,0.0,0.0,0.0,4194304.0,4016.0,0.0,25112458.0,0.0,304.0,3848423.0
347,0,1,650,650,32768,512,0,0,108,4,48,64,matmulbias_kernel,20837327079300,20837327103915,348,196,140177.0,2018.0,345862.0,24576.0,131072.0,2048.0,0.0,13996009.0,13996009.0,1409039.0,0.0,0.0,0.0,32768.0,266412.0,0.0,15705149.0,0.0,64.0,814976.0
348,0,1,650,650,4194304,256,0,0,12,4,32,64,"void at::native::vectorized_elementwise_kernel<4, at::native::FillFunctor<int>, std::array<char*, 1ul> >(int, at::native::FillFunctor<int>, std::array<char*, 1ul>)",20837327467021,20837327509918,349,112,80197.0,1810.0,0.0,196608.0,0.0,0.0,0.0,0.0,0.0,126647614.0,0.0,0.0,0.0,4194304.0,4016.0,0.0,25034185.0,0.0,304.0,3850192.0
349,0,1,650,650,32768,512,0,0,108,4,48,64,matmulbias_kernel,20837327868894,20837327893150,350,196,140317.0,2018.0,345778.0,24576.0,131072.0,2048.0,0.0,13990867.0,13990867.0,1396758.0,0.0,0.0,0.0,32768.0,266878.0,0.0,15443686.0,0.0,64.0,814976.0
350,0,1,650,650,4194304,256,0,0,12,4,32,64,"void at::native::vectorized_elementwise_kernel<4, at::native::FillFunctor<int>, std::array<char*, 1ul> >(int, at::native::FillFunctor<int>, std::array<char*, 1ul>)",20837328258821,20837328301237,351,112,75148.0,1810.0,0.0,196608.0,0.0,0.0,0.0,0.0,0.0,126581326.0,0.0,0.0,0.0,4194304.0,4000.0,0.0,24907791.0,0.0,304.0,3848235.0
351,0,1,650,650,32768,512,0,0,108,4,48,64,matmulbias_kernel,20837328667830,20837328692206,352,196,141799.0,2018.0,345500.0,24576.0,131072.0,2048.0,0.0,13985608.0,13985608.0,1418128.0,0.0,0.0,0.0,32768.0,267328.0,0.0,15462640.0,0.0,64.0,814976.0
352,0,1,650,650,4194304,256,0,0,12,4,32,64,"void at::native::vectorized_elementwise_kernel<4, at::native::FillFunctor<int>, std::array<char*, 1ul> >(int, at::native::FillFunctor<int>, std::array<char*, 1ul>)",20837329059761,20837329102378,353,112,80509.0,1810.0,0.0,196608.0,0.0,0.0,0.0,0.0,0.0,126574350.0,0.0,0.0,0.0,4194304.0,4016.0,0.0,25081825.0,0.0,304.0,3847674.0
353,0,1,650,650,32768,512,0,0,108,4,48,64,matmulbias_kernel,20837329469573,20837329494069,354,196,141325.0,2018.0,345566.0,24576.0,131072.0,2048.0,0.0,13992025.0,13992025.0,1431439.0,0.0,0.0,0.0,32768.0,266338.0,0.0,15517145.0,0.0,64.0,814976.0
354,0,1,650,650,4194304,256,0,0,12,4,32,64,"void at::native::vectorized_elementwise_kernel<4, at::native::FillFunctor<int>, std::array<char*, 1ul> >(int, at::native::FillFunctor<int>, std::array<char*, 1ul>)",20837329857495,20837329900072,355,112,73632.0,1810.0,0.0,196608.0,0.0,0.0,0.0,0.0,0.0,126831812.0,0.0,0.0,0.0,4194304.0,4000.0,0.0,25033836.0,0.0,304.0,3849749.0
355,0,1,650,650,32768,512,0,0,108,4,48,64,matmulbias_kernel,20837330261132,20837330286069,356,196,144574.0,2018.0,345534.0,24576.0,131072.0,2048.0,0.0,13981265.0,13981265.0,1419369.0,0.0,0.0,0.0,32768.0,266788.0,0.0,15635128.0,0.0,64.0,814976.0
356,0,1,650,650,4194304,256,0,0,12,4,32,64,"void at::native::vectorized_elementwise_kernel<4, at::native::FillFunctor<int>, std::array<char*, 1ul> >(int, at::native::FillFunctor<int>, std::array<char*, 1ul>)",20837330647691,20837330690228,357,112,75831.0,1810.0,0.0,196608.0,0.0,0.0,0.0,0.0,0.0,126028625.0,0.0,0.0,0.0,4194304.0,4016.0,0.0,25007428.0,0.0,304.0,3849389.0
357,0,1,650,650,32768,512,0,0,108,4,48,64,matmulbias_kernel,20837331056460,20837331081277,358,196,153376.0,2018.0,345571.0,24576.0,131072.0,2048.0,0.0,13978586.0,13978586.0,1425667.0,0.0,0.0,0.0,32768.0,266698.0,0.0,15547259.0,0.0,64.0,814976.0
358,0,1,650,650,4194304,256,0,0,12,4,32,64,"void at::native::vectorized_elementwise_kernel<4, at::native::FillFunctor<int>, std::array<char*, 1ul> >(int, at::native::FillFunctor<int>, std::array<char*, 1ul>)",20837331440293,20837331482509,359,112,67982.0,1810.0,0.0,196608.0,0.0,0.0,0.0,0.0,0.0,126581086.0,0.0,0.0,0.0,4194304.0,4000.0,0.0,24944421.0,0.0,304.0,3846530.0
359,0,1,650,650,32768,512,0,0,108,4,48,64,matmulbias_kernel,20837331841485,20837331866782,360,196,144092.0,2018.0,345512.0,24576.0,131072.0,2048.0,0.0,13983657.0,13983657.0,1430257.0,0.0,0.0,0.0,32768.0,266338.0,0.0,15591653.0,0.0,64.0,814976.0
360,0,1,650,650,4194304,256,0,0,12,4,32,64,"void at::native::vectorized_elementwise_kernel<4, at::native::FillFunctor<int>, std::array<char*, 1ul> >(int, at::native::FillFunctor<int>, std::array<char*, 1ul>)",20837332230489,20837332273186,361,112,72613.0,1810.0,0.0,196608.0,0.0,0.0,0.0,0.0,0.0,126114789.0,0.0,0.0,0.0,4194304.0,4000.0,0.0,24978360.0,0.0,304.0,3847263.0
361,0,1,650,650,32768,512,0,0,108,4,48,64,matmulbias_kernel,20837332635089,20837332659825,362,196,145357.0,2018.0,345558.0,24576.0,131072.0,2048.0,0.0,13989293.0,13989293.0,1435751.0,0.0,0.0,0.0,32768.0,267238.0,0.0,15563228.0,0.0,64.0,814976.0
362,0,1,650,650,4194304,256,0,0,12,4,32,64,"void at::native::vectorized_elementwise_kernel<4, at::native::FillFunctor<int>, std::array<char*, 1ul> >(int, at::native::FillFunctor<int>, std::array<char*, 1ul>)",20837333018881,20837333061057,363,112,78493.0,1810.0,0.0,196608.0,0.0,0.0,0.0,0.0,0.0,126034135.0,0.0,0.0,0.0,4194304.0,4016.0,0.0,24759127.0,0.0,304.0,3847821.0
363,0,1,650,650,32768,512,0,0,108,4,48,64,matmulbias_kernel,20837333427851,20837333452026,364,196,141932.0,2018.0,345678.0,24576.0,131072.0,2048.0,0.0,13989913.0,13989913.0,1393490.0,0.0,0.0,0.0,32768.0,266518.0,0.0,15373814.0,0.0,64.0,814976.0
364,0,1,650,650,4194304,256,0,0,12,4,32,64,"void at::native::vectorized_elementwise_kernel<4, at::native::FillFunctor<int>, std::array<char*, 1ul> >(int, at::native::FillFunctor<int>, std::array<char*, 1ul>)",20837333814490,20837333856946,365,112,72376.0,1810.0,0.0,196608.0,0.0,0.0,0.0,0.0,0.0,126436793.0,0.0,0.0,0.0,4194304.0,4000.0,0.0,25016408.0,0.0,304.0,3848043.0
365,0,1,650,650,32768,512,0,0,108,4,48,64,matmulbias_kernel,20837334217846,20837334242382,366,196,144031.0,2018.0,345534.0,24576.0,131072.0,2048.0,0.0,13989864.0,13989864.0,1447810.0,0.0,0.0,0.0,32768.0,266608.0,0.0,15589157.0,0.0,64.0,814976.0
366,0,1,650,650,4194304,256,0,0,12,4,32,64,"void at::native::vectorized_elementwise_kernel<4, at::native::FillFunctor<int>, std::array<char*, 1ul> >(int, at::native::FillFunctor<int>, std::array<char*, 1ul>)",20837334601799,20837334644095,367,112,76552.0,1810.0,0.0,196608.0,0.0,0.0,0.0,0.0,0.0,126128025.0,0.0,0.0,0.0,4194304.0,4016.0,0.0,24906201.0,0.0,304.0,3847596.0
367,0,1,650,650,32768,512,0,0,108,4,48,64,matmulbias_kernel,20837335003071,20837335027487,368,196,140439.0,2018.0,345740.0,24576.0,131072.0,2048.0,0.0,13995827.0,13995827.0,1417793.0,0.0,0.0,0.0,32768.0,266248.0,0.0,15508985.0,0.0,64.0,814976.0
368,0,1,650,650,4194304,256,0,0,12,4,32,64,"void at::native::vectorized_elementwise_kernel<4, at::native::FillFunctor<int>, std::array<char*, 1ul> >(int, at::native::FillFunctor<int>, std::array<char*, 1ul>)",20837335391635,20837335433931,369,112,71801.0,1810.0,0.0,196608.0,0.0,0.0,0.0,0.0,0.0,127067955.0,0.0,0.0,0.0,4194304.0,4016.0,0.0,24960478.0,0.0,304.0,3848147.0
369,0,1,650,650,32768,512,0,0,108,4,48,64,matmulbias_kernel,20837335790702,20837335815037,370,196,143042.0,2018.0,345549.0,24576.0,131072.0,2048.0,0.0,13989789.0,13989789.0,1418941.0,0.0,0.0,0.0,32768.0,266518.0,0.0,15543739.0,0.0,64.0,814976.0
370,0,1,650,650,4194304,256,0,0,12,4,32,64,"void at::native::vectorized_elementwise_kernel<4, at::native::FillFunctor<int>, std::array<char*, 1ul> >(int, at::native::FillFunctor<int>, std::array<char*, 1ul>)",20837336175456,20837336217873,371,112,76507.0,1810.0,0.0,196608.0,0.0,0.0,0.0,0.0,0.0,126073038.0,0.0,0.0,0.0,4194304.0,4016.0,0.0,24916184.0,0.0,304.0,3849879.0
371,0,1,650,650,32768,512,0,0,108,4,48,64,matmulbias_kernel,20837336573361,20837336597817,372,196,140080.0,2018.0,345578.0,24576.0,131072.0,2048.0,0.0,13988562.0,13988562.0,1415497.0,0.0,0.0,0.0,32768.0,266772.0,0.0,15437022.0,0.0,64.0,814976.0
372,0,1,650,650,4194304,256,0,0,12,4,32,64,"void at::native::vectorized_elementwise_kernel<4, at::native::FillFunctor<int>, std::array<char*, 1ul> >(int, at::native::FillFunctor<int>, std::array<char*, 1ul>)",20837336957995,20837337000853,373,112,78900.0,1810.0,0.0,196608.0,0.0,0.0,0.0,0.0,0.0,126915950.0,0.0,0.0,0.0,4194304.0,4016.0,0.0,25010199.0,0.0,304.0,3850427.0
373,0,1,650,650,32768,512,0,0,108,4,48,64,matmulbias_kernel,20837337355258,20837337379714,374,196,139395.0,2018.0,345517.0,24576.0,131072.0,2048.0,0.0,13988630.0,13988630.0,1431937.0,0.0,0.0,0.0,32768.0,266158.0,0.0,15529756.0,0.0,64.0,814976.0
374,0,1,650,650,4194304,256,0,0,12,4,32,64,"void at::native::vectorized_elementwise_kernel<4, at::native::FillFunctor<int>, std::array<char*, 1ul> >(int, at::native::FillFunctor<int>, std::array<char*, 1ul>)",20837337738570,20837337781146,375,112,78520.0,1810.0,0.0,196608.0,0.0,0.0,0.0,0.0,0.0,126766899.0,0.0,0.0,0.0,4194304.0,4016.0,0.0,25045907.0,0.0,304.0,3849474.0
375,0,1,650,650,32768,512,0,0,108,4,48,64,matmulbias_kernel,20837338130982,20837338155357,376,196,135498.0,2018.0,345459.0,24576.0,131072.0,2048.0,0.0,13993116.0,13993116.0,1408317.0,0.0,0.0,0.0,32768.0,266052.0,0.0,15402581.0,0.0,64.0,814976.0
376,0,1,650,650,4194304,256,0,0,12,4,32,64,"void at::native::vectorized_elementwise_kernel<4, at::native::FillFunctor<int>, std::array<char*, 1ul> >(int, at::native::FillFunctor<int>, std::array<char*, 1ul>)",20837338513451,20837338556108,377,112,70892.0,1810.0,0.0,196608.0,0.0,0.0,0.0,0.0,0.0,128123335.0,0.0,0.0,0.0,4194304.0,4016.0,0.0,25155532.0,0.0,304.0,3849370.0
377,0,1,650,650,32768,512,0,0,108,4,48,64,matmulbias_kernel,20837338897243,20837338921739,378,196,146928.0,2018.0,345391.0,24576.0,131072.0,2048.0,0.0,13985135.0,13985135.0,1433637.0,0.0,0.0,0.0,32768.0,266428.0,0.0,15403306.0,0.0,64.0,814976.0
378,0,1,650,650,16384,256,0,0,16,192,48,64,matmulbias_kernel,20837365723119,20837365753307,379,27,167165.0,2018.0,250726.0,12800.0,131072.0,1024.0,0.0,10343248.0,10343248.0,1891435.0,0.0,0.0,0.0,32768.0,270372.0,0.0,19374850.0,0.0,64.0,814976.0
379,0,1,650,650,512,256,0,0,8,0,32,64,"void at::native::(anonymous namespace)::CatArrayBatchedCopy_contig<at::native::(anonymous namespace)::OpaqueType<2u>, unsigned int, 1, 128, 1>(at::native::(anonymous namespace)::OpaqueType<2u>*, at::native::(anonymous namespace)::CatArrInputTensorMetadata<at::native::(anonymous namespace)::OpaqueType<2u>, unsigned int, 128, 1>, at::native::(anonymous namespace)::TensorSizeStride<unsigned int, 4u>, int, unsigned int)",20837387498766,20837387501372,380,359,62684.0,1810.0,0.0,18.0,0.0,0.0,0.0,0.0,0.0,4.0,0.0,0.0,0.0,2.0,48.0,0.0,1015227.0,0.0,2.0,0.0
380,0,1,650,650,512,256,0,0,8,0,32,64,"void at::native::(anonymous namespace)::CatArrayBatchedCopy_contig<at::native::(anonymous namespace)::OpaqueType<2u>, unsigned int, 1, 128, 1>(at::native::(anonymous namespace)::OpaqueType<2u>*, at::native::(anonymous namespace)::CatArrInputTensorMetadata<at::native::(anonymous namespace)::OpaqueType<2u>, unsigned int, 128, 1>, at::native::(anonymous namespace)::TensorSizeStride<unsigned int, 4u>, int, unsigned int)",20837387869369,20837387871574,381,359,60255.0,1810.0,0.0,18.0,0.0,0.0,0.0,0.0,0.0,6.0,0.0,0.0,0.0,2.0,28.0,0.0,993998.0,0.0,2.0,0.0
381,0,1,650,650,512,256,0,0,8,0,32,64,"void at::native::(anonymous namespace)::CatArrayBatchedCopy_contig<at::native::(anonymous namespace)::OpaqueType<2u>, unsigned int, 1, 128, 1>(at::native::(anonymous namespace)::OpaqueType<2u>*, at::native::(anonymous namespace)::CatArrInputTensorMetadata<at::native::(anonymous namespace)::OpaqueType<2u>, unsigned int, 128, 1>, at::native::(anonymous namespace)::TensorSizeStride<unsigned int, 4u>, int, unsigned int)",20837388232193,20837388234398,382,359,55566.0,1810.0,0.0,18.0,0.0,0.0,0.0,0.0,0.0,5.0,0.0,0.0,0.0,2.0,28.0,0.0,993230.0,0.0,2.0,0.0
382,0,1,650,650,512,256,0,0,8,0,32,64,"void at::native::(anonymous namespace)::CatArrayBatchedCopy_contig<at::native::(anonymous namespace)::OpaqueType<2u>, unsigned int, 1, 128, 1>(at::native::(anonymous namespace)::OpaqueType<2u>*, at::native::(anonymous namespace)::CatArrInputTensorMetadata<at::native::(anonymous namespace)::OpaqueType<2u>, unsigned int, 128, 1>, at::native::(anonymous namespace)::TensorSizeStride<unsigned int, 4u>, int, unsigned int)",20837388602755,20837388604840,383,359,57359.0,1810.0,0.0,18.0,0.0,0.0,0.0,0.0,0.0,5.0,0.0,0.0,0.0,2.0,28.0,0.0,1002682.0,0.0,2.0,0.0
383,0,1,650,650,512,256,0,0,8,0,32,64,"void at::native::(anonymous namespace)::CatArrayBatchedCopy_contig<at::native::(anonymous namespace)::OpaqueType<2u>, unsigned int, 1, 128, 1>(at::native::(anonymous namespace)::OpaqueType<2u>*, at::native::(anonymous namespace)::CatArrInputTensorMetadata<at::native::(anonymous namespace)::OpaqueType<2u>, unsigned int, 128, 1>, at::native::(anonymous namespace)::TensorSizeStride<unsigned int, 4u>, int, unsigned int)",20837388966823,20837388968908,384,359,58829.0,1810.0,0.0,18.0,0.0,0.0,0.0,0.0,0.0,6.0,0.0,0.0,0.0,2.0,28.0,0.0,996433.0,0.0,2.0,0.0
384,0,1,650,650,512,256,0,0,8,0,32,64,"void at::native::(anonymous namespace)::CatArrayBatchedCopy_contig<at::native::(anonymous namespace)::OpaqueType<2u>, unsigned int, 1, 128, 1>(at::native::(anonymous namespace)::OpaqueType<2u>*, at::native::(anonymous namespace)::CatArrInputTensorMetadata<at::native::(anonymous namespace)::OpaqueType<2u>, unsigned int, 128, 1>, at::native::(anonymous namespace)::TensorSizeStride<unsigned int, 4u>, int, unsigned int)",20837389328324,20837389330569,385,359,58032.0,1810.0,0.0,18.0,0.0,0.0,0.0,0.0,0.0,4.0,0.0,0.0,0.0,2.0,28.0,0.0,998217.0,0.0,2.0,0.0
385,0,1,650,650,1536,256,0,0,8,0,32,64,"void at::native::(anonymous namespace)::CatArrayBatchedCopy_contig<at::native::(anonymous namespace)::OpaqueType<2u>, unsigned int, 1, 128, 1>(at::native::(anonymous namespace)::OpaqueType<2u>*, at::native::(anonymous namespace)::CatArrInputTensorMetadata<at::native::(anonymous namespace)::OpaqueType<2u>, unsigned int, 128, 1>, at::native::(anonymous namespace)::TensorSizeStride<unsigned int, 4u>, int, unsigned int)",20837389692512,20837389695158,386,359,58546.0,1810.0,0.0,54.0,0.0,0.0,0.0,0.0,0.0,18.0,0.0,0.0,0.0,7.0,92.0,0.0,1166600.0,0.0,6.0,0.0
386,0,1,650,650,256,256,0,0,24,0,32,64,"void at::native::vectorized_elementwise_kernel<8, at::native::AbsFunctor<c10::Half>, std::array<char*, 2ul> >(int, at::native::AbsFunctor<c10::Half>, std::array<char*, 2ul>)",20837397695640,20837397698447,387,475,62031.0,1810.0,0.0,140.0,0.0,0.0,0.0,0.0,0.0,4.0,0.0,0.0,0.0,2.0,60.0,0.0,986806.0,0.0,1.0,0.0
387,0,1,650,650,256,256,0,0,24,0,32,64,"void at::native::vectorized_elementwise_kernel<8, at::native::AUnaryFunctor<c10::Half, c10::Half, bool, at::native::(anonymous namespace)::CompareEqFunctor<c10::Half> >, std::array<char*, 2ul> >(int, at::native::AUnaryFunctor<c10::Half, c10::Half, bool, at::native::(anonymous namespace)::CompareEqFunctor<c10::Half> >, std::array<char*, 2ul>)",20837448671283,20837448674410,388,756,61082.0,1810.0,0.0,140.0,0.0,0.0,0.0,0.0,0.0,5.0,0.0,0.0,0.0,1.0,76.0,0.0,1007945.0,0.0,1.0,0.0
388,0,1,650,650,256,256,0,0,40,0,32,64,"void at::native::vectorized_elementwise_kernel<8, at::native::BinaryFunctor<c10::Half, c10::Half, bool, at::native::(anonymous namespace)::CompareEqFunctor<c10::Half> >, std::array<char*, 3ul> >(int, at::native::BinaryFunctor<c10::Half, c10::Half, bool, at::native::(anonymous namespace)::CompareEqFunctor<c10::Half> >, std::array<char*, 3ul>)",20837449069747,20837449072193,389,748,64549.0,1811.0,0.0,140.0,0.0,0.0,0.0,0.0,0.0,5.0,0.0,0.0,0.0,1.0,62.0,0.0,977287.0,0.0,1.0,0.0
389,0,1,650,650,256,256,0,0,36,4,80,64,"void at::native::vectorized_elementwise_kernel<16, at::native::BinaryFunctor<bool, bool, bool, at::native::binary_internal::MulFunctor<bool> >, std::array<char*, 3ul> >(int, at::native::BinaryFunctor<bool, bool, bool, at::native::binary_internal::MulFunctor<bool> >, std::array<char*, 3ul>)",20837473581522,20837473584249,390,895,62264.0,1810.0,0.0,140.0,0.0,0.0,0.0,0.0,0.0,4.0,0.0,0.0,0.0,1.0,72.0,0.0,977028.0,0.0,1.0,0.0
390,0,1,650,650,256,256,0,0,24,0,32,64,"void at::native::vectorized_elementwise_kernel<8, at::native::AUnaryFunctor<c10::Half, c10::Half, bool, at::native::(anonymous namespace)::CompareEqFunctor<c10::Half> >, std::array<char*, 2ul> >(int, at::native::AUnaryFunctor<c10::Half, c10::Half, bool, at::native::(anonymous namespace)::CompareEqFunctor<c10::Half> >, std::array<char*, 2ul>)",20837473949759,20837473952846,391,756,60875.0,1810.0,0.0,140.0,0.0,0.0,0.0,0.0,0.0,4.0,0.0,0.0,0.0,1.0,76.0,0.0,1008254.0,0.0,1.0,0.0
391,0,1,650,650,256,256,0,0,36,4,80,64,"void at::native::vectorized_elementwise_kernel<16, at::native::BinaryFunctor<bool, bool, bool, at::native::BitwiseAndFunctor<bool> >, std::array<char*, 3ul> >(int, at::native::BinaryFunctor<bool, bool, bool, at::native::BitwiseAndFunctor<bool> >, std::array<char*, 3ul>)",20837503918303,20837503921229,392,1189,64290.0,1810.0,0.0,140.0,0.0,0.0,0.0,0.0,0.0,5.0,0.0,0.0,0.0,1.0,73.0,0.0,1005553.0,0.0,1.0,3.0
392,0,1,650,650,256,256,512,0,8,0,32,64,"void rocprim::ROCPRIM_400001_NS::detail::block_reduce_kernel<true, false, 16u, rocprim::ROCPRIM_400001_NS::detail::wrapped_reduce_config<rocprim::ROCPRIM_400001_NS::default_config, int>, int, hipcub::HIPCUB_400000_NS::TransformInputIterator<bool, at::native::(anonymous namespace)::NonZeroOp<bool>, bool const*, long>, int*, int, hipcub::HIPCUB_400000_NS::detail::convert_binary_result_type_wrapper<hipcub::HIPCUB_400000_NS::Sum, hipcub::HIPCUB_400000_NS::TransformInputIterator<bool, at::native::(anonymous namespace)::NonZeroOp<bool>, bool const*, long>, int> >(hipcub::HIPCUB_400000_NS::TransformInputIterator<bool, at::native::(anonymous namespace)::NonZeroOp<bool>, bool const*, long>, unsigned long, int*, int, hipcub::HIPCUB_400000_NS::detail::convert_binary_result_type_wrapper<hipcub::HIPCUB_400000_NS::Sum, hipcub::HIPCUB_400000_NS::TransformInputIterator<bool, at::native::(anonymous namespace)::NonZeroOp<bool>, bool const*, long>, int>)",20837539908920,20837539911245,393,1607,61788.0,1810.0,61.0,28.0,0.0,0.0,0.0,1521.0,1521.0,5.0,0.0,0.0,0.0,1.0,30.0,0.0,993069.0,0.0,1.0,0.0
393,0,1,650,650,512,512,0,0,16,0,32,64,__amd_rocclr_copyBuffer,20837540299647,20837540304217,394,25,103064.0,2147.0,0.0,44.0,0.0,0.0,0.0,0.0,0.0,21.0,0.0,0.0,0.0,0.0,42.0,0.0,1187419.0,0.0,1.0,6.0
394,0,1,650,650,256,256,0,0,12,4,48,64,__amd_rocclr_fillBufferAligned,20837540671893,20837540674058,395,26,58841.0,2018.0,0.0,37.0,0.0,0.0,0.0,0.0,0.0,2.0,0.0,0.0,0.0,1.0,29.0,0.0,1125054.0,0.0,1.0,0.0
395,0,1,650,650,256,256,0,0,12,4,48,64,__amd_rocclr_fillBufferAligned,20837541036802,20837541038405,396,26,56240.0,2018.0,0.0,37.0,0.0,0.0,0.0,0.0,0.0,4.0,0.0,0.0,0.0,1.0,29.0,0.0,1158735.0,0.0,1.0,0.0
396,0,1,650,650,256,256,0,0,8,0,16,64,"void rocprim::ROCPRIM_400001_NS::detail::init_lookback_scan_state_kernel<rocprim::ROCPRIM_400001_NS::detail::lookback_scan_state<unsigned int, false, true> const>(rocprim::ROCPRIM_400001_NS::detail::lookback_scan_state<unsigned int, false, true> const, unsigned int, unsigned int, rocprim::ROCPRIM_400001_NS::detail::lookback_scan_state<unsigned int, false, true> const::value_type*)",20837545622743,20837545624667,397,1681,58408.0,1810.0,0.0,16.0,0.0,0.0,0.0,0.0,0.0,2.0,0.0,0.0,0.0,9.0,35.0,0.0,961887.0,0.0,1.0,3.0
397,0,1,650,650,512,512,29184,0,52,52,112,64,"void rocprim::ROCPRIM_400001_NS::detail::partition_kernel<(rocprim::ROCPRIM_400001_NS::detail::select_method)0, true, rocprim::ROCPRIM_400001_NS::detail::wrapped_partition_config<rocprim::ROCPRIM_400001_NS::default_config, (rocprim::ROCPRIM_400001_NS::detail::partition_subalgo)5, long, rocprim::ROCPRIM_400001_NS::empty_type>, hipcub::HIPCUB_400000_NS::CountingInputIterator<long, long>, rocprim::ROCPRIM_400001_NS::empty_type*, hipcub::HIPCUB_400000_NS::TransformInputIterator<bool, at::native::(anonymous namespace)::NonZeroOp<bool>, bool const*, long>, rocprim::ROCPRIM_400001_NS::tuple<long*, rocprim::ROCPRIM_400001_NS::empty_type>, rocprim::ROCPRIM_400001_NS::tuple<rocprim::ROCPRIM_400001_NS::empty_type*, rocprim::ROCPRIM_400001_NS::empty_type*>, rocprim::ROCPRIM_400001_NS::empty_type, rocprim::ROCPRIM_400001_NS::detail::lookback_scan_state<unsigned int, false, true>, rocprim::ROCPRIM_400001_NS::detail::block_id_wrapper<unsigned int, false>, rocprim::ROCPRIM_400001_NS::empty_type>(hipcub::HIPCUB_400000_NS::CountingInputIterator<long, long>, rocprim::ROCPRIM_400001_NS::empty_type*, hipcub::HIPCUB_400000_NS::TransformInputIterator<bool, at::native::(anonymous namespace)::NonZeroOp<bool>, bool const*, long>, rocprim::ROCPRIM_400001_NS::tuple<long*, rocprim::ROCPRIM_400001_NS::empty_type>, rocprim::ROCPRIM_400001_NS::tuple<rocprim::ROCPRIM_400001_NS::empty_type*, rocprim::ROCPRIM_400001_NS::empty_type*>, unsigned long*, unsigned long*, unsigned long, unsigned long, rocprim::ROCPRIM_400001_NS::empty_type, rocprim::ROCPRIM_400001_NS::detail::lookback_scan_state<unsigned int, false, true>, unsigned int, rocprim::ROCPRIM_400001_NS::detail::vsmem_t, rocprim::ROCPRIM_400001_NS::detail::block_id_wrapper<unsigned int, false>, rocprim::ROCPRIM_400001_NS::empty_type)",20837545989015,20837545993265,398,1447,65690.0,1810.0,396.0,279.0,0.0,0.0,0.0,14148.0,14148.0,974.0,0.0,0.0,0.0,7.0,86.0,0.0,1006866.0,0.0,1.0,15.0
398,0,1,650,650,256,256,0,0,8,0,32,64,"void rocprim::ROCPRIM_400001_NS::detail::transform_kernel<true, rocprim::ROCPRIM_400001_NS::detail::wrapped_transform_config<rocprim::ROCPRIM_400001_NS::default_config, unsigned long, true>, unsigned long, unsigned long*, int*, rocprim::ROCPRIM_400001_NS::identity<void> >(unsigned long*, unsigned long, int*, rocprim::ROCPRIM_400001_NS::identity<void>)",20837546355288,20837546357092,399,1534,60009.0,1810.0,0.0,28.0,0.0,0.0,0.0,0.0,0.0,2.0,0.0,0.0,0.0,1.0,23.0,0.0,960346.0,0.0,1.0,0.0
399,0,1,650,650,128,128,0,0,16,0,80,64,"void at::native::index_elementwise_kernel<128, 4, at::native::gpu_index_kernel<at::native::index_kernel_impl<at::native::OpaqueType<2> >(at::TensorIteratorBase&, c10::ArrayRef<long>, c10::ArrayRef<long>)::{lambda(char*, char const*, long)#1}>(at::TensorIteratorBase&, c10::ArrayRef<long>, c10::ArrayRef<long>, at::native::index_kernel_impl<at::native::OpaqueType<2> >(at::TensorIteratorBase&, c10::ArrayRef<long>, c10::ArrayRef<long>)::{lambda(char*, char const*, long)#1} const&, bool)::{lambda(int)#1}>(long, at::native::gpu_index_kernel<at::native::index_kernel_impl<at::native::OpaqueType<2> >(at::TensorIteratorBase&, c10::ArrayRef<long>, c10::ArrayRef<long>)::{lambda(char*, char const*, long)#1}>(at::TensorIteratorBase&, c10::ArrayRef<long>, c10::ArrayRef<long>, at::native::index_kernel_impl<at::native::OpaqueType<2> >(at::TensorIteratorBase&, c10::ArrayRef<long>, c10::ArrayRef<long>)::{lambda(char*, char const*, long)#1} const&, bool)::{lambda(int)#1})",20837578851813,20837578854900,400,1883,64650.0,1810.0,0.0,28.0,0.0,0.0,0.0,0.0,0.0,6.0,0.0,0.0,0.0,2.0,75.0,0.0,985089.0,0.0,1.0,3.0
400,0,1,650,650,256,256,0,0,24,0,32,64,"void at::native::vectorized_elementwise_kernel<8, at::native::AbsFunctor<c10::Half>, std::array<char*, 2ul> >(int, at::native::AbsFunctor<c10::Half>, std::array<char*, 2ul>)",20837579221734,20837579224059,401,475,61812.0,1810.0,0.0,140.0,0.0,0.0,0.0,0.0,0.0,5.0,0.0,0.0,0.0,2.0,42.0,0.0,969769.0,0.0,1.0,0.0
401,0,1,650,650,128,128,0,0,20,4,64,64,"void at::native::elementwise_kernel_manual_unroll<128, 4, at::native::gpu_kernel_impl<at::native::direct_copy_kernel_cuda(at::TensorIteratorBase&)::{lambda()#3}::operator()() const::{lambda()#6}::operator()() const::{lambda(double)#1}>(at::TensorIteratorBase&, at::native::direct_copy_kernel_cuda(at::TensorIteratorBase&)::{lambda()#3}::operator()() const::{lambda()#6}::operator()() const::{lambda(double)#1} const&)::{lambda(int, bool)#1}>(int, at::native::gpu_kernel_impl<at::native::direct_copy_kernel_cuda(at::TensorIteratorBase&)::{lambda()#3}::operator()() const::{lambda()#6}::operator()() const::{lambda(double)#1}>(at::TensorIteratorBase&, at::native::direct_copy_kernel_cuda(at::TensorIteratorBase&)::{lambda()#3}::operator()() const::{lambda()#6}::operator()() const::{lambda(double)#1} const&)::{lambda(int, bool)#1})",20837616515944,20837616519352,402,1944,63199.0,1810.0,0.0,70.0,0.0,0.0,0.0,0.0,0.0,6.0,0.0,0.0,0.0,5.0,179.0,0.0,989043.0,0.0,1.0,0.0
402,0,1,650,650,32,32,512,0,32,0,80,64,"void at::native::reduce_kernel<512, 1, at::native::ReduceOp<double, at::native::func_wrapper_t<double, at::native::MinNanFunctor<double> >, unsigned int, double, 4, 4> >(at::native::ReduceOp<double, at::native::func_wrapper_t<double, at::native::MinNanFunctor<double> >, unsigned int, double, 4, 4>)",20837627039038,20837627043088,403,2250,69368.0,1810.0,20.0,39.0,0.0,0.0,0.0,496.0,496.0,4.0,0.0,0.0,0.0,1.0,120.0,3.0,998895.0,0.0,1.0,0.0
403,0,1,650,650,32,32,512,0,32,0,80,64,"void at::native::reduce_kernel<512, 1, at::native::ReduceOp<double, at::native::func_wrapper_t<double, at::native::MaxNanFunctor<double> >, unsigned int, double, 4, 4> >(at::native::ReduceOp<double, at::native::func_wrapper_t<double, at::native::MaxNanFunctor<double> >, unsigned int, double, 4, 4>)",20837637874253,20837637878542,404,2316,68758.0,1810.0,20.0,39.0,0.0,0.0,0.0,496.0,496.0,4.0,0.0,0.0,0.0,1.0,120.0,3.0,1010799.0,0.0,1.0,0.0
404,0,1,650,650,256,256,0,0,24,0,32,64,"void at::native::vectorized_elementwise_kernel<8, at::native::ceil_kernel_cuda(at::TensorIteratorBase&)::{lambda()#1}::operator()() const::{lambda()#3}::operator()() const::{lambda(c10::Half)#1}, std::array<char*, 2ul> >(int, at::native::ceil_kernel_cuda(at::TensorIteratorBase&)::{lambda()#1}::operator()() const::{lambda()#3}::operator()() const::{lambda(c10::Half)#1}, std::array<char*, 2ul>)",20837668262427,20837668264712,405,2487,63557.0,1810.0,0.0,140.0,0.0,0.0,0.0,0.0,0.0,4.0,0.0,0.0,0.0,1.0,43.0,0.0,971963.0,0.0,1.0,0.0
405,0,1,650,650,256,256,0,0,40,0,32,64,"void at::native::vectorized_elementwise_kernel<8, at::native::BinaryFunctor<c10::Half, c10::Half, bool, at::native::(anonymous namespace)::CompareEqFunctor<c10::Half> >, std::array<char*, 3ul> >(int, at::native::BinaryFunctor<c10::Half, c10::Half, bool, at::native::(anonymous namespace)::CompareEqFunctor<c10::Half> >, std::array<char*, 3ul>)",20837668634151,20837668636597,406,748,64184.0,1810.0,0.0,140.0,0.0,0.0,0.0,0.0,0.0,4.0,0.0,0.0,0.0,1.0,80.0,0.0,973925.0,0.0,1.0,1.0
406,0,1,650,650,512,512,0,0,16,0,32,64,__amd_rocclr_copyBuffer,20837669000784,20837669003550,407,25,110327.0,2146.0,0.0,41.0,0.0,0.0,0.0,0.0,0.0,10.0,0.0,0.0,0.0,0.0,42.0,0.0,1159014.0,0.0,1.0,0.0
407,0,1,650,650,256,256,0,0,76,4,32,64,"void at::native::vectorized_elementwise_kernel<4, at::native::BinaryFunctor<double, double, double, at::native::binary_internal::DivFunctor<double> >, std::array<char*, 3ul> >(int, at::native::BinaryFunctor<double, double, double, at::native::binary_internal::DivFunctor<double> >, std::array<char*, 3ul>)",20837697800177,20837697803104,408,2748,62687.0,1810.0,0.0,140.0,0.0,0.0,0.0,0.0,0.0,4.0,0.0,0.0,0.0,1.0,65.0,0.0,994505.0,0.0,1.0,0.0
408,0,1,650,650,256,256,0,0,40,0,64,64,"void at::native::vectorized_elementwise_kernel<4, at::native::compare_scalar_kernel<double>(at::TensorIteratorBase&, at::native::(anonymous namespace)::OpType, double)::{lambda(double)#1}, std::array<char*, 2ul> >(int, at::native::compare_scalar_kernel<double>(at::TensorIteratorBase&, at::native::(anonymous namespace)::OpType, double)::{lambda(double)#1}, std::array<char*, 2ul>)",20837716589838,20837716593045,409,2874,65652.0,1810.0,0.0,213.0,0.0,0.0,0.0,0.0,0.0,4.0,0.0,0.0,0.0,1.0,92.0,0.0,1000819.0,0.0,1.0,0.0
409,0,1,650,650,512,512,0,0,16,0,32,64,__amd_rocclr_copyBuffer,20837716962244,20837716964689,410,25,97396.0,2146.0,0.0,41.0,0.0,0.0,0.0,0.0,0.0,10.0,0.0,0.0,0.0,0.0,24.0,0.0,1153266.0,0.0,1.0,0.0
410,0,1,650,650,256,256,0,0,40,0,64,64,"void at::native::vectorized_elementwise_kernel<4, at::native::compare_scalar_kernel<double>(at::TensorIteratorBase&, at::native::(anonymous namespace)::OpType, double)::{lambda(double)#1}, std::array<char*, 2ul> >(int, at::native::compare_scalar_kernel<double>(at::TensorIteratorBase&, at::native::(anonymous namespace)::OpType, double)::{lambda(double)#1}, std::array<char*, 2ul>)",20837717334168,20837717337375,411,2874,59722.0,1810.0,0.0,213.0,0.0,0.0,0.0,0.0,0.0,4.0,0.0,0.0,0.0,1.0,92.0,0.0,987186.0,0.0,1.0,0.0
411,0,1,650,650,512,512,0,0,16,0,32,64,__amd_rocclr_copyBuffer,20837717700039,20837717702605,412,25,93243.0,2146.0,0.0,41.0,0.0,0.0,0.0,0.0,0.0,22.0,0.0,0.0,0.0,0.0,24.0,0.0,1161963.0,0.0,1.0,0.0
412,0,1,650,650,256,256,0,0,40,0,64,64,"void at::native::vectorized_elementwise_kernel<4, at::native::compare_scalar_kernel<double>(at::TensorIteratorBase&, at::native::(anonymous namespace)::OpType, double)::{lambda(double)#1}, std::array<char*, 2ul> >(int, at::native::compare_scalar_kernel<double>(at::TensorIteratorBase&, at::native::(anonymous namespace)::OpType, double)::{lambda(double)#1}, std::array<char*, 2ul>)",20837718069117,20837718072364,413,2874,61455.0,1810.0,0.0,215.0,0.0,0.0,0.0,0.0,0.0,4.0,0.0,0.0,0.0,1.0,92.0,0.0,992229.0,0.0,1.0,0.0
413,0,1,650,650,512,512,0,0,16,0,32,64,__amd_rocclr_copyBuffer,20837718435509,20837718437914,414,25,93184.0,2146.0,0.0,41.0,0.0,0.0,0.0,0.0,0.0,10.0,0.0,0.0,0.0,0.0,24.0,0.0,1156996.0,0.0,1.0,0.0
414,0,1,650,650,512,512,0,0,16,0,32,64,__amd_rocclr_copyBuffer,20837718804025,20837718807714,415,25,99645.0,2146.0,0.0,42.0,0.0,0.0,0.0,0.0,0.0,12.0,0.0,0.0,0.0,0.0,26.0,0.0,1179251.0,0.0,1.0,2.0
415,0,1,650,650,1024,1024,0,0,16,0,32,64,__amd_rocclr_copyBuffer,20837719169976,20837719173304,416,25,98491.0,2146.0,0.0,82.0,0.0,0.0,0.0,0.0,0.0,95.0,0.0,0.0,0.0,0.0,24.0,0.0,1169741.0,0.0,1.0,2.0
416,0,1,650,650,1024,1024,0,0,16,0,32,64,__amd_rocclr_copyBuffer,20837719537611,20837719540738,417,25,96484.0,2146.0,0.0,82.0,0.0,0.0,0.0,0.0,0.0,91.0,0.0,0.0,0.0,0.0,24.0,0.0,1174893.0,0.0,1.0,2.0
417,0,1,650,650,1024,1024,0,0,16,0,32,64,__amd_rocclr_copyBuffer,20837719906649,20837719909776,418,25,95865.0,2146.0,0.0,82.0,0.0,0.0,0.0,0.0,0.0,91.0,0.0,0.0,0.0,0.0,24.0,0.0,1166658.0,0.0,1.0,2.0
418,0,1,650,650,1024,1024,0,0,16,0,32,64,__amd_rocclr_copyBuffer,20837720272880,20837720276007,419,25,95806.0,2146.0,0.0,82.0,0.0,0.0,0.0,0.0,0.0,97.0,0.0,0.0,0.0,0.0,24.0,0.0,1165952.0,0.0,1.0,2.0
419,0,1,650,650,1024,1024,0,0,16,0,32,64,__amd_rocclr_copyBuffer,20837720640315,20837720643482,420,25,96778.0,2146.0,0.0,82.0,0.0,0.0,0.0,0.0,0.0,97.0,0.0,0.0,0.0,0.0,24.0,0.0,1175117.0,0.0,1.0,2.0
420,0,1,650,650,1024,1024,0,0,16,0,32,64,__amd_rocclr_copyBuffer,20837721008631,20837721012600,421,25,105549.0,2146.0,0.0,82.0,0.0,0.0,0.0,0.0,0.0,102.0,0.0,0.0,0.0,0.0,24.0,0.0,1170549.0,0.0,1.0,2.0
421,0,1,650,650,1024,1024,0,0,16,0,32,64,__amd_rocclr_copyBuffer,20837721381999,20837721385086,422,25,97763.0,2146.0,0.0,82.0,0.0,0.0,0.0,0.0,0.0,88.0,0.0,0.0,0.0,0.0,24.0,0.0,1166411.0,0.0,1.0,2.0
422,0,1,650,650,512,512,0,0,16,0,32,64,__amd_rocclr_copyBuffer,20837721749513,20837721752680,423,25,96115.0,2146.0,0.0,42.0,0.0,0.0,0.0,0.0,0.0,8.0,0.0,0.0,0.0,0.0,24.0,0.0,1171318.0,0.0,1.0,2.0
423,0,1,650,650,1024,1024,0,0,16,0,32,64,__amd_rocclr_copyBuffer,20837722116546,20837722119673,424,25,97507.0,2146.0,0.0,82.0,0.0,0.0,0.0,0.0,0.0,70.0,0.0,0.0,0.0,0.0,24.0,0.0,1171003.0,0.0,1.0,2.0
424,0,1,650,650,1024,1024,0,0,16,0,32,64,__amd_rocclr_copyBuffer,20837722484622,20837722487869,425,25,96924.0,2146.0,0.0,82.0,0.0,0.0,0.0,0.0,0.0,42.0,0.0,0.0,0.0,0.0,24.0,0.0,1167305.0,0.0,1.0,2.0
425,0,1,650,650,1024,1024,0,0,16,0,32,64,__amd_rocclr_copyBuffer,20837722852016,20837722855143,426,25,97868.0,2146.0,0.0,82.0,0.0,0.0,0.0,0.0,0.0,98.0,0.0,0.0,0.0,0.0,24.0,0.0,1170903.0,0.0,1.0,2.0
426,0,1,650,650,1024,1024,0,0,16,0,32,64,__amd_rocclr_copyBuffer,20837723220814,20837723223820,427,25,96831.0,2146.0,0.0,82.0,0.0,0.0,0.0,0.0,0.0,102.0,0.0,0.0,0.0,0.0,24.0,0.0,1164274.0,0.0,1.0,2.0
427,0,1,650,650,1024,1024,0,0,16,0,32,64,__amd_rocclr_copyBuffer,20837723588649,20837723591656,428,25,96517.0,2146.0,0.0,82.0,0.0,0.0,0.0,0.0,0.0,105.0,0.0,0.0,0.0,0.0,24.0,0.0,1164981.0,0.0,1.0,2.0
428,0,1,650,650,1024,1024,0,0,16,0,32,64,__amd_rocclr_copyBuffer,20837723958689,20837723962858,429,25,109381.0,2146.0,0.0,82.0,0.0,0.0,0.0,0.0,0.0,104.0,0.0,0.0,0.0,0.0,24.0,0.0,1176479.0,0.0,1.0,2.0
429,0,1,650,650,1024,1024,0,0,16,0,32,64,__amd_rocclr_copyBuffer,20837724327366,20837724330493,430,25,97378.0,2146.0,0.0,82.0,0.0,0.0,0.0,0.0,0.0,94.0,0.0,0.0,0.0,0.0,24.0,0.0,1163811.0,0.0,1.0,2.0
430,0,1,650,650,512,512,0,0,16,0,32,64,__amd_rocclr_copyBuffer,20837724694720,20837724697847,431,25,100408.0,2146.0,0.0,42.0,0.0,0.0,0.0,0.0,0.0,19.0,0.0,0.0,0.0,0.0,24.0,0.0,1163466.0,0.0,1.0,2.0
431,0,1,650,650,1024,1024,0,0,16,0,32,64,__amd_rocclr_copyBuffer,20837725061874,20837725064921,432,25,95667.0,2146.0,0.0,82.0,0.0,0.0,0.0,0.0,0.0,100.0,0.0,0.0,0.0,0.0,24.0,0.0,1147325.0,0.0,1.0,2.0
432,0,1,650,650,1024,1024,0,0,16,0,32,64,__amd_rocclr_copyBuffer,20837725429027,20837725432074,433,25,97318.0,2146.0,0.0,82.0,0.0,0.0,0.0,0.0,0.0,122.0,0.0,0.0,0.0,0.0,24.0,0.0,1143967.0,0.0,1.0,2.0
433,0,1,650,650,1024,1024,0,0,16,0,32,64,__amd_rocclr_copyBuffer,20837725795419,20837725798546,434,25,97331.0,2146.0,0.0,82.0,0.0,0.0,0.0,0.0,0.0,92.0,0.0,0.0,0.0,0.0,24.0,0.0,1168485.0,0.0,1.0,2.0
434,0,1,650,650,1024,1024,0,0,16,0,32,64,__amd_rocclr_copyBuffer,20837726162894,20837726166021,435,25,98336.0,2146.0,0.0,82.0,0.0,0.0,0.0,0.0,0.0,70.0,0.0,0.0,0.0,0.0,24.0,0.0,1170638.0,0.0,1.0,2.0
435,0,1,650,650,1024,1024,0,0,16,0,32,64,__amd_rocclr_copyBuffer,20837726529245,20837726532292,436,25,97322.0,2146.0,0.0,82.0,0.0,0.0,0.0,0.0,0.0,134.0,0.0,0.0,0.0,0.0,24.0,0.0,1171174.0,0.0,1.0,2.0
436,0,1,650,650,1024,1024,0,0,16,0,32,64,__amd_rocclr_copyBuffer,20837726897682,20837726900729,437,25,103826.0,2146.0,0.0,82.0,0.0,0.0,0.0,0.0,0.0,103.0,0.0,0.0,0.0,0.0,24.0,0.0,1169944.0,0.0,1.0,2.0
437,0,1,650,650,1024,1024,0,0,16,0,32,64,__amd_rocclr_copyBuffer,20837727266158,20837727269326,438,25,99015.0,2146.0,0.0,82.0,0.0,0.0,0.0,0.0,0.0,93.0,0.0,0.0,0.0,0.0,24.0,0.0,1173238.0,0.0,1.0,2.0
438,0,1,650,650,512,512,0,0,16,0,32,64,__amd_rocclr_copyBuffer,20837727635277,20837727638323,439,25,96871.0,2146.0,0.0,42.0,0.0,0.0,0.0,0.0,0.0,11.0,0.0,0.0,0.0,0.0,24.0,0.0,1169384.0,0.0,1.0,2.0
439,0,1,650,650,1024,1024,0,0,16,0,32,64,__amd_rocclr_copyBuffer,20837728002350,20837728005477,440,25,96195.0,2146.0,0.0,82.0,0.0,0.0,0.0,0.0,0.0,100.0,0.0,0.0,0.0,0.0,24.0,0.0,1165721.0,0.0,1.0,2.0
440,0,1,650,650,1024,1024,0,0,16,0,32,64,__amd_rocclr_copyBuffer,20837728370426,20837728373473,441,25,94231.0,2146.0,0.0,82.0,0.0,0.0,0.0,0.0,0.0,81.0,0.0,0.0,0.0,0.0,24.0,0.0,1175274.0,0.0,1.0,2.0
441,0,1,650,650,1024,1024,0,0,16,0,32,64,__amd_rocclr_copyBuffer,20837728737940,20837728741107,442,25,96459.0,2146.0,0.0,82.0,0.0,0.0,0.0,0.0,0.0,140.0,0.0,0.0,0.0,0.0,24.0,0.0,1168416.0,0.0,1.0,2.0
442,0,1,650,650,1024,1024,0,0,16,0,32,64,__amd_rocclr_copyBuffer,20837729106016,20837729108983,443,25,96261.0,2146.0,0.0,82.0,0.0,0.0,0.0,0.0,0.0,102.0,0.0,0.0,0.0,0.0,24.0,0.0,1162201.0,0.0,1.0,2.0
443,0,1,650,650,1024,1024,0,0,16,0,32,64,__amd_rocclr_copyBuffer,20837729473731,20837729476778,444,25,97345.0,2146.0,0.0,82.0,0.0,0.0,0.0,0.0,0.0,102.0,0.0,0.0,0.0,0.0,24.0,0.0,1175928.0,0.0,1.0,2.0
444,0,1,650,650,1024,1024,0,0,16,0,32,64,__amd_rocclr_copyBuffer,20837729840283,20837729843330,445,25,96533.0,2146.0,0.0,82.0,0.0,0.0,0.0,0.0,0.0,119.0,0.0,0.0,0.0,0.0,24.0,0.0,1171530.0,0.0,1.0,2.0
445,0,1,650,650,1024,1024,0,0,16,0,32,64,__amd_rocclr_copyBuffer,20837730208800,20837730211847,446,25,98135.0,2146.0,0.0,82.0,0.0,0.0,0.0,0.0,0.0,99.0,0.0,0.0,0.0,0.0,24.0,0.0,1164125.0,0.0,1.0,3.0
446,0,1,650,650,512,512,0,0,16,0,32,64,__amd_rocclr_copyBuffer,20837730577717,20837730580764,447,25,97998.0,2146.0,0.0,42.0,0.0,0.0,0.0,0.0,0.0,23.0,0.0,0.0,0.0,0.0,24.0,0.0,1170173.0,0.0,1.0,3.0
447,0,1,650,650,1024,1024,0,0,16,0,32,64,__amd_rocclr_copyBuffer,20837730950644,20837730953651,448,25,93214.0,2146.0,0.0,82.0,0.0,0.0,0.0,0.0,0.0,137.0,0.0,0.0,0.0,0.0,24.0,0.0,1171467.0,0.0,1.0,3.0
448,0,1,650,650,1024,1024,0,0,16,0,32,64,__amd_rocclr_copyBuffer,20837731316996,20837731320043,449,25,95758.0,2146.0,0.0,82.0,0.0,0.0,0.0,0.0,0.0,89.0,0.0,0.0,0.0,0.0,24.0,0.0,1167667.0,0.0,1.0,3.0
449,0,1,650,650,1024,1024,0,0,16,0,32,64,__amd_rocclr_copyBuffer,20837731682666,20837731685713,450,25,95075.0,2146.0,0.0,82.0,0.0,0.0,0.0,0.0,0.0,97.0,0.0,0.0,0.0,0.0,24.0,0.0,1168531.0,0.0,1.0,3.0
450,0,1,650,650,512,512,0,0,16,0,32,64,__amd_rocclr_copyBuffer,20837732049940,20837732054991,451,25,103093.0,2146.0,0.0,46.0,0.0,0.0,0.0,0.0,0.0,41.0,0.0,0.0,0.0,0.0,24.0,0.0,1203068.0,0.0,1.0,10.0
451,0,1,650,650,512,512,0,0,16,0,32,64,__amd_rocclr_copyBuffer,20837732420541,20837732422947,452,25,98459.0,2146.0,0.0,41.0,0.0,0.0,0.0,0.0,0.0,21.0,0.0,0.0,0.0,0.0,24.0,0.0,1151286.0,0.0,1.0,2.0
452,0,1,650,650,512,512,0,0,16,0,32,64,__amd_rocclr_copyBuffer,20837732789058,20837732791424,453,25,92711.0,2146.0,0.0,41.0,0.0,0.0,0.0,0.0,0.0,9.0,0.0,0.0,0.0,0.0,24.0,0.0,1158272.0,0.0,1.0,1.0
453,0,1,650,650,512,512,0,0,16,0,32,64,__amd_rocclr_copyBuffer,20837733156532,20837733158898,454,25,93261.0,2146.0,0.0,41.0,0.0,0.0,0.0,0.0,0.0,28.0,0.0,0.0,0.0,0.0,24.0,0.0,1154712.0,0.0,1.0,1.0
454,0,1,650,650,1024,1024,0,0,16,0,32,64,__amd_rocclr_copyBuffer,20837733522724,20837733526132,455,25,98598.0,2146.0,0.0,83.0,0.0,0.0,0.0,0.0,0.0,93.0,0.0,0.0,0.0,0.0,24.0,0.0,1172213.0,0.0,1.0,4.0
455,0,1,650,650,512,512,0,0,16,0,32,64,__amd_rocclr_copyBuffer,20837733890118,20837733892684,456,25,96214.0,2146.0,0.0,41.0,0.0,0.0,0.0,0.0,0.0,3.0,0.0,0.0,0.0,0.0,24.0,0.0,1160468.0,0.0,1.0,1.0
456,0,1,650,650,512,512,0,0,16,0,32,64,__amd_rocclr_copyBuffer,20837734256229,20837734258675,457,25,94431.0,2146.0,0.0,41.0,0.0,0.0,0.0,0.0,0.0,6.0,0.0,0.0,0.0,0.0,24.0,0.0,1157710.0,0.0,1.0,1.0
457,0,1,650,650,512,512,0,0,16,0,32,64,__amd_rocclr_copyBuffer,20837734623062,20837734625468,458,25,95959.0,2146.0,0.0,41.0,0.0,0.0,0.0,0.0,0.0,11.0,0.0,0.0,0.0,0.0,24.0,0.0,1147258.0,0.0,1.0,1.0
458,0,1,650,650,512,512,0,0,16,0,32,64,__amd_rocclr_copyBuffer,20837735002243,20837735007375,459,25,107071.0,2146.0,0.0,46.0,0.0,0.0,0.0,0.0,0.0,31.0,0.0,0.0,0.0,0.0,24.0,0.0,1207255.0,0.0,1.0,10.0
459,0,1,650,650,512,512,0,0,16,0,32,64,__amd_rocclr_copyBuffer,20837735371963,20837735374328,460,25,92684.0,2146.0,0.0,41.0,0.0,0.0,0.0,0.0,0.0,19.0,0.0,0.0,0.0,0.0,24.0,0.0,1155539.0,0.0,1.0,1.0
460,0,1,650,650,512,512,0,0,16,0,32,64,__amd_rocclr_copyBuffer,20837735741161,20837735743526,461,25,96425.0,2146.0,0.0,41.0,0.0,0.0,0.0,0.0,0.0,17.0,0.0,0.0,0.0,0.0,24.0,0.0,1152549.0,0.0,1.0,1.0
461,0,1,650,650,512,512,0,0,16,0,32,64,__amd_rocclr_copyBuffer,20837736110560,20837736112925,462,25,93765.0,2146.0,0.0,41.0,0.0,0.0,0.0,0.0,0.0,22.0,0.0,0.0,0.0,0.0,24.0,0.0,1155617.0,0.0,1.0,1.0
462,0,1,650,650,1024,1024,0,0,16,0,32,64,__amd_rocclr_copyBuffer,20837736475869,20837736479397,463,25,94379.0,2146.0,0.0,83.0,0.0,0.0,0.0,0.0,0.0,106.0,0.0,0.0,0.0,0.0,24.0,0.0,1172845.0,0.0,1.0,4.0
463,0,1,650,650,512,512,0,0,16,0,32,64,__amd_rocclr_copyBuffer,20837736844706,20837736847072,464,25,95887.0,2146.0,0.0,41.0,0.0,0.0,0.0,0.0,0.0,11.0,0.0,0.0,0.0,0.0,24.0,0.0,1129155.0,0.0,1.0,1.0
464,0,1,650,650,512,512,0,0,16,0,32,64,__amd_rocclr_copyBuffer,20837737211820,20837737214747,465,25,96492.0,2146.0,0.0,41.0,0.0,0.0,0.0,0.0,0.0,6.0,0.0,0.0,0.0,0.0,24.0,0.0,1131391.0,0.0,1.0,1.0
465,0,1,650,650,512,512,0,0,16,0,32,64,__amd_rocclr_copyBuffer,20837737578452,20837737580858,466,25,93919.0,2146.0,0.0,41.0,0.0,0.0,0.0,0.0,0.0,18.0,0.0,0.0,0.0,0.0,24.0,0.0,1153426.0,0.0,1.0,1.0
466,0,1,650,650,512,512,0,0,16,0,32,64,__amd_rocclr_copyBuffer,20837737946969,20837737952181,467,25,105755.0,2146.0,0.0,46.0,0.0,0.0,0.0,0.0,0.0,32.0,0.0,0.0,0.0,0.0,24.0,0.0,1203036.0,0.0,1.0,10.0
467,0,1,650,650,512,512,0,0,16,0,32,64,__amd_rocclr_copyBuffer,20837738316689,20837738319054,468,25,95336.0,2146.0,0.0,41.0,0.0,0.0,0.0,0.0,0.0,15.0,0.0,0.0,0.0,0.0,24.0,0.0,1158061.0,0.0,1.0,1.0
468,0,1,650,650,512,512,0,0,16,0,32,64,__amd_rocclr_copyBuffer,20837738683962,20837738686448,469,25,94797.0,2146.0,0.0,41.0,0.0,0.0,0.0,0.0,0.0,9.0,0.0,0.0,0.0,0.0,24.0,0.0,1156827.0,0.0,1.0,1.0
469,0,1,650,650,512,512,0,0,16,0,32,64,__amd_rocclr_copyBuffer,20837739052720,20837739055366,470,25,100146.0,2146.0,0.0,41.0,0.0,0.0,0.0,0.0,0.0,22.0,0.0,0.0,0.0,0.0,24.0,0.0,1150319.0,0.0,1.0,1.0
470,0,1,650,650,1024,1024,0,0,16,0,32,64,__amd_rocclr_copyBuffer,20837739426208,20837739429615,471,25,98543.0,2146.0,0.0,83.0,0.0,0.0,0.0,0.0,0.0,76.0,0.0,0.0,0.0,0.0,24.0,0.0,1176747.0,0.0,1.0,4.0
471,0,1,650,650,512,512,0,0,16,0,32,64,__amd_rocclr_copyBuffer,20837739795005,20837739797370,472,25,93340.0,2146.0,0.0,41.0,0.0,0.0,0.0,0.0,0.0,21.0,0.0,0.0,0.0,0.0,24.0,0.0,1155999.0,0.0,1.0,1.0
472,0,1,650,650,512,512,0,0,16,0,32,64,__amd_rocclr_copyBuffer,20837740161317,20837740163682,473,25,96252.0,2146.0,0.0,41.0,0.0,0.0,0.0,0.0,0.0,19.0,0.0,0.0,0.0,0.0,24.0,0.0,1153855.0,0.0,1.0,1.0
473,0,1,650,650,512,512,0,0,16,0,32,64,__amd_rocclr_copyBuffer,20837740526586,20837740528951,474,25,96614.0,2146.0,0.0,41.0,0.0,0.0,0.0,0.0,0.0,20.0,0.0,0.0,0.0,0.0,24.0,0.0,1155237.0,0.0,1.0,1.0
474,0,1,650,650,512,512,0,0,16,0,32,64,__amd_rocclr_copyBuffer,20837740894862,20837740899793,475,25,103687.0,2146.0,0.0,46.0,0.0,0.0,0.0,0.0,0.0,42.0,0.0,0.0,0.0,0.0,24.0,0.0,1201006.0,0.0,1.0,10.0
475,0,1,650,650,512,512,0,0,16,0,32,64,__amd_rocclr_copyBuffer,20837741265303,20837741268150,476,25,98274.0,2146.0,0.0,41.0,0.0,0.0,0.0,0.0,0.0,19.0,0.0,0.0,0.0,0.0,24.0,0.0,1153681.0,0.0,1.0,1.0
476,0,1,650,650,512,512,0,0,16,0,32,64,__amd_rocclr_copyBuffer,20837741631334,20837741633740,477,25,93900.0,2146.0,0.0,41.0,0.0,0.0,0.0,0.0,0.0,21.0,0.0,0.0,0.0,0.0,24.0,0.0,1157647.0,0.0,1.0,1.0
477,0,1,650,650,512,512,0,0,16,0,32,64,__amd_rocclr_copyBuffer,20837742000453,20837742003419,478,25,102464.0,2146.0,0.0,41.0,0.0,0.0,0.0,0.0,0.0,27.0,0.0,0.0,0.0,0.0,24.0,0.0,1155481.0,0.0,1.0,1.0
478,0,1,650,650,1024,1024,0,0,16,0,32,64,__amd_rocclr_copyBuffer,20837742372658,20837742375905,479,25,96477.0,2146.0,0.0,83.0,0.0,0.0,0.0,0.0,0.0,83.0,0.0,0.0,0.0,0.0,24.0,0.0,1170348.0,0.0,1.0,4.0
479,0,1,650,650,512,512,0,0,16,0,32,64,__amd_rocclr_copyBuffer,20837742737646,20837742740092,480,25,94478.0,2146.0,0.0,41.0,0.0,0.0,0.0,0.0,0.0,11.0,0.0,0.0,0.0,0.0,24.0,0.0,1158077.0,0.0,1.0,1.0
480,0,1,650,650,512,512,0,0,16,0,32,64,__amd_rocclr_copyBuffer,20837743104319,20837743106684,481,25,94996.0,2146.0,0.0,41.0,0.0,0.0,0.0,0.0,0.0,7.0,0.0,0.0,0.0,0.0,24.0,0.0,1155633.0,0.0,1.0,1.0
481,0,1,650,650,512,512,0,0,16,0,32,64,__amd_rocclr_copyBuffer,20837743474078,20837743476364,482,25,93780.0,2146.0,0.0,41.0,0.0,0.0,0.0,0.0,0.0,21.0,0.0,0.0,0.0,0.0,24.0,0.0,1146957.0,0.0,1.0,2.0
482,0,1,650,650,512,512,0,0,16,0,32,64,__amd_rocclr_copyBuffer,20837743841272,20837743846484,483,25,105958.0,2146.0,0.0,46.0,0.0,0.0,0.0,0.0,0.0,19.0,0.0,0.0,0.0,0.0,24.0,0.0,1209077.0,0.0,1.0,10.0
483,0,1,650,650,512,512,0,0,16,0,32,64,__amd_rocclr_copyBuffer,20837744213076,20837744215442,484,25,96053.0,2146.0,0.0,41.0,0.0,0.0,0.0,0.0,0.0,26.0,0.0,0.0,0.0,0.0,24.0,0.0,1159447.0,0.0,1.0,1.0
484,0,1,650,650,512,512,0,0,16,0,32,64,__amd_rocclr_copyBuffer,20837744580270,20837744582675,485,25,95304.0,2146.0,0.0,41.0,0.0,0.0,0.0,0.0,0.0,19.0,0.0,0.0,0.0,0.0,24.0,0.0,1148633.0,0.0,1.0,1.0
485,0,1,650,650,512,512,0,0,16,0,32,64,__amd_rocclr_copyBuffer,20837744947424,20837744949669,486,25,97204.0,2146.0,0.0,41.0,0.0,0.0,0.0,0.0,0.0,7.0,0.0,0.0,0.0,0.0,24.0,0.0,1155403.0,0.0,1.0,2.0
486,0,1,650,650,1024,1024,0,0,16,0,32,64,__amd_rocclr_copyBuffer,20837745315339,20837745318787,487,25,95935.0,2146.0,0.0,83.0,0.0,0.0,0.0,0.0,0.0,106.0,0.0,0.0,0.0,0.0,24.0,0.0,1172801.0,0.0,1.0,6.0
487,0,1,650,650,512,512,0,0,16,0,32,64,__amd_rocclr_copyBuffer,20837745683014,20837745685499,488,25,94611.0,2146.0,0.0,41.0,0.0,0.0,0.0,0.0,0.0,5.0,0.0,0.0,0.0,0.0,24.0,0.0,1150673.0,0.0,1.0,1.0
488,0,1,650,650,512,512,0,0,16,0,32,64,__amd_rocclr_copyBuffer,20837746051330,20837746053776,489,25,96240.0,2146.0,0.0,41.0,0.0,0.0,0.0,0.0,0.0,4.0,0.0,0.0,0.0,0.0,24.0,0.0,1162689.0,0.0,1.0,1.0
489,0,1,650,650,512,512,0,0,16,0,32,64,__amd_rocclr_copyBuffer,20837746422613,20837746424898,490,25,92729.0,2146.0,0.0,41.0,0.0,0.0,0.0,0.0,0.0,17.0,0.0,0.0,0.0,0.0,24.0,0.0,1150716.0,0.0,1.0,2.0
490,0,1,650,650,512,512,0,0,16,0,32,64,__amd_rocclr_copyBuffer,20837746790969,20837746795981,491,25,100338.0,2146.0,0.0,46.0,0.0,0.0,0.0,0.0,0.0,18.0,0.0,0.0,0.0,0.0,24.0,0.0,1197278.0,0.0,1.0,12.0
491,0,1,650,650,512,512,0,0,16,0,32,64,__amd_rocclr_copyBuffer,20837747158524,20837747160889,492,25,96405.0,2146.0,0.0,41.0,0.0,0.0,0.0,0.0,0.0,20.0,0.0,0.0,0.0,0.0,24.0,0.0,1161273.0,0.0,1.0,2.0
492,0,1,650,650,512,512,0,0,16,0,32,64,__amd_rocclr_copyBuffer,20837747524755,20837747527041,493,25,95725.0,2146.0,0.0,41.0,0.0,0.0,0.0,0.0,0.0,6.0,0.0,0.0,0.0,0.0,24.0,0.0,1153927.0,0.0,1.0,2.0
493,0,1,650,650,512,512,0,0,16,0,32,64,__amd_rocclr_copyBuffer,20837747892350,20837747894635,494,25,95513.0,2146.0,0.0,41.0,0.0,0.0,0.0,0.0,0.0,21.0,0.0,0.0,0.0,0.0,24.0,0.0,1148904.0,0.0,1.0,2.0
494,0,1,650,650,1024,1024,0,0,16,0,32,64,__amd_rocclr_copyBuffer,20837748259544,20837748262871,495,25,99281.0,2146.0,0.0,83.0,0.0,0.0,0.0,0.0,0.0,69.0,0.0,0.0,0.0,0.0,24.0,0.0,1176449.0,0.0,1.0,6.0
495,0,1,650,650,512,512,0,0,16,0,32,64,__amd_rocclr_copyBuffer,20837748628942,20837748631308,496,25,94522.0,2146.0,0.0,41.0,0.0,0.0,0.0,0.0,0.0,24.0,0.0,0.0,0.0,0.0,24.0,0.0,1131413.0,0.0,1.0,2.0
496,0,1,650,650,512,512,0,0,16,0,32,64,__amd_rocclr_copyBuffer,20837748993771,20837748996176,497,25,95401.0,2146.0,0.0,41.0,0.0,0.0,0.0,0.0,0.0,21.0,0.0,0.0,0.0,0.0,24.0,0.0,1128749.0,0.0,1.0,2.0
497,0,1,650,650,512,512,0,0,16,0,32,64,__amd_rocclr_copyBuffer,20837749367138,20837749369424,498,25,97659.0,2146.0,0.0,41.0,0.0,0.0,0.0,0.0,0.0,21.0,0.0,0.0,0.0,0.0,24.0,0.0,1155347.0,0.0,1.0,2.0
