Dispatch_ID,GPU_ID,Queue_ID,PID,TID,Grid_Size,Workgroup_Size,LDS_Per_Workgroup,Scratch_Per_Workitem,Arch_VGPR,Accum_VGPR,SGPR,Wave_Size,Kernel_Name,Start_Timestamp,End_Timestamp,Correlation_ID,Kernel_ID,CPC_CPC_TCIU_IDLE,CPC_UTCL1_STALL_ON_TRANSLATION,CPF_CPF_STAT_STALL,SQC_TC_STALL,SQ_INSTS_BRANCH,SQ_INSTS_SALU,SQ_INSTS_SMEM,SQ_INSTS_VALU_MFMA_BF16,SQ_INST_LEVEL_VMEM,SQ_ACCUM_PREV_HIRES,SQ_LDS_IDX_ACTIVE,TA_BUFFER_ATOMIC_WAVEFRONTS_sum,TA_FLAT_READ_WAVEFRONTS_sum,TCC_BUSY_sum,TCC_NORMAL_EVICT_sum,TCC_READ[0],TCC_READ[100],TCC_READ[101],TCC_READ[102],TCC_READ[103],TCC_READ[104],TCC_READ[105],TCC_READ[106],TCC_READ[107],TCC_READ[108],TCC_READ[109],TCC_READ[10],TCC_READ[110],TCC_READ[111],TCC_READ[112],TCC_READ[113],TCC_READ[114],TCC_READ[115],TCC_READ[116],TCC_READ[117],TCC_READ[118],TCC_READ[119],TCC_READ[11],TCC_READ[120],TCC_READ[121],TCC_READ[122],TCC_READ[123],TCC_READ[124],TCC_READ[125],TCC_READ[126],TCC_READ[127],TCC_READ[12],TCC_READ[13],TCC_READ[14],TCC_READ[15],TCC_READ[16],TCC_READ[17],TCC_READ[18],TCC_READ[19],TCC_READ[1],TCC_READ[20],TCC_READ[21],TCC_READ[22],TCC_READ[23],TCC_READ[24],TCC_READ[25],TCC_READ[26],TCC_READ[27],TCC_READ[28],TCC_READ[29],TCC_READ[2],TCC_READ[30],TCC_READ[31],TCC_READ[32],TCC_READ[33],TCC_READ[34],TCC_READ[35],TCC_READ[36],TCC_READ[37],TCC_READ[38],TCC_READ[39],TCC_READ[3],TCC_READ[40],TCC_READ[41],TCC_READ[42],TCC_READ[43],TCC_READ[44],TCC_READ[45],TCC_READ[46],TCC_READ[47],TCC_READ[48],TCC_READ[49],TCC_READ[4],TCC_READ[50],TCC_READ[51],TCC_READ[52],TCC_READ[53],TCC_READ[54],TCC_READ[55],TCC_READ[56],TCC_READ[57],TCC_READ[58],TCC_READ[59],TCC_READ[5],TCC_READ[60],TCC_READ[61],TCC_READ[62],TCC_READ[63],TCC_READ[64],TCC_READ[65],TCC_READ[66],TCC_READ[67],TCC_READ[68],TCC_READ[69],TCC_READ[6],TCC_READ[70],TCC_READ[71],TCC_READ[72],TCC_READ[73],TCC_READ[74],TCC_READ[75],TCC_READ[76],TCC_READ[77],TCC_READ[78],TCC_READ[79],TCC_READ[7],TCC_READ[80],TCC_READ[81],TCC_READ[82],TCC_READ[83],TCC_READ[84],TCC_READ[85],TCC_READ[86],TCC_READ[87],TCC_READ[88],TCC_READ[89],TCC_READ[8],TCC_READ[90],TCC_READ[91],TCC_READ[92],TCC_READ[93],TCC_READ[94],TCC_READ[95],TCC_READ[96],TCC_READ[97],TCC_READ[98],TCC_READ[99],TCC_READ[9],TCC_WRITE[0],TCC_WRITE[100],TCC_WRITE[101],TCC_WRITE[102],TCC_WRITE[103],TCC_WRITE[104],TCC_WRITE[105],TCC_WRITE[106],TCC_WRITE[107],TCC_WRITE[108],TCC_WRITE[109],TCC_WRITE[10],TCC_WRITE[110],TCC_WRITE[111],TCC_WRITE[112],TCC_WRITE[113],TCC_WRITE[114],TCC_WRITE[115],TCC_WRITE[116],TCC_WRITE[117],TCC_WRITE[118],TCC_WRITE[119],TCC_WRITE[11],TCC_WRITE[120],TCC_WRITE[121],TCC_WRITE[122],TCC_WRITE[123],TCC_WRITE[124],TCC_WRITE[125],TCC_WRITE[126],TCC_WRITE[127],TCC_WRITE[12],TCC_WRITE[13],TCC_WRITE[14],TCC_WRITE[15],TCC_WRITE[16],TCC_WRITE[17],TCC_WRITE[18],TCC_WRITE[19],TCC_WRITE[1],TCC_WRITE[20],TCC_WRITE[21],TCC_WRITE[22],TCC_WRITE[23],TCC_WRITE[24],TCC_WRITE[25],TCC_WRITE[26],TCC_WRITE[27],TCC_WRITE[28],TCC_WRITE[29],TCC_WRITE[2],TCC_WRITE[30],TCC_WRITE[31],TCC_WRITE[32],TCC_WRITE[33],TCC_WRITE[34],TCC_WRITE[35],TCC_WRITE[36],TCC_WRITE[37],TCC_WRITE[38],TCC_WRITE[39],TCC_WRITE[3],TCC_WRITE[40],TCC_WRITE[41],TCC_WRITE[42],TCC_WRITE[43],TCC_WRITE[44],TCC_WRITE[45],TCC_WRITE[46],TCC_WRITE[47],TCC_WRITE[48],TCC_WRITE[49],TCC_WRITE[4],TCC_WRITE[50],TCC_WRITE[51],TCC_WRITE[52],TCC_WRITE[53],TCC_WRITE[54],TCC_WRITE[55],TCC_WRITE[56],TCC_WRITE[57],TCC_WRITE[58],TCC_WRITE[59],TCC_WRITE[5],TCC_WRITE[60],TCC_WRITE[61],TCC_WRITE[62],TCC_WRITE[63],TCC_WRITE[64],TCC_WRITE[65],TCC_WRITE[66],TCC_WRITE[67],TCC_WRITE[68],TCC_WRITE[69],TCC_WRITE[6],TCC_WRITE[70],TCC_WRITE[71],TCC_WRITE[72],TCC_WRITE[73],TCC_WRITE[74],TCC_WRITE[75],TCC_WRITE[76],TCC_WRITE[77],TCC_WRITE[78],TCC_WRITE[79],TCC_WRITE[7],TCC_WRITE[80],TCC_WRITE[81],TCC_WRITE[82],TCC_WRITE[83],TCC_WRITE[84],TCC_WRITE[85],TCC_WRITE[86],TCC_WRITE[87],TCC_WRITE[88],TCC_WRITE[89],TCC_WRITE[8],TCC_WRITE[90],TCC_WRITE[91],TCC_WRITE[92],TCC_WRITE[93],TCC_WRITE[94],TCC_WRITE[95],TCC_WRITE[96],TCC_WRITE[97],TCC_WRITE[98],TCC_WRITE[99],TCC_WRITE[9],TCP_READ_TAGCONFLICT_STALL_CYCLES_sum,TCP_TCC_CC_WRITE_REQ_sum,TCP_TCC_WRITE_REQ_sum,TCP_UTCL1_TRANSLATION_MISS_sum,TD_COALESCABLE_WAVEFRONT_sum
0,0,1,695,695,622592,256,0,0,56,0,48,64,"void at::native::(anonymous namespace)::distribution_elementwise_grid_stride_kernel<float, 4, at::native::templates::cuda::normal_and_transform<c10::Half, float, at::CUDAGeneratorImpl*, at::native::templates::cuda::normal_kernel<at::CUDAGeneratorImpl*>(at::TensorBase const&, double, double, at::CUDAGeneratorImpl*)::{lambda()#1}::operator()() const::{lambda()#3}::operator()() const::{lambda(float)#1}>(at::TensorIteratorBase&, at::CUDAGeneratorImpl*, at::native::templates::cuda::normal_kernel<at::CUDAGeneratorImpl*>(at::TensorBase const&, double, double, at::CUDAGeneratorImpl*)::{lambda()#1}::operator()() const::{lambda()#3}::operator()() const::{lambda(float)#1})::{lambda(hiprandStatePhilox4_32_10*)#2}, at::native::(anonymous namespace)::distribution_nullary_kernel<c10::Half, float, HIP_vector_type<float, 4u>, at::CUDAGeneratorImpl*, at::native::templates::cuda::normal_and_transform<c10::Half, float, at::CUDAGeneratorImpl*, at::native::templates::cuda::normal_kernel<at::CUDAGeneratorImpl*>(at::TensorBase const&, double, double, at::CUDAGeneratorImpl*)::{lambda()#1}::operator()() const::{lambda()#3}::operator()() const::{lambda(float)#1}>(at::TensorIteratorBase&, at::CUDAGeneratorImpl*, at::native::templates::cuda::normal_kernel<at::CUDAGeneratorImpl*>(at::TensorBase const&, double, double, at::CUDAGeneratorImpl*)::{lambda()#1}::operator()() const::{lambda()#3}::operator()() const::{lambda(float)#1})::{lambda(hiprandStatePhilox4_32_10*)#2}, at::native::templates::cuda::normal_kernel<at::CUDAGeneratorImpl*>(at::TensorBase const&, double, double, at::CUDAGeneratorImpl*)::{lambda()#1}::operator()() const::{lambda()#3}::operator()() const::{lambda(float)#1}>(at::TensorIteratorBase&, at::CUDAGeneratorImpl*, at::native::templates::cuda::normal_and_transform<c10::Half, float, at::CUDAGeneratorImpl*, at::native::templates::cuda::normal_kernel<at::CUDAGeneratorImpl*>(at::TensorBase const&, double, double, at::CUDAGeneratorImpl*)::{lambda()#1}::operator()() const::{lambda()#3}::operator()() const::{lambda(float)#1}>(at::TensorIteratorBase&, at::CUDAGeneratorImpl*, at::native::templates::cuda::normal_kernel<at::CUDAGeneratorImpl*>(at::TensorBase const&, double, double, at::CUDAGeneratorImpl*)::{lambda()#1}::operator()() const::{lambda()#3}::operator()() const::{lambda(float)#1})::{lambda(hiprandStatePhilox4_32_10*)#2} const&, at::native::templates::cuda::normal_kernel<at::CUDAGeneratorImpl*>(at::TensorBase const&, double, double, at::CUDAGeneratorImpl*)::{lambda()#1}::operator()() const::{lambda()#3}::operator()() const::{lambda(float)#1})::{lambda(int, float)#1}>(long, at::PhiloxCudaState, at::native::templates::cuda::normal_and_transform<c10::Half, float, at::CUDAGeneratorImpl*, at::native::templates::cuda::normal_kernel<at::CUDAGeneratorImpl*>(at::TensorBase const&, double, double, at::CUDAGeneratorImpl*)::{lambda()#1}::operator()() const::{lambda()#3}::operator()() const::{lambda(float)#1}>(at::TensorIteratorBase&, at::CUDAGeneratorImpl*, at::native::templates::cuda::normal_kernel<at::CUDAGeneratorImpl*>(at::TensorBase const&, double, double, at::CUDAGeneratorImpl*)::{lambda()#1}::operator()() const::{lambda()#3}::operator()() const::{lambda(float)#1})::{lambda(hiprandStatePhilox4_32_10*)#2}, at::native::(anonymous namespace)::distribution_nullary_kernel<c10::Half, float, HIP_vector_type<float, 4u>, at::CUDAGeneratorImpl*, at::native::templates::cuda::normal_and_transform<c10::Half, float, at::CUDAGeneratorImpl*, at::native::templates::cuda::normal_kernel<at::CUDAGeneratorImpl*>(at::TensorBase const&, double, double, at::CUDAGeneratorImpl*)::{lambda()#1}::operator()() const::{lambda()#3}::operator()() const::{lambda(float)#1}>(at::TensorIteratorBase&, at::CUDAGeneratorImpl*, at::native::templates::cuda::normal_kernel<at::CUDAGeneratorImpl*>(at::TensorBase const&, double, double, at::CUDAGeneratorImpl*)::{lambda()#1}::operator()() const::{lambda()#3}::operator()() const::{lambda(float)#1})::{lambda(hiprandStatePhilox4_32_10*)#2}, at::native::templates::cuda::normal_kernel<at::CUDAGeneratorImpl*>(at::TensorBase const&, double, double, at::CUDAGeneratorImpl*)::{lambda()#1}::operator()() const::{lambda()#3}::operator()() const::{lambda(float)#1}>(at::TensorIteratorBase&, at::CUDAGeneratorImpl*, at::native::templates::cuda::normal_and_transform<c10::Half, float, at::CUDAGeneratorImpl*, at::native::templates::cuda::normal_kernel<at::CUDAGeneratorImpl*>(at::TensorBase const&, double, double, at::CUDAGeneratorImpl*)::{lambda()#1}::operator()() const::{lambda()#3}::operator()() const::{lambda(float)#1}>(at::TensorIteratorBase&, at::CUDAGeneratorImpl*, at::native::templates::cuda::normal_kernel<at::CUDAGeneratorImpl*>(at::TensorBase const&, double, double, at::CUDAGeneratorImpl*)::{lambda()#1}::operator()() const::{lambda()#3}::operator()() const::{lambda(float)#1})::{lambda(hiprandStatePhilox4_32_10*)#2} const&, at::native::templates::cuda::normal_kernel<at::CUDAGeneratorImpl*>(at::TensorBase const&, double, double, at::CUDAGeneratorImpl*)::{lambda()#1}::operator()() const::{lambda()#3}::operator()() const::{lambda(float)#1})::{lambda(int, float)#1})",158974373592451,158974373600549,1,16,259817.0,9542.0,9334.0,0.0,116736.0,924160.0,68096.0,0.0,5280236.0,5280236.0,0.0,0.0,0.0,670072.0,0.0,80.0,82.0,80.0,81.0,81.0,80.0,83.0,80.0,80.0,80.0,80.0,60.0,80.0,120.0,80.0,83.0,80.0,80.0,80.0,80.0,80.0,120.0,80.0,82.0,80.0,60.0,80.0,82.0,80.0,81.0,81.0,82.0,80.0,81.0,81.0,81.0,80.0,60.0,80.0,83.0,82.0,80.0,81.0,81.0,80.0,83.0,80.0,80.0,80.0,80.0,80.0,80.0,120.0,80.0,83.0,80.0,80.0,80.0,80.0,80.0,120.0,80.0,81.0,80.0,60.0,80.0,82.0,80.0,81.0,81.0,81.0,80.0,80.0,60.0,80.0,82.0,80.0,81.0,81.0,80.0,83.0,80.0,80.0,80.0,80.0,80.0,80.0,120.0,81.0,80.0,60.0,80.0,82.0,80.0,80.0,81.0,81.0,80.0,83.0,80.0,80.0,80.0,80.0,80.0,120.0,120.0,80.0,83.0,80.0,80.0,80.0,80.0,80.0,120.0,81.0,80.0,81.0,60.0,80.0,82.0,80.0,81.0,81.0,81.0,80.0,60.0,80.0,80.0,256.0,256.0,256.0,256.0,256.0,256.0,256.0,256.0,256.0,256.0,256.0,256.0,256.0,256.0,256.0,256.0,256.0,256.0,256.0,256.0,256.0,256.0,256.0,256.0,256.0,256.0,256.0,256.0,256.0,256.0,256.0,256.0,256.0,256.0,256.0,256.0,256.0,256.0,256.0,256.0,256.0,256.0,256.0,256.0,256.0,256.0,256.0,256.0,256.0,256.0,256.0,256.0,256.0,256.0,256.0,256.0,256.0,256.0,256.0,256.0,256.0,256.0,256.0,256.0,256.0,256.0,256.0,256.0,256.0,256.0,256.0,256.0,256.0,256.0,256.0,256.0,256.0,256.0,256.0,256.0,256.0,256.0,256.0,256.0,256.0,256.0,256.0,256.0,256.0,256.0,256.0,256.0,256.0,256.0,256.0,256.0,256.0,256.0,256.0,256.0,256.0,256.0,256.0,256.0,256.0,256.0,256.0,256.0,256.0,256.0,256.0,256.0,256.0,256.0,256.0,256.0,256.0,256.0,256.0,256.0,256.0,256.0,256.0,256.0,256.0,256.0,256.0,256.0,0.0,0.0,32768.0,304.0,16384.0
1,0,1,695,695,622592,256,0,0,56,0,48,64,"void at::native::(anonymous namespace)::distribution_elementwise_grid_stride_kernel<float, 4, at::native::templates::cuda::normal_and_transform<c10::Half, float, at::CUDAGeneratorImpl*, at::native::templates::cuda::normal_kernel<at::CUDAGeneratorImpl*>(at::TensorBase const&, double, double, at::CUDAGeneratorImpl*)::{lambda()#1}::operator()() const::{lambda()#3}::operator()() const::{lambda(float)#1}>(at::TensorIteratorBase&, at::CUDAGeneratorImpl*, at::native::templates::cuda::normal_kernel<at::CUDAGeneratorImpl*>(at::TensorBase const&, double, double, at::CUDAGeneratorImpl*)::{lambda()#1}::operator()() const::{lambda()#3}::operator()() const::{lambda(float)#1})::{lambda(hiprandStatePhilox4_32_10*)#2}, at::native::(anonymous namespace)::distribution_nullary_kernel<c10::Half, float, HIP_vector_type<float, 4u>, at::CUDAGeneratorImpl*, at::native::templates::cuda::normal_and_transform<c10::Half, float, at::CUDAGeneratorImpl*, at::native::templates::cuda::normal_kernel<at::CUDAGeneratorImpl*>(at::TensorBase const&, double, double, at::CUDAGeneratorImpl*)::{lambda()#1}::operator()() const::{lambda()#3}::operator()() const::{lambda(float)#1}>(at::TensorIteratorBase&, at::CUDAGeneratorImpl*, at::native::templates::cuda::normal_kernel<at::CUDAGeneratorImpl*>(at::TensorBase const&, double, double, at::CUDAGeneratorImpl*)::{lambda()#1}::operator()() const::{lambda()#3}::operator()() const::{lambda(float)#1})::{lambda(hiprandStatePhilox4_32_10*)#2}, at::native::templates::cuda::normal_kernel<at::CUDAGeneratorImpl*>(at::TensorBase const&, double, double, at::CUDAGeneratorImpl*)::{lambda()#1}::operator()() const::{lambda()#3}::operator()() const::{lambda(float)#1}>(at::TensorIteratorBase&, at::CUDAGeneratorImpl*, at::native::templates::cuda::normal_and_transform<c10::Half, float, at::CUDAGeneratorImpl*, at::native::templates::cuda::normal_kernel<at::CUDAGeneratorImpl*>(at::TensorBase const&, double, double, at::CUDAGeneratorImpl*)::{lambda()#1}::operator()() const::{lambda()#3}::operator()() const::{lambda(float)#1}>(at::TensorIteratorBase&, at::CUDAGeneratorImpl*, at::native::templates::cuda::normal_kernel<at::CUDAGeneratorImpl*>(at::TensorBase const&, double, double, at::CUDAGeneratorImpl*)::{lambda()#1}::operator()() const::{lambda()#3}::operator()() const::{lambda(float)#1})::{lambda(hiprandStatePhilox4_32_10*)#2} const&, at::native::templates::cuda::normal_kernel<at::CUDAGeneratorImpl*>(at::TensorBase const&, double, double, at::CUDAGeneratorImpl*)::{lambda()#1}::operator()() const::{lambda()#3}::operator()() const::{lambda(float)#1})::{lambda(int, float)#1}>(long, at::PhiloxCudaState, at::native::templates::cuda::normal_and_transform<c10::Half, float, at::CUDAGeneratorImpl*, at::native::templates::cuda::normal_kernel<at::CUDAGeneratorImpl*>(at::TensorBase const&, double, double, at::CUDAGeneratorImpl*)::{lambda()#1}::operator()() const::{lambda()#3}::operator()() const::{lambda(float)#1}>(at::TensorIteratorBase&, at::CUDAGeneratorImpl*, at::native::templates::cuda::normal_kernel<at::CUDAGeneratorImpl*>(at::TensorBase const&, double, double, at::CUDAGeneratorImpl*)::{lambda()#1}::operator()() const::{lambda()#3}::operator()() const::{lambda(float)#1})::{lambda(hiprandStatePhilox4_32_10*)#2}, at::native::(anonymous namespace)::distribution_nullary_kernel<c10::Half, float, HIP_vector_type<float, 4u>, at::CUDAGeneratorImpl*, at::native::templates::cuda::normal_and_transform<c10::Half, float, at::CUDAGeneratorImpl*, at::native::templates::cuda::normal_kernel<at::CUDAGeneratorImpl*>(at::TensorBase const&, double, double, at::CUDAGeneratorImpl*)::{lambda()#1}::operator()() const::{lambda()#3}::operator()() const::{lambda(float)#1}>(at::TensorIteratorBase&, at::CUDAGeneratorImpl*, at::native::templates::cuda::normal_kernel<at::CUDAGeneratorImpl*>(at::TensorBase const&, double, double, at::CUDAGeneratorImpl*)::{lambda()#1}::operator()() const::{lambda()#3}::operator()() const::{lambda(float)#1})::{lambda(hiprandStatePhilox4_32_10*)#2}, at::native::templates::cuda::normal_kernel<at::CUDAGeneratorImpl*>(at::TensorBase const&, double, double, at::CUDAGeneratorImpl*)::{lambda()#1}::operator()() const::{lambda()#3}::operator()() const::{lambda(float)#1}>(at::TensorIteratorBase&, at::CUDAGeneratorImpl*, at::native::templates::cuda::normal_and_transform<c10::Half, float, at::CUDAGeneratorImpl*, at::native::templates::cuda::normal_kernel<at::CUDAGeneratorImpl*>(at::TensorBase const&, double, double, at::CUDAGeneratorImpl*)::{lambda()#1}::operator()() const::{lambda()#3}::operator()() const::{lambda(float)#1}>(at::TensorIteratorBase&, at::CUDAGeneratorImpl*, at::native::templates::cuda::normal_kernel<at::CUDAGeneratorImpl*>(at::TensorBase const&, double, double, at::CUDAGeneratorImpl*)::{lambda()#1}::operator()() const::{lambda()#3}::operator()() const::{lambda(float)#1})::{lambda(hiprandStatePhilox4_32_10*)#2} const&, at::native::templates::cuda::normal_kernel<at::CUDAGeneratorImpl*>(at::TensorBase const&, double, double, at::CUDAGeneratorImpl*)::{lambda()#1}::operator()() const::{lambda()#3}::operator()() const::{lambda(float)#1})::{lambda(int, float)#1})",158974374060712,158974374068570,2,16,248920.0,1187.0,8571.0,0.0,116736.0,924160.0,68096.0,0.0,4120545.0,4120545.0,0.0,0.0,0.0,694374.0,0.0,80.0,80.0,81.0,80.0,80.0,80.0,81.0,80.0,80.0,80.0,80.0,60.0,120.0,80.0,80.0,81.0,80.0,80.0,80.0,80.0,120.0,80.0,80.0,80.0,80.0,60.0,80.0,80.0,81.0,80.0,80.0,80.0,81.0,80.0,80.0,80.0,80.0,60.0,80.0,81.0,80.0,81.0,80.0,80.0,80.0,81.0,80.0,80.0,80.0,80.0,80.0,120.0,80.0,80.0,81.0,80.0,80.0,80.0,80.0,120.0,80.0,80.0,80.0,80.0,60.0,80.0,80.0,81.0,80.0,80.0,80.0,80.0,80.0,60.0,80.0,80.0,81.0,80.0,80.0,80.0,81.0,80.0,80.0,80.0,80.0,80.0,120.0,80.0,80.0,80.0,60.0,80.0,80.0,81.0,120.0,80.0,80.0,80.0,81.0,80.0,80.0,80.0,80.0,120.0,80.0,80.0,80.0,81.0,80.0,80.0,80.0,80.0,120.0,80.0,80.0,80.0,80.0,60.0,80.0,80.0,81.0,80.0,80.0,80.0,80.0,60.0,80.0,80.0,256.0,256.0,256.0,256.0,256.0,256.0,256.0,256.0,256.0,256.0,256.0,256.0,256.0,256.0,256.0,256.0,256.0,256.0,256.0,256.0,256.0,256.0,256.0,256.0,256.0,256.0,256.0,256.0,256.0,256.0,256.0,256.0,256.0,256.0,256.0,256.0,256.0,256.0,256.0,256.0,256.0,256.0,256.0,256.0,256.0,256.0,256.0,256.0,256.0,256.0,256.0,256.0,256.0,256.0,256.0,256.0,256.0,256.0,256.0,256.0,256.0,256.0,256.0,256.0,256.0,256.0,256.0,256.0,256.0,256.0,256.0,256.0,256.0,256.0,256.0,256.0,256.0,256.0,256.0,256.0,256.0,256.0,256.0,256.0,256.0,256.0,256.0,256.0,256.0,256.0,256.0,256.0,256.0,256.0,256.0,256.0,256.0,256.0,256.0,256.0,256.0,256.0,256.0,256.0,256.0,256.0,256.0,256.0,256.0,256.0,256.0,256.0,256.0,256.0,256.0,256.0,256.0,256.0,256.0,256.0,256.0,256.0,256.0,256.0,256.0,256.0,256.0,256.0,0.0,0.0,32768.0,304.0,16384.0
2,0,1,695,695,1024,256,0,0,56,0,48,64,"void at::native::(anonymous namespace)::distribution_elementwise_grid_stride_kernel<float, 4, at::native::templates::cuda::normal_and_transform<c10::Half, float, at::CUDAGeneratorImpl*, at::native::templates::cuda::normal_kernel<at::CUDAGeneratorImpl*>(at::TensorBase const&, double, double, at::CUDAGeneratorImpl*)::{lambda()#1}::operator()() const::{lambda()#3}::operator()() const::{lambda(float)#1}>(at::TensorIteratorBase&, at::CUDAGeneratorImpl*, at::native::templates::cuda::normal_kernel<at::CUDAGeneratorImpl*>(at::TensorBase const&, double, double, at::CUDAGeneratorImpl*)::{lambda()#1}::operator()() const::{lambda()#3}::operator()() const::{lambda(float)#1})::{lambda(hiprandStatePhilox4_32_10*)#2}, at::native::(anonymous namespace)::distribution_nullary_kernel<c10::Half, float, HIP_vector_type<float, 4u>, at::CUDAGeneratorImpl*, at::native::templates::cuda::normal_and_transform<c10::Half, float, at::CUDAGeneratorImpl*, at::native::templates::cuda::normal_kernel<at::CUDAGeneratorImpl*>(at::TensorBase const&, double, double, at::CUDAGeneratorImpl*)::{lambda()#1}::operator()() const::{lambda()#3}::operator()() const::{lambda(float)#1}>(at::TensorIteratorBase&, at::CUDAGeneratorImpl*, at::native::templates::cuda::normal_kernel<at::CUDAGeneratorImpl*>(at::TensorBase const&, double, double, at::CUDAGeneratorImpl*)::{lambda()#1}::operator()() const::{lambda()#3}::operator()() const::{lambda(float)#1})::{lambda(hiprandStatePhilox4_32_10*)#2}, at::native::templates::cuda::normal_kernel<at::CUDAGeneratorImpl*>(at::TensorBase const&, double, double, at::CUDAGeneratorImpl*)::{lambda()#1}::operator()() const::{lambda()#3}::operator()() const::{lambda(float)#1}>(at::TensorIteratorBase&, at::CUDAGeneratorImpl*, at::native::templates::cuda::normal_and_transform<c10::Half, float, at::CUDAGeneratorImpl*, at::native::templates::cuda::normal_kernel<at::CUDAGeneratorImpl*>(at::TensorBase const&, double, double, at::CUDAGeneratorImpl*)::{lambda()#1}::operator()() const::{lambda()#3}::operator()() const::{lambda(float)#1}>(at::TensorIteratorBase&, at::CUDAGeneratorImpl*, at::native::templates::cuda::normal_kernel<at::CUDAGeneratorImpl*>(at::TensorBase const&, double, double, at::CUDAGeneratorImpl*)::{lambda()#1}::operator()() const::{lambda()#3}::operator()() const::{lambda(float)#1})::{lambda(hiprandStatePhilox4_32_10*)#2} const&, at::native::templates::cuda::normal_kernel<at::CUDAGeneratorImpl*>(at::TensorBase const&, double, double, at::CUDAGeneratorImpl*)::{lambda()#1}::operator()() const::{lambda()#3}::operator()() const::{lambda(float)#1})::{lambda(int, float)#1}>(long, at::PhiloxCudaState, at::native::templates::cuda::normal_and_transform<c10::Half, float, at::CUDAGeneratorImpl*, at::native::templates::cuda::normal_kernel<at::CUDAGeneratorImpl*>(at::TensorBase const&, double, double, at::CUDAGeneratorImpl*)::{lambda()#1}::operator()() const::{lambda()#3}::operator()() const::{lambda(float)#1}>(at::TensorIteratorBase&, at::CUDAGeneratorImpl*, at::native::templates::cuda::normal_kernel<at::CUDAGeneratorImpl*>(at::TensorBase const&, double, double, at::CUDAGeneratorImpl*)::{lambda()#1}::operator()() const::{lambda()#3}::operator()() const::{lambda(float)#1})::{lambda(hiprandStatePhilox4_32_10*)#2}, at::native::(anonymous namespace)::distribution_nullary_kernel<c10::Half, float, HIP_vector_type<float, 4u>, at::CUDAGeneratorImpl*, at::native::templates::cuda::normal_and_transform<c10::Half, float, at::CUDAGeneratorImpl*, at::native::templates::cuda::normal_kernel<at::CUDAGeneratorImpl*>(at::TensorBase const&, double, double, at::CUDAGeneratorImpl*)::{lambda()#1}::operator()() const::{lambda()#3}::operator()() const::{lambda(float)#1}>(at::TensorIteratorBase&, at::CUDAGeneratorImpl*, at::native::templates::cuda::normal_kernel<at::CUDAGeneratorImpl*>(at::TensorBase const&, double, double, at::CUDAGeneratorImpl*)::{lambda()#1}::operator()() const::{lambda()#3}::operator()() const::{lambda(float)#1})::{lambda(hiprandStatePhilox4_32_10*)#2}, at::native::templates::cuda::normal_kernel<at::CUDAGeneratorImpl*>(at::TensorBase const&, double, double, at::CUDAGeneratorImpl*)::{lambda()#1}::operator()() const::{lambda()#3}::operator()() const::{lambda(float)#1}>(at::TensorIteratorBase&, at::CUDAGeneratorImpl*, at::native::templates::cuda::normal_and_transform<c10::Half, float, at::CUDAGeneratorImpl*, at::native::templates::cuda::normal_kernel<at::CUDAGeneratorImpl*>(at::TensorBase const&, double, double, at::CUDAGeneratorImpl*)::{lambda()#1}::operator()() const::{lambda()#3}::operator()() const::{lambda(float)#1}>(at::TensorIteratorBase&, at::CUDAGeneratorImpl*, at::native::templates::cuda::normal_kernel<at::CUDAGeneratorImpl*>(at::TensorBase const&, double, double, at::CUDAGeneratorImpl*)::{lambda()#1}::operator()() const::{lambda()#3}::operator()() const::{lambda(float)#1})::{lambda(hiprandStatePhilox4_32_10*)#2} const&, at::native::templates::cuda::normal_kernel<at::CUDAGeneratorImpl*>(at::TensorBase const&, double, double, at::CUDAGeneratorImpl*)::{lambda()#1}::operator()() const::{lambda()#3}::operator()() const::{lambda(float)#1})::{lambda(int, float)#1})",158974374456611,158974374460219,3,16,171957.0,1184.0,8440.0,0.0,192.0,1520.0,112.0,0.0,12932.0,12932.0,0.0,0.0,0.0,212437.0,0.0,4.0,4.0,4.0,4.0,6.0,4.0,5.0,4.0,4.0,6.0,4.0,3.0,4.0,4.0,4.0,5.0,4.0,4.0,6.0,4.0,4.0,4.0,4.0,4.0,4.0,3.0,4.0,4.0,4.0,4.0,6.0,4.0,4.0,4.0,6.0,4.0,4.0,3.0,4.0,5.0,4.0,4.0,4.0,6.0,4.0,5.0,4.0,4.0,6.0,4.0,4.0,4.0,4.0,0.0,1.0,0.0,0.0,0.0,0.0,0.0,0.0,4.0,0.0,0.0,0.0,0.0,0.0,0.0,0.0,1.0,0.0,0.0,6.0,0.0,0.0,0.0,0.0,0.0,1.0,0.0,1.0,0.0,0.0,4.0,0.0,0.0,0.0,0.0,0.0,0.0,0.0,0.0,0.0,0.0,4.0,0.0,1.0,0.0,1.0,0.0,0.0,0.0,0.0,0.0,0.0,4.0,0.0,1.0,0.0,0.0,0.0,0.0,0.0,0.0,0.0,0.0,4.0,0.0,0.0,0.0,0.0,0.0,1.0,4.0,4.0,3.0,4.0,4.0,0.0,0.0,0.0,0.0,0.0,0.0,0.0,0.0,0.0,0.0,0.0,0.0,4.0,4.0,0.0,0.0,0.0,0.0,4.0,4.0,0.0,0.0,0.0,0.0,0.0,0.0,0.0,0.0,0.0,0.0,0.0,0.0,0.0,0.0,0.0,0.0,0.0,0.0,0.0,0.0,0.0,0.0,0.0,0.0,4.0,4.0,0.0,0.0,0.0,0.0,4.0,0.0,0.0,0.0,0.0,0.0,0.0,0.0,0.0,0.0,0.0,4.0,0.0,0.0,0.0,0.0,0.0,0.0,0.0,0.0,0.0,0.0,0.0,0.0,0.0,0.0,0.0,0.0,0.0,0.0,0.0,0.0,0.0,0.0,0.0,0.0,0.0,0.0,0.0,0.0,0.0,0.0,0.0,0.0,0.0,0.0,0.0,0.0,0.0,0.0,0.0,0.0,0.0,0.0,0.0,0.0,0.0,0.0,0.0,0.0,0.0,0.0,0.0,0.0,0.0,0.0,0.0,0.0,0.0,0.0,0.0,0.0,0.0,0.0,0.0,0.0,0.0,0.0,0.0,0.0,32.0,4.0,16.0
3,0,1,695,695,16384,256,0,0,16,192,48,64,matmulbias_kernel,158974742238616,158974742273294,4,27,732021.0,10194.0,608.0,0.0,4864.0,80128.0,0.0,0.0,53639862.0,53639862.0,786432.0,0.0,0.0,5122318.0,0.0,2134.0,2104.0,2104.0,2132.0,2133.0,2134.0,2135.0,2134.0,2134.0,2134.0,2134.0,2132.0,2134.0,2106.0,2110.0,2111.0,2110.0,2110.0,2110.0,2110.0,2110.0,2090.0,2132.0,2109.0,2108.0,2108.0,2108.0,2088.0,2088.0,2108.0,2109.0,2104.0,2104.0,2132.0,2133.0,2133.0,2132.0,2132.0,2132.0,2135.0,2104.0,2104.0,2132.0,2133.0,2134.0,2135.0,2134.0,2134.0,2134.0,2134.0,2134.0,2134.0,2106.0,2110.0,2111.0,2110.0,2110.0,2110.0,2110.0,2110.0,2090.0,2134.0,2109.0,2108.0,2108.0,2108.0,2088.0,2088.0,2108.0,2110.0,2121.0,2120.0,2134.0,2120.0,2120.0,2096.0,2096.0,2120.0,2122.0,2122.0,2123.0,2122.0,2122.0,2134.0,2122.0,2122.0,2122.0,2098.0,2109.0,2108.0,2108.0,2108.0,2088.0,2088.0,2134.0,2108.0,2110.0,2110.0,2111.0,2110.0,2110.0,2110.0,2110.0,2110.0,2090.0,2106.0,2110.0,2111.0,2110.0,2110.0,2110.0,2110.0,2110.0,2090.0,2109.0,2108.0,2133.0,2108.0,2108.0,2088.0,2088.0,2108.0,2110.0,2133.0,2132.0,2132.0,2132.0,2132.0,1024.0,1024.0,1024.0,1024.0,1024.0,1024.0,1024.0,1024.0,1024.0,1024.0,1024.0,1024.0,1024.0,1024.0,1024.0,1024.0,1024.0,1024.0,1024.0,1024.0,1024.0,1024.0,1024.0,1024.0,1024.0,1024.0,1024.0,1024.0,1024.0,1024.0,1024.0,1024.0,1024.0,1024.0,1024.0,1024.0,1024.0,1024.0,1024.0,1024.0,1024.0,1024.0,1024.0,1024.0,1024.0,1024.0,1024.0,1024.0,1024.0,1024.0,1024.0,1024.0,1024.0,1024.0,1024.0,1024.0,1024.0,1024.0,1024.0,1024.0,1024.0,1024.0,1024.0,1024.0,1024.0,1024.0,1024.0,1024.0,1024.0,1024.0,1024.0,1024.0,1024.0,1024.0,1024.0,1024.0,1024.0,1024.0,1024.0,1024.0,1024.0,1024.0,1024.0,1024.0,1024.0,1024.0,1024.0,1024.0,1024.0,1024.0,1024.0,1024.0,1024.0,1024.0,1024.0,1024.0,1024.0,1024.0,1024.0,1024.0,1024.0,1024.0,1024.0,1024.0,1024.0,1024.0,1024.0,1024.0,1024.0,1024.0,1024.0,1024.0,1024.0,1024.0,1024.0,1024.0,1024.0,1024.0,1024.0,1024.0,1024.0,1024.0,1024.0,1024.0,1024.0,1024.0,1024.0,1024.0,0.0,0.0,131072.0,128.0,0.0
4,0,1,695,695,4194304,256,0,0,12,4,32,64,"void at::native::vectorized_elementwise_kernel<4, at::native::FillFunctor<int>, std::array<char*, 1ul> >(int, at::native::FillFunctor<int>, std::array<char*, 1ul>)",158974755745122,158974755803214,5,121,1100316.0,1904.0,608.0,0.0,131072.0,917504.0,65536.0,0.0,753944683.0,753944683.0,0.0,0.0,0.0,14988318.0,1835120.0,0.0,81.0,6.0,7.0,6.0,0.0,0.0,0.0,80.0,80.0,80.0,0.0,80.0,100.0,0.0,0.0,0.0,80.0,80.0,80.0,80.0,100.0,0.0,5.0,0.0,0.0,0.0,81.0,6.0,7.0,5.0,81.0,5.0,6.0,5.0,5.0,0.0,0.0,0.0,0.0,81.0,7.0,5.0,6.0,0.0,0.0,0.0,80.0,80.0,80.0,0.0,80.0,100.0,0.0,0.0,0.0,80.0,80.0,80.0,80.0,100.0,80.0,8.0,0.0,0.0,0.0,81.0,7.0,6.0,5.0,7.0,0.0,80.0,0.0,0.0,81.0,5.0,5.0,6.0,0.0,0.0,0.0,80.0,80.0,80.0,80.0,80.0,100.0,6.0,0.0,0.0,0.0,81.0,6.0,80.0,6.0,6.0,0.0,0.0,0.0,80.0,80.0,80.0,80.0,100.0,100.0,0.0,0.0,0.0,80.0,80.0,80.0,80.0,100.0,6.0,0.0,5.0,0.0,0.0,81.0,6.0,6.0,7.0,7.0,0.0,0.0,0.0,0.0,32768.0,32768.0,32768.0,32768.0,32768.0,32768.0,32768.0,32768.0,32768.0,32768.0,32768.0,32768.0,32768.0,32768.0,32768.0,32768.0,32768.0,32768.0,32768.0,32768.0,32768.0,32768.0,32768.0,32768.0,32768.0,32768.0,32768.0,32768.0,32768.0,32768.0,32768.0,32768.0,32768.0,32768.0,32768.0,32768.0,32768.0,32768.0,32768.0,32768.0,32768.0,32768.0,32768.0,32768.0,32768.0,32768.0,32768.0,32768.0,32768.0,32768.0,32768.0,32768.0,32768.0,32768.0,32768.0,32768.0,32768.0,32768.0,32768.0,32768.0,32768.0,32768.0,32768.0,32768.0,32768.0,32768.0,32768.0,32768.0,32768.0,32768.0,32768.0,32768.0,32768.0,32768.0,32768.0,32768.0,32768.0,32768.0,32768.0,32768.0,32768.0,32768.0,32768.0,32768.0,32768.0,32768.0,32768.0,32768.0,32768.0,32768.0,32768.0,32768.0,32768.0,32768.0,32768.0,32768.0,32768.0,32768.0,32768.0,32768.0,32768.0,32768.0,32768.0,32768.0,32768.0,32768.0,32768.0,32768.0,32768.0,32768.0,32768.0,32768.0,32768.0,32768.0,32768.0,32768.0,32768.0,32768.0,32768.0,32768.0,32768.0,32768.0,32768.0,32768.0,32768.0,32768.0,32768.0,32768.0,0.0,0.0,4194304.0,16379.0,0.0
5,0,1,695,695,16384,256,0,0,16,192,48,64,matmulbias_kernel,158974756224811,158974756258968,6,27,711228.0,1184.0,608.0,0.0,4864.0,80128.0,0.0,0.0,52901508.0,52901508.0,786432.0,0.0,0.0,5050063.0,0.0,2134.0,2088.0,2088.0,2108.0,2108.0,2110.0,2110.0,2110.0,2110.0,2110.0,2110.0,2132.0,2110.0,2090.0,2146.0,2146.0,2146.0,2146.0,2146.0,2146.0,2146.0,2114.0,2132.0,2144.0,2144.0,2144.0,2144.0,2112.0,2112.0,2144.0,2144.0,2104.0,2104.0,2132.0,2132.0,2120.0,2120.0,2120.0,2120.0,2134.0,2096.0,2096.0,2120.0,2120.0,2122.0,2122.0,2122.0,2122.0,2122.0,2122.0,2134.0,2122.0,2098.0,2146.0,2146.0,2146.0,2146.0,2146.0,2146.0,2146.0,2114.0,2134.0,2144.0,2144.0,2144.0,2144.0,2112.0,2112.0,2144.0,2144.0,2120.0,2120.0,2134.0,2120.0,2120.0,2096.0,2096.0,2120.0,2120.0,2122.0,2122.0,2122.0,2122.0,2134.0,2122.0,2122.0,2122.0,2098.0,2120.0,2120.0,2120.0,2120.0,2096.0,2096.0,2134.0,2120.0,2120.0,2122.0,2122.0,2122.0,2122.0,2122.0,2122.0,2122.0,2098.0,2106.0,2098.0,2098.0,2098.0,2098.0,2098.0,2098.0,2098.0,2082.0,2096.0,2096.0,2132.0,2096.0,2096.0,2080.0,2080.0,2096.0,2096.0,2108.0,2108.0,2108.0,2108.0,2132.0,1024.0,1024.0,1024.0,1024.0,1024.0,1024.0,1024.0,1024.0,1024.0,1024.0,1024.0,1024.0,1024.0,1024.0,1024.0,1024.0,1024.0,1024.0,1024.0,1024.0,1024.0,1024.0,1024.0,1024.0,1024.0,1024.0,1024.0,1024.0,1024.0,1024.0,1024.0,1024.0,1024.0,1024.0,1024.0,1024.0,1024.0,1024.0,1024.0,1024.0,1024.0,1024.0,1024.0,1024.0,1024.0,1024.0,1024.0,1024.0,1024.0,1024.0,1024.0,1024.0,1024.0,1024.0,1024.0,1024.0,1024.0,1024.0,1024.0,1024.0,1024.0,1024.0,1024.0,1024.0,1024.0,1024.0,1024.0,1024.0,1024.0,1024.0,1024.0,1024.0,1024.0,1024.0,1024.0,1024.0,1024.0,1024.0,1024.0,1024.0,1024.0,1024.0,1024.0,1024.0,1024.0,1024.0,1024.0,1024.0,1024.0,1024.0,1024.0,1024.0,1024.0,1024.0,1024.0,1024.0,1024.0,1024.0,1024.0,1024.0,1024.0,1024.0,1024.0,1024.0,1024.0,1024.0,1024.0,1024.0,1024.0,1024.0,1024.0,1024.0,1024.0,1024.0,1024.0,1024.0,1024.0,1024.0,1024.0,1024.0,1024.0,1024.0,1024.0,1024.0,1024.0,1024.0,1024.0,1024.0,0.0,0.0,131072.0,256.0,0.0
6,0,1,695,695,4194304,256,0,0,12,4,32,64,"void at::native::vectorized_elementwise_kernel<4, at::native::FillFunctor<int>, std::array<char*, 1ul> >(int, at::native::FillFunctor<int>, std::array<char*, 1ul>)",158974756672666,158974756729716,7,121,1071340.0,1184.0,608.0,0.0,131072.0,917504.0,65536.0,0.0,752723425.0,752723425.0,0.0,0.0,0.0,14934321.0,1835088.0,0.0,80.0,0.0,0.0,0.0,0.0,0.0,0.0,80.0,80.0,80.0,0.0,100.0,80.0,0.0,0.0,0.0,80.0,80.0,80.0,100.0,80.0,0.0,0.0,0.0,0.0,0.0,80.0,0.0,0.0,0.0,80.0,0.0,0.0,0.0,0.0,0.0,0.0,0.0,0.0,80.0,0.0,0.0,0.0,0.0,0.0,0.0,80.0,80.0,80.0,0.0,100.0,80.0,0.0,0.0,0.0,80.0,80.0,80.0,100.0,80.0,80.0,0.0,0.0,0.0,0.0,80.0,0.0,0.0,0.0,0.0,0.0,80.0,0.0,0.0,80.0,0.0,0.0,0.0,0.0,0.0,0.0,80.0,80.0,80.0,80.0,100.0,80.0,0.0,0.0,0.0,0.0,80.0,0.0,100.0,0.0,0.0,0.0,0.0,0.0,80.0,80.0,80.0,100.0,80.0,80.0,0.0,0.0,0.0,80.0,80.0,80.0,100.0,80.0,0.0,0.0,0.0,0.0,0.0,80.0,0.0,0.0,0.0,0.0,0.0,0.0,0.0,0.0,32768.0,32768.0,32768.0,32768.0,32768.0,32768.0,32768.0,32768.0,32768.0,32768.0,32768.0,32768.0,32768.0,32768.0,32768.0,32768.0,32768.0,32768.0,32768.0,32768.0,32768.0,32768.0,32768.0,32768.0,32768.0,32768.0,32768.0,32768.0,32768.0,32768.0,32768.0,32768.0,32768.0,32768.0,32768.0,32768.0,32768.0,32768.0,32768.0,32768.0,32768.0,32768.0,32768.0,32768.0,32768.0,32768.0,32768.0,32768.0,32768.0,32768.0,32768.0,32768.0,32768.0,32768.0,32768.0,32768.0,32768.0,32768.0,32768.0,32768.0,32768.0,32768.0,32768.0,32768.0,32768.0,32768.0,32768.0,32768.0,32768.0,32768.0,32768.0,32768.0,32768.0,32768.0,32768.0,32768.0,32768.0,32768.0,32768.0,32768.0,32768.0,32768.0,32768.0,32768.0,32768.0,32768.0,32768.0,32768.0,32768.0,32768.0,32768.0,32768.0,32768.0,32768.0,32768.0,32768.0,32768.0,32768.0,32768.0,32768.0,32768.0,32768.0,32768.0,32768.0,32768.0,32768.0,32768.0,32768.0,32768.0,32768.0,32768.0,32768.0,32768.0,32768.0,32768.0,32768.0,32768.0,32768.0,32768.0,32768.0,32768.0,32768.0,32768.0,32768.0,32768.0,32768.0,32768.0,32768.0,0.0,0.0,4194304.0,16379.0,0.0
7,0,1,695,695,16384,256,0,0,16,192,48,64,matmulbias_kernel,158974757141771,158974757175046,8,27,672670.0,1184.0,9433.0,0.0,4864.0,80128.0,0.0,0.0,51475612.0,51475612.0,786432.0,0.0,0.0,5155377.0,0.0,2134.0,2105.0,2104.0,2132.0,2132.0,2134.0,2134.0,2134.0,2135.0,2134.0,2134.0,2132.0,2134.0,2106.0,2134.0,2134.0,2134.0,2135.0,2134.0,2134.0,2134.0,2106.0,2132.0,2132.0,2132.0,2132.0,2132.0,2105.0,2104.0,2132.0,2132.0,2105.0,2104.0,2132.0,2132.0,2120.0,2120.0,2120.0,2120.0,2134.0,2097.0,2096.0,2120.0,2120.0,2122.0,2122.0,2122.0,2123.0,2122.0,2122.0,2134.0,2122.0,2098.0,2110.0,2110.0,2110.0,2111.0,2110.0,2110.0,2110.0,2090.0,2135.0,2108.0,2108.0,2108.0,2108.0,2089.0,2088.0,2108.0,2108.0,2120.0,2120.0,2134.0,2120.0,2120.0,2097.0,2096.0,2120.0,2120.0,2122.0,2122.0,2122.0,2123.0,2134.0,2122.0,2122.0,2122.0,2098.0,2120.0,2120.0,2120.0,2120.0,2097.0,2096.0,2134.0,2120.0,2120.0,2122.0,2122.0,2122.0,2123.0,2122.0,2122.0,2122.0,2098.0,2106.0,2122.0,2122.0,2122.0,2123.0,2122.0,2122.0,2122.0,2098.0,2120.0,2120.0,2132.0,2120.0,2120.0,2097.0,2096.0,2120.0,2120.0,2132.0,2132.0,2132.0,2132.0,2132.0,1024.0,1024.0,1024.0,1024.0,1024.0,1024.0,1024.0,1024.0,1024.0,1024.0,1024.0,1024.0,1024.0,1024.0,1024.0,1024.0,1024.0,1024.0,1024.0,1024.0,1024.0,1024.0,1024.0,1024.0,1024.0,1024.0,1024.0,1024.0,1024.0,1024.0,1024.0,1024.0,1024.0,1024.0,1024.0,1024.0,1024.0,1024.0,1024.0,1024.0,1024.0,1024.0,1024.0,1024.0,1024.0,1024.0,1024.0,1024.0,1024.0,1024.0,1024.0,1024.0,1024.0,1024.0,1024.0,1024.0,1024.0,1024.0,1024.0,1024.0,1024.0,1024.0,1024.0,1024.0,1024.0,1024.0,1024.0,1024.0,1024.0,1024.0,1024.0,1024.0,1024.0,1024.0,1024.0,1024.0,1024.0,1024.0,1024.0,1024.0,1024.0,1024.0,1024.0,1024.0,1024.0,1024.0,1024.0,1024.0,1024.0,1024.0,1024.0,1024.0,1024.0,1024.0,1024.0,1024.0,1024.0,1024.0,1024.0,1024.0,1024.0,1024.0,1024.0,1024.0,1024.0,1024.0,1024.0,1024.0,1024.0,1024.0,1024.0,1024.0,1024.0,1024.0,1024.0,1024.0,1024.0,1024.0,1024.0,1024.0,1024.0,1024.0,1024.0,1024.0,1024.0,1024.0,1024.0,1024.0,0.0,0.0,131072.0,256.0,0.0
8,0,1,695,695,4194304,256,0,0,12,4,32,64,"void at::native::vectorized_elementwise_kernel<4, at::native::FillFunctor<int>, std::array<char*, 1ul> >(int, at::native::FillFunctor<int>, std::array<char*, 1ul>)",158974757568098,158974757625508,9,121,1072170.0,1184.0,10616.0,0.0,131072.0,917504.0,65536.0,0.0,753068549.0,753068549.0,0.0,0.0,0.0,14986448.0,1835120.0,0.0,81.0,1.0,0.0,0.0,0.0,0.0,0.0,80.0,80.0,100.0,0.0,80.0,80.0,0.0,0.0,0.0,80.0,80.0,100.0,80.0,80.0,0.0,0.0,0.0,0.0,0.0,81.0,1.0,0.0,0.0,81.0,1.0,0.0,0.0,0.0,0.0,0.0,0.0,0.0,81.0,1.0,0.0,0.0,0.0,0.0,0.0,80.0,80.0,100.0,0.0,80.0,80.0,0.0,0.0,0.0,80.0,80.0,100.0,80.0,80.0,80.0,0.0,0.0,0.0,0.0,81.0,1.0,0.0,0.0,0.0,0.0,80.0,0.0,0.0,81.0,1.0,0.0,0.0,0.0,0.0,0.0,80.0,100.0,80.0,100.0,80.0,80.0,0.0,0.0,0.0,0.0,81.0,1.0,80.0,0.0,0.0,0.0,0.0,0.0,80.0,80.0,100.0,80.0,80.0,80.0,0.0,0.0,0.0,80.0,80.0,100.0,80.0,80.0,0.0,0.0,0.0,0.0,0.0,81.0,1.0,0.0,0.0,0.0,0.0,0.0,0.0,0.0,32768.0,32768.0,32768.0,32768.0,32768.0,32768.0,32768.0,32768.0,32768.0,32768.0,32768.0,32768.0,32768.0,32768.0,32768.0,32768.0,32768.0,32768.0,32768.0,32768.0,32768.0,32768.0,32768.0,32768.0,32768.0,32768.0,32768.0,32768.0,32768.0,32768.0,32768.0,32768.0,32768.0,32768.0,32768.0,32768.0,32768.0,32768.0,32768.0,32768.0,32768.0,32768.0,32768.0,32768.0,32768.0,32768.0,32768.0,32768.0,32768.0,32768.0,32768.0,32768.0,32768.0,32768.0,32768.0,32768.0,32768.0,32768.0,32768.0,32768.0,32768.0,32768.0,32768.0,32768.0,32768.0,32768.0,32768.0,32768.0,32768.0,32768.0,32768.0,32768.0,32768.0,32768.0,32768.0,32768.0,32768.0,32768.0,32768.0,32768.0,32768.0,32768.0,32768.0,32768.0,32768.0,32768.0,32768.0,32768.0,32768.0,32768.0,32768.0,32768.0,32768.0,32768.0,32768.0,32768.0,32768.0,32768.0,32768.0,32768.0,32768.0,32768.0,32768.0,32768.0,32768.0,32768.0,32768.0,32768.0,32768.0,32768.0,32768.0,32768.0,32768.0,32768.0,32768.0,32768.0,32768.0,32768.0,32768.0,32768.0,32768.0,32768.0,32768.0,32768.0,32768.0,32768.0,32768.0,32768.0,0.0,0.0,4194304.0,16383.0,0.0
9,0,1,695,695,16384,256,0,0,16,192,48,64,matmulbias_kernel,158974758027139,158974758060936,10,27,693399.0,1184.0,608.0,0.0,4864.0,80128.0,0.0,0.0,51973293.0,51973293.0,786432.0,0.0,0.0,5181834.0,0.0,2098.0,2096.0,2096.0,2120.0,2120.0,2122.0,2122.0,2122.0,2122.0,2122.0,2122.0,2096.0,2122.0,2098.0,2134.0,2134.0,2134.0,2134.0,2134.0,2134.0,2134.0,2106.0,2096.0,2132.0,2132.0,2132.0,2132.0,2104.0,2104.0,2132.0,2132.0,2080.0,2080.0,2096.0,2096.0,2120.0,2120.0,2120.0,2120.0,2098.0,2096.0,2096.0,2120.0,2120.0,2122.0,2122.0,2122.0,2122.0,2122.0,2122.0,2098.0,2122.0,2098.0,2134.0,2134.0,2134.0,2134.0,2134.0,2134.0,2134.0,2106.0,2098.0,2132.0,2132.0,2132.0,2132.0,2104.0,2104.0,2132.0,2132.0,2120.0,2120.0,2098.0,2120.0,2120.0,2096.0,2096.0,2120.0,2120.0,2122.0,2122.0,2122.0,2122.0,2098.0,2122.0,2122.0,2122.0,2098.0,2120.0,2120.0,2120.0,2120.0,2096.0,2096.0,2098.0,2120.0,2120.0,2122.0,2122.0,2122.0,2122.0,2122.0,2122.0,2122.0,2098.0,2082.0,2122.0,2122.0,2122.0,2122.0,2122.0,2122.0,2122.0,2098.0,2120.0,2120.0,2096.0,2120.0,2120.0,2096.0,2096.0,2120.0,2120.0,2120.0,2120.0,2120.0,2120.0,2096.0,1024.0,1024.0,1024.0,1024.0,1024.0,1024.0,1024.0,1024.0,1024.0,1024.0,1024.0,1024.0,1024.0,1024.0,1024.0,1024.0,1024.0,1024.0,1024.0,1024.0,1024.0,1024.0,1024.0,1024.0,1024.0,1024.0,1024.0,1024.0,1024.0,1024.0,1024.0,1024.0,1024.0,1024.0,1024.0,1024.0,1024.0,1024.0,1024.0,1024.0,1024.0,1024.0,1024.0,1024.0,1024.0,1024.0,1024.0,1024.0,1024.0,1024.0,1024.0,1024.0,1024.0,1024.0,1024.0,1024.0,1024.0,1024.0,1024.0,1024.0,1024.0,1024.0,1024.0,1024.0,1024.0,1024.0,1024.0,1024.0,1024.0,1024.0,1024.0,1024.0,1024.0,1024.0,1024.0,1024.0,1024.0,1024.0,1024.0,1024.0,1024.0,1024.0,1024.0,1024.0,1024.0,1024.0,1024.0,1024.0,1024.0,1024.0,1024.0,1024.0,1024.0,1024.0,1024.0,1024.0,1024.0,1024.0,1024.0,1024.0,1024.0,1024.0,1024.0,1024.0,1024.0,1024.0,1024.0,1024.0,1024.0,1024.0,1024.0,1024.0,1024.0,1024.0,1024.0,1024.0,1024.0,1024.0,1024.0,1024.0,1024.0,1024.0,1024.0,1024.0,1024.0,1024.0,1024.0,1024.0,0.0,0.0,131072.0,256.0,0.0
10,0,1,695,695,4194304,256,0,0,12,4,32,64,"void at::native::vectorized_elementwise_kernel<4, at::native::FillFunctor<int>, std::array<char*, 1ul> >(int, at::native::FillFunctor<int>, std::array<char*, 1ul>)",158974758471066,158974758528236,11,121,1076628.0,1184.0,10206.0,0.0,131072.0,917504.0,65536.0,0.0,756755978.0,756755978.0,0.0,0.0,0.0,15040705.0,1835120.0,0.0,81.0,0.0,0.0,1.0,0.0,0.0,0.0,80.0,100.0,80.0,0.0,80.0,80.0,0.0,0.0,0.0,80.0,100.0,80.0,80.0,80.0,0.0,0.0,0.0,0.0,0.0,81.0,0.0,0.0,1.0,81.0,0.0,0.0,1.0,0.0,0.0,0.0,0.0,0.0,81.0,0.0,0.0,1.0,0.0,0.0,0.0,80.0,100.0,80.0,0.0,80.0,80.0,0.0,0.0,0.0,80.0,100.0,80.0,80.0,80.0,80.0,0.0,0.0,0.0,0.0,81.0,0.0,0.0,1.0,0.0,0.0,100.0,0.0,0.0,81.0,0.0,0.0,1.0,0.0,0.0,0.0,80.0,80.0,100.0,80.0,80.0,80.0,0.0,0.0,0.0,0.0,81.0,0.0,80.0,0.0,1.0,0.0,0.0,0.0,80.0,100.0,80.0,80.0,80.0,80.0,0.0,0.0,0.0,80.0,100.0,80.0,80.0,80.0,0.0,0.0,0.0,0.0,0.0,81.0,0.0,0.0,1.0,0.0,0.0,0.0,0.0,0.0,32768.0,32768.0,32768.0,32768.0,32768.0,32768.0,32768.0,32768.0,32768.0,32768.0,32768.0,32768.0,32768.0,32768.0,32768.0,32768.0,32768.0,32768.0,32768.0,32768.0,32768.0,32768.0,32768.0,32768.0,32768.0,32768.0,32768.0,32768.0,32768.0,32768.0,32768.0,32768.0,32768.0,32768.0,32768.0,32768.0,32768.0,32768.0,32768.0,32768.0,32768.0,32768.0,32768.0,32768.0,32768.0,32768.0,32768.0,32768.0,32768.0,32768.0,32768.0,32768.0,32768.0,32768.0,32768.0,32768.0,32768.0,32768.0,32768.0,32768.0,32768.0,32768.0,32768.0,32768.0,32768.0,32768.0,32768.0,32768.0,32768.0,32768.0,32768.0,32768.0,32768.0,32768.0,32768.0,32768.0,32768.0,32768.0,32768.0,32768.0,32768.0,32768.0,32768.0,32768.0,32768.0,32768.0,32768.0,32768.0,32768.0,32768.0,32768.0,32768.0,32768.0,32768.0,32768.0,32768.0,32768.0,32768.0,32768.0,32768.0,32768.0,32768.0,32768.0,32768.0,32768.0,32768.0,32768.0,32768.0,32768.0,32768.0,32768.0,32768.0,32768.0,32768.0,32768.0,32768.0,32768.0,32768.0,32768.0,32768.0,32768.0,32768.0,32768.0,32768.0,32768.0,32768.0,32768.0,32768.0,0.0,0.0,4194304.0,16381.0,0.0
11,0,1,695,695,16384,256,0,0,16,192,48,64,matmulbias_kernel,158974758927100,158974758961298,12,27,702248.0,1184.0,608.0,0.0,4864.0,80128.0,0.0,0.0,53022286.0,53022286.0,786432.0,0.0,0.0,5122836.0,0.0,2122.0,2112.0,2112.0,2144.0,2144.0,2146.0,2146.0,2146.0,2146.0,2146.0,2146.0,2120.0,2146.0,2114.0,2122.0,2122.0,2122.0,2122.0,2122.0,2122.0,2122.0,2098.0,2120.0,2120.0,2120.0,2120.0,2120.0,2096.0,2096.0,2120.0,2120.0,2096.0,2096.0,2120.0,2120.0,2108.0,2108.0,2108.0,2108.0,2122.0,2088.0,2088.0,2108.0,2108.0,2110.0,2110.0,2110.0,2110.0,2110.0,2110.0,2122.0,2110.0,2090.0,2122.0,2122.0,2122.0,2122.0,2122.0,2122.0,2122.0,2098.0,2122.0,2120.0,2120.0,2120.0,2120.0,2096.0,2096.0,2120.0,2120.0,2120.0,2120.0,2122.0,2120.0,2120.0,2096.0,2096.0,2120.0,2120.0,2122.0,2122.0,2122.0,2122.0,2122.0,2122.0,2122.0,2122.0,2098.0,2108.0,2108.0,2108.0,2108.0,2088.0,2088.0,2122.0,2108.0,2108.0,2110.0,2110.0,2110.0,2110.0,2110.0,2110.0,2110.0,2090.0,2098.0,2134.0,2134.0,2134.0,2134.0,2134.0,2134.0,2134.0,2106.0,2132.0,2132.0,2120.0,2132.0,2132.0,2104.0,2104.0,2132.0,2132.0,2144.0,2144.0,2144.0,2144.0,2120.0,1024.0,1024.0,1024.0,1024.0,1024.0,1024.0,1024.0,1024.0,1024.0,1024.0,1024.0,1024.0,1024.0,1024.0,1024.0,1024.0,1024.0,1024.0,1024.0,1024.0,1024.0,1024.0,1024.0,1024.0,1024.0,1024.0,1024.0,1024.0,1024.0,1024.0,1024.0,1024.0,1024.0,1024.0,1024.0,1024.0,1024.0,1024.0,1024.0,1024.0,1024.0,1024.0,1024.0,1024.0,1024.0,1024.0,1024.0,1024.0,1024.0,1024.0,1024.0,1024.0,1024.0,1024.0,1024.0,1024.0,1024.0,1024.0,1024.0,1024.0,1024.0,1024.0,1024.0,1024.0,1024.0,1024.0,1024.0,1024.0,1024.0,1024.0,1024.0,1024.0,1024.0,1024.0,1024.0,1024.0,1024.0,1024.0,1024.0,1024.0,1024.0,1024.0,1024.0,1024.0,1024.0,1024.0,1024.0,1024.0,1024.0,1024.0,1024.0,1024.0,1024.0,1024.0,1024.0,1024.0,1024.0,1024.0,1024.0,1024.0,1024.0,1024.0,1024.0,1024.0,1024.0,1024.0,1024.0,1024.0,1024.0,1024.0,1024.0,1024.0,1024.0,1024.0,1024.0,1024.0,1024.0,1024.0,1024.0,1024.0,1024.0,1024.0,1024.0,1024.0,1024.0,1024.0,1024.0,1024.0,0.0,0.0,131072.0,256.0,0.0
12,0,1,695,695,4194304,256,0,0,12,4,32,64,"void at::native::vectorized_elementwise_kernel<4, at::native::FillFunctor<int>, std::array<char*, 1ul> >(int, at::native::FillFunctor<int>, std::array<char*, 1ul>)",158974759488815,158974759537565,13,121,1136142.0,1184.0,9321.0,0.0,131072.0,917504.0,65536.0,0.0,642194701.0,642194701.0,0.0,0.0,0.0,12701814.0,1835120.0,0.0,81.0,0.0,0.0,0.0,0.0,0.0,0.0,100.0,80.0,80.0,0.0,80.0,80.0,0.0,0.0,0.0,100.0,80.0,80.0,80.0,80.0,0.0,0.0,1.0,0.0,0.0,81.0,0.0,0.0,0.0,81.0,0.0,0.0,0.0,0.0,1.0,0.0,0.0,0.0,81.0,0.0,0.0,0.0,0.0,0.0,0.0,100.0,80.0,80.0,0.0,80.0,80.0,0.0,0.0,0.0,100.0,80.0,80.0,80.0,80.0,100.0,0.0,1.0,0.0,0.0,81.0,0.0,0.0,0.0,0.0,1.0,80.0,0.0,0.0,81.0,0.0,0.0,0.0,0.0,0.0,0.0,100.0,80.0,80.0,80.0,80.0,80.0,0.0,1.0,0.0,0.0,81.0,0.0,80.0,0.0,0.0,0.0,0.0,0.0,100.0,80.0,80.0,80.0,80.0,80.0,0.0,0.0,0.0,100.0,80.0,80.0,80.0,80.0,0.0,1.0,0.0,0.0,0.0,81.0,0.0,0.0,0.0,0.0,1.0,0.0,0.0,1.0,32768.0,32768.0,32768.0,32768.0,32768.0,32768.0,32768.0,32768.0,32768.0,32768.0,32768.0,32768.0,32768.0,32768.0,32768.0,32768.0,32768.0,32768.0,32768.0,32768.0,32768.0,32768.0,32768.0,32768.0,32768.0,32768.0,32768.0,32768.0,32768.0,32768.0,32768.0,32768.0,32768.0,32768.0,32768.0,32768.0,32768.0,32768.0,32768.0,32768.0,32768.0,32768.0,32768.0,32768.0,32768.0,32768.0,32768.0,32768.0,32768.0,32768.0,32768.0,32768.0,32768.0,32768.0,32768.0,32768.0,32768.0,32768.0,32768.0,32768.0,32768.0,32768.0,32768.0,32768.0,32768.0,32768.0,32768.0,32768.0,32768.0,32768.0,32768.0,32768.0,32768.0,32768.0,32768.0,32768.0,32768.0,32768.0,32768.0,32768.0,32768.0,32768.0,32768.0,32768.0,32768.0,32768.0,32768.0,32768.0,32768.0,32768.0,32768.0,32768.0,32768.0,32768.0,32768.0,32768.0,32768.0,32768.0,32768.0,32768.0,32768.0,32768.0,32768.0,32768.0,32768.0,32768.0,32768.0,32768.0,32768.0,32768.0,32768.0,32768.0,32768.0,32768.0,32768.0,32768.0,32768.0,32768.0,32768.0,32768.0,32768.0,32768.0,32768.0,32768.0,32768.0,32768.0,32768.0,32768.0,0.0,0.0,4194304.0,16377.0,0.0
13,0,1,695,695,16384,256,0,0,16,192,48,64,matmulbias_kernel,158974759925365,158974759957718,14,27,656649.0,1184.0,9025.0,0.0,4864.0,80128.0,0.0,0.0,47815327.0,47815327.0,786432.0,0.0,0.0,4584359.0,0.0,2134.0,2080.0,2080.0,2096.0,2096.0,2098.0,2099.0,2098.0,2098.0,2098.0,2098.0,2132.0,2098.0,2082.0,2134.0,2135.0,2134.0,2134.0,2134.0,2134.0,2134.0,2106.0,2132.0,2133.0,2132.0,2132.0,2132.0,2104.0,2104.0,2132.0,2132.0,2104.0,2104.0,2132.0,2132.0,2109.0,2108.0,2108.0,2108.0,2135.0,2088.0,2088.0,2108.0,2108.0,2110.0,2111.0,2110.0,2110.0,2110.0,2110.0,2134.0,2110.0,2090.0,2110.0,2111.0,2110.0,2110.0,2110.0,2110.0,2110.0,2090.0,2134.0,2109.0,2108.0,2108.0,2108.0,2088.0,2088.0,2108.0,2108.0,2121.0,2120.0,2134.0,2120.0,2120.0,2096.0,2096.0,2120.0,2120.0,2122.0,2123.0,2122.0,2122.0,2134.0,2122.0,2122.0,2122.0,2098.0,2109.0,2108.0,2108.0,2108.0,2088.0,2088.0,2134.0,2108.0,2108.0,2110.0,2111.0,2110.0,2110.0,2110.0,2110.0,2110.0,2090.0,2106.0,2122.0,2123.0,2122.0,2122.0,2122.0,2122.0,2122.0,2098.0,2121.0,2120.0,2133.0,2120.0,2120.0,2096.0,2096.0,2120.0,2120.0,2097.0,2096.0,2096.0,2096.0,2132.0,1024.0,1024.0,1024.0,1024.0,1024.0,1024.0,1024.0,1024.0,1024.0,1024.0,1024.0,1024.0,1024.0,1024.0,1024.0,1024.0,1024.0,1024.0,1024.0,1024.0,1024.0,1024.0,1024.0,1024.0,1024.0,1024.0,1024.0,1024.0,1024.0,1024.0,1024.0,1024.0,1024.0,1024.0,1024.0,1024.0,1024.0,1024.0,1024.0,1024.0,1024.0,1024.0,1024.0,1024.0,1024.0,1024.0,1024.0,1024.0,1024.0,1024.0,1024.0,1024.0,1024.0,1024.0,1024.0,1024.0,1024.0,1024.0,1024.0,1024.0,1024.0,1024.0,1024.0,1024.0,1024.0,1024.0,1024.0,1024.0,1024.0,1024.0,1024.0,1024.0,1024.0,1024.0,1024.0,1024.0,1024.0,1024.0,1024.0,1024.0,1024.0,1024.0,1024.0,1024.0,1024.0,1024.0,1024.0,1024.0,1024.0,1024.0,1024.0,1024.0,1024.0,1024.0,1024.0,1024.0,1024.0,1024.0,1024.0,1024.0,1024.0,1024.0,1024.0,1024.0,1024.0,1024.0,1024.0,1024.0,1024.0,1024.0,1024.0,1024.0,1024.0,1024.0,1024.0,1024.0,1024.0,1024.0,1024.0,1024.0,1024.0,1024.0,1024.0,1024.0,1024.0,1024.0,1024.0,1024.0,0.0,0.0,131072.0,256.0,0.0
14,0,1,695,695,16384,256,0,0,16,192,48,64,matmulbias_kernel,158974760518831,158974760549220,15,27,617142.0,1184.0,608.0,0.0,4864.0,80128.0,0.0,0.0,44383398.0,44383398.0,786432.0,0.0,0.0,4307884.0,0.0,2134.0,2080.0,2080.0,2096.0,2096.0,2098.0,2098.0,2098.0,2098.0,2098.0,2098.0,2132.0,2098.0,2082.0,2122.0,2122.0,2122.0,2122.0,2122.0,2122.0,2122.0,2098.0,2132.0,2120.0,2120.0,2120.0,2120.0,2096.0,2096.0,2120.0,2120.0,2104.0,2104.0,2132.0,2132.0,2108.0,2108.0,2108.0,2108.0,2134.0,2088.0,2088.0,2108.0,2108.0,2110.0,2110.0,2110.0,2110.0,2110.0,2110.0,2134.0,2110.0,2090.0,2098.0,2098.0,2098.0,2098.0,2098.0,2098.0,2098.0,2082.0,2134.0,2096.0,2096.0,2096.0,2096.0,2080.0,2080.0,2096.0,2096.0,2132.0,2132.0,2134.0,2132.0,2132.0,2104.0,2104.0,2132.0,2132.0,2134.0,2134.0,2134.0,2134.0,2134.0,2134.0,2134.0,2134.0,2106.0,2108.0,2108.0,2108.0,2108.0,2088.0,2088.0,2134.0,2108.0,2108.0,2110.0,2110.0,2110.0,2110.0,2110.0,2110.0,2110.0,2090.0,2106.0,2122.0,2122.0,2122.0,2122.0,2122.0,2122.0,2122.0,2098.0,2120.0,2120.0,2132.0,2120.0,2120.0,2096.0,2096.0,2120.0,2120.0,2096.0,2096.0,2096.0,2096.0,2132.0,1024.0,1024.0,1024.0,1024.0,1024.0,1024.0,1024.0,1024.0,1024.0,1024.0,1024.0,1024.0,1024.0,1024.0,1024.0,1024.0,1024.0,1024.0,1024.0,1024.0,1024.0,1024.0,1024.0,1024.0,1024.0,1024.0,1024.0,1024.0,1024.0,1024.0,1024.0,1024.0,1024.0,1024.0,1024.0,1024.0,1024.0,1024.0,1024.0,1024.0,1024.0,1024.0,1024.0,1024.0,1024.0,1024.0,1024.0,1024.0,1024.0,1024.0,1024.0,1024.0,1024.0,1024.0,1024.0,1024.0,1024.0,1024.0,1024.0,1024.0,1024.0,1024.0,1024.0,1024.0,1024.0,1024.0,1024.0,1024.0,1024.0,1024.0,1024.0,1024.0,1024.0,1024.0,1024.0,1024.0,1024.0,1024.0,1024.0,1024.0,1024.0,1024.0,1024.0,1024.0,1024.0,1024.0,1024.0,1024.0,1024.0,1024.0,1024.0,1024.0,1024.0,1024.0,1024.0,1024.0,1024.0,1024.0,1024.0,1024.0,1024.0,1024.0,1024.0,1024.0,1024.0,1024.0,1024.0,1024.0,1024.0,1024.0,1024.0,1024.0,1024.0,1024.0,1024.0,1024.0,1024.0,1024.0,1024.0,1024.0,1024.0,1024.0,1024.0,1024.0,1024.0,1024.0,1024.0,1024.0,0.0,0.0,131072.0,256.0,0.0
15,0,1,695,695,16384,256,0,0,16,192,48,64,matmulbias_kernel,158974760934855,158974760965163,16,27,613739.0,1184.0,608.0,0.0,4864.0,80128.0,0.0,0.0,44676780.0,44676780.0,786432.0,0.0,0.0,4328486.0,0.0,2122.0,2080.0,2080.0,2096.0,2096.0,2098.0,2098.0,2098.0,2098.0,2098.0,2098.0,2120.0,2098.0,2082.0,2134.0,2134.0,2134.0,2134.0,2134.0,2134.0,2134.0,2106.0,2120.0,2132.0,2132.0,2132.0,2132.0,2104.0,2104.0,2132.0,2132.0,2096.0,2096.0,2120.0,2120.0,2108.0,2108.0,2108.0,2108.0,2122.0,2088.0,2088.0,2108.0,2108.0,2110.0,2110.0,2110.0,2110.0,2110.0,2110.0,2122.0,2110.0,2090.0,2110.0,2110.0,2110.0,2110.0,2110.0,2110.0,2110.0,2090.0,2122.0,2108.0,2108.0,2108.0,2108.0,2088.0,2088.0,2108.0,2108.0,2132.0,2132.0,2122.0,2132.0,2132.0,2104.0,2104.0,2132.0,2132.0,2134.0,2134.0,2134.0,2134.0,2122.0,2134.0,2134.0,2134.0,2106.0,2108.0,2108.0,2108.0,2108.0,2088.0,2088.0,2122.0,2108.0,2108.0,2110.0,2110.0,2110.0,2110.0,2110.0,2110.0,2110.0,2090.0,2098.0,2122.0,2122.0,2122.0,2122.0,2122.0,2122.0,2122.0,2098.0,2120.0,2120.0,2120.0,2120.0,2120.0,2096.0,2096.0,2120.0,2120.0,2096.0,2096.0,2096.0,2096.0,2120.0,1024.0,1024.0,1024.0,1024.0,1024.0,1024.0,1024.0,1024.0,1024.0,1024.0,1024.0,1024.0,1024.0,1024.0,1024.0,1024.0,1024.0,1024.0,1024.0,1024.0,1024.0,1024.0,1024.0,1024.0,1024.0,1024.0,1024.0,1024.0,1024.0,1024.0,1024.0,1024.0,1024.0,1024.0,1024.0,1024.0,1024.0,1024.0,1024.0,1024.0,1024.0,1024.0,1024.0,1024.0,1024.0,1024.0,1024.0,1024.0,1024.0,1024.0,1024.0,1024.0,1024.0,1024.0,1024.0,1024.0,1024.0,1024.0,1024.0,1024.0,1024.0,1024.0,1024.0,1024.0,1024.0,1024.0,1024.0,1024.0,1024.0,1024.0,1024.0,1024.0,1024.0,1024.0,1024.0,1024.0,1024.0,1024.0,1024.0,1024.0,1024.0,1024.0,1024.0,1024.0,1024.0,1024.0,1024.0,1024.0,1024.0,1024.0,1024.0,1024.0,1024.0,1024.0,1024.0,1024.0,1024.0,1024.0,1024.0,1024.0,1024.0,1024.0,1024.0,1024.0,1024.0,1024.0,1024.0,1024.0,1024.0,1024.0,1024.0,1024.0,1024.0,1024.0,1024.0,1024.0,1024.0,1024.0,1024.0,1024.0,1024.0,1024.0,1024.0,1024.0,1024.0,1024.0,1024.0,1024.0,0.0,0.0,131072.0,256.0,0.0
16,0,1,695,695,16384,256,0,0,16,192,48,64,matmulbias_kernel,158974761371686,158974761402075,17,27,622719.0,1184.0,608.0,0.0,4864.0,80128.0,0.0,0.0,44664340.0,44664340.0,786432.0,0.0,0.0,4312391.0,0.0,2122.0,2080.0,2080.0,2096.0,2096.0,2098.0,2098.0,2098.0,2098.0,2098.0,2098.0,2120.0,2098.0,2082.0,2134.0,2134.0,2134.0,2134.0,2134.0,2134.0,2134.0,2106.0,2120.0,2132.0,2132.0,2132.0,2132.0,2104.0,2104.0,2132.0,2132.0,2096.0,2096.0,2120.0,2120.0,2108.0,2108.0,2108.0,2108.0,2122.0,2088.0,2088.0,2108.0,2108.0,2110.0,2110.0,2110.0,2110.0,2110.0,2110.0,2122.0,2110.0,2090.0,2110.0,2110.0,2110.0,2110.0,2110.0,2110.0,2110.0,2090.0,2122.0,2108.0,2108.0,2108.0,2108.0,2088.0,2088.0,2108.0,2108.0,2132.0,2132.0,2122.0,2132.0,2132.0,2104.0,2104.0,2132.0,2132.0,2134.0,2134.0,2134.0,2134.0,2122.0,2134.0,2134.0,2134.0,2106.0,2108.0,2108.0,2108.0,2108.0,2088.0,2088.0,2122.0,2108.0,2108.0,2110.0,2110.0,2110.0,2110.0,2110.0,2110.0,2110.0,2090.0,2098.0,2134.0,2134.0,2134.0,2134.0,2134.0,2134.0,2134.0,2106.0,2132.0,2132.0,2120.0,2132.0,2132.0,2104.0,2104.0,2132.0,2132.0,2096.0,2096.0,2096.0,2096.0,2120.0,1024.0,1024.0,1024.0,1024.0,1024.0,1024.0,1024.0,1024.0,1024.0,1024.0,1024.0,1024.0,1024.0,1024.0,1024.0,1024.0,1024.0,1024.0,1024.0,1024.0,1024.0,1024.0,1024.0,1024.0,1024.0,1024.0,1024.0,1024.0,1024.0,1024.0,1024.0,1024.0,1024.0,1024.0,1024.0,1024.0,1024.0,1024.0,1024.0,1024.0,1024.0,1024.0,1024.0,1024.0,1024.0,1024.0,1024.0,1024.0,1024.0,1024.0,1024.0,1024.0,1024.0,1024.0,1024.0,1024.0,1024.0,1024.0,1024.0,1024.0,1024.0,1024.0,1024.0,1024.0,1024.0,1024.0,1024.0,1024.0,1024.0,1024.0,1024.0,1024.0,1024.0,1024.0,1024.0,1024.0,1024.0,1024.0,1024.0,1024.0,1024.0,1024.0,1024.0,1024.0,1024.0,1024.0,1024.0,1024.0,1024.0,1024.0,1024.0,1024.0,1024.0,1024.0,1024.0,1024.0,1024.0,1024.0,1024.0,1024.0,1024.0,1024.0,1024.0,1024.0,1024.0,1024.0,1024.0,1024.0,1024.0,1024.0,1024.0,1024.0,1024.0,1024.0,1024.0,1024.0,1024.0,1024.0,1024.0,1024.0,1024.0,1024.0,1024.0,1024.0,1024.0,1024.0,1024.0,1024.0,0.0,0.0,131072.0,256.0,0.0
17,0,1,695,695,16384,256,0,0,16,192,48,64,matmulbias_kernel,158974761792320,158974761822789,18,27,626170.0,1184.0,608.0,0.0,4864.0,80128.0,0.0,0.0,44357672.0,44357672.0,786432.0,0.0,0.0,4305680.0,0.0,2122.0,2096.0,2096.0,2120.0,2120.0,2122.0,2122.0,2122.0,2122.0,2122.0,2122.0,2120.0,2122.0,2098.0,2134.0,2134.0,2134.0,2134.0,2134.0,2134.0,2134.0,2106.0,2120.0,2132.0,2132.0,2132.0,2132.0,2104.0,2104.0,2132.0,2132.0,2096.0,2096.0,2120.0,2120.0,2132.0,2132.0,2132.0,2132.0,2122.0,2104.0,2104.0,2132.0,2132.0,2134.0,2134.0,2134.0,2134.0,2134.0,2134.0,2122.0,2134.0,2106.0,2110.0,2110.0,2110.0,2110.0,2110.0,2110.0,2110.0,2090.0,2122.0,2108.0,2108.0,2108.0,2108.0,2088.0,2088.0,2108.0,2108.0,2120.0,2120.0,2122.0,2120.0,2120.0,2096.0,2096.0,2120.0,2120.0,2122.0,2122.0,2122.0,2122.0,2122.0,2122.0,2122.0,2122.0,2098.0,2132.0,2132.0,2132.0,2132.0,2104.0,2104.0,2122.0,2132.0,2132.0,2134.0,2134.0,2134.0,2134.0,2134.0,2134.0,2134.0,2106.0,2098.0,2134.0,2134.0,2134.0,2134.0,2134.0,2134.0,2134.0,2106.0,2132.0,2132.0,2120.0,2132.0,2132.0,2104.0,2104.0,2132.0,2132.0,2120.0,2120.0,2120.0,2120.0,2120.0,1024.0,1024.0,1024.0,1024.0,1024.0,1024.0,1024.0,1024.0,1024.0,1024.0,1024.0,1024.0,1024.0,1024.0,1024.0,1024.0,1024.0,1024.0,1024.0,1024.0,1024.0,1024.0,1024.0,1024.0,1024.0,1024.0,1024.0,1024.0,1024.0,1024.0,1024.0,1024.0,1024.0,1024.0,1024.0,1024.0,1024.0,1024.0,1024.0,1024.0,1024.0,1024.0,1024.0,1024.0,1024.0,1024.0,1024.0,1024.0,1024.0,1024.0,1024.0,1024.0,1024.0,1024.0,1024.0,1024.0,1024.0,1024.0,1024.0,1024.0,1024.0,1024.0,1024.0,1024.0,1024.0,1024.0,1024.0,1024.0,1024.0,1024.0,1024.0,1024.0,1024.0,1024.0,1024.0,1024.0,1024.0,1024.0,1024.0,1024.0,1024.0,1024.0,1024.0,1024.0,1024.0,1024.0,1024.0,1024.0,1024.0,1024.0,1024.0,1024.0,1024.0,1024.0,1024.0,1024.0,1024.0,1024.0,1024.0,1024.0,1024.0,1024.0,1024.0,1024.0,1024.0,1024.0,1024.0,1024.0,1024.0,1024.0,1024.0,1024.0,1024.0,1024.0,1024.0,1024.0,1024.0,1024.0,1024.0,1024.0,1024.0,1024.0,1024.0,1024.0,1024.0,1024.0,1024.0,1024.0,0.0,0.0,131072.0,192.0,0.0
18,0,1,695,695,16384,256,0,0,16,192,48,64,matmulbias_kernel,158974762224580,158974762254929,19,27,622374.0,1184.0,608.0,0.0,4864.0,80128.0,0.0,0.0,44432412.0,44432412.0,786432.0,0.0,0.0,4340359.0,0.0,2110.0,2096.0,2096.0,2120.0,2120.0,2122.0,2122.0,2122.0,2122.0,2122.0,2122.0,2108.0,2122.0,2098.0,2146.0,2146.0,2146.0,2146.0,2146.0,2146.0,2146.0,2114.0,2108.0,2144.0,2144.0,2144.0,2144.0,2112.0,2112.0,2144.0,2144.0,2088.0,2088.0,2108.0,2108.0,2132.0,2132.0,2132.0,2132.0,2110.0,2104.0,2104.0,2132.0,2132.0,2134.0,2134.0,2134.0,2134.0,2134.0,2134.0,2110.0,2134.0,2106.0,2122.0,2122.0,2122.0,2122.0,2122.0,2122.0,2122.0,2098.0,2110.0,2120.0,2120.0,2120.0,2120.0,2096.0,2096.0,2120.0,2120.0,2120.0,2120.0,2110.0,2120.0,2120.0,2096.0,2096.0,2120.0,2120.0,2122.0,2122.0,2122.0,2122.0,2110.0,2122.0,2122.0,2122.0,2098.0,2132.0,2132.0,2132.0,2132.0,2104.0,2104.0,2110.0,2132.0,2132.0,2134.0,2134.0,2134.0,2134.0,2134.0,2134.0,2134.0,2106.0,2090.0,2122.0,2122.0,2122.0,2122.0,2122.0,2122.0,2122.0,2098.0,2120.0,2120.0,2108.0,2120.0,2120.0,2096.0,2096.0,2120.0,2120.0,2120.0,2120.0,2120.0,2120.0,2108.0,1024.0,1024.0,1024.0,1024.0,1024.0,1024.0,1024.0,1024.0,1024.0,1024.0,1024.0,1024.0,1024.0,1024.0,1024.0,1024.0,1024.0,1024.0,1024.0,1024.0,1024.0,1024.0,1024.0,1024.0,1024.0,1024.0,1024.0,1024.0,1024.0,1024.0,1024.0,1024.0,1024.0,1024.0,1024.0,1024.0,1024.0,1024.0,1024.0,1024.0,1024.0,1024.0,1024.0,1024.0,1024.0,1024.0,1024.0,1024.0,1024.0,1024.0,1024.0,1024.0,1024.0,1024.0,1024.0,1024.0,1024.0,1024.0,1024.0,1024.0,1024.0,1024.0,1024.0,1024.0,1024.0,1024.0,1024.0,1024.0,1024.0,1024.0,1024.0,1024.0,1024.0,1024.0,1024.0,1024.0,1024.0,1024.0,1024.0,1024.0,1024.0,1024.0,1024.0,1024.0,1024.0,1024.0,1024.0,1024.0,1024.0,1024.0,1024.0,1024.0,1024.0,1024.0,1024.0,1024.0,1024.0,1024.0,1024.0,1024.0,1024.0,1024.0,1024.0,1024.0,1024.0,1024.0,1024.0,1024.0,1024.0,1024.0,1024.0,1024.0,1024.0,1024.0,1024.0,1024.0,1024.0,1024.0,1024.0,1024.0,1024.0,1024.0,1024.0,1024.0,1024.0,1024.0,1024.0,1024.0,0.0,0.0,131072.0,0.0,0.0
19,0,1,695,695,16384,256,0,0,16,192,48,64,matmulbias_kernel,158974762641125,158974762671233,20,27,619980.0,1184.0,608.0,0.0,4864.0,80128.0,0.0,0.0,44365461.0,44365461.0,786432.0,0.0,0.0,4271284.0,0.0,2122.0,2096.0,2096.0,2120.0,2120.0,2122.0,2122.0,2122.0,2122.0,2122.0,2122.0,2120.0,2122.0,2098.0,2146.0,2146.0,2146.0,2146.0,2146.0,2146.0,2146.0,2114.0,2120.0,2144.0,2144.0,2144.0,2144.0,2112.0,2112.0,2144.0,2144.0,2096.0,2096.0,2120.0,2120.0,2132.0,2132.0,2132.0,2132.0,2122.0,2104.0,2104.0,2132.0,2132.0,2134.0,2134.0,2134.0,2134.0,2134.0,2134.0,2122.0,2134.0,2106.0,2122.0,2122.0,2122.0,2122.0,2122.0,2122.0,2122.0,2098.0,2122.0,2120.0,2120.0,2120.0,2120.0,2096.0,2096.0,2120.0,2120.0,2108.0,2108.0,2122.0,2108.0,2108.0,2088.0,2088.0,2108.0,2108.0,2110.0,2110.0,2110.0,2110.0,2122.0,2110.0,2110.0,2110.0,2090.0,2132.0,2132.0,2132.0,2132.0,2104.0,2104.0,2122.0,2132.0,2132.0,2134.0,2134.0,2134.0,2134.0,2134.0,2134.0,2134.0,2106.0,2098.0,2122.0,2122.0,2122.0,2122.0,2122.0,2122.0,2122.0,2098.0,2120.0,2120.0,2120.0,2120.0,2120.0,2096.0,2096.0,2120.0,2120.0,2120.0,2120.0,2120.0,2120.0,2120.0,1024.0,1024.0,1024.0,1024.0,1024.0,1024.0,1024.0,1024.0,1024.0,1024.0,1024.0,1024.0,1024.0,1024.0,1024.0,1024.0,1024.0,1024.0,1024.0,1024.0,1024.0,1024.0,1024.0,1024.0,1024.0,1024.0,1024.0,1024.0,1024.0,1024.0,1024.0,1024.0,1024.0,1024.0,1024.0,1024.0,1024.0,1024.0,1024.0,1024.0,1024.0,1024.0,1024.0,1024.0,1024.0,1024.0,1024.0,1024.0,1024.0,1024.0,1024.0,1024.0,1024.0,1024.0,1024.0,1024.0,1024.0,1024.0,1024.0,1024.0,1024.0,1024.0,1024.0,1024.0,1024.0,1024.0,1024.0,1024.0,1024.0,1024.0,1024.0,1024.0,1024.0,1024.0,1024.0,1024.0,1024.0,1024.0,1024.0,1024.0,1024.0,1024.0,1024.0,1024.0,1024.0,1024.0,1024.0,1024.0,1024.0,1024.0,1024.0,1024.0,1024.0,1024.0,1024.0,1024.0,1024.0,1024.0,1024.0,1024.0,1024.0,1024.0,1024.0,1024.0,1024.0,1024.0,1024.0,1024.0,1024.0,1024.0,1024.0,1024.0,1024.0,1024.0,1024.0,1024.0,1024.0,1024.0,1024.0,1024.0,1024.0,1024.0,1024.0,1024.0,1024.0,1024.0,1024.0,1024.0,0.0,0.0,131072.0,0.0,0.0
20,0,1,695,695,16384,256,0,0,16,192,48,64,matmulbias_kernel,158974763046164,158974763076793,21,27,637458.0,1184.0,608.0,0.0,4864.0,80128.0,0.0,0.0,44332696.0,44332696.0,786432.0,0.0,0.0,4304828.0,0.0,2122.0,2096.0,2096.0,2120.0,2120.0,2122.0,2122.0,2122.0,2122.0,2122.0,2122.0,2120.0,2122.0,2098.0,2134.0,2134.0,2134.0,2134.0,2134.0,2134.0,2134.0,2106.0,2120.0,2132.0,2132.0,2132.0,2132.0,2104.0,2104.0,2132.0,2132.0,2096.0,2096.0,2120.0,2120.0,2132.0,2132.0,2132.0,2132.0,2122.0,2104.0,2104.0,2132.0,2132.0,2134.0,2134.0,2134.0,2134.0,2134.0,2134.0,2122.0,2134.0,2106.0,2110.0,2110.0,2110.0,2110.0,2110.0,2110.0,2110.0,2090.0,2122.0,2108.0,2108.0,2108.0,2108.0,2088.0,2088.0,2108.0,2108.0,2108.0,2108.0,2122.0,2108.0,2108.0,2088.0,2088.0,2108.0,2108.0,2110.0,2110.0,2110.0,2110.0,2122.0,2110.0,2110.0,2110.0,2090.0,2132.0,2132.0,2132.0,2132.0,2104.0,2104.0,2122.0,2132.0,2132.0,2134.0,2134.0,2134.0,2134.0,2134.0,2134.0,2134.0,2106.0,2098.0,2122.0,2122.0,2122.0,2122.0,2122.0,2122.0,2122.0,2098.0,2120.0,2120.0,2120.0,2120.0,2120.0,2096.0,2096.0,2120.0,2120.0,2120.0,2120.0,2120.0,2120.0,2120.0,1024.0,1024.0,1024.0,1024.0,1024.0,1024.0,1024.0,1024.0,1024.0,1024.0,1024.0,1024.0,1024.0,1024.0,1024.0,1024.0,1024.0,1024.0,1024.0,1024.0,1024.0,1024.0,1024.0,1024.0,1024.0,1024.0,1024.0,1024.0,1024.0,1024.0,1024.0,1024.0,1024.0,1024.0,1024.0,1024.0,1024.0,1024.0,1024.0,1024.0,1024.0,1024.0,1024.0,1024.0,1024.0,1024.0,1024.0,1024.0,1024.0,1024.0,1024.0,1024.0,1024.0,1024.0,1024.0,1024.0,1024.0,1024.0,1024.0,1024.0,1024.0,1024.0,1024.0,1024.0,1024.0,1024.0,1024.0,1024.0,1024.0,1024.0,1024.0,1024.0,1024.0,1024.0,1024.0,1024.0,1024.0,1024.0,1024.0,1024.0,1024.0,1024.0,1024.0,1024.0,1024.0,1024.0,1024.0,1024.0,1024.0,1024.0,1024.0,1024.0,1024.0,1024.0,1024.0,1024.0,1024.0,1024.0,1024.0,1024.0,1024.0,1024.0,1024.0,1024.0,1024.0,1024.0,1024.0,1024.0,1024.0,1024.0,1024.0,1024.0,1024.0,1024.0,1024.0,1024.0,1024.0,1024.0,1024.0,1024.0,1024.0,1024.0,1024.0,1024.0,1024.0,1024.0,1024.0,1024.0,0.0,0.0,131072.0,0.0,0.0
21,0,1,695,695,4194304,256,0,0,12,4,32,64,"void at::native::vectorized_elementwise_kernel<4, at::native::FillFunctor<int>, std::array<char*, 1ul> >(int, at::native::FillFunctor<int>, std::array<char*, 1ul>)",158974763461747,158974763504443,22,121,832754.0,1718.0,608.0,0.0,131072.0,917504.0,65536.0,0.0,561088752.0,561088752.0,0.0,0.0,0.0,11101581.0,1835103.0,0.0,80.0,0.0,0.0,0.0,0.0,0.0,0.0,80.0,80.0,80.0,0.0,80.0,80.0,0.0,0.0,0.0,80.0,80.0,80.0,80.0,80.0,20.0,0.0,0.0,0.0,20.0,80.0,0.0,0.0,0.0,80.0,0.0,0.0,0.0,0.0,0.0,0.0,20.0,0.0,80.0,0.0,0.0,0.0,0.0,0.0,0.0,80.0,80.0,80.0,0.0,80.0,80.0,0.0,0.0,0.0,80.0,80.0,80.0,80.0,80.0,80.0,0.0,0.0,0.0,20.0,80.0,0.0,0.0,0.0,0.0,0.0,80.0,0.0,20.0,80.0,0.0,0.0,0.0,0.0,0.0,0.0,80.0,80.0,80.0,80.0,80.0,80.0,0.0,0.0,0.0,20.0,80.0,0.0,80.0,0.0,0.0,0.0,0.0,0.0,80.0,80.0,80.0,80.0,80.0,80.0,0.0,0.0,0.0,80.0,80.0,80.0,80.0,80.0,0.0,0.0,0.0,0.0,20.0,80.0,0.0,0.0,0.0,0.0,0.0,0.0,20.0,0.0,32768.0,32768.0,32768.0,32768.0,32768.0,32768.0,32768.0,32768.0,32768.0,32768.0,32768.0,32768.0,32768.0,32768.0,32768.0,32768.0,32768.0,32768.0,32768.0,32768.0,32768.0,32768.0,32768.0,32768.0,32768.0,32768.0,32768.0,32768.0,32768.0,32768.0,32768.0,32768.0,32768.0,32768.0,32768.0,32768.0,32768.0,32768.0,32768.0,32768.0,32768.0,32768.0,32768.0,32768.0,32768.0,32768.0,32768.0,32768.0,32768.0,32768.0,32768.0,32768.0,32768.0,32768.0,32768.0,32768.0,32768.0,32768.0,32768.0,32768.0,32768.0,32768.0,32768.0,32768.0,32768.0,32768.0,32768.0,32768.0,32768.0,32768.0,32768.0,32768.0,32768.0,32768.0,32768.0,32768.0,32768.0,32768.0,32768.0,32768.0,32768.0,32768.0,32768.0,32768.0,32768.0,32768.0,32768.0,32768.0,32768.0,32768.0,32768.0,32768.0,32768.0,32768.0,32768.0,32768.0,32768.0,32768.0,32768.0,32768.0,32768.0,32768.0,32768.0,32768.0,32768.0,32768.0,32768.0,32768.0,32768.0,32768.0,32768.0,32768.0,32768.0,32768.0,32768.0,32768.0,32768.0,32768.0,32768.0,32768.0,32768.0,32768.0,32768.0,32768.0,32768.0,32768.0,32768.0,32768.0,0.0,0.0,4194304.0,16376.0,0.0
22,0,1,695,695,16384,256,0,0,16,192,48,64,matmulbias_kernel,158974763905433,158974763935902,23,27,632594.0,1184.0,7080.0,0.0,4864.0,80128.0,0.0,0.0,44699969.0,44699969.0,786432.0,0.0,0.0,4347054.0,0.0,2110.0,2096.0,2096.0,2120.0,2120.0,2122.0,2122.0,2122.0,2123.0,2122.0,2122.0,2108.0,2122.0,2098.0,2134.0,2134.0,2134.0,2135.0,2134.0,2134.0,2134.0,2106.0,2108.0,2133.0,2132.0,2132.0,2132.0,2104.0,2104.0,2132.0,2132.0,2088.0,2088.0,2108.0,2108.0,2133.0,2132.0,2132.0,2132.0,2110.0,2104.0,2104.0,2132.0,2132.0,2134.0,2134.0,2134.0,2135.0,2134.0,2134.0,2110.0,2134.0,2106.0,2134.0,2134.0,2134.0,2135.0,2134.0,2134.0,2134.0,2106.0,2111.0,2133.0,2132.0,2132.0,2132.0,2104.0,2104.0,2132.0,2132.0,2121.0,2120.0,2110.0,2120.0,2120.0,2096.0,2096.0,2120.0,2120.0,2122.0,2122.0,2122.0,2123.0,2110.0,2122.0,2122.0,2122.0,2098.0,2109.0,2108.0,2108.0,2108.0,2088.0,2088.0,2110.0,2108.0,2108.0,2110.0,2110.0,2110.0,2111.0,2110.0,2110.0,2110.0,2090.0,2090.0,2134.0,2134.0,2134.0,2135.0,2134.0,2134.0,2134.0,2106.0,2133.0,2132.0,2109.0,2132.0,2132.0,2104.0,2104.0,2132.0,2132.0,2121.0,2120.0,2120.0,2120.0,2108.0,1024.0,1024.0,1024.0,1024.0,1024.0,1024.0,1024.0,1024.0,1024.0,1024.0,1024.0,1024.0,1024.0,1024.0,1024.0,1024.0,1024.0,1024.0,1024.0,1024.0,1024.0,1024.0,1024.0,1024.0,1024.0,1024.0,1024.0,1024.0,1024.0,1024.0,1024.0,1024.0,1024.0,1024.0,1024.0,1024.0,1024.0,1024.0,1024.0,1024.0,1024.0,1024.0,1024.0,1024.0,1024.0,1024.0,1024.0,1024.0,1024.0,1024.0,1024.0,1024.0,1024.0,1024.0,1024.0,1024.0,1024.0,1024.0,1024.0,1024.0,1024.0,1024.0,1024.0,1024.0,1024.0,1024.0,1024.0,1024.0,1024.0,1024.0,1024.0,1024.0,1024.0,1024.0,1024.0,1024.0,1024.0,1024.0,1024.0,1024.0,1024.0,1024.0,1024.0,1024.0,1024.0,1024.0,1024.0,1024.0,1024.0,1024.0,1024.0,1024.0,1024.0,1024.0,1024.0,1024.0,1024.0,1024.0,1024.0,1024.0,1024.0,1024.0,1024.0,1024.0,1024.0,1024.0,1024.0,1024.0,1024.0,1024.0,1024.0,1024.0,1024.0,1024.0,1024.0,1024.0,1024.0,1024.0,1024.0,1024.0,1024.0,1024.0,1024.0,1024.0,1024.0,1024.0,1024.0,1024.0,0.0,0.0,131072.0,256.0,0.0
23,0,1,695,695,4194304,256,0,0,12,4,32,64,"void at::native::vectorized_elementwise_kernel<4, at::native::FillFunctor<int>, std::array<char*, 1ul> >(int, at::native::FillFunctor<int>, std::array<char*, 1ul>)",158974764335328,158974764377785,24,121,821174.0,1184.0,8325.0,0.0,131072.0,917504.0,65536.0,0.0,556438762.0,556438762.0,0.0,0.0,0.0,11026302.0,1835120.0,0.0,80.0,0.0,0.0,0.0,0.0,0.0,0.0,80.0,80.0,81.0,20.0,80.0,80.0,0.0,0.0,0.0,80.0,80.0,81.0,80.0,80.0,0.0,1.0,0.0,20.0,0.0,80.0,0.0,0.0,0.0,80.0,0.0,0.0,0.0,1.0,0.0,20.0,0.0,0.0,80.0,0.0,0.0,0.0,0.0,0.0,0.0,80.0,80.0,81.0,0.0,80.0,80.0,0.0,0.0,0.0,80.0,80.0,81.0,80.0,80.0,80.0,1.0,0.0,20.0,0.0,80.0,0.0,0.0,0.0,1.0,0.0,80.0,20.0,0.0,80.0,0.0,0.0,0.0,0.0,0.0,0.0,80.0,81.0,80.0,81.0,80.0,80.0,1.0,0.0,20.0,0.0,80.0,0.0,80.0,0.0,0.0,0.0,0.0,0.0,80.0,80.0,81.0,80.0,80.0,80.0,0.0,0.0,0.0,80.0,80.0,81.0,80.0,80.0,1.0,0.0,1.0,20.0,0.0,80.0,0.0,0.0,0.0,1.0,0.0,20.0,0.0,0.0,32768.0,32768.0,32768.0,32768.0,32768.0,32768.0,32768.0,32768.0,32768.0,32768.0,32768.0,32768.0,32768.0,32768.0,32768.0,32768.0,32768.0,32768.0,32768.0,32768.0,32768.0,32768.0,32768.0,32768.0,32768.0,32768.0,32768.0,32768.0,32768.0,32768.0,32768.0,32768.0,32768.0,32768.0,32768.0,32768.0,32768.0,32768.0,32768.0,32768.0,32768.0,32768.0,32768.0,32768.0,32768.0,32768.0,32768.0,32768.0,32768.0,32768.0,32768.0,32768.0,32768.0,32768.0,32768.0,32768.0,32768.0,32768.0,32768.0,32768.0,32768.0,32768.0,32768.0,32768.0,32768.0,32768.0,32768.0,32768.0,32768.0,32768.0,32768.0,32768.0,32768.0,32768.0,32768.0,32768.0,32768.0,32768.0,32768.0,32768.0,32768.0,32768.0,32768.0,32768.0,32768.0,32768.0,32768.0,32768.0,32768.0,32768.0,32768.0,32768.0,32768.0,32768.0,32768.0,32768.0,32768.0,32768.0,32768.0,32768.0,32768.0,32768.0,32768.0,32768.0,32768.0,32768.0,32768.0,32768.0,32768.0,32768.0,32768.0,32768.0,32768.0,32768.0,32768.0,32768.0,32768.0,32768.0,32768.0,32768.0,32768.0,32768.0,32768.0,32768.0,32768.0,32768.0,32768.0,32768.0,0.0,0.0,4194304.0,16375.0,0.0
24,0,1,695,695,16384,256,0,0,16,192,48,64,matmulbias_kernel,158974764772921,158974764803149,25,27,610518.0,1184.0,608.0,0.0,4864.0,80128.0,0.0,0.0,44584256.0,44584256.0,786432.0,0.0,0.0,4321786.0,0.0,2122.0,2088.0,2088.0,2108.0,2108.0,2110.0,2110.0,2110.0,2110.0,2110.0,2110.0,2120.0,2110.0,2090.0,2122.0,2122.0,2122.0,2122.0,2122.0,2122.0,2122.0,2098.0,2120.0,2120.0,2120.0,2120.0,2120.0,2096.0,2096.0,2120.0,2120.0,2096.0,2096.0,2120.0,2120.0,2108.0,2108.0,2108.0,2108.0,2122.0,2088.0,2088.0,2108.0,2108.0,2110.0,2110.0,2110.0,2110.0,2110.0,2110.0,2122.0,2110.0,2090.0,2134.0,2134.0,2134.0,2134.0,2134.0,2134.0,2134.0,2106.0,2122.0,2132.0,2132.0,2132.0,2132.0,2104.0,2104.0,2132.0,2132.0,2132.0,2132.0,2122.0,2132.0,2132.0,2104.0,2104.0,2132.0,2132.0,2134.0,2134.0,2134.0,2134.0,2122.0,2134.0,2134.0,2134.0,2106.0,2120.0,2120.0,2120.0,2120.0,2096.0,2096.0,2122.0,2120.0,2120.0,2122.0,2122.0,2122.0,2122.0,2122.0,2122.0,2122.0,2098.0,2098.0,2122.0,2122.0,2122.0,2122.0,2122.0,2122.0,2122.0,2098.0,2120.0,2120.0,2120.0,2120.0,2120.0,2096.0,2096.0,2120.0,2120.0,2108.0,2108.0,2108.0,2108.0,2120.0,1024.0,1024.0,1024.0,1024.0,1024.0,1024.0,1024.0,1024.0,1024.0,1024.0,1024.0,1024.0,1024.0,1024.0,1024.0,1024.0,1024.0,1024.0,1024.0,1024.0,1024.0,1024.0,1024.0,1024.0,1024.0,1024.0,1024.0,1024.0,1024.0,1024.0,1024.0,1024.0,1024.0,1024.0,1024.0,1024.0,1024.0,1024.0,1024.0,1024.0,1024.0,1024.0,1024.0,1024.0,1024.0,1024.0,1024.0,1024.0,1024.0,1024.0,1024.0,1024.0,1024.0,1024.0,1024.0,1024.0,1024.0,1024.0,1024.0,1024.0,1024.0,1024.0,1024.0,1024.0,1024.0,1024.0,1024.0,1024.0,1024.0,1024.0,1024.0,1024.0,1024.0,1024.0,1024.0,1024.0,1024.0,1024.0,1024.0,1024.0,1024.0,1024.0,1024.0,1024.0,1024.0,1024.0,1024.0,1024.0,1024.0,1024.0,1024.0,1024.0,1024.0,1024.0,1024.0,1024.0,1024.0,1024.0,1024.0,1024.0,1024.0,1024.0,1024.0,1024.0,1024.0,1024.0,1024.0,1024.0,1024.0,1024.0,1024.0,1024.0,1024.0,1024.0,1024.0,1024.0,1024.0,1024.0,1024.0,1024.0,1024.0,1024.0,1024.0,1024.0,1024.0,1024.0,1024.0,1024.0,0.0,0.0,131072.0,256.0,0.0
25,0,1,695,695,4194304,256,0,0,12,4,32,64,"void at::native::vectorized_elementwise_kernel<4, at::native::FillFunctor<int>, std::array<char*, 1ul> >(int, at::native::FillFunctor<int>, std::array<char*, 1ul>)",158974765183532,158974765225788,26,121,833718.0,1184.0,8595.0,0.0,131072.0,917504.0,65536.0,0.0,556277851.0,556277851.0,0.0,0.0,0.0,11009412.0,1835120.0,0.0,80.0,0.0,0.0,0.0,0.0,0.0,0.0,80.0,80.0,80.0,0.0,80.0,81.0,0.0,0.0,0.0,80.0,80.0,80.0,80.0,81.0,0.0,1.0,20.0,0.0,0.0,80.0,0.0,0.0,0.0,80.0,0.0,0.0,0.0,1.0,20.0,0.0,0.0,0.0,80.0,0.0,0.0,0.0,0.0,0.0,0.0,80.0,80.0,80.0,0.0,80.0,81.0,0.0,0.0,0.0,80.0,80.0,80.0,80.0,81.0,80.0,1.0,20.0,0.0,0.0,80.0,0.0,0.0,0.0,1.0,20.0,80.0,0.0,0.0,80.0,0.0,0.0,0.0,0.0,0.0,0.0,80.0,80.0,80.0,80.0,80.0,81.0,1.0,20.0,0.0,0.0,80.0,0.0,80.0,0.0,0.0,0.0,0.0,0.0,80.0,80.0,80.0,80.0,81.0,81.0,0.0,0.0,0.0,80.0,80.0,80.0,80.0,81.0,1.0,20.0,1.0,0.0,0.0,80.0,0.0,0.0,0.0,1.0,20.0,0.0,0.0,20.0,32768.0,32768.0,32768.0,32768.0,32768.0,32768.0,32768.0,32768.0,32768.0,32768.0,32768.0,32768.0,32768.0,32768.0,32768.0,32768.0,32768.0,32768.0,32768.0,32768.0,32768.0,32768.0,32768.0,32768.0,32768.0,32768.0,32768.0,32768.0,32768.0,32768.0,32768.0,32768.0,32768.0,32768.0,32768.0,32768.0,32768.0,32768.0,32768.0,32768.0,32768.0,32768.0,32768.0,32768.0,32768.0,32768.0,32768.0,32768.0,32768.0,32768.0,32768.0,32768.0,32768.0,32768.0,32768.0,32768.0,32768.0,32768.0,32768.0,32768.0,32768.0,32768.0,32768.0,32768.0,32768.0,32768.0,32768.0,32768.0,32768.0,32768.0,32768.0,32768.0,32768.0,32768.0,32768.0,32768.0,32768.0,32768.0,32768.0,32768.0,32768.0,32768.0,32768.0,32768.0,32768.0,32768.0,32768.0,32768.0,32768.0,32768.0,32768.0,32768.0,32768.0,32768.0,32768.0,32768.0,32768.0,32768.0,32768.0,32768.0,32768.0,32768.0,32768.0,32768.0,32768.0,32768.0,32768.0,32768.0,32768.0,32768.0,32768.0,32768.0,32768.0,32768.0,32768.0,32768.0,32768.0,32768.0,32768.0,32768.0,32768.0,32768.0,32768.0,32768.0,32768.0,32768.0,32768.0,32768.0,0.0,0.0,4194304.0,16376.0,0.0
26,0,1,695,695,16384,256,0,0,16,192,48,64,matmulbias_kernel,158974765626136,158974765656846,27,27,638639.0,1184.0,608.0,0.0,4864.0,80128.0,0.0,0.0,45227098.0,45227098.0,786432.0,0.0,0.0,4290209.0,0.0,2122.0,2096.0,2096.0,2120.0,2120.0,2122.0,2122.0,2122.0,2122.0,2122.0,2122.0,2120.0,2122.0,2098.0,2122.0,2122.0,2122.0,2122.0,2122.0,2122.0,2122.0,2098.0,2120.0,2120.0,2120.0,2120.0,2120.0,2096.0,2096.0,2120.0,2120.0,2096.0,2096.0,2120.0,2120.0,2144.0,2144.0,2144.0,2144.0,2122.0,2112.0,2112.0,2144.0,2144.0,2146.0,2146.0,2146.0,2146.0,2146.0,2146.0,2122.0,2146.0,2114.0,2134.0,2134.0,2134.0,2134.0,2134.0,2134.0,2134.0,2106.0,2122.0,2132.0,2132.0,2132.0,2132.0,2104.0,2104.0,2132.0,2132.0,2132.0,2132.0,2122.0,2132.0,2132.0,2104.0,2104.0,2132.0,2132.0,2134.0,2134.0,2134.0,2134.0,2122.0,2134.0,2134.0,2134.0,2106.0,2096.0,2096.0,2096.0,2096.0,2080.0,2080.0,2122.0,2096.0,2096.0,2098.0,2098.0,2098.0,2098.0,2098.0,2098.0,2098.0,2082.0,2098.0,2110.0,2110.0,2110.0,2110.0,2110.0,2110.0,2110.0,2090.0,2108.0,2108.0,2120.0,2108.0,2108.0,2088.0,2088.0,2108.0,2108.0,2120.0,2120.0,2120.0,2120.0,2120.0,1024.0,1024.0,1024.0,1024.0,1024.0,1024.0,1024.0,1024.0,1024.0,1024.0,1024.0,1024.0,1024.0,1024.0,1024.0,1024.0,1024.0,1024.0,1024.0,1024.0,1024.0,1024.0,1024.0,1024.0,1024.0,1024.0,1024.0,1024.0,1024.0,1024.0,1024.0,1024.0,1024.0,1024.0,1024.0,1024.0,1024.0,1024.0,1024.0,1024.0,1024.0,1024.0,1024.0,1024.0,1024.0,1024.0,1024.0,1024.0,1024.0,1024.0,1024.0,1024.0,1024.0,1024.0,1024.0,1024.0,1024.0,1024.0,1024.0,1024.0,1024.0,1024.0,1024.0,1024.0,1024.0,1024.0,1024.0,1024.0,1024.0,1024.0,1024.0,1024.0,1024.0,1024.0,1024.0,1024.0,1024.0,1024.0,1024.0,1024.0,1024.0,1024.0,1024.0,1024.0,1024.0,1024.0,1024.0,1024.0,1024.0,1024.0,1024.0,1024.0,1024.0,1024.0,1024.0,1024.0,1024.0,1024.0,1024.0,1024.0,1024.0,1024.0,1024.0,1024.0,1024.0,1024.0,1024.0,1024.0,1024.0,1024.0,1024.0,1024.0,1024.0,1024.0,1024.0,1024.0,1024.0,1024.0,1024.0,1024.0,1024.0,1024.0,1024.0,1024.0,1024.0,1024.0,1024.0,1024.0,0.0,0.0,131072.0,256.0,0.0
27,0,1,695,695,4194304,256,0,0,12,4,32,64,"void at::native::vectorized_elementwise_kernel<4, at::native::FillFunctor<int>, std::array<char*, 1ul> >(int, at::native::FillFunctor<int>, std::array<char*, 1ul>)",158974766062406,158974766104862,28,121,821280.0,1184.0,8375.0,0.0,131072.0,917504.0,65536.0,0.0,557684906.0,557684906.0,0.0,0.0,0.0,11037059.0,1835120.0,0.0,80.0,1.0,0.0,0.0,0.0,0.0,0.0,80.0,80.0,80.0,0.0,80.0,80.0,0.0,0.0,0.0,80.0,80.0,80.0,80.0,80.0,0.0,21.0,0.0,0.0,0.0,80.0,1.0,0.0,0.0,80.0,1.0,0.0,0.0,21.0,0.0,0.0,0.0,0.0,80.0,1.0,0.0,0.0,0.0,0.0,0.0,80.0,80.0,80.0,0.0,80.0,80.0,0.0,0.0,0.0,80.0,80.0,80.0,80.0,80.0,80.0,21.0,0.0,0.0,0.0,80.0,1.0,0.0,0.0,21.0,0.0,80.0,0.0,0.0,80.0,1.0,0.0,0.0,0.0,0.0,0.0,80.0,80.0,80.0,80.0,80.0,80.0,21.0,0.0,0.0,0.0,80.0,1.0,80.0,0.0,0.0,0.0,0.0,0.0,80.0,80.0,80.0,80.0,80.0,80.0,0.0,0.0,0.0,80.0,80.0,80.0,80.0,80.0,21.0,0.0,21.0,0.0,0.0,80.0,1.0,0.0,0.0,21.0,0.0,0.0,0.0,0.0,32768.0,32768.0,32768.0,32768.0,32768.0,32768.0,32768.0,32768.0,32768.0,32768.0,32768.0,32768.0,32768.0,32768.0,32768.0,32768.0,32768.0,32768.0,32768.0,32768.0,32768.0,32768.0,32768.0,32768.0,32768.0,32768.0,32768.0,32768.0,32768.0,32768.0,32768.0,32768.0,32768.0,32768.0,32768.0,32768.0,32768.0,32768.0,32768.0,32768.0,32768.0,32768.0,32768.0,32768.0,32768.0,32768.0,32768.0,32768.0,32768.0,32768.0,32768.0,32768.0,32768.0,32768.0,32768.0,32768.0,32768.0,32768.0,32768.0,32768.0,32768.0,32768.0,32768.0,32768.0,32768.0,32768.0,32768.0,32768.0,32768.0,32768.0,32768.0,32768.0,32768.0,32768.0,32768.0,32768.0,32768.0,32768.0,32768.0,32768.0,32768.0,32768.0,32768.0,32768.0,32768.0,32768.0,32768.0,32768.0,32768.0,32768.0,32768.0,32768.0,32768.0,32768.0,32768.0,32768.0,32768.0,32768.0,32768.0,32768.0,32768.0,32768.0,32768.0,32768.0,32768.0,32768.0,32768.0,32768.0,32768.0,32768.0,32768.0,32768.0,32768.0,32768.0,32768.0,32768.0,32768.0,32768.0,32768.0,32768.0,32768.0,32768.0,32768.0,32768.0,32768.0,32768.0,32768.0,32768.0,0.0,0.0,4194304.0,16376.0,0.0
28,0,1,695,695,16384,256,0,0,16,192,48,64,matmulbias_kernel,158974766502725,158974766532993,29,27,634112.0,1184.0,8278.0,0.0,4864.0,80128.0,0.0,0.0,44902696.0,44902696.0,786432.0,0.0,0.0,4278617.0,0.0,2146.0,2112.0,2112.0,2144.0,2145.0,2146.0,2146.0,2146.0,2146.0,2146.0,2146.0,2144.0,2146.0,2114.0,2110.0,2110.0,2110.0,2110.0,2110.0,2110.0,2110.0,2090.0,2144.0,2109.0,2108.0,2108.0,2108.0,2088.0,2088.0,2108.0,2109.0,2112.0,2112.0,2144.0,2145.0,2133.0,2132.0,2132.0,2132.0,2146.0,2104.0,2104.0,2132.0,2133.0,2134.0,2134.0,2134.0,2134.0,2134.0,2134.0,2146.0,2134.0,2106.0,2134.0,2134.0,2134.0,2134.0,2134.0,2134.0,2134.0,2106.0,2146.0,2133.0,2132.0,2132.0,2132.0,2104.0,2104.0,2132.0,2133.0,2133.0,2132.0,2146.0,2132.0,2132.0,2104.0,2104.0,2132.0,2133.0,2134.0,2134.0,2134.0,2134.0,2146.0,2134.0,2134.0,2134.0,2106.0,2109.0,2108.0,2108.0,2108.0,2088.0,2088.0,2146.0,2108.0,2109.0,2110.0,2110.0,2110.0,2110.0,2110.0,2110.0,2110.0,2090.0,2114.0,2122.0,2122.0,2122.0,2122.0,2122.0,2122.0,2122.0,2098.0,2121.0,2120.0,2145.0,2120.0,2120.0,2096.0,2096.0,2120.0,2121.0,2145.0,2144.0,2144.0,2144.0,2144.0,1024.0,1024.0,1024.0,1024.0,1024.0,1024.0,1024.0,1024.0,1024.0,1024.0,1024.0,1024.0,1024.0,1024.0,1024.0,1024.0,1024.0,1024.0,1024.0,1024.0,1024.0,1024.0,1024.0,1024.0,1024.0,1024.0,1024.0,1024.0,1024.0,1024.0,1024.0,1024.0,1024.0,1024.0,1024.0,1024.0,1024.0,1024.0,1024.0,1024.0,1024.0,1024.0,1024.0,1024.0,1024.0,1024.0,1024.0,1024.0,1024.0,1024.0,1024.0,1024.0,1024.0,1024.0,1024.0,1024.0,1024.0,1024.0,1024.0,1024.0,1024.0,1024.0,1024.0,1024.0,1024.0,1024.0,1024.0,1024.0,1024.0,1024.0,1024.0,1024.0,1024.0,1024.0,1024.0,1024.0,1024.0,1024.0,1024.0,1024.0,1024.0,1024.0,1024.0,1024.0,1024.0,1024.0,1024.0,1024.0,1024.0,1024.0,1024.0,1024.0,1024.0,1024.0,1024.0,1024.0,1024.0,1024.0,1024.0,1024.0,1024.0,1024.0,1024.0,1024.0,1024.0,1024.0,1024.0,1024.0,1024.0,1024.0,1024.0,1024.0,1024.0,1024.0,1024.0,1024.0,1024.0,1024.0,1024.0,1024.0,1024.0,1024.0,1024.0,1024.0,1024.0,1024.0,1024.0,1024.0,0.0,0.0,131072.0,256.0,0.0
29,0,1,695,695,4194304,256,0,0,12,4,32,64,"void at::native::vectorized_elementwise_kernel<4, at::native::FillFunctor<int>, std::array<char*, 1ul> >(int, at::native::FillFunctor<int>, std::array<char*, 1ul>)",158974766946251,158974766988667,30,121,833120.0,1184.0,608.0,0.0,131072.0,917504.0,65536.0,0.0,557824615.0,557824615.0,0.0,0.0,0.0,11047133.0,1835120.0,0.0,80.0,0.0,0.0,20.0,0.0,0.0,0.0,80.0,80.0,80.0,0.0,80.0,80.0,0.0,0.0,0.0,80.0,80.0,80.0,80.0,80.0,0.0,0.0,0.0,0.0,0.0,80.0,0.0,0.0,20.0,80.0,0.0,0.0,20.0,0.0,0.0,0.0,0.0,0.0,80.0,0.0,0.0,20.0,0.0,0.0,0.0,80.0,80.0,80.0,0.0,80.0,80.0,0.0,0.0,0.0,80.0,80.0,80.0,80.0,80.0,80.0,0.0,0.0,0.0,0.0,80.0,0.0,0.0,20.0,0.0,0.0,80.0,0.0,0.0,80.0,0.0,0.0,20.0,0.0,0.0,0.0,80.0,80.0,80.0,80.0,80.0,80.0,0.0,0.0,0.0,0.0,80.0,0.0,80.0,0.0,20.0,0.0,0.0,0.0,80.0,80.0,80.0,80.0,80.0,80.0,0.0,0.0,0.0,80.0,80.0,80.0,80.0,80.0,0.0,0.0,0.0,0.0,0.0,80.0,0.0,0.0,20.0,0.0,0.0,0.0,0.0,0.0,32768.0,32768.0,32768.0,32768.0,32768.0,32768.0,32768.0,32768.0,32768.0,32768.0,32768.0,32768.0,32768.0,32768.0,32768.0,32768.0,32768.0,32768.0,32768.0,32768.0,32768.0,32768.0,32768.0,32768.0,32768.0,32768.0,32768.0,32768.0,32768.0,32768.0,32768.0,32768.0,32768.0,32768.0,32768.0,32768.0,32768.0,32768.0,32768.0,32768.0,32768.0,32768.0,32768.0,32768.0,32768.0,32768.0,32768.0,32768.0,32768.0,32768.0,32768.0,32768.0,32768.0,32768.0,32768.0,32768.0,32768.0,32768.0,32768.0,32768.0,32768.0,32768.0,32768.0,32768.0,32768.0,32768.0,32768.0,32768.0,32768.0,32768.0,32768.0,32768.0,32768.0,32768.0,32768.0,32768.0,32768.0,32768.0,32768.0,32768.0,32768.0,32768.0,32768.0,32768.0,32768.0,32768.0,32768.0,32768.0,32768.0,32768.0,32768.0,32768.0,32768.0,32768.0,32768.0,32768.0,32768.0,32768.0,32768.0,32768.0,32768.0,32768.0,32768.0,32768.0,32768.0,32768.0,32768.0,32768.0,32768.0,32768.0,32768.0,32768.0,32768.0,32768.0,32768.0,32768.0,32768.0,32768.0,32768.0,32768.0,32768.0,32768.0,32768.0,32768.0,32768.0,32768.0,32768.0,32768.0,0.0,0.0,4194304.0,16378.0,0.0
30,0,1,695,695,16384,256,0,0,16,192,48,64,matmulbias_kernel,158974767386249,158974767416317,31,27,624847.0,1184.0,8575.0,0.0,4864.0,80128.0,0.0,0.0,44480554.0,44480554.0,786432.0,0.0,0.0,4302238.0,0.0,2110.0,2104.0,2104.0,2132.0,2132.0,2134.0,2134.0,2134.0,2134.0,2134.0,2134.0,2108.0,2134.0,2106.0,2134.0,2134.0,2134.0,2134.0,2134.0,2134.0,2134.0,2106.0,2108.0,2133.0,2133.0,2132.0,2132.0,2104.0,2104.0,2132.0,2132.0,2088.0,2088.0,2108.0,2108.0,2109.0,2109.0,2108.0,2108.0,2110.0,2088.0,2088.0,2108.0,2108.0,2110.0,2110.0,2110.0,2110.0,2110.0,2110.0,2110.0,2110.0,2090.0,2110.0,2110.0,2110.0,2110.0,2110.0,2110.0,2110.0,2090.0,2110.0,2109.0,2109.0,2108.0,2108.0,2088.0,2088.0,2108.0,2108.0,2145.0,2145.0,2110.0,2144.0,2144.0,2112.0,2112.0,2144.0,2144.0,2146.0,2146.0,2146.0,2146.0,2110.0,2146.0,2146.0,2146.0,2114.0,2109.0,2109.0,2108.0,2108.0,2088.0,2088.0,2110.0,2108.0,2108.0,2110.0,2110.0,2110.0,2110.0,2110.0,2110.0,2110.0,2090.0,2090.0,2134.0,2134.0,2134.0,2134.0,2134.0,2134.0,2134.0,2106.0,2133.0,2133.0,2109.0,2132.0,2132.0,2104.0,2104.0,2132.0,2132.0,2133.0,2133.0,2132.0,2132.0,2109.0,1024.0,1024.0,1024.0,1024.0,1024.0,1024.0,1024.0,1024.0,1024.0,1024.0,1024.0,1024.0,1024.0,1024.0,1024.0,1024.0,1024.0,1024.0,1024.0,1024.0,1024.0,1024.0,1024.0,1024.0,1024.0,1024.0,1024.0,1024.0,1024.0,1024.0,1024.0,1024.0,1024.0,1024.0,1024.0,1024.0,1024.0,1024.0,1024.0,1024.0,1024.0,1024.0,1024.0,1024.0,1024.0,1024.0,1024.0,1024.0,1024.0,1024.0,1024.0,1024.0,1024.0,1024.0,1024.0,1024.0,1024.0,1024.0,1024.0,1024.0,1024.0,1024.0,1024.0,1024.0,1024.0,1024.0,1024.0,1024.0,1024.0,1024.0,1024.0,1024.0,1024.0,1024.0,1024.0,1024.0,1024.0,1024.0,1024.0,1024.0,1024.0,1024.0,1024.0,1024.0,1024.0,1024.0,1024.0,1024.0,1024.0,1024.0,1024.0,1024.0,1024.0,1024.0,1024.0,1024.0,1024.0,1024.0,1024.0,1024.0,1024.0,1024.0,1024.0,1024.0,1024.0,1024.0,1024.0,1024.0,1024.0,1024.0,1024.0,1024.0,1024.0,1024.0,1024.0,1024.0,1024.0,1024.0,1024.0,1024.0,1024.0,1024.0,1024.0,1024.0,1024.0,1024.0,1024.0,1024.0,0.0,0.0,131072.0,256.0,0.0
31,0,1,695,695,4194304,256,0,0,12,4,32,64,"void at::native::vectorized_elementwise_kernel<4, at::native::FillFunctor<int>, std::array<char*, 1ul> >(int, at::native::FillFunctor<int>, std::array<char*, 1ul>)",158974767818950,158974767861286,32,121,817594.0,1184.0,608.0,0.0,131072.0,917504.0,65536.0,0.0,556606939.0,556606939.0,0.0,0.0,0.0,11021349.0,1835120.0,0.0,80.0,0.0,20.0,0.0,0.0,0.0,0.0,80.0,80.0,80.0,0.0,80.0,80.0,0.0,0.0,0.0,80.0,80.0,80.0,80.0,80.0,0.0,0.0,0.0,0.0,0.0,80.0,0.0,20.0,0.0,80.0,0.0,20.0,0.0,0.0,0.0,0.0,0.0,0.0,80.0,0.0,20.0,0.0,0.0,0.0,0.0,80.0,80.0,80.0,0.0,80.0,80.0,0.0,0.0,0.0,80.0,80.0,80.0,80.0,80.0,80.0,0.0,0.0,0.0,0.0,80.0,0.0,20.0,0.0,0.0,0.0,80.0,0.0,0.0,80.0,0.0,20.0,0.0,0.0,0.0,0.0,80.0,80.0,80.0,80.0,80.0,80.0,0.0,0.0,0.0,0.0,80.0,0.0,80.0,20.0,0.0,0.0,0.0,0.0,80.0,80.0,80.0,80.0,80.0,80.0,0.0,0.0,0.0,80.0,80.0,80.0,80.0,80.0,0.0,0.0,0.0,0.0,0.0,80.0,0.0,20.0,0.0,0.0,0.0,0.0,0.0,0.0,32768.0,32768.0,32768.0,32768.0,32768.0,32768.0,32768.0,32768.0,32768.0,32768.0,32768.0,32768.0,32768.0,32768.0,32768.0,32768.0,32768.0,32768.0,32768.0,32768.0,32768.0,32768.0,32768.0,32768.0,32768.0,32768.0,32768.0,32768.0,32768.0,32768.0,32768.0,32768.0,32768.0,32768.0,32768.0,32768.0,32768.0,32768.0,32768.0,32768.0,32768.0,32768.0,32768.0,32768.0,32768.0,32768.0,32768.0,32768.0,32768.0,32768.0,32768.0,32768.0,32768.0,32768.0,32768.0,32768.0,32768.0,32768.0,32768.0,32768.0,32768.0,32768.0,32768.0,32768.0,32768.0,32768.0,32768.0,32768.0,32768.0,32768.0,32768.0,32768.0,32768.0,32768.0,32768.0,32768.0,32768.0,32768.0,32768.0,32768.0,32768.0,32768.0,32768.0,32768.0,32768.0,32768.0,32768.0,32768.0,32768.0,32768.0,32768.0,32768.0,32768.0,32768.0,32768.0,32768.0,32768.0,32768.0,32768.0,32768.0,32768.0,32768.0,32768.0,32768.0,32768.0,32768.0,32768.0,32768.0,32768.0,32768.0,32768.0,32768.0,32768.0,32768.0,32768.0,32768.0,32768.0,32768.0,32768.0,32768.0,32768.0,32768.0,32768.0,32768.0,32768.0,32768.0,32768.0,32768.0,0.0,0.0,4194304.0,16376.0,0.0
32,0,1,695,695,16384,256,0,0,16,192,48,64,matmulbias_kernel,158974768265403,158974768296193,33,27,636757.0,1184.0,8431.0,0.0,4864.0,80128.0,0.0,0.0,45432560.0,45432560.0,786432.0,0.0,0.0,4295817.0,0.0,2122.0,2088.0,2088.0,2109.0,2108.0,2110.0,2110.0,2110.0,2110.0,2110.0,2110.0,2120.0,2110.0,2090.0,2122.0,2122.0,2122.0,2122.0,2122.0,2122.0,2122.0,2098.0,2120.0,2121.0,2120.0,2120.0,2120.0,2096.0,2096.0,2121.0,2120.0,2096.0,2096.0,2121.0,2120.0,2109.0,2108.0,2108.0,2108.0,2122.0,2088.0,2088.0,2109.0,2108.0,2110.0,2110.0,2110.0,2110.0,2110.0,2110.0,2122.0,2110.0,2090.0,2134.0,2134.0,2134.0,2134.0,2134.0,2134.0,2134.0,2106.0,2122.0,2133.0,2132.0,2132.0,2132.0,2104.0,2104.0,2133.0,2132.0,2133.0,2132.0,2122.0,2132.0,2132.0,2104.0,2104.0,2133.0,2132.0,2134.0,2134.0,2134.0,2134.0,2122.0,2134.0,2134.0,2134.0,2106.0,2109.0,2108.0,2108.0,2108.0,2088.0,2088.0,2122.0,2109.0,2108.0,2110.0,2110.0,2110.0,2110.0,2110.0,2110.0,2110.0,2090.0,2098.0,2122.0,2122.0,2122.0,2122.0,2122.0,2122.0,2122.0,2098.0,2121.0,2120.0,2121.0,2120.0,2120.0,2096.0,2096.0,2121.0,2120.0,2109.0,2108.0,2108.0,2108.0,2120.0,1024.0,1024.0,1024.0,1024.0,1024.0,1024.0,1024.0,1024.0,1024.0,1024.0,1024.0,1024.0,1024.0,1024.0,1024.0,1024.0,1024.0,1024.0,1024.0,1024.0,1024.0,1024.0,1024.0,1024.0,1024.0,1024.0,1024.0,1024.0,1024.0,1024.0,1024.0,1024.0,1024.0,1024.0,1024.0,1024.0,1024.0,1024.0,1024.0,1024.0,1024.0,1024.0,1024.0,1024.0,1024.0,1024.0,1024.0,1024.0,1024.0,1024.0,1024.0,1024.0,1024.0,1024.0,1024.0,1024.0,1024.0,1024.0,1024.0,1024.0,1024.0,1024.0,1024.0,1024.0,1024.0,1024.0,1024.0,1024.0,1024.0,1024.0,1024.0,1024.0,1024.0,1024.0,1024.0,1024.0,1024.0,1024.0,1024.0,1024.0,1024.0,1024.0,1024.0,1024.0,1024.0,1024.0,1024.0,1024.0,1024.0,1024.0,1024.0,1024.0,1024.0,1024.0,1024.0,1024.0,1024.0,1024.0,1024.0,1024.0,1024.0,1024.0,1024.0,1024.0,1024.0,1024.0,1024.0,1024.0,1024.0,1024.0,1024.0,1024.0,1024.0,1024.0,1024.0,1024.0,1024.0,1024.0,1024.0,1024.0,1024.0,1024.0,1024.0,1024.0,1024.0,1024.0,1024.0,1024.0,0.0,0.0,131072.0,256.0,0.0
33,0,1,695,695,4194304,256,0,0,12,4,32,64,"void at::native::vectorized_elementwise_kernel<4, at::native::FillFunctor<int>, std::array<char*, 1ul> >(int, at::native::FillFunctor<int>, std::array<char*, 1ul>)",158974768697263,158974768739358,34,121,815105.0,1184.0,608.0,0.0,131072.0,917504.0,65536.0,0.0,556985827.0,556985827.0,0.0,0.0,0.0,11015415.0,1835120.0,0.0,80.0,20.0,0.0,0.0,0.0,0.0,0.0,80.0,80.0,80.0,0.0,80.0,80.0,0.0,0.0,0.0,80.0,80.0,80.0,80.0,80.0,0.0,0.0,0.0,0.0,0.0,80.0,20.0,0.0,0.0,80.0,20.0,0.0,0.0,0.0,0.0,0.0,0.0,0.0,80.0,20.0,0.0,0.0,0.0,0.0,0.0,80.0,80.0,80.0,0.0,80.0,80.0,0.0,0.0,0.0,80.0,80.0,80.0,80.0,80.0,80.0,0.0,0.0,0.0,0.0,80.0,20.0,0.0,0.0,0.0,0.0,80.0,0.0,0.0,80.0,20.0,0.0,0.0,0.0,0.0,0.0,80.0,80.0,80.0,80.0,80.0,80.0,0.0,0.0,0.0,0.0,80.0,20.0,80.0,0.0,0.0,0.0,0.0,0.0,80.0,80.0,80.0,80.0,80.0,80.0,0.0,0.0,0.0,80.0,80.0,80.0,80.0,80.0,0.0,0.0,0.0,0.0,0.0,80.0,20.0,0.0,0.0,0.0,0.0,0.0,0.0,0.0,32768.0,32768.0,32768.0,32768.0,32768.0,32768.0,32768.0,32768.0,32768.0,32768.0,32768.0,32768.0,32768.0,32768.0,32768.0,32768.0,32768.0,32768.0,32768.0,32768.0,32768.0,32768.0,32768.0,32768.0,32768.0,32768.0,32768.0,32768.0,32768.0,32768.0,32768.0,32768.0,32768.0,32768.0,32768.0,32768.0,32768.0,32768.0,32768.0,32768.0,32768.0,32768.0,32768.0,32768.0,32768.0,32768.0,32768.0,32768.0,32768.0,32768.0,32768.0,32768.0,32768.0,32768.0,32768.0,32768.0,32768.0,32768.0,32768.0,32768.0,32768.0,32768.0,32768.0,32768.0,32768.0,32768.0,32768.0,32768.0,32768.0,32768.0,32768.0,32768.0,32768.0,32768.0,32768.0,32768.0,32768.0,32768.0,32768.0,32768.0,32768.0,32768.0,32768.0,32768.0,32768.0,32768.0,32768.0,32768.0,32768.0,32768.0,32768.0,32768.0,32768.0,32768.0,32768.0,32768.0,32768.0,32768.0,32768.0,32768.0,32768.0,32768.0,32768.0,32768.0,32768.0,32768.0,32768.0,32768.0,32768.0,32768.0,32768.0,32768.0,32768.0,32768.0,32768.0,32768.0,32768.0,32768.0,32768.0,32768.0,32768.0,32768.0,32768.0,32768.0,32768.0,32768.0,32768.0,32768.0,0.0,0.0,4194304.0,16380.0,0.0
34,0,1,695,695,16384,256,0,0,16,192,48,64,matmulbias_kernel,158974769144517,158974769175227,35,27,639922.0,1184.0,8030.0,0.0,4864.0,80128.0,0.0,0.0,45036054.0,45036054.0,786432.0,0.0,0.0,4345856.0,0.0,2134.0,2089.0,2088.0,2108.0,2108.0,2110.0,2110.0,2110.0,2110.0,2110.0,2110.0,2132.0,2110.0,2090.0,2098.0,2098.0,2098.0,2098.0,2098.0,2098.0,2098.0,2082.0,2132.0,2097.0,2096.0,2096.0,2096.0,2081.0,2080.0,2096.0,2096.0,2105.0,2104.0,2132.0,2132.0,2133.0,2132.0,2132.0,2132.0,2134.0,2105.0,2104.0,2132.0,2132.0,2134.0,2134.0,2134.0,2134.0,2134.0,2134.0,2134.0,2134.0,2106.0,2098.0,2098.0,2098.0,2098.0,2098.0,2098.0,2098.0,2082.0,2134.0,2097.0,2096.0,2096.0,2096.0,2081.0,2080.0,2096.0,2096.0,2133.0,2132.0,2134.0,2132.0,2132.0,2105.0,2104.0,2132.0,2132.0,2134.0,2134.0,2134.0,2134.0,2134.0,2134.0,2134.0,2134.0,2106.0,2121.0,2120.0,2120.0,2120.0,2097.0,2096.0,2134.0,2120.0,2120.0,2122.0,2122.0,2122.0,2122.0,2122.0,2122.0,2122.0,2098.0,2106.0,2134.0,2134.0,2134.0,2134.0,2134.0,2134.0,2134.0,2106.0,2133.0,2132.0,2133.0,2132.0,2132.0,2105.0,2104.0,2132.0,2132.0,2109.0,2108.0,2108.0,2108.0,2132.0,1024.0,1024.0,1024.0,1024.0,1024.0,1024.0,1024.0,1024.0,1024.0,1024.0,1024.0,1024.0,1024.0,1024.0,1024.0,1024.0,1024.0,1024.0,1024.0,1024.0,1024.0,1024.0,1024.0,1024.0,1024.0,1024.0,1024.0,1024.0,1024.0,1024.0,1024.0,1024.0,1024.0,1024.0,1024.0,1024.0,1024.0,1024.0,1024.0,1024.0,1024.0,1024.0,1024.0,1024.0,1024.0,1024.0,1024.0,1024.0,1024.0,1024.0,1024.0,1024.0,1024.0,1024.0,1024.0,1024.0,1024.0,1024.0,1024.0,1024.0,1024.0,1024.0,1024.0,1024.0,1024.0,1024.0,1024.0,1024.0,1024.0,1024.0,1024.0,1024.0,1024.0,1024.0,1024.0,1024.0,1024.0,1024.0,1024.0,1024.0,1024.0,1024.0,1024.0,1024.0,1024.0,1024.0,1024.0,1024.0,1024.0,1024.0,1024.0,1024.0,1024.0,1024.0,1024.0,1024.0,1024.0,1024.0,1024.0,1024.0,1024.0,1024.0,1024.0,1024.0,1024.0,1024.0,1024.0,1024.0,1024.0,1024.0,1024.0,1024.0,1024.0,1024.0,1024.0,1024.0,1024.0,1024.0,1024.0,1024.0,1024.0,1024.0,1024.0,1024.0,1024.0,1024.0,1024.0,1024.0,0.0,0.0,131072.0,256.0,0.0
35,0,1,695,695,4194304,256,0,0,12,4,32,64,"void at::native::vectorized_elementwise_kernel<4, at::native::FillFunctor<int>, std::array<char*, 1ul> >(int, at::native::FillFunctor<int>, std::array<char*, 1ul>)",158974769575896,158974769617951,36,121,825047.0,1184.0,7558.0,0.0,131072.0,917504.0,65536.0,0.0,556787624.0,556787624.0,0.0,0.0,0.0,11024076.0,1835120.0,0.0,100.0,0.0,0.0,0.0,0.0,0.0,0.0,80.0,80.0,80.0,1.0,80.0,80.0,0.0,0.0,0.0,80.0,80.0,80.0,80.0,80.0,0.0,1.0,0.0,1.0,0.0,100.0,0.0,0.0,0.0,100.0,0.0,0.0,0.0,1.0,0.0,1.0,0.0,0.0,100.0,0.0,0.0,0.0,0.0,0.0,0.0,80.0,80.0,80.0,0.0,80.0,80.0,0.0,0.0,0.0,80.0,80.0,80.0,80.0,80.0,80.0,1.0,0.0,1.0,0.0,100.0,0.0,0.0,0.0,1.0,0.0,80.0,1.0,0.0,100.0,0.0,0.0,0.0,0.0,0.0,0.0,80.0,80.0,80.0,80.0,80.0,80.0,1.0,0.0,1.0,0.0,100.0,0.0,80.0,0.0,0.0,0.0,0.0,0.0,80.0,80.0,80.0,80.0,80.0,80.0,0.0,0.0,0.0,80.0,80.0,80.0,80.0,80.0,1.0,0.0,1.0,1.0,0.0,100.0,0.0,0.0,0.0,1.0,0.0,1.0,0.0,0.0,32768.0,32768.0,32768.0,32768.0,32768.0,32768.0,32768.0,32768.0,32768.0,32768.0,32768.0,32768.0,32768.0,32768.0,32768.0,32768.0,32768.0,32768.0,32768.0,32768.0,32768.0,32768.0,32768.0,32768.0,32768.0,32768.0,32768.0,32768.0,32768.0,32768.0,32768.0,32768.0,32768.0,32768.0,32768.0,32768.0,32768.0,32768.0,32768.0,32768.0,32768.0,32768.0,32768.0,32768.0,32768.0,32768.0,32768.0,32768.0,32768.0,32768.0,32768.0,32768.0,32768.0,32768.0,32768.0,32768.0,32768.0,32768.0,32768.0,32768.0,32768.0,32768.0,32768.0,32768.0,32768.0,32768.0,32768.0,32768.0,32768.0,32768.0,32768.0,32768.0,32768.0,32768.0,32768.0,32768.0,32768.0,32768.0,32768.0,32768.0,32768.0,32768.0,32768.0,32768.0,32768.0,32768.0,32768.0,32768.0,32768.0,32768.0,32768.0,32768.0,32768.0,32768.0,32768.0,32768.0,32768.0,32768.0,32768.0,32768.0,32768.0,32768.0,32768.0,32768.0,32768.0,32768.0,32768.0,32768.0,32768.0,32768.0,32768.0,32768.0,32768.0,32768.0,32768.0,32768.0,32768.0,32768.0,32768.0,32768.0,32768.0,32768.0,32768.0,32768.0,32768.0,32768.0,32768.0,32768.0,0.0,0.0,4194304.0,16376.0,0.0
36,0,1,695,695,16384,256,0,0,16,192,48,64,matmulbias_kernel,158974770017578,158974770047846,37,27,619394.0,1184.0,686.0,0.0,4864.0,80128.0,0.0,0.0,45035539.0,45035539.0,786432.0,0.0,0.0,4466394.0,0.0,2122.0,2088.0,2088.0,2108.0,2108.0,2110.0,2110.0,2110.0,2110.0,2110.0,2110.0,2120.0,2110.0,2090.0,2122.0,2122.0,2122.0,2122.0,2122.0,2122.0,2122.0,2098.0,2120.0,2120.0,2120.0,2120.0,2120.0,2096.0,2096.0,2120.0,2120.0,2096.0,2096.0,2120.0,2120.0,2132.0,2132.0,2132.0,2132.0,2122.0,2104.0,2104.0,2132.0,2132.0,2134.0,2134.0,2134.0,2134.0,2134.0,2134.0,2122.0,2134.0,2106.0,2134.0,2134.0,2134.0,2134.0,2134.0,2134.0,2134.0,2106.0,2122.0,2132.0,2132.0,2132.0,2132.0,2104.0,2104.0,2132.0,2132.0,2108.0,2108.0,2122.0,2108.0,2108.0,2088.0,2088.0,2108.0,2108.0,2110.0,2110.0,2110.0,2110.0,2122.0,2110.0,2110.0,2110.0,2090.0,2120.0,2120.0,2120.0,2120.0,2096.0,2096.0,2122.0,2120.0,2120.0,2122.0,2122.0,2122.0,2122.0,2122.0,2122.0,2122.0,2098.0,2098.0,2122.0,2122.0,2122.0,2122.0,2122.0,2122.0,2122.0,2098.0,2120.0,2120.0,2120.0,2120.0,2120.0,2096.0,2096.0,2120.0,2120.0,2108.0,2108.0,2108.0,2108.0,2120.0,1024.0,1024.0,1024.0,1024.0,1024.0,1024.0,1024.0,1024.0,1024.0,1024.0,1024.0,1024.0,1024.0,1024.0,1024.0,1024.0,1024.0,1024.0,1024.0,1024.0,1024.0,1024.0,1024.0,1024.0,1024.0,1024.0,1024.0,1024.0,1024.0,1024.0,1024.0,1024.0,1024.0,1024.0,1024.0,1024.0,1024.0,1024.0,1024.0,1024.0,1024.0,1024.0,1024.0,1024.0,1024.0,1024.0,1024.0,1024.0,1024.0,1024.0,1024.0,1024.0,1024.0,1024.0,1024.0,1024.0,1024.0,1024.0,1024.0,1024.0,1024.0,1024.0,1024.0,1024.0,1024.0,1024.0,1024.0,1024.0,1024.0,1024.0,1024.0,1024.0,1024.0,1024.0,1024.0,1024.0,1024.0,1024.0,1024.0,1024.0,1024.0,1024.0,1024.0,1024.0,1024.0,1024.0,1024.0,1024.0,1024.0,1024.0,1024.0,1024.0,1024.0,1024.0,1024.0,1024.0,1024.0,1024.0,1024.0,1024.0,1024.0,1024.0,1024.0,1024.0,1024.0,1024.0,1024.0,1024.0,1024.0,1024.0,1024.0,1024.0,1024.0,1024.0,1024.0,1024.0,1024.0,1024.0,1024.0,1024.0,1024.0,1024.0,1024.0,1024.0,1024.0,1024.0,1024.0,1024.0,0.0,0.0,131072.0,256.0,0.0
37,0,1,695,695,4194304,256,0,0,12,4,32,64,"void at::native::vectorized_elementwise_kernel<4, at::native::FillFunctor<int>, std::array<char*, 1ul> >(int, at::native::FillFunctor<int>, std::array<char*, 1ul>)",158974770433281,158974770475897,38,121,825800.0,1184.0,8197.0,0.0,131072.0,917504.0,65536.0,0.0,556995739.0,556995739.0,0.0,0.0,0.0,11014872.0,1835120.0,0.0,80.0,0.0,0.0,0.0,0.0,0.0,0.0,80.0,80.0,80.0,0.0,80.0,100.0,0.0,0.0,0.0,80.0,80.0,80.0,80.0,100.0,0.0,2.0,0.0,0.0,0.0,80.0,0.0,0.0,0.0,80.0,0.0,0.0,0.0,2.0,0.0,0.0,0.0,0.0,80.0,0.0,0.0,0.0,0.0,0.0,0.0,80.0,80.0,80.0,0.0,80.0,100.0,0.0,0.0,0.0,80.0,80.0,80.0,80.0,100.0,80.0,2.0,0.0,0.0,0.0,80.0,0.0,0.0,0.0,2.0,0.0,80.0,0.0,0.0,80.0,0.0,0.0,0.0,0.0,0.0,0.0,80.0,80.0,80.0,80.0,80.0,100.0,2.0,0.0,0.0,0.0,80.0,0.0,80.0,0.0,0.0,0.0,0.0,0.0,80.0,80.0,80.0,80.0,100.0,100.0,0.0,0.0,0.0,80.0,80.0,80.0,80.0,100.0,2.0,0.0,2.0,0.0,0.0,80.0,0.0,0.0,0.0,2.0,0.0,0.0,0.0,0.0,32768.0,32768.0,32768.0,32768.0,32768.0,32768.0,32768.0,32768.0,32768.0,32768.0,32768.0,32768.0,32768.0,32768.0,32768.0,32768.0,32768.0,32768.0,32768.0,32768.0,32768.0,32768.0,32768.0,32768.0,32768.0,32768.0,32768.0,32768.0,32768.0,32768.0,32768.0,32768.0,32768.0,32768.0,32768.0,32768.0,32768.0,32768.0,32768.0,32768.0,32768.0,32768.0,32768.0,32768.0,32768.0,32768.0,32768.0,32768.0,32768.0,32768.0,32768.0,32768.0,32768.0,32768.0,32768.0,32768.0,32768.0,32768.0,32768.0,32768.0,32768.0,32768.0,32768.0,32768.0,32768.0,32768.0,32768.0,32768.0,32768.0,32768.0,32768.0,32768.0,32768.0,32768.0,32768.0,32768.0,32768.0,32768.0,32768.0,32768.0,32768.0,32768.0,32768.0,32768.0,32768.0,32768.0,32768.0,32768.0,32768.0,32768.0,32768.0,32768.0,32768.0,32768.0,32768.0,32768.0,32768.0,32768.0,32768.0,32768.0,32768.0,32768.0,32768.0,32768.0,32768.0,32768.0,32768.0,32768.0,32768.0,32768.0,32768.0,32768.0,32768.0,32768.0,32768.0,32768.0,32768.0,32768.0,32768.0,32768.0,32768.0,32768.0,32768.0,32768.0,32768.0,32768.0,32768.0,32768.0,0.0,0.0,4194304.0,16381.0,0.0
38,0,1,695,695,16384,256,0,0,16,192,48,64,matmulbias_kernel,158974770879252,158974770911004,39,27,652310.0,1184.0,608.0,0.0,4864.0,80128.0,0.0,0.0,48332587.0,48332587.0,786432.0,0.0,0.0,4732926.0,0.0,2134.0,2104.0,2104.0,2132.0,2132.0,2134.0,2134.0,2134.0,2134.0,2134.0,2134.0,2132.0,2134.0,2106.0,2110.0,2110.0,2110.0,2110.0,2110.0,2110.0,2110.0,2090.0,2132.0,2108.0,2108.0,2108.0,2108.0,2088.0,2088.0,2108.0,2108.0,2104.0,2104.0,2132.0,2132.0,2132.0,2132.0,2132.0,2132.0,2134.0,2104.0,2104.0,2132.0,2132.0,2134.0,2134.0,2134.0,2134.0,2134.0,2134.0,2134.0,2134.0,2106.0,2134.0,2134.0,2134.0,2134.0,2134.0,2134.0,2134.0,2106.0,2134.0,2132.0,2132.0,2132.0,2132.0,2104.0,2104.0,2132.0,2132.0,2120.0,2120.0,2134.0,2120.0,2120.0,2096.0,2096.0,2120.0,2120.0,2122.0,2122.0,2122.0,2122.0,2134.0,2122.0,2122.0,2122.0,2098.0,2132.0,2132.0,2132.0,2132.0,2104.0,2104.0,2134.0,2132.0,2132.0,2134.0,2134.0,2134.0,2134.0,2134.0,2134.0,2134.0,2106.0,2106.0,2122.0,2122.0,2122.0,2122.0,2122.0,2122.0,2122.0,2098.0,2120.0,2120.0,2132.0,2120.0,2120.0,2096.0,2096.0,2120.0,2120.0,2132.0,2132.0,2132.0,2132.0,2132.0,1024.0,1024.0,1024.0,1024.0,1024.0,1024.0,1024.0,1024.0,1024.0,1024.0,1024.0,1024.0,1024.0,1024.0,1024.0,1024.0,1024.0,1024.0,1024.0,1024.0,1024.0,1024.0,1024.0,1024.0,1024.0,1024.0,1024.0,1024.0,1024.0,1024.0,1024.0,1024.0,1024.0,1024.0,1024.0,1024.0,1024.0,1024.0,1024.0,1024.0,1024.0,1024.0,1024.0,1024.0,1024.0,1024.0,1024.0,1024.0,1024.0,1024.0,1024.0,1024.0,1024.0,1024.0,1024.0,1024.0,1024.0,1024.0,1024.0,1024.0,1024.0,1024.0,1024.0,1024.0,1024.0,1024.0,1024.0,1024.0,1024.0,1024.0,1024.0,1024.0,1024.0,1024.0,1024.0,1024.0,1024.0,1024.0,1024.0,1024.0,1024.0,1024.0,1024.0,1024.0,1024.0,1024.0,1024.0,1024.0,1024.0,1024.0,1024.0,1024.0,1024.0,1024.0,1024.0,1024.0,1024.0,1024.0,1024.0,1024.0,1024.0,1024.0,1024.0,1024.0,1024.0,1024.0,1024.0,1024.0,1024.0,1024.0,1024.0,1024.0,1024.0,1024.0,1024.0,1024.0,1024.0,1024.0,1024.0,1024.0,1024.0,1024.0,1024.0,1024.0,1024.0,1024.0,1024.0,1024.0,0.0,0.0,131072.0,256.0,0.0
39,0,1,695,695,4194304,256,0,0,12,4,32,64,"void at::native::vectorized_elementwise_kernel<4, at::native::FillFunctor<int>, std::array<char*, 1ul> >(int, at::native::FillFunctor<int>, std::array<char*, 1ul>)",158974771303495,158974771345871,40,121,822315.0,1184.0,608.0,0.0,131072.0,917504.0,65536.0,0.0,559013841.0,559013841.0,0.0,0.0,0.0,11065956.0,1835120.0,0.0,80.0,0.0,0.0,0.0,0.0,0.0,0.0,80.0,80.0,80.0,0.0,100.0,80.0,0.0,0.0,0.0,80.0,80.0,80.0,100.0,80.0,0.0,0.0,0.0,0.0,0.0,80.0,0.0,0.0,0.0,80.0,0.0,0.0,0.0,0.0,0.0,0.0,0.0,0.0,80.0,0.0,0.0,0.0,0.0,0.0,0.0,80.0,80.0,80.0,0.0,100.0,80.0,0.0,0.0,0.0,80.0,80.0,80.0,100.0,80.0,80.0,0.0,0.0,0.0,0.0,80.0,0.0,0.0,0.0,0.0,0.0,80.0,0.0,0.0,80.0,0.0,0.0,0.0,0.0,0.0,0.0,80.0,80.0,80.0,80.0,100.0,80.0,0.0,0.0,0.0,0.0,80.0,0.0,100.0,0.0,0.0,0.0,0.0,0.0,80.0,80.0,80.0,100.0,80.0,80.0,0.0,0.0,0.0,80.0,80.0,80.0,100.0,80.0,0.0,0.0,0.0,0.0,0.0,80.0,0.0,0.0,0.0,0.0,0.0,0.0,0.0,0.0,32768.0,32768.0,32768.0,32768.0,32768.0,32768.0,32768.0,32768.0,32768.0,32768.0,32768.0,32768.0,32768.0,32768.0,32768.0,32768.0,32768.0,32768.0,32768.0,32768.0,32768.0,32768.0,32768.0,32768.0,32768.0,32768.0,32768.0,32768.0,32768.0,32768.0,32768.0,32768.0,32768.0,32768.0,32768.0,32768.0,32768.0,32768.0,32768.0,32768.0,32768.0,32768.0,32768.0,32768.0,32768.0,32768.0,32768.0,32768.0,32768.0,32768.0,32768.0,32768.0,32768.0,32768.0,32768.0,32768.0,32768.0,32768.0,32768.0,32768.0,32768.0,32768.0,32768.0,32768.0,32768.0,32768.0,32768.0,32768.0,32768.0,32768.0,32768.0,32768.0,32768.0,32768.0,32768.0,32768.0,32768.0,32768.0,32768.0,32768.0,32768.0,32768.0,32768.0,32768.0,32768.0,32768.0,32768.0,32768.0,32768.0,32768.0,32768.0,32768.0,32768.0,32768.0,32768.0,32768.0,32768.0,32768.0,32768.0,32768.0,32768.0,32768.0,32768.0,32768.0,32768.0,32768.0,32768.0,32768.0,32768.0,32768.0,32768.0,32768.0,32768.0,32768.0,32768.0,32768.0,32768.0,32768.0,32768.0,32768.0,32768.0,32768.0,32768.0,32768.0,32768.0,32768.0,32768.0,32768.0,0.0,0.0,4194304.0,16377.0,0.0
40,0,1,695,695,16384,256,0,0,16,192,48,64,matmulbias_kernel,158974771753756,158974771788595,41,27,713340.0,1184.0,7676.0,0.0,4864.0,80128.0,0.0,0.0,55481262.0,55481262.0,786432.0,0.0,0.0,5044209.0,0.0,2122.0,2104.0,2104.0,2132.0,2132.0,2134.0,2134.0,2135.0,2134.0,2134.0,2134.0,2120.0,2134.0,2106.0,2134.0,2134.0,2135.0,2134.0,2134.0,2134.0,2134.0,2106.0,2120.0,2133.0,2132.0,2132.0,2132.0,2104.0,2104.0,2132.0,2132.0,2096.0,2096.0,2120.0,2120.0,2121.0,2120.0,2120.0,2120.0,2122.0,2096.0,2096.0,2120.0,2120.0,2122.0,2122.0,2123.0,2122.0,2122.0,2122.0,2123.0,2122.0,2098.0,2110.0,2110.0,2111.0,2110.0,2110.0,2110.0,2110.0,2090.0,2122.0,2109.0,2108.0,2108.0,2108.0,2088.0,2088.0,2108.0,2108.0,2109.0,2108.0,2122.0,2108.0,2108.0,2088.0,2088.0,2108.0,2108.0,2110.0,2110.0,2111.0,2110.0,2122.0,2110.0,2110.0,2110.0,2090.0,2121.0,2120.0,2120.0,2120.0,2096.0,2096.0,2122.0,2120.0,2120.0,2122.0,2122.0,2123.0,2122.0,2122.0,2122.0,2122.0,2098.0,2098.0,2122.0,2122.0,2123.0,2122.0,2122.0,2122.0,2122.0,2098.0,2121.0,2120.0,2121.0,2120.0,2120.0,2096.0,2096.0,2120.0,2120.0,2133.0,2132.0,2132.0,2132.0,2120.0,1024.0,1024.0,1024.0,1024.0,1024.0,1024.0,1024.0,1024.0,1024.0,1024.0,1024.0,1024.0,1024.0,1024.0,1024.0,1024.0,1024.0,1024.0,1024.0,1024.0,1024.0,1024.0,1024.0,1024.0,1024.0,1024.0,1024.0,1024.0,1024.0,1024.0,1024.0,1024.0,1024.0,1024.0,1024.0,1024.0,1024.0,1024.0,1024.0,1024.0,1024.0,1024.0,1024.0,1024.0,1024.0,1024.0,1024.0,1024.0,1024.0,1024.0,1024.0,1024.0,1024.0,1024.0,1024.0,1024.0,1024.0,1024.0,1024.0,1024.0,1024.0,1024.0,1024.0,1024.0,1024.0,1024.0,1024.0,1024.0,1024.0,1024.0,1024.0,1024.0,1024.0,1024.0,1024.0,1024.0,1024.0,1024.0,1024.0,1024.0,1024.0,1024.0,1024.0,1024.0,1024.0,1024.0,1024.0,1024.0,1024.0,1024.0,1024.0,1024.0,1024.0,1024.0,1024.0,1024.0,1024.0,1024.0,1024.0,1024.0,1024.0,1024.0,1024.0,1024.0,1024.0,1024.0,1024.0,1024.0,1024.0,1024.0,1024.0,1024.0,1024.0,1024.0,1024.0,1024.0,1024.0,1024.0,1024.0,1024.0,1024.0,1024.0,1024.0,1024.0,1024.0,1024.0,1024.0,1024.0,0.0,0.0,131072.0,256.0,0.0
41,0,1,695,695,4194304,256,0,0,12,4,32,64,"void at::native::vectorized_elementwise_kernel<4, at::native::FillFunctor<int>, std::array<char*, 1ul> >(int, at::native::FillFunctor<int>, std::array<char*, 1ul>)",158974772194516,158974772237092,42,121,826598.0,1184.0,608.0,0.0,131072.0,917504.0,65536.0,0.0,557452475.0,557452475.0,0.0,0.0,0.0,11032446.0,1835120.0,0.0,80.0,0.0,0.0,0.0,0.0,0.0,0.0,80.0,80.0,100.0,0.0,80.0,80.0,0.0,0.0,0.0,80.0,80.0,100.0,80.0,80.0,0.0,0.0,0.0,0.0,0.0,80.0,0.0,0.0,0.0,80.0,0.0,0.0,0.0,0.0,0.0,0.0,0.0,0.0,80.0,0.0,0.0,0.0,0.0,0.0,0.0,80.0,80.0,100.0,0.0,80.0,80.0,0.0,0.0,0.0,80.0,80.0,100.0,80.0,80.0,80.0,0.0,0.0,0.0,0.0,80.0,0.0,0.0,0.0,0.0,0.0,80.0,0.0,0.0,80.0,0.0,0.0,0.0,0.0,0.0,0.0,80.0,100.0,80.0,100.0,80.0,80.0,0.0,0.0,0.0,0.0,80.0,0.0,80.0,0.0,0.0,0.0,0.0,0.0,80.0,80.0,100.0,80.0,80.0,80.0,0.0,0.0,0.0,80.0,80.0,100.0,80.0,80.0,0.0,0.0,0.0,0.0,0.0,80.0,0.0,0.0,0.0,0.0,0.0,0.0,0.0,0.0,32768.0,32768.0,32768.0,32768.0,32768.0,32768.0,32768.0,32768.0,32768.0,32768.0,32768.0,32768.0,32768.0,32768.0,32768.0,32768.0,32768.0,32768.0,32768.0,32768.0,32768.0,32768.0,32768.0,32768.0,32768.0,32768.0,32768.0,32768.0,32768.0,32768.0,32768.0,32768.0,32768.0,32768.0,32768.0,32768.0,32768.0,32768.0,32768.0,32768.0,32768.0,32768.0,32768.0,32768.0,32768.0,32768.0,32768.0,32768.0,32768.0,32768.0,32768.0,32768.0,32768.0,32768.0,32768.0,32768.0,32768.0,32768.0,32768.0,32768.0,32768.0,32768.0,32768.0,32768.0,32768.0,32768.0,32768.0,32768.0,32768.0,32768.0,32768.0,32768.0,32768.0,32768.0,32768.0,32768.0,32768.0,32768.0,32768.0,32768.0,32768.0,32768.0,32768.0,32768.0,32768.0,32768.0,32768.0,32768.0,32768.0,32768.0,32768.0,32768.0,32768.0,32768.0,32768.0,32768.0,32768.0,32768.0,32768.0,32768.0,32768.0,32768.0,32768.0,32768.0,32768.0,32768.0,32768.0,32768.0,32768.0,32768.0,32768.0,32768.0,32768.0,32768.0,32768.0,32768.0,32768.0,32768.0,32768.0,32768.0,32768.0,32768.0,32768.0,32768.0,32768.0,32768.0,32768.0,32768.0,0.0,0.0,4194304.0,16383.0,0.0
42,0,1,695,695,16384,256,0,0,16,192,48,64,matmulbias_kernel,158974772641169,158974772676650,43,27,711340.0,1184.0,7994.0,0.0,4864.0,80128.0,0.0,0.0,60126945.0,60126945.0,786432.0,0.0,0.0,5341856.0,0.0,2123.0,2104.0,2104.0,2132.0,2132.0,2135.0,2134.0,2134.0,2134.0,2134.0,2134.0,2120.0,2134.0,2106.0,2135.0,2134.0,2134.0,2134.0,2134.0,2134.0,2134.0,2106.0,2120.0,2133.0,2132.0,2132.0,2132.0,2104.0,2104.0,2132.0,2132.0,2096.0,2096.0,2120.0,2120.0,2121.0,2120.0,2120.0,2120.0,2122.0,2096.0,2096.0,2120.0,2120.0,2123.0,2122.0,2122.0,2122.0,2122.0,2122.0,2122.0,2122.0,2098.0,2111.0,2110.0,2110.0,2110.0,2110.0,2110.0,2110.0,2090.0,2122.0,2109.0,2108.0,2108.0,2108.0,2088.0,2088.0,2108.0,2108.0,2109.0,2108.0,2122.0,2108.0,2108.0,2088.0,2088.0,2108.0,2108.0,2111.0,2110.0,2110.0,2110.0,2122.0,2110.0,2110.0,2110.0,2090.0,2133.0,2132.0,2132.0,2132.0,2104.0,2104.0,2122.0,2132.0,2132.0,2135.0,2134.0,2134.0,2134.0,2134.0,2134.0,2134.0,2106.0,2098.0,2123.0,2122.0,2122.0,2122.0,2122.0,2122.0,2122.0,2098.0,2121.0,2120.0,2121.0,2120.0,2120.0,2096.0,2096.0,2120.0,2120.0,2133.0,2132.0,2132.0,2132.0,2120.0,1024.0,1024.0,1024.0,1024.0,1024.0,1024.0,1024.0,1024.0,1024.0,1024.0,1024.0,1024.0,1024.0,1024.0,1024.0,1024.0,1024.0,1024.0,1024.0,1024.0,1024.0,1024.0,1024.0,1024.0,1024.0,1024.0,1024.0,1024.0,1024.0,1024.0,1024.0,1024.0,1024.0,1024.0,1024.0,1024.0,1024.0,1024.0,1024.0,1024.0,1024.0,1024.0,1024.0,1024.0,1024.0,1024.0,1024.0,1024.0,1024.0,1024.0,1024.0,1024.0,1024.0,1024.0,1024.0,1024.0,1024.0,1024.0,1024.0,1024.0,1024.0,1024.0,1024.0,1024.0,1024.0,1024.0,1024.0,1024.0,1024.0,1024.0,1024.0,1024.0,1024.0,1024.0,1024.0,1024.0,1024.0,1024.0,1024.0,1024.0,1024.0,1024.0,1024.0,1024.0,1024.0,1024.0,1024.0,1024.0,1024.0,1024.0,1024.0,1024.0,1024.0,1024.0,1024.0,1024.0,1024.0,1024.0,1024.0,1024.0,1024.0,1024.0,1024.0,1024.0,1024.0,1024.0,1024.0,1024.0,1024.0,1024.0,1024.0,1024.0,1024.0,1024.0,1024.0,1024.0,1024.0,1024.0,1024.0,1024.0,1024.0,1024.0,1024.0,1024.0,1024.0,1024.0,1024.0,1024.0,0.0,0.0,131072.0,256.0,0.0
43,0,1,695,695,4194304,256,0,0,12,4,32,64,"void at::native::vectorized_elementwise_kernel<4, at::native::FillFunctor<int>, std::array<char*, 1ul> >(int, at::native::FillFunctor<int>, std::array<char*, 1ul>)",158974773076677,158974773118692,44,121,820844.0,1184.0,608.0,0.0,131072.0,917504.0,65536.0,0.0,553512168.0,553512168.0,0.0,0.0,0.0,10986312.0,1835120.0,0.0,80.0,0.0,0.0,0.0,0.0,0.0,0.0,80.0,100.0,80.0,0.0,80.0,80.0,0.0,0.0,0.0,80.0,100.0,80.0,80.0,80.0,0.0,0.0,0.0,0.0,0.0,80.0,0.0,0.0,0.0,80.0,0.0,0.0,0.0,0.0,0.0,0.0,0.0,0.0,80.0,0.0,0.0,0.0,0.0,0.0,0.0,80.0,100.0,80.0,0.0,80.0,80.0,0.0,0.0,0.0,80.0,100.0,80.0,80.0,80.0,80.0,0.0,0.0,0.0,0.0,80.0,0.0,0.0,0.0,0.0,0.0,100.0,0.0,0.0,80.0,0.0,0.0,0.0,0.0,0.0,0.0,80.0,80.0,100.0,80.0,80.0,80.0,0.0,0.0,0.0,0.0,80.0,0.0,80.0,0.0,0.0,0.0,0.0,0.0,80.0,100.0,80.0,80.0,80.0,80.0,0.0,0.0,0.0,80.0,100.0,80.0,80.0,80.0,0.0,0.0,0.0,0.0,0.0,80.0,0.0,0.0,0.0,0.0,0.0,0.0,0.0,0.0,32768.0,32768.0,32768.0,32768.0,32768.0,32768.0,32768.0,32768.0,32768.0,32768.0,32768.0,32768.0,32768.0,32768.0,32768.0,32768.0,32768.0,32768.0,32768.0,32768.0,32768.0,32768.0,32768.0,32768.0,32768.0,32768.0,32768.0,32768.0,32768.0,32768.0,32768.0,32768.0,32768.0,32768.0,32768.0,32768.0,32768.0,32768.0,32768.0,32768.0,32768.0,32768.0,32768.0,32768.0,32768.0,32768.0,32768.0,32768.0,32768.0,32768.0,32768.0,32768.0,32768.0,32768.0,32768.0,32768.0,32768.0,32768.0,32768.0,32768.0,32768.0,32768.0,32768.0,32768.0,32768.0,32768.0,32768.0,32768.0,32768.0,32768.0,32768.0,32768.0,32768.0,32768.0,32768.0,32768.0,32768.0,32768.0,32768.0,32768.0,32768.0,32768.0,32768.0,32768.0,32768.0,32768.0,32768.0,32768.0,32768.0,32768.0,32768.0,32768.0,32768.0,32768.0,32768.0,32768.0,32768.0,32768.0,32768.0,32768.0,32768.0,32768.0,32768.0,32768.0,32768.0,32768.0,32768.0,32768.0,32768.0,32768.0,32768.0,32768.0,32768.0,32768.0,32768.0,32768.0,32768.0,32768.0,32768.0,32768.0,32768.0,32768.0,32768.0,32768.0,32768.0,32768.0,32768.0,32768.0,0.0,0.0,4194304.0,16374.0,0.0
44,0,1,695,695,16384,256,0,0,16,192,48,64,matmulbias_kernel,158974773523370,158974773558530,45,27,715474.0,1184.0,7625.0,0.0,4864.0,80128.0,0.0,0.0,60802267.0,60802267.0,786432.0,0.0,0.0,5163822.0,0.0,2122.0,2088.0,2088.0,2108.0,2108.0,2110.0,2110.0,2110.0,2110.0,2110.0,2110.0,2120.0,2111.0,2090.0,2110.0,2110.0,2110.0,2110.0,2110.0,2110.0,2111.0,2090.0,2120.0,2109.0,2108.0,2108.0,2108.0,2088.0,2088.0,2108.0,2108.0,2096.0,2096.0,2120.0,2120.0,2133.0,2132.0,2132.0,2132.0,2122.0,2104.0,2104.0,2132.0,2132.0,2134.0,2134.0,2134.0,2134.0,2134.0,2134.0,2122.0,2135.0,2106.0,2134.0,2134.0,2134.0,2134.0,2134.0,2134.0,2135.0,2106.0,2122.0,2133.0,2132.0,2132.0,2132.0,2104.0,2104.0,2132.0,2132.0,2121.0,2120.0,2122.0,2120.0,2120.0,2096.0,2096.0,2120.0,2120.0,2122.0,2122.0,2122.0,2122.0,2122.0,2122.0,2122.0,2123.0,2098.0,2121.0,2120.0,2120.0,2120.0,2096.0,2096.0,2123.0,2120.0,2120.0,2122.0,2122.0,2122.0,2122.0,2122.0,2122.0,2123.0,2098.0,2098.0,2134.0,2134.0,2134.0,2134.0,2134.0,2134.0,2135.0,2106.0,2133.0,2132.0,2121.0,2132.0,2132.0,2104.0,2104.0,2132.0,2132.0,2109.0,2108.0,2108.0,2108.0,2120.0,1024.0,1024.0,1024.0,1024.0,1024.0,1024.0,1024.0,1024.0,1024.0,1024.0,1024.0,1024.0,1024.0,1024.0,1024.0,1024.0,1024.0,1024.0,1024.0,1024.0,1024.0,1024.0,1024.0,1024.0,1024.0,1024.0,1024.0,1024.0,1024.0,1024.0,1024.0,1024.0,1024.0,1024.0,1024.0,1024.0,1024.0,1024.0,1024.0,1024.0,1024.0,1024.0,1024.0,1024.0,1024.0,1024.0,1024.0,1024.0,1024.0,1024.0,1024.0,1024.0,1024.0,1024.0,1024.0,1024.0,1024.0,1024.0,1024.0,1024.0,1024.0,1024.0,1024.0,1024.0,1024.0,1024.0,1024.0,1024.0,1024.0,1024.0,1024.0,1024.0,1024.0,1024.0,1024.0,1024.0,1024.0,1024.0,1024.0,1024.0,1024.0,1024.0,1024.0,1024.0,1024.0,1024.0,1024.0,1024.0,1024.0,1024.0,1024.0,1024.0,1024.0,1024.0,1024.0,1024.0,1024.0,1024.0,1024.0,1024.0,1024.0,1024.0,1024.0,1024.0,1024.0,1024.0,1024.0,1024.0,1024.0,1024.0,1024.0,1024.0,1024.0,1024.0,1024.0,1024.0,1024.0,1024.0,1024.0,1024.0,1024.0,1024.0,1024.0,1024.0,1024.0,1024.0,1024.0,1024.0,0.0,0.0,131072.0,256.0,0.0
45,0,1,695,695,4194304,256,0,0,12,4,32,64,"void at::native::vectorized_elementwise_kernel<4, at::native::FillFunctor<int>, std::array<char*, 1ul> >(int, at::native::FillFunctor<int>, std::array<char*, 1ul>)",158974773965333,158974774007949,46,121,826119.0,1184.0,608.0,0.0,131072.0,917504.0,65536.0,0.0,557460096.0,557460096.0,0.0,0.0,0.0,11018068.0,1835120.0,0.0,80.0,0.0,0.0,0.0,0.0,0.0,0.0,100.0,80.0,80.0,0.0,80.0,80.0,0.0,0.0,0.0,100.0,80.0,80.0,80.0,80.0,0.0,0.0,0.0,0.0,0.0,80.0,0.0,0.0,0.0,80.0,0.0,0.0,0.0,0.0,0.0,0.0,0.0,0.0,80.0,0.0,0.0,0.0,0.0,0.0,0.0,100.0,80.0,80.0,0.0,80.0,80.0,0.0,0.0,0.0,100.0,80.0,80.0,80.0,80.0,100.0,0.0,0.0,0.0,0.0,80.0,0.0,0.0,0.0,0.0,0.0,80.0,0.0,0.0,80.0,0.0,0.0,0.0,0.0,0.0,0.0,100.0,80.0,80.0,80.0,80.0,80.0,0.0,0.0,0.0,0.0,80.0,0.0,80.0,0.0,0.0,0.0,0.0,0.0,100.0,80.0,80.0,80.0,80.0,80.0,0.0,0.0,0.0,100.0,80.0,80.0,80.0,80.0,0.0,0.0,0.0,0.0,0.0,80.0,0.0,0.0,0.0,0.0,0.0,0.0,0.0,0.0,32768.0,32768.0,32768.0,32768.0,32768.0,32768.0,32768.0,32768.0,32768.0,32768.0,32768.0,32768.0,32768.0,32768.0,32768.0,32768.0,32768.0,32768.0,32768.0,32768.0,32768.0,32768.0,32768.0,32768.0,32768.0,32768.0,32768.0,32768.0,32768.0,32768.0,32768.0,32768.0,32768.0,32768.0,32768.0,32768.0,32768.0,32768.0,32768.0,32768.0,32768.0,32768.0,32768.0,32768.0,32768.0,32768.0,32768.0,32768.0,32768.0,32768.0,32768.0,32768.0,32768.0,32768.0,32768.0,32768.0,32768.0,32768.0,32768.0,32768.0,32768.0,32768.0,32768.0,32768.0,32768.0,32768.0,32768.0,32768.0,32768.0,32768.0,32768.0,32768.0,32768.0,32768.0,32768.0,32768.0,32768.0,32768.0,32768.0,32768.0,32768.0,32768.0,32768.0,32768.0,32768.0,32768.0,32768.0,32768.0,32768.0,32768.0,32768.0,32768.0,32768.0,32768.0,32768.0,32768.0,32768.0,32768.0,32768.0,32768.0,32768.0,32768.0,32768.0,32768.0,32768.0,32768.0,32768.0,32768.0,32768.0,32768.0,32768.0,32768.0,32768.0,32768.0,32768.0,32768.0,32768.0,32768.0,32768.0,32768.0,32768.0,32768.0,32768.0,32768.0,32768.0,32768.0,32768.0,32768.0,0.0,0.0,4194304.0,16380.0,0.0
46,0,1,695,695,16384,256,0,0,16,192,48,64,matmulbias_kernel,158974774399037,158974774433755,47,27,704692.0,1184.0,8853.0,0.0,4864.0,80128.0,0.0,0.0,58915605.0,58915605.0,786432.0,0.0,0.0,5194706.0,0.0,2122.0,2104.0,2104.0,2132.0,2132.0,2134.0,2135.0,2134.0,2134.0,2134.0,2134.0,2120.0,2134.0,2106.0,2098.0,2099.0,2098.0,2098.0,2098.0,2098.0,2098.0,2082.0,2120.0,2097.0,2096.0,2096.0,2096.0,2080.0,2080.0,2096.0,2096.0,2096.0,2096.0,2120.0,2120.0,2133.0,2132.0,2132.0,2132.0,2123.0,2104.0,2104.0,2132.0,2132.0,2134.0,2135.0,2134.0,2134.0,2134.0,2134.0,2122.0,2134.0,2106.0,2122.0,2123.0,2122.0,2122.0,2122.0,2122.0,2122.0,2098.0,2122.0,2121.0,2120.0,2120.0,2120.0,2096.0,2096.0,2120.0,2120.0,2109.0,2108.0,2122.0,2108.0,2108.0,2088.0,2088.0,2108.0,2108.0,2110.0,2111.0,2110.0,2110.0,2122.0,2110.0,2110.0,2110.0,2090.0,2121.0,2120.0,2120.0,2120.0,2096.0,2096.0,2122.0,2120.0,2120.0,2122.0,2123.0,2122.0,2122.0,2122.0,2122.0,2122.0,2098.0,2098.0,2110.0,2111.0,2110.0,2110.0,2110.0,2110.0,2110.0,2090.0,2109.0,2108.0,2121.0,2108.0,2108.0,2088.0,2088.0,2108.0,2108.0,2133.0,2132.0,2132.0,2132.0,2120.0,1024.0,1024.0,1024.0,1024.0,1024.0,1024.0,1024.0,1024.0,1024.0,1024.0,1024.0,1024.0,1024.0,1024.0,1024.0,1024.0,1024.0,1024.0,1024.0,1024.0,1024.0,1024.0,1024.0,1024.0,1024.0,1024.0,1024.0,1024.0,1024.0,1024.0,1024.0,1024.0,1024.0,1024.0,1024.0,1024.0,1024.0,1024.0,1024.0,1024.0,1024.0,1024.0,1024.0,1024.0,1024.0,1024.0,1024.0,1024.0,1024.0,1024.0,1024.0,1024.0,1024.0,1024.0,1024.0,1024.0,1024.0,1024.0,1024.0,1024.0,1024.0,1024.0,1024.0,1024.0,1024.0,1024.0,1024.0,1024.0,1024.0,1024.0,1024.0,1024.0,1024.0,1024.0,1024.0,1024.0,1024.0,1024.0,1024.0,1024.0,1024.0,1024.0,1024.0,1024.0,1024.0,1024.0,1024.0,1024.0,1024.0,1024.0,1024.0,1024.0,1024.0,1024.0,1024.0,1024.0,1024.0,1024.0,1024.0,1024.0,1024.0,1024.0,1024.0,1024.0,1024.0,1024.0,1024.0,1024.0,1024.0,1024.0,1024.0,1024.0,1024.0,1024.0,1024.0,1024.0,1024.0,1024.0,1024.0,1024.0,1024.0,1024.0,1024.0,1024.0,1024.0,1024.0,1024.0,1024.0,0.0,0.0,131072.0,256.0,0.0
47,0,1,695,695,4194304,256,0,0,12,4,32,64,"void at::native::vectorized_elementwise_kernel<4, at::native::FillFunctor<int>, std::array<char*, 1ul> >(int, at::native::FillFunctor<int>, std::array<char*, 1ul>)",158974774832179,158974774874435,48,121,819045.0,1184.0,608.0,0.0,131072.0,917504.0,65536.0,0.0,555525448.0,555525448.0,0.0,0.0,0.0,11000984.0,1835120.0,0.0,80.0,0.0,0.0,0.0,0.0,0.0,20.0,80.0,80.0,80.0,0.0,80.0,80.0,0.0,0.0,20.0,80.0,80.0,80.0,80.0,80.0,0.0,0.0,0.0,0.0,0.0,80.0,0.0,0.0,0.0,80.0,0.0,0.0,0.0,0.0,0.0,0.0,0.0,0.0,80.0,0.0,0.0,0.0,0.0,0.0,20.0,80.0,80.0,80.0,20.0,80.0,80.0,0.0,0.0,20.0,80.0,80.0,80.0,80.0,80.0,80.0,0.0,0.0,0.0,0.0,80.0,0.0,0.0,0.0,0.0,0.0,80.0,0.0,0.0,80.0,0.0,0.0,0.0,0.0,0.0,20.0,80.0,80.0,80.0,80.0,80.0,80.0,0.0,0.0,0.0,0.0,80.0,0.0,80.0,0.0,0.0,0.0,0.0,20.0,80.0,80.0,80.0,80.0,80.0,80.0,0.0,0.0,20.0,80.0,80.0,80.0,80.0,80.0,0.0,0.0,0.0,0.0,0.0,80.0,0.0,0.0,0.0,0.0,0.0,0.0,0.0,0.0,32768.0,32768.0,32768.0,32768.0,32768.0,32768.0,32768.0,32768.0,32768.0,32768.0,32768.0,32768.0,32768.0,32768.0,32768.0,32768.0,32768.0,32768.0,32768.0,32768.0,32768.0,32768.0,32768.0,32768.0,32768.0,32768.0,32768.0,32768.0,32768.0,32768.0,32768.0,32768.0,32768.0,32768.0,32768.0,32768.0,32768.0,32768.0,32768.0,32768.0,32768.0,32768.0,32768.0,32768.0,32768.0,32768.0,32768.0,32768.0,32768.0,32768.0,32768.0,32768.0,32768.0,32768.0,32768.0,32768.0,32768.0,32768.0,32768.0,32768.0,32768.0,32768.0,32768.0,32768.0,32768.0,32768.0,32768.0,32768.0,32768.0,32768.0,32768.0,32768.0,32768.0,32768.0,32768.0,32768.0,32768.0,32768.0,32768.0,32768.0,32768.0,32768.0,32768.0,32768.0,32768.0,32768.0,32768.0,32768.0,32768.0,32768.0,32768.0,32768.0,32768.0,32768.0,32768.0,32768.0,32768.0,32768.0,32768.0,32768.0,32768.0,32768.0,32768.0,32768.0,32768.0,32768.0,32768.0,32768.0,32768.0,32768.0,32768.0,32768.0,32768.0,32768.0,32768.0,32768.0,32768.0,32768.0,32768.0,32768.0,32768.0,32768.0,32768.0,32768.0,32768.0,32768.0,32768.0,32768.0,0.0,0.0,4194304.0,16378.0,0.0
48,0,1,695,695,16384,256,0,0,16,192,48,64,matmulbias_kernel,158974775273220,158974775308500,49,27,720538.0,1184.0,9395.0,0.0,4864.0,80128.0,0.0,0.0,60307098.0,60307098.0,786432.0,0.0,0.0,5262056.0,0.0,2110.0,2096.0,2096.0,2120.0,2120.0,2122.0,2122.0,2122.0,2123.0,2122.0,2122.0,2108.0,2122.0,2098.0,2122.0,2122.0,2122.0,2123.0,2122.0,2122.0,2122.0,2098.0,2108.0,2121.0,2120.0,2120.0,2120.0,2096.0,2096.0,2120.0,2120.0,2088.0,2088.0,2108.0,2108.0,2145.0,2144.0,2144.0,2144.0,2110.0,2112.0,2112.0,2144.0,2144.0,2146.0,2146.0,2146.0,2147.0,2146.0,2146.0,2110.0,2146.0,2114.0,2146.0,2146.0,2146.0,2147.0,2146.0,2146.0,2146.0,2114.0,2111.0,2145.0,2144.0,2144.0,2144.0,2112.0,2112.0,2144.0,2144.0,2121.0,2120.0,2110.0,2120.0,2120.0,2096.0,2096.0,2120.0,2120.0,2122.0,2122.0,2122.0,2123.0,2110.0,2122.0,2122.0,2122.0,2098.0,2121.0,2120.0,2120.0,2120.0,2096.0,2096.0,2110.0,2120.0,2120.0,2122.0,2122.0,2122.0,2123.0,2122.0,2122.0,2122.0,2098.0,2090.0,2146.0,2146.0,2146.0,2147.0,2146.0,2146.0,2146.0,2114.0,2145.0,2144.0,2109.0,2144.0,2144.0,2112.0,2112.0,2144.0,2144.0,2121.0,2120.0,2120.0,2120.0,2108.0,1024.0,1024.0,1024.0,1024.0,1024.0,1024.0,1024.0,1024.0,1024.0,1024.0,1024.0,1024.0,1024.0,1024.0,1024.0,1024.0,1024.0,1024.0,1024.0,1024.0,1024.0,1024.0,1024.0,1024.0,1024.0,1024.0,1024.0,1024.0,1024.0,1024.0,1024.0,1024.0,1024.0,1024.0,1024.0,1024.0,1024.0,1024.0,1024.0,1024.0,1024.0,1024.0,1024.0,1024.0,1024.0,1024.0,1024.0,1024.0,1024.0,1024.0,1024.0,1024.0,1024.0,1024.0,1024.0,1024.0,1024.0,1024.0,1024.0,1024.0,1024.0,1024.0,1024.0,1024.0,1024.0,1024.0,1024.0,1024.0,1024.0,1024.0,1024.0,1024.0,1024.0,1024.0,1024.0,1024.0,1024.0,1024.0,1024.0,1024.0,1024.0,1024.0,1024.0,1024.0,1024.0,1024.0,1024.0,1024.0,1024.0,1024.0,1024.0,1024.0,1024.0,1024.0,1024.0,1024.0,1024.0,1024.0,1024.0,1024.0,1024.0,1024.0,1024.0,1024.0,1024.0,1024.0,1024.0,1024.0,1024.0,1024.0,1024.0,1024.0,1024.0,1024.0,1024.0,1024.0,1024.0,1024.0,1024.0,1024.0,1024.0,1024.0,1024.0,1024.0,1024.0,1024.0,1024.0,1024.0,0.0,0.0,131072.0,256.0,0.0
49,0,1,695,695,4194304,256,0,0,12,4,32,64,"void at::native::vectorized_elementwise_kernel<4, at::native::FillFunctor<int>, std::array<char*, 1ul> >(int, at::native::FillFunctor<int>, std::array<char*, 1ul>)",158974775705721,158974775748297,50,121,812518.0,1184.0,608.0,0.0,131072.0,917504.0,65536.0,0.0,558173478.0,558173478.0,0.0,0.0,0.0,11058876.0,1835120.0,0.0,80.0,0.0,0.0,0.0,0.0,20.0,0.0,80.0,80.0,80.0,0.0,80.0,80.0,0.0,20.0,0.0,80.0,80.0,80.0,80.0,80.0,0.0,0.0,0.0,0.0,0.0,80.0,0.0,0.0,0.0,80.0,0.0,0.0,0.0,0.0,0.0,0.0,0.0,20.0,80.0,0.0,0.0,0.0,0.0,20.0,0.0,80.0,80.0,80.0,0.0,80.0,80.0,0.0,20.0,0.0,80.0,80.0,80.0,80.0,80.0,80.0,0.0,0.0,0.0,0.0,80.0,0.0,0.0,0.0,0.0,0.0,80.0,0.0,0.0,80.0,0.0,0.0,0.0,0.0,20.0,0.0,80.0,80.0,80.0,80.0,80.0,80.0,0.0,0.0,0.0,0.0,80.0,0.0,80.0,0.0,0.0,0.0,20.0,0.0,80.0,80.0,80.0,80.0,80.0,80.0,0.0,20.0,0.0,80.0,80.0,80.0,80.0,80.0,0.0,0.0,0.0,0.0,0.0,80.0,0.0,0.0,0.0,0.0,0.0,0.0,0.0,0.0,32768.0,32768.0,32768.0,32768.0,32768.0,32768.0,32768.0,32768.0,32768.0,32768.0,32768.0,32768.0,32768.0,32768.0,32768.0,32768.0,32768.0,32768.0,32768.0,32768.0,32768.0,32768.0,32768.0,32768.0,32768.0,32768.0,32768.0,32768.0,32768.0,32768.0,32768.0,32768.0,32768.0,32768.0,32768.0,32768.0,32768.0,32768.0,32768.0,32768.0,32768.0,32768.0,32768.0,32768.0,32768.0,32768.0,32768.0,32768.0,32768.0,32768.0,32768.0,32768.0,32768.0,32768.0,32768.0,32768.0,32768.0,32768.0,32768.0,32768.0,32768.0,32768.0,32768.0,32768.0,32768.0,32768.0,32768.0,32768.0,32768.0,32768.0,32768.0,32768.0,32768.0,32768.0,32768.0,32768.0,32768.0,32768.0,32768.0,32768.0,32768.0,32768.0,32768.0,32768.0,32768.0,32768.0,32768.0,32768.0,32768.0,32768.0,32768.0,32768.0,32768.0,32768.0,32768.0,32768.0,32768.0,32768.0,32768.0,32768.0,32768.0,32768.0,32768.0,32768.0,32768.0,32768.0,32768.0,32768.0,32768.0,32768.0,32768.0,32768.0,32768.0,32768.0,32768.0,32768.0,32768.0,32768.0,32768.0,32768.0,32768.0,32768.0,32768.0,32768.0,32768.0,32768.0,32768.0,32768.0,0.0,0.0,4194304.0,16375.0,0.0
50,0,1,695,695,16384,256,0,0,16,192,48,64,matmulbias_kernel,158974776153376,158974776188736,51,27,730257.0,1184.0,8358.0,0.0,4864.0,80128.0,0.0,0.0,61355747.0,61355747.0,786432.0,0.0,0.0,5358648.0,0.0,2122.0,2088.0,2088.0,2108.0,2110.0,2110.0,2110.0,2110.0,2110.0,2110.0,2110.0,2120.0,2110.0,2090.0,2146.0,2146.0,2146.0,2146.0,2146.0,2146.0,2146.0,2114.0,2120.0,2144.0,2144.0,2144.0,2144.0,2112.0,2112.0,2144.0,2146.0,2096.0,2096.0,2120.0,2122.0,2132.0,2132.0,2132.0,2132.0,2122.0,2104.0,2104.0,2132.0,2134.0,2134.0,2134.0,2134.0,2134.0,2134.0,2134.0,2122.0,2134.0,2106.0,2110.0,2110.0,2110.0,2110.0,2110.0,2110.0,2110.0,2090.0,2122.0,2108.0,2108.0,2108.0,2108.0,2088.0,2088.0,2108.0,2110.0,2096.0,2096.0,2122.0,2096.0,2096.0,2080.0,2080.0,2096.0,2098.0,2098.0,2098.0,2098.0,2098.0,2122.0,2098.0,2098.0,2098.0,2082.0,2144.0,2144.0,2144.0,2144.0,2112.0,2112.0,2122.0,2144.0,2146.0,2146.0,2146.0,2146.0,2146.0,2146.0,2146.0,2146.0,2114.0,2098.0,2122.0,2122.0,2122.0,2122.0,2122.0,2122.0,2122.0,2098.0,2120.0,2120.0,2120.0,2120.0,2120.0,2096.0,2096.0,2120.0,2122.0,2108.0,2108.0,2108.0,2108.0,2120.0,1024.0,1024.0,1024.0,1024.0,1024.0,1024.0,1024.0,1024.0,1024.0,1024.0,1024.0,1024.0,1024.0,1024.0,1024.0,1024.0,1024.0,1024.0,1024.0,1024.0,1024.0,1024.0,1024.0,1024.0,1024.0,1024.0,1024.0,1024.0,1024.0,1024.0,1024.0,1024.0,1024.0,1024.0,1024.0,1024.0,1024.0,1024.0,1024.0,1024.0,1024.0,1024.0,1024.0,1024.0,1024.0,1024.0,1024.0,1024.0,1024.0,1024.0,1024.0,1024.0,1024.0,1024.0,1024.0,1024.0,1024.0,1024.0,1024.0,1024.0,1024.0,1024.0,1024.0,1024.0,1024.0,1024.0,1024.0,1024.0,1024.0,1024.0,1024.0,1024.0,1024.0,1024.0,1024.0,1024.0,1024.0,1024.0,1024.0,1024.0,1024.0,1024.0,1024.0,1024.0,1024.0,1024.0,1024.0,1024.0,1024.0,1024.0,1024.0,1024.0,1024.0,1024.0,1024.0,1024.0,1024.0,1024.0,1024.0,1024.0,1024.0,1024.0,1024.0,1024.0,1024.0,1024.0,1024.0,1024.0,1024.0,1024.0,1024.0,1024.0,1024.0,1024.0,1024.0,1024.0,1024.0,1024.0,1024.0,1024.0,1024.0,1024.0,1024.0,1024.0,1024.0,1024.0,1024.0,1024.0,0.0,0.0,131072.0,256.0,0.0
51,0,1,695,695,4194304,256,0,0,12,4,32,64,"void at::native::vectorized_elementwise_kernel<4, at::native::FillFunctor<int>, std::array<char*, 1ul> >(int, at::native::FillFunctor<int>, std::array<char*, 1ul>)",158974776582670,158974776625046,52,121,815120.0,1184.0,608.0,0.0,131072.0,917504.0,65536.0,0.0,558460647.0,558460647.0,0.0,0.0,0.0,11026944.0,1835120.0,20.0,80.0,0.0,0.0,0.0,20.0,0.0,0.0,80.0,80.0,80.0,0.0,80.0,80.0,20.0,0.0,0.0,80.0,80.0,80.0,80.0,80.0,0.0,0.0,0.0,0.0,0.0,80.0,0.0,0.0,0.0,80.0,0.0,0.0,0.0,0.0,0.0,0.0,0.0,0.0,80.0,0.0,0.0,0.0,20.0,0.0,0.0,80.0,80.0,80.0,0.0,80.0,80.0,20.0,0.0,0.0,80.0,80.0,80.0,80.0,80.0,80.0,0.0,0.0,0.0,0.0,80.0,0.0,0.0,0.0,0.0,0.0,80.0,0.0,0.0,80.0,0.0,0.0,0.0,20.0,0.0,0.0,80.0,80.0,80.0,80.0,80.0,80.0,0.0,0.0,0.0,0.0,80.0,0.0,80.0,0.0,0.0,20.0,0.0,0.0,80.0,80.0,80.0,80.0,80.0,80.0,20.0,0.0,0.0,80.0,80.0,80.0,80.0,80.0,0.0,0.0,0.0,0.0,0.0,80.0,0.0,0.0,0.0,0.0,0.0,0.0,0.0,0.0,32768.0,32768.0,32768.0,32768.0,32768.0,32768.0,32768.0,32768.0,32768.0,32768.0,32768.0,32768.0,32768.0,32768.0,32768.0,32768.0,32768.0,32768.0,32768.0,32768.0,32768.0,32768.0,32768.0,32768.0,32768.0,32768.0,32768.0,32768.0,32768.0,32768.0,32768.0,32768.0,32768.0,32768.0,32768.0,32768.0,32768.0,32768.0,32768.0,32768.0,32768.0,32768.0,32768.0,32768.0,32768.0,32768.0,32768.0,32768.0,32768.0,32768.0,32768.0,32768.0,32768.0,32768.0,32768.0,32768.0,32768.0,32768.0,32768.0,32768.0,32768.0,32768.0,32768.0,32768.0,32768.0,32768.0,32768.0,32768.0,32768.0,32768.0,32768.0,32768.0,32768.0,32768.0,32768.0,32768.0,32768.0,32768.0,32768.0,32768.0,32768.0,32768.0,32768.0,32768.0,32768.0,32768.0,32768.0,32768.0,32768.0,32768.0,32768.0,32768.0,32768.0,32768.0,32768.0,32768.0,32768.0,32768.0,32768.0,32768.0,32768.0,32768.0,32768.0,32768.0,32768.0,32768.0,32768.0,32768.0,32768.0,32768.0,32768.0,32768.0,32768.0,32768.0,32768.0,32768.0,32768.0,32768.0,32768.0,32768.0,32768.0,32768.0,32768.0,32768.0,32768.0,32768.0,32768.0,32768.0,0.0,0.0,4194304.0,16377.0,0.0
52,0,1,695,695,16384,256,0,0,16,192,48,64,matmulbias_kernel,158974777028642,158974777063962,53,27,716200.0,1184.0,8186.0,0.0,4864.0,80128.0,0.0,0.0,60282627.0,60282627.0,786432.0,0.0,0.0,5171882.0,0.0,2122.0,2096.0,2097.0,2120.0,2121.0,2122.0,2122.0,2122.0,2122.0,2122.0,2122.0,2120.0,2122.0,2098.0,2134.0,2134.0,2134.0,2134.0,2134.0,2134.0,2134.0,2106.0,2120.0,2132.0,2132.0,2132.0,2132.0,2104.0,2105.0,2132.0,2133.0,2096.0,2097.0,2120.0,2121.0,2120.0,2120.0,2120.0,2120.0,2122.0,2096.0,2097.0,2120.0,2121.0,2122.0,2122.0,2122.0,2122.0,2122.0,2122.0,2122.0,2122.0,2098.0,2146.0,2146.0,2146.0,2146.0,2146.0,2146.0,2146.0,2114.0,2122.0,2144.0,2144.0,2144.0,2144.0,2112.0,2113.0,2144.0,2145.0,2132.0,2132.0,2122.0,2132.0,2132.0,2104.0,2105.0,2132.0,2133.0,2134.0,2134.0,2134.0,2134.0,2122.0,2134.0,2134.0,2134.0,2106.0,2096.0,2096.0,2096.0,2096.0,2080.0,2081.0,2122.0,2096.0,2097.0,2098.0,2098.0,2098.0,2098.0,2098.0,2098.0,2098.0,2082.0,2098.0,2122.0,2122.0,2122.0,2122.0,2122.0,2122.0,2122.0,2098.0,2120.0,2120.0,2120.0,2120.0,2120.0,2096.0,2097.0,2120.0,2121.0,2120.0,2120.0,2120.0,2120.0,2120.0,1024.0,1024.0,1024.0,1024.0,1024.0,1024.0,1024.0,1024.0,1024.0,1024.0,1024.0,1024.0,1024.0,1024.0,1024.0,1024.0,1024.0,1024.0,1024.0,1024.0,1024.0,1024.0,1024.0,1024.0,1024.0,1024.0,1024.0,1024.0,1024.0,1024.0,1024.0,1024.0,1024.0,1024.0,1024.0,1024.0,1024.0,1024.0,1024.0,1024.0,1024.0,1024.0,1024.0,1024.0,1024.0,1024.0,1024.0,1024.0,1024.0,1024.0,1024.0,1024.0,1024.0,1024.0,1024.0,1024.0,1024.0,1024.0,1024.0,1024.0,1024.0,1024.0,1024.0,1024.0,1024.0,1024.0,1024.0,1024.0,1024.0,1024.0,1024.0,1024.0,1024.0,1024.0,1024.0,1024.0,1024.0,1024.0,1024.0,1024.0,1024.0,1024.0,1024.0,1024.0,1024.0,1024.0,1024.0,1024.0,1024.0,1024.0,1024.0,1024.0,1024.0,1024.0,1024.0,1024.0,1024.0,1024.0,1024.0,1024.0,1024.0,1024.0,1024.0,1024.0,1024.0,1024.0,1024.0,1024.0,1024.0,1024.0,1024.0,1024.0,1024.0,1024.0,1024.0,1024.0,1024.0,1024.0,1024.0,1024.0,1024.0,1024.0,1024.0,1024.0,1024.0,1024.0,1024.0,1024.0,0.0,0.0,131072.0,256.0,0.0
53,0,1,695,695,4194304,256,0,0,12,4,32,64,"void at::native::vectorized_elementwise_kernel<4, at::native::FillFunctor<int>, std::array<char*, 1ul> >(int, at::native::FillFunctor<int>, std::array<char*, 1ul>)",158974777464831,158974777507167,54,121,824203.0,1184.0,608.0,0.0,131072.0,917504.0,65536.0,0.0,557983383.0,557983383.0,0.0,0.0,0.0,11033084.0,1835120.0,0.0,80.0,0.0,0.0,0.0,0.0,0.0,0.0,80.0,80.0,80.0,0.0,80.0,80.0,0.0,0.0,0.0,80.0,80.0,80.0,80.0,80.0,20.0,0.0,0.0,0.0,20.0,80.0,0.0,0.0,0.0,80.0,0.0,0.0,0.0,0.0,0.0,0.0,20.0,0.0,80.0,0.0,0.0,0.0,0.0,0.0,0.0,80.0,80.0,80.0,0.0,80.0,80.0,0.0,0.0,0.0,80.0,80.0,80.0,80.0,80.0,80.0,0.0,0.0,0.0,20.0,80.0,0.0,0.0,0.0,0.0,0.0,80.0,0.0,20.0,80.0,0.0,0.0,0.0,0.0,0.0,0.0,80.0,80.0,80.0,80.0,80.0,80.0,0.0,0.0,0.0,20.0,80.0,0.0,80.0,0.0,0.0,0.0,0.0,0.0,80.0,80.0,80.0,80.0,80.0,80.0,0.0,0.0,0.0,80.0,80.0,80.0,80.0,80.0,0.0,0.0,0.0,0.0,20.0,80.0,0.0,0.0,0.0,0.0,0.0,0.0,20.0,0.0,32768.0,32768.0,32768.0,32768.0,32768.0,32768.0,32768.0,32768.0,32768.0,32768.0,32768.0,32768.0,32768.0,32768.0,32768.0,32768.0,32768.0,32768.0,32768.0,32768.0,32768.0,32768.0,32768.0,32768.0,32768.0,32768.0,32768.0,32768.0,32768.0,32768.0,32768.0,32768.0,32768.0,32768.0,32768.0,32768.0,32768.0,32768.0,32768.0,32768.0,32768.0,32768.0,32768.0,32768.0,32768.0,32768.0,32768.0,32768.0,32768.0,32768.0,32768.0,32768.0,32768.0,32768.0,32768.0,32768.0,32768.0,32768.0,32768.0,32768.0,32768.0,32768.0,32768.0,32768.0,32768.0,32768.0,32768.0,32768.0,32768.0,32768.0,32768.0,32768.0,32768.0,32768.0,32768.0,32768.0,32768.0,32768.0,32768.0,32768.0,32768.0,32768.0,32768.0,32768.0,32768.0,32768.0,32768.0,32768.0,32768.0,32768.0,32768.0,32768.0,32768.0,32768.0,32768.0,32768.0,32768.0,32768.0,32768.0,32768.0,32768.0,32768.0,32768.0,32768.0,32768.0,32768.0,32768.0,32768.0,32768.0,32768.0,32768.0,32768.0,32768.0,32768.0,32768.0,32768.0,32768.0,32768.0,32768.0,32768.0,32768.0,32768.0,32768.0,32768.0,32768.0,32768.0,32768.0,32768.0,0.0,0.0,4194304.0,16377.0,0.0
54,0,1,695,695,16384,256,0,0,16,192,48,64,matmulbias_kernel,158974777906272,158974777941512,55,27,709309.0,1184.0,8404.0,0.0,4864.0,80128.0,0.0,0.0,60362953.0,60362953.0,786432.0,0.0,0.0,5206457.0,0.0,2122.0,2088.0,2088.0,2108.0,2109.0,2110.0,2110.0,2110.0,2110.0,2110.0,2110.0,2120.0,2110.0,2090.0,2146.0,2146.0,2146.0,2146.0,2146.0,2146.0,2146.0,2114.0,2121.0,2144.0,2144.0,2144.0,2145.0,2112.0,2112.0,2144.0,2145.0,2096.0,2096.0,2120.0,2121.0,2132.0,2132.0,2132.0,2133.0,2122.0,2104.0,2104.0,2132.0,2133.0,2134.0,2134.0,2134.0,2134.0,2134.0,2134.0,2122.0,2134.0,2106.0,2110.0,2110.0,2110.0,2110.0,2110.0,2110.0,2110.0,2090.0,2122.0,2108.0,2108.0,2108.0,2109.0,2088.0,2088.0,2108.0,2109.0,2132.0,2132.0,2122.0,2132.0,2133.0,2104.0,2104.0,2132.0,2133.0,2134.0,2134.0,2134.0,2134.0,2122.0,2134.0,2134.0,2134.0,2106.0,2108.0,2108.0,2108.0,2109.0,2088.0,2088.0,2122.0,2108.0,2109.0,2110.0,2110.0,2110.0,2110.0,2110.0,2110.0,2110.0,2090.0,2098.0,2134.0,2134.0,2134.0,2134.0,2134.0,2134.0,2134.0,2106.0,2132.0,2132.0,2120.0,2132.0,2133.0,2104.0,2104.0,2132.0,2133.0,2108.0,2108.0,2108.0,2109.0,2120.0,1024.0,1024.0,1024.0,1024.0,1024.0,1024.0,1024.0,1024.0,1024.0,1024.0,1024.0,1024.0,1024.0,1024.0,1024.0,1024.0,1024.0,1024.0,1024.0,1024.0,1024.0,1024.0,1024.0,1024.0,1024.0,1024.0,1024.0,1024.0,1024.0,1024.0,1024.0,1024.0,1024.0,1024.0,1024.0,1024.0,1024.0,1024.0,1024.0,1024.0,1024.0,1024.0,1024.0,1024.0,1024.0,1024.0,1024.0,1024.0,1024.0,1024.0,1024.0,1024.0,1024.0,1024.0,1024.0,1024.0,1024.0,1024.0,1024.0,1024.0,1024.0,1024.0,1024.0,1024.0,1024.0,1024.0,1024.0,1024.0,1024.0,1024.0,1024.0,1024.0,1024.0,1024.0,1024.0,1024.0,1024.0,1024.0,1024.0,1024.0,1024.0,1024.0,1024.0,1024.0,1024.0,1024.0,1024.0,1024.0,1024.0,1024.0,1024.0,1024.0,1024.0,1024.0,1024.0,1024.0,1024.0,1024.0,1024.0,1024.0,1024.0,1024.0,1024.0,1024.0,1024.0,1024.0,1024.0,1024.0,1024.0,1024.0,1024.0,1024.0,1024.0,1024.0,1024.0,1024.0,1024.0,1024.0,1024.0,1024.0,1024.0,1024.0,1024.0,1024.0,1024.0,1024.0,1024.0,1024.0,0.0,0.0,131072.0,256.0,0.0
55,0,1,695,695,4194304,256,0,0,12,4,32,64,"void at::native::vectorized_elementwise_kernel<4, at::native::FillFunctor<int>, std::array<char*, 1ul> >(int, at::native::FillFunctor<int>, std::array<char*, 1ul>)",158974778345308,158974778387644,56,121,812900.0,1184.0,608.0,0.0,131072.0,917504.0,65536.0,0.0,557353153.0,557353153.0,0.0,0.0,0.0,11041423.0,1835120.0,0.0,80.0,0.0,0.0,0.0,0.0,0.0,0.0,80.0,80.0,80.0,20.0,80.0,80.0,0.0,0.0,0.0,80.0,80.0,80.0,80.0,80.0,0.0,0.0,0.0,20.0,0.0,80.0,0.0,0.0,0.0,80.0,0.0,0.0,0.0,0.0,0.0,20.0,0.0,0.0,80.0,0.0,0.0,0.0,0.0,0.0,0.0,80.0,80.0,80.0,0.0,80.0,80.0,0.0,0.0,0.0,80.0,80.0,80.0,80.0,80.0,80.0,0.0,0.0,20.0,0.0,80.0,0.0,0.0,0.0,0.0,0.0,80.0,20.0,0.0,80.0,0.0,0.0,0.0,0.0,0.0,0.0,80.0,80.0,80.0,80.0,80.0,80.0,0.0,0.0,20.0,0.0,80.0,0.0,80.0,0.0,0.0,0.0,0.0,0.0,80.0,80.0,80.0,80.0,80.0,80.0,0.0,0.0,0.0,80.0,80.0,80.0,80.0,80.0,0.0,0.0,0.0,20.0,0.0,80.0,0.0,0.0,0.0,0.0,0.0,20.0,0.0,0.0,32768.0,32768.0,32768.0,32768.0,32768.0,32768.0,32768.0,32768.0,32768.0,32768.0,32768.0,32768.0,32768.0,32768.0,32768.0,32768.0,32768.0,32768.0,32768.0,32768.0,32768.0,32768.0,32768.0,32768.0,32768.0,32768.0,32768.0,32768.0,32768.0,32768.0,32768.0,32768.0,32768.0,32768.0,32768.0,32768.0,32768.0,32768.0,32768.0,32768.0,32768.0,32768.0,32768.0,32768.0,32768.0,32768.0,32768.0,32768.0,32768.0,32768.0,32768.0,32768.0,32768.0,32768.0,32768.0,32768.0,32768.0,32768.0,32768.0,32768.0,32768.0,32768.0,32768.0,32768.0,32768.0,32768.0,32768.0,32768.0,32768.0,32768.0,32768.0,32768.0,32768.0,32768.0,32768.0,32768.0,32768.0,32768.0,32768.0,32768.0,32768.0,32768.0,32768.0,32768.0,32768.0,32768.0,32768.0,32768.0,32768.0,32768.0,32768.0,32768.0,32768.0,32768.0,32768.0,32768.0,32768.0,32768.0,32768.0,32768.0,32768.0,32768.0,32768.0,32768.0,32768.0,32768.0,32768.0,32768.0,32768.0,32768.0,32768.0,32768.0,32768.0,32768.0,32768.0,32768.0,32768.0,32768.0,32768.0,32768.0,32768.0,32768.0,32768.0,32768.0,32768.0,32768.0,32768.0,32768.0,0.0,0.0,4194304.0,16376.0,0.0
56,0,1,695,695,16384,256,0,0,16,192,48,64,matmulbias_kernel,158974778781578,158974778816698,57,27,718690.0,1184.0,8993.0,0.0,4864.0,80128.0,0.0,0.0,61290000.0,61290000.0,786432.0,0.0,0.0,5151827.0,0.0,2122.0,2104.0,2104.0,2132.0,2133.0,2134.0,2134.0,2134.0,2135.0,2134.0,2134.0,2120.0,2134.0,2106.0,2134.0,2134.0,2134.0,2135.0,2134.0,2134.0,2134.0,2106.0,2120.0,2132.0,2132.0,2132.0,2132.0,2104.0,2104.0,2132.0,2133.0,2096.0,2096.0,2120.0,2121.0,2096.0,2096.0,2096.0,2096.0,2122.0,2080.0,2080.0,2096.0,2097.0,2098.0,2098.0,2098.0,2099.0,2098.0,2098.0,2122.0,2098.0,2082.0,2110.0,2110.0,2110.0,2111.0,2110.0,2110.0,2110.0,2090.0,2123.0,2108.0,2108.0,2108.0,2108.0,2088.0,2088.0,2108.0,2109.0,2132.0,2132.0,2122.0,2132.0,2132.0,2104.0,2104.0,2132.0,2133.0,2134.0,2134.0,2134.0,2135.0,2122.0,2134.0,2134.0,2134.0,2106.0,2120.0,2120.0,2120.0,2120.0,2096.0,2096.0,2122.0,2120.0,2121.0,2122.0,2122.0,2122.0,2123.0,2122.0,2122.0,2122.0,2098.0,2098.0,2134.0,2134.0,2134.0,2135.0,2134.0,2134.0,2134.0,2106.0,2132.0,2132.0,2120.0,2132.0,2132.0,2104.0,2104.0,2132.0,2133.0,2132.0,2132.0,2132.0,2132.0,2120.0,1024.0,1024.0,1024.0,1024.0,1024.0,1024.0,1024.0,1024.0,1024.0,1024.0,1024.0,1024.0,1024.0,1024.0,1024.0,1024.0,1024.0,1024.0,1024.0,1024.0,1024.0,1024.0,1024.0,1024.0,1024.0,1024.0,1024.0,1024.0,1024.0,1024.0,1024.0,1024.0,1024.0,1024.0,1024.0,1024.0,1024.0,1024.0,1024.0,1024.0,1024.0,1024.0,1024.0,1024.0,1024.0,1024.0,1024.0,1024.0,1024.0,1024.0,1024.0,1024.0,1024.0,1024.0,1024.0,1024.0,1024.0,1024.0,1024.0,1024.0,1024.0,1024.0,1024.0,1024.0,1024.0,1024.0,1024.0,1024.0,1024.0,1024.0,1024.0,1024.0,1024.0,1024.0,1024.0,1024.0,1024.0,1024.0,1024.0,1024.0,1024.0,1024.0,1024.0,1024.0,1024.0,1024.0,1024.0,1024.0,1024.0,1024.0,1024.0,1024.0,1024.0,1024.0,1024.0,1024.0,1024.0,1024.0,1024.0,1024.0,1024.0,1024.0,1024.0,1024.0,1024.0,1024.0,1024.0,1024.0,1024.0,1024.0,1024.0,1024.0,1024.0,1024.0,1024.0,1024.0,1024.0,1024.0,1024.0,1024.0,1024.0,1024.0,1024.0,1024.0,1024.0,1024.0,1024.0,1024.0,0.0,0.0,131072.0,256.0,0.0
57,0,1,695,695,4194304,256,0,0,12,4,32,64,"void at::native::vectorized_elementwise_kernel<4, at::native::FillFunctor<int>, std::array<char*, 1ul> >(int, at::native::FillFunctor<int>, std::array<char*, 1ul>)",158974779215482,158974779258379,58,121,831892.0,1184.0,608.0,0.0,131072.0,917504.0,65536.0,0.0,557160278.0,557160278.0,0.0,0.0,0.0,11056984.0,1835120.0,0.0,80.0,0.0,0.0,0.0,0.0,0.0,0.0,80.0,80.0,80.0,0.0,80.0,80.0,0.0,0.0,0.0,80.0,80.0,80.0,80.0,80.0,0.0,0.0,20.0,0.0,0.0,80.0,0.0,0.0,0.0,80.0,0.0,0.0,0.0,0.0,20.0,0.0,0.0,0.0,80.0,0.0,0.0,0.0,0.0,0.0,0.0,80.0,80.0,80.0,0.0,80.0,80.0,0.0,0.0,0.0,80.0,80.0,80.0,80.0,80.0,80.0,0.0,20.0,0.0,0.0,80.0,0.0,0.0,0.0,0.0,20.0,80.0,0.0,0.0,80.0,0.0,0.0,0.0,0.0,0.0,0.0,80.0,80.0,80.0,80.0,80.0,80.0,0.0,20.0,0.0,0.0,80.0,0.0,80.0,0.0,0.0,0.0,0.0,0.0,80.0,80.0,80.0,80.0,80.0,80.0,0.0,0.0,0.0,80.0,80.0,80.0,80.0,80.0,0.0,20.0,0.0,0.0,0.0,80.0,0.0,0.0,0.0,0.0,20.0,0.0,0.0,20.0,32768.0,32768.0,32768.0,32768.0,32768.0,32768.0,32768.0,32768.0,32768.0,32768.0,32768.0,32768.0,32768.0,32768.0,32768.0,32768.0,32768.0,32768.0,32768.0,32768.0,32768.0,32768.0,32768.0,32768.0,32768.0,32768.0,32768.0,32768.0,32768.0,32768.0,32768.0,32768.0,32768.0,32768.0,32768.0,32768.0,32768.0,32768.0,32768.0,32768.0,32768.0,32768.0,32768.0,32768.0,32768.0,32768.0,32768.0,32768.0,32768.0,32768.0,32768.0,32768.0,32768.0,32768.0,32768.0,32768.0,32768.0,32768.0,32768.0,32768.0,32768.0,32768.0,32768.0,32768.0,32768.0,32768.0,32768.0,32768.0,32768.0,32768.0,32768.0,32768.0,32768.0,32768.0,32768.0,32768.0,32768.0,32768.0,32768.0,32768.0,32768.0,32768.0,32768.0,32768.0,32768.0,32768.0,32768.0,32768.0,32768.0,32768.0,32768.0,32768.0,32768.0,32768.0,32768.0,32768.0,32768.0,32768.0,32768.0,32768.0,32768.0,32768.0,32768.0,32768.0,32768.0,32768.0,32768.0,32768.0,32768.0,32768.0,32768.0,32768.0,32768.0,32768.0,32768.0,32768.0,32768.0,32768.0,32768.0,32768.0,32768.0,32768.0,32768.0,32768.0,32768.0,32768.0,32768.0,32768.0,0.0,0.0,4194304.0,16375.0,0.0
58,0,1,695,695,16384,256,0,0,16,192,48,64,matmulbias_kernel,158974779660291,158974779695812,59,27,714790.0,1184.0,8043.0,0.0,4864.0,80128.0,0.0,0.0,61702787.0,61702787.0,786432.0,0.0,0.0,5233984.0,0.0,2122.0,2104.0,2104.0,2132.0,2133.0,2134.0,2135.0,2134.0,2134.0,2134.0,2134.0,2120.0,2134.0,2106.0,2122.0,2123.0,2122.0,2122.0,2122.0,2122.0,2122.0,2098.0,2120.0,2120.0,2120.0,2120.0,2120.0,2096.0,2096.0,2120.0,2121.0,2096.0,2096.0,2120.0,2121.0,2120.0,2120.0,2120.0,2120.0,2123.0,2096.0,2096.0,2120.0,2121.0,2122.0,2123.0,2122.0,2122.0,2122.0,2122.0,2122.0,2122.0,2098.0,2134.0,2135.0,2134.0,2134.0,2134.0,2134.0,2134.0,2106.0,2122.0,2132.0,2132.0,2132.0,2132.0,2104.0,2104.0,2132.0,2133.0,2108.0,2108.0,2122.0,2108.0,2108.0,2088.0,2088.0,2108.0,2109.0,2110.0,2111.0,2110.0,2110.0,2122.0,2110.0,2110.0,2110.0,2090.0,2132.0,2132.0,2132.0,2132.0,2104.0,2104.0,2122.0,2132.0,2133.0,2134.0,2135.0,2134.0,2134.0,2134.0,2134.0,2134.0,2106.0,2098.0,2122.0,2123.0,2122.0,2122.0,2122.0,2122.0,2122.0,2098.0,2120.0,2120.0,2120.0,2120.0,2120.0,2096.0,2096.0,2120.0,2121.0,2132.0,2132.0,2132.0,2132.0,2120.0,1024.0,1024.0,1024.0,1024.0,1024.0,1024.0,1024.0,1024.0,1024.0,1024.0,1024.0,1024.0,1024.0,1024.0,1024.0,1024.0,1024.0,1024.0,1024.0,1024.0,1024.0,1024.0,1024.0,1024.0,1024.0,1024.0,1024.0,1024.0,1024.0,1024.0,1024.0,1024.0,1024.0,1024.0,1024.0,1024.0,1024.0,1024.0,1024.0,1024.0,1024.0,1024.0,1024.0,1024.0,1024.0,1024.0,1024.0,1024.0,1024.0,1024.0,1024.0,1024.0,1024.0,1024.0,1024.0,1024.0,1024.0,1024.0,1024.0,1024.0,1024.0,1024.0,1024.0,1024.0,1024.0,1024.0,1024.0,1024.0,1024.0,1024.0,1024.0,1024.0,1024.0,1024.0,1024.0,1024.0,1024.0,1024.0,1024.0,1024.0,1024.0,1024.0,1024.0,1024.0,1024.0,1024.0,1024.0,1024.0,1024.0,1024.0,1024.0,1024.0,1024.0,1024.0,1024.0,1024.0,1024.0,1024.0,1024.0,1024.0,1024.0,1024.0,1024.0,1024.0,1024.0,1024.0,1024.0,1024.0,1024.0,1024.0,1024.0,1024.0,1024.0,1024.0,1024.0,1024.0,1024.0,1024.0,1024.0,1024.0,1024.0,1024.0,1024.0,1024.0,1024.0,1024.0,1024.0,1024.0,0.0,0.0,131072.0,256.0,0.0
59,0,1,695,695,4194304,256,0,0,12,4,32,64,"void at::native::vectorized_elementwise_kernel<4, at::native::FillFunctor<int>, std::array<char*, 1ul> >(int, at::native::FillFunctor<int>, std::array<char*, 1ul>)",158974780099086,158974780141543,60,121,830955.0,1184.0,608.0,0.0,131072.0,917504.0,65536.0,0.0,559402393.0,559402393.0,0.0,0.0,0.0,11076795.0,1835120.0,0.0,80.0,0.0,0.0,0.0,0.0,0.0,0.0,80.0,80.0,80.0,0.0,80.0,80.0,0.0,0.0,0.0,80.0,80.0,80.0,80.0,80.0,0.0,20.0,0.0,0.0,0.0,80.0,0.0,0.0,0.0,80.0,0.0,0.0,0.0,20.0,0.0,0.0,0.0,0.0,80.0,0.0,0.0,0.0,0.0,0.0,0.0,80.0,80.0,80.0,0.0,80.0,80.0,0.0,0.0,0.0,80.0,80.0,80.0,80.0,80.0,80.0,20.0,0.0,0.0,0.0,80.0,0.0,0.0,0.0,20.0,0.0,80.0,0.0,0.0,80.0,0.0,0.0,0.0,0.0,0.0,0.0,80.0,80.0,80.0,80.0,80.0,80.0,20.0,0.0,0.0,0.0,80.0,0.0,80.0,0.0,0.0,0.0,0.0,0.0,80.0,80.0,80.0,80.0,80.0,80.0,0.0,0.0,0.0,80.0,80.0,80.0,80.0,80.0,20.0,0.0,20.0,0.0,0.0,80.0,0.0,0.0,0.0,20.0,0.0,0.0,0.0,0.0,32768.0,32768.0,32768.0,32768.0,32768.0,32768.0,32768.0,32768.0,32768.0,32768.0,32768.0,32768.0,32768.0,32768.0,32768.0,32768.0,32768.0,32768.0,32768.0,32768.0,32768.0,32768.0,32768.0,32768.0,32768.0,32768.0,32768.0,32768.0,32768.0,32768.0,32768.0,32768.0,32768.0,32768.0,32768.0,32768.0,32768.0,32768.0,32768.0,32768.0,32768.0,32768.0,32768.0,32768.0,32768.0,32768.0,32768.0,32768.0,32768.0,32768.0,32768.0,32768.0,32768.0,32768.0,32768.0,32768.0,32768.0,32768.0,32768.0,32768.0,32768.0,32768.0,32768.0,32768.0,32768.0,32768.0,32768.0,32768.0,32768.0,32768.0,32768.0,32768.0,32768.0,32768.0,32768.0,32768.0,32768.0,32768.0,32768.0,32768.0,32768.0,32768.0,32768.0,32768.0,32768.0,32768.0,32768.0,32768.0,32768.0,32768.0,32768.0,32768.0,32768.0,32768.0,32768.0,32768.0,32768.0,32768.0,32768.0,32768.0,32768.0,32768.0,32768.0,32768.0,32768.0,32768.0,32768.0,32768.0,32768.0,32768.0,32768.0,32768.0,32768.0,32768.0,32768.0,32768.0,32768.0,32768.0,32768.0,32768.0,32768.0,32768.0,32768.0,32768.0,32768.0,32768.0,32768.0,32768.0,0.0,0.0,4194304.0,16378.0,0.0
60,0,1,695,695,16384,256,0,0,16,192,48,64,matmulbias_kernel,158974780546902,158974780581902,61,27,711565.0,1184.0,7801.0,0.0,4864.0,80128.0,0.0,0.0,59803023.0,59803023.0,786432.0,0.0,0.0,5157740.0,0.0,2122.0,2112.0,2112.0,2144.0,2145.0,2146.0,2146.0,2146.0,2146.0,2146.0,2146.0,2120.0,2146.0,2115.0,2122.0,2122.0,2122.0,2122.0,2122.0,2122.0,2122.0,2099.0,2120.0,2120.0,2120.0,2120.0,2120.0,2096.0,2096.0,2120.0,2121.0,2096.0,2096.0,2120.0,2121.0,2120.0,2120.0,2120.0,2120.0,2122.0,2096.0,2096.0,2120.0,2121.0,2122.0,2122.0,2122.0,2122.0,2122.0,2122.0,2122.0,2122.0,2099.0,2122.0,2122.0,2122.0,2122.0,2122.0,2122.0,2122.0,2099.0,2122.0,2120.0,2120.0,2120.0,2120.0,2096.0,2096.0,2120.0,2121.0,2144.0,2144.0,2122.0,2144.0,2144.0,2112.0,2112.0,2144.0,2145.0,2146.0,2146.0,2146.0,2146.0,2122.0,2146.0,2146.0,2146.0,2115.0,2108.0,2108.0,2108.0,2108.0,2088.0,2088.0,2122.0,2108.0,2109.0,2110.0,2110.0,2110.0,2110.0,2110.0,2110.0,2110.0,2091.0,2099.0,2122.0,2122.0,2122.0,2122.0,2122.0,2122.0,2122.0,2099.0,2120.0,2120.0,2120.0,2120.0,2120.0,2096.0,2096.0,2120.0,2121.0,2144.0,2144.0,2144.0,2144.0,2120.0,1024.0,1024.0,1024.0,1024.0,1024.0,1024.0,1024.0,1024.0,1024.0,1024.0,1024.0,1024.0,1024.0,1024.0,1024.0,1024.0,1024.0,1024.0,1024.0,1024.0,1024.0,1024.0,1024.0,1024.0,1024.0,1024.0,1024.0,1024.0,1024.0,1024.0,1024.0,1024.0,1024.0,1024.0,1024.0,1024.0,1024.0,1024.0,1024.0,1024.0,1024.0,1024.0,1024.0,1024.0,1024.0,1024.0,1024.0,1024.0,1024.0,1024.0,1024.0,1024.0,1024.0,1024.0,1024.0,1024.0,1024.0,1024.0,1024.0,1024.0,1024.0,1024.0,1024.0,1024.0,1024.0,1024.0,1024.0,1024.0,1024.0,1024.0,1024.0,1024.0,1024.0,1024.0,1024.0,1024.0,1024.0,1024.0,1024.0,1024.0,1024.0,1024.0,1024.0,1024.0,1024.0,1024.0,1024.0,1024.0,1024.0,1024.0,1024.0,1024.0,1024.0,1024.0,1024.0,1024.0,1024.0,1024.0,1024.0,1024.0,1024.0,1024.0,1024.0,1024.0,1024.0,1024.0,1024.0,1024.0,1024.0,1024.0,1024.0,1024.0,1024.0,1024.0,1024.0,1024.0,1024.0,1024.0,1024.0,1024.0,1024.0,1024.0,1024.0,1024.0,1024.0,1024.0,1024.0,1024.0,0.0,0.0,131072.0,256.0,0.0
61,0,1,695,695,4194304,256,0,0,12,4,32,64,"void at::native::vectorized_elementwise_kernel<4, at::native::FillFunctor<int>, std::array<char*, 1ul> >(int, at::native::FillFunctor<int>, std::array<char*, 1ul>)",158974780984936,158974781027472,62,121,818257.0,1184.0,608.0,0.0,131072.0,917504.0,65536.0,0.0,558152666.0,558152666.0,0.0,0.0,0.0,11067677.0,1835120.0,0.0,80.0,0.0,0.0,20.0,0.0,0.0,0.0,80.0,80.0,80.0,0.0,80.0,80.0,0.0,0.0,0.0,80.0,80.0,80.0,80.0,80.0,0.0,0.0,0.0,0.0,0.0,80.0,0.0,0.0,20.0,80.0,0.0,0.0,20.0,0.0,0.0,0.0,0.0,0.0,80.0,0.0,0.0,20.0,0.0,0.0,0.0,80.0,80.0,80.0,0.0,80.0,80.0,0.0,0.0,0.0,80.0,80.0,80.0,80.0,80.0,80.0,0.0,0.0,0.0,0.0,80.0,0.0,0.0,20.0,0.0,0.0,80.0,0.0,0.0,80.0,0.0,0.0,20.0,0.0,0.0,0.0,80.0,80.0,80.0,80.0,80.0,80.0,0.0,0.0,0.0,0.0,80.0,0.0,80.0,0.0,20.0,0.0,0.0,0.0,80.0,80.0,80.0,80.0,80.0,80.0,0.0,0.0,0.0,80.0,80.0,80.0,80.0,80.0,0.0,0.0,0.0,0.0,0.0,80.0,0.0,0.0,20.0,0.0,0.0,0.0,0.0,0.0,32768.0,32768.0,32768.0,32768.0,32768.0,32768.0,32768.0,32768.0,32768.0,32768.0,32768.0,32768.0,32768.0,32768.0,32768.0,32768.0,32768.0,32768.0,32768.0,32768.0,32768.0,32768.0,32768.0,32768.0,32768.0,32768.0,32768.0,32768.0,32768.0,32768.0,32768.0,32768.0,32768.0,32768.0,32768.0,32768.0,32768.0,32768.0,32768.0,32768.0,32768.0,32768.0,32768.0,32768.0,32768.0,32768.0,32768.0,32768.0,32768.0,32768.0,32768.0,32768.0,32768.0,32768.0,32768.0,32768.0,32768.0,32768.0,32768.0,32768.0,32768.0,32768.0,32768.0,32768.0,32768.0,32768.0,32768.0,32768.0,32768.0,32768.0,32768.0,32768.0,32768.0,32768.0,32768.0,32768.0,32768.0,32768.0,32768.0,32768.0,32768.0,32768.0,32768.0,32768.0,32768.0,32768.0,32768.0,32768.0,32768.0,32768.0,32768.0,32768.0,32768.0,32768.0,32768.0,32768.0,32768.0,32768.0,32768.0,32768.0,32768.0,32768.0,32768.0,32768.0,32768.0,32768.0,32768.0,32768.0,32768.0,32768.0,32768.0,32768.0,32768.0,32768.0,32768.0,32768.0,32768.0,32768.0,32768.0,32768.0,32768.0,32768.0,32768.0,32768.0,32768.0,32768.0,32768.0,32768.0,0.0,0.0,4194304.0,16379.0,0.0
62,0,1,695,695,16384,256,0,0,16,192,48,64,matmulbias_kernel,158974781425575,158974781460294,63,27,710993.0,1184.0,8064.0,0.0,4864.0,80128.0,0.0,0.0,58997378.0,58997378.0,786432.0,0.0,0.0,5183165.0,0.0,2122.0,2104.0,2104.0,2133.0,2133.0,2134.0,2134.0,2134.0,2134.0,2134.0,2134.0,2120.0,2134.0,2106.0,2110.0,2110.0,2110.0,2110.0,2110.0,2110.0,2110.0,2090.0,2120.0,2108.0,2108.0,2108.0,2108.0,2088.0,2088.0,2109.0,2109.0,2096.0,2096.0,2121.0,2121.0,2120.0,2120.0,2120.0,2120.0,2122.0,2096.0,2096.0,2121.0,2121.0,2122.0,2122.0,2122.0,2122.0,2122.0,2122.0,2122.0,2122.0,2098.0,2122.0,2122.0,2122.0,2122.0,2122.0,2122.0,2122.0,2098.0,2122.0,2120.0,2120.0,2120.0,2120.0,2096.0,2096.0,2121.0,2121.0,2108.0,2108.0,2122.0,2108.0,2108.0,2088.0,2088.0,2109.0,2109.0,2110.0,2110.0,2110.0,2110.0,2122.0,2110.0,2110.0,2110.0,2090.0,2132.0,2132.0,2132.0,2132.0,2104.0,2104.0,2122.0,2133.0,2133.0,2134.0,2134.0,2134.0,2134.0,2134.0,2134.0,2134.0,2106.0,2098.0,2134.0,2134.0,2134.0,2134.0,2134.0,2134.0,2134.0,2106.0,2132.0,2132.0,2120.0,2132.0,2132.0,2104.0,2104.0,2133.0,2133.0,2132.0,2132.0,2132.0,2132.0,2120.0,1024.0,1024.0,1024.0,1024.0,1024.0,1024.0,1024.0,1024.0,1024.0,1024.0,1024.0,1024.0,1024.0,1024.0,1024.0,1024.0,1024.0,1024.0,1024.0,1024.0,1024.0,1024.0,1024.0,1024.0,1024.0,1024.0,1024.0,1024.0,1024.0,1024.0,1024.0,1024.0,1024.0,1024.0,1024.0,1024.0,1024.0,1024.0,1024.0,1024.0,1024.0,1024.0,1024.0,1024.0,1024.0,1024.0,1024.0,1024.0,1024.0,1024.0,1024.0,1024.0,1024.0,1024.0,1024.0,1024.0,1024.0,1024.0,1024.0,1024.0,1024.0,1024.0,1024.0,1024.0,1024.0,1024.0,1024.0,1024.0,1024.0,1024.0,1024.0,1024.0,1024.0,1024.0,1024.0,1024.0,1024.0,1024.0,1024.0,1024.0,1024.0,1024.0,1024.0,1024.0,1024.0,1024.0,1024.0,1024.0,1024.0,1024.0,1024.0,1024.0,1024.0,1024.0,1024.0,1024.0,1024.0,1024.0,1024.0,1024.0,1024.0,1024.0,1024.0,1024.0,1024.0,1024.0,1024.0,1024.0,1024.0,1024.0,1024.0,1024.0,1024.0,1024.0,1024.0,1024.0,1024.0,1024.0,1024.0,1024.0,1024.0,1024.0,1024.0,1024.0,1024.0,1024.0,1024.0,1024.0,0.0,0.0,131072.0,256.0,0.0
63,0,1,695,695,4194304,256,0,0,12,4,32,64,"void at::native::vectorized_elementwise_kernel<4, at::native::FillFunctor<int>, std::array<char*, 1ul> >(int, at::native::FillFunctor<int>, std::array<char*, 1ul>)",158974781858718,158974781901094,64,121,818452.0,1184.0,608.0,0.0,131072.0,917504.0,65536.0,0.0,556704849.0,556704849.0,0.0,0.0,0.0,11018697.0,1835120.0,0.0,80.0,0.0,20.0,0.0,0.0,0.0,0.0,80.0,80.0,80.0,0.0,80.0,80.0,0.0,0.0,0.0,80.0,80.0,80.0,80.0,80.0,0.0,0.0,0.0,0.0,0.0,80.0,0.0,20.0,0.0,80.0,0.0,20.0,0.0,0.0,0.0,0.0,0.0,0.0,80.0,0.0,20.0,0.0,0.0,0.0,0.0,80.0,80.0,80.0,0.0,80.0,80.0,0.0,0.0,0.0,80.0,80.0,80.0,80.0,80.0,80.0,0.0,0.0,0.0,0.0,80.0,0.0,20.0,0.0,0.0,0.0,80.0,0.0,0.0,80.0,0.0,20.0,0.0,0.0,0.0,0.0,80.0,80.0,80.0,80.0,80.0,80.0,0.0,0.0,0.0,0.0,80.0,0.0,80.0,20.0,0.0,0.0,0.0,0.0,80.0,80.0,80.0,80.0,80.0,80.0,0.0,0.0,0.0,80.0,80.0,80.0,80.0,80.0,0.0,0.0,0.0,0.0,0.0,80.0,0.0,20.0,0.0,0.0,0.0,0.0,0.0,0.0,32768.0,32768.0,32768.0,32768.0,32768.0,32768.0,32768.0,32768.0,32768.0,32768.0,32768.0,32768.0,32768.0,32768.0,32768.0,32768.0,32768.0,32768.0,32768.0,32768.0,32768.0,32768.0,32768.0,32768.0,32768.0,32768.0,32768.0,32768.0,32768.0,32768.0,32768.0,32768.0,32768.0,32768.0,32768.0,32768.0,32768.0,32768.0,32768.0,32768.0,32768.0,32768.0,32768.0,32768.0,32768.0,32768.0,32768.0,32768.0,32768.0,32768.0,32768.0,32768.0,32768.0,32768.0,32768.0,32768.0,32768.0,32768.0,32768.0,32768.0,32768.0,32768.0,32768.0,32768.0,32768.0,32768.0,32768.0,32768.0,32768.0,32768.0,32768.0,32768.0,32768.0,32768.0,32768.0,32768.0,32768.0,32768.0,32768.0,32768.0,32768.0,32768.0,32768.0,32768.0,32768.0,32768.0,32768.0,32768.0,32768.0,32768.0,32768.0,32768.0,32768.0,32768.0,32768.0,32768.0,32768.0,32768.0,32768.0,32768.0,32768.0,32768.0,32768.0,32768.0,32768.0,32768.0,32768.0,32768.0,32768.0,32768.0,32768.0,32768.0,32768.0,32768.0,32768.0,32768.0,32768.0,32768.0,32768.0,32768.0,32768.0,32768.0,32768.0,32768.0,32768.0,32768.0,32768.0,32768.0,0.0,0.0,4194304.0,16374.0,0.0
64,0,1,695,695,16384,256,0,0,16,192,48,64,matmulbias_kernel,158974782301402,158974782336241,65,27,706533.0,1182.0,16135.0,0.0,4864.0,80128.0,0.0,0.0,59969019.0,59969019.0,786432.0,0.0,0.0,5261430.0,0.0,2122.0,2105.0,2104.0,2132.0,2134.0,2134.0,2134.0,2134.0,2134.0,2134.0,2135.0,2120.0,2134.0,2106.0,2110.0,2110.0,2110.0,2110.0,2110.0,2111.0,2110.0,2090.0,2120.0,2108.0,2108.0,2108.0,2108.0,2089.0,2088.0,2108.0,2110.0,2097.0,2096.0,2120.0,2122.0,2096.0,2096.0,2096.0,2096.0,2122.0,2081.0,2080.0,2096.0,2098.0,2098.0,2098.0,2098.0,2098.0,2098.0,2099.0,2122.0,2098.0,2082.0,2110.0,2110.0,2110.0,2110.0,2110.0,2111.0,2110.0,2090.0,2122.0,2108.0,2108.0,2108.0,2108.0,2089.0,2088.0,2108.0,2110.0,2120.0,2120.0,2122.0,2120.0,2120.0,2097.0,2096.0,2120.0,2122.0,2122.0,2122.0,2122.0,2122.0,2123.0,2122.0,2123.0,2122.0,2098.0,2108.0,2108.0,2108.0,2108.0,2089.0,2088.0,2122.0,2108.0,2110.0,2110.0,2110.0,2110.0,2110.0,2110.0,2111.0,2110.0,2090.0,2098.0,2122.0,2122.0,2122.0,2122.0,2122.0,2123.0,2122.0,2098.0,2120.0,2120.0,2120.0,2120.0,2120.0,2097.0,2096.0,2120.0,2122.0,2132.0,2132.0,2132.0,2132.0,2120.0,1024.0,1024.0,1024.0,1024.0,1024.0,1024.0,1024.0,1024.0,1024.0,1024.0,1024.0,1024.0,1024.0,1024.0,1024.0,1024.0,1024.0,1024.0,1024.0,1024.0,1024.0,1024.0,1024.0,1024.0,1024.0,1024.0,1024.0,1024.0,1024.0,1024.0,1024.0,1024.0,1024.0,1024.0,1024.0,1024.0,1024.0,1024.0,1024.0,1024.0,1024.0,1024.0,1024.0,1024.0,1024.0,1024.0,1024.0,1024.0,1024.0,1024.0,1024.0,1024.0,1024.0,1024.0,1024.0,1024.0,1024.0,1024.0,1024.0,1024.0,1024.0,1024.0,1024.0,1024.0,1024.0,1024.0,1024.0,1024.0,1024.0,1024.0,1024.0,1024.0,1024.0,1024.0,1024.0,1024.0,1024.0,1024.0,1024.0,1024.0,1024.0,1024.0,1024.0,1024.0,1024.0,1024.0,1024.0,1024.0,1024.0,1024.0,1024.0,1024.0,1024.0,1024.0,1024.0,1024.0,1024.0,1024.0,1024.0,1024.0,1024.0,1024.0,1024.0,1024.0,1024.0,1024.0,1024.0,1024.0,1024.0,1024.0,1024.0,1024.0,1024.0,1024.0,1024.0,1024.0,1024.0,1024.0,1024.0,1024.0,1024.0,1024.0,1024.0,1024.0,1024.0,1024.0,1024.0,1024.0,0.0,0.0,131072.0,256.0,0.0
65,0,1,695,695,4194304,256,0,0,12,4,32,64,"void at::native::vectorized_elementwise_kernel<4, at::native::FillFunctor<int>, std::array<char*, 1ul> >(int, at::native::FillFunctor<int>, std::array<char*, 1ul>)",158974782736309,158974782778885,66,121,830154.0,1184.0,608.0,0.0,131072.0,917504.0,65536.0,0.0,557194335.0,557194335.0,0.0,0.0,0.0,11032784.0,1835120.0,0.0,80.0,20.0,0.0,0.0,0.0,0.0,0.0,80.0,80.0,80.0,0.0,80.0,80.0,0.0,0.0,0.0,80.0,80.0,80.0,80.0,80.0,0.0,0.0,0.0,0.0,0.0,80.0,20.0,0.0,0.0,80.0,20.0,0.0,0.0,0.0,0.0,0.0,0.0,0.0,80.0,20.0,0.0,0.0,0.0,0.0,0.0,80.0,80.0,80.0,0.0,80.0,80.0,0.0,0.0,0.0,80.0,80.0,80.0,80.0,80.0,80.0,0.0,0.0,0.0,0.0,80.0,20.0,0.0,0.0,0.0,0.0,80.0,0.0,0.0,80.0,20.0,0.0,0.0,0.0,0.0,0.0,80.0,80.0,80.0,80.0,80.0,80.0,0.0,0.0,0.0,0.0,80.0,20.0,80.0,0.0,0.0,0.0,0.0,0.0,80.0,80.0,80.0,80.0,80.0,80.0,0.0,0.0,0.0,80.0,80.0,80.0,80.0,80.0,0.0,0.0,0.0,0.0,0.0,80.0,20.0,0.0,0.0,0.0,0.0,0.0,0.0,0.0,32768.0,32768.0,32768.0,32768.0,32768.0,32768.0,32768.0,32768.0,32768.0,32768.0,32768.0,32768.0,32768.0,32768.0,32768.0,32768.0,32768.0,32768.0,32768.0,32768.0,32768.0,32768.0,32768.0,32768.0,32768.0,32768.0,32768.0,32768.0,32768.0,32768.0,32768.0,32768.0,32768.0,32768.0,32768.0,32768.0,32768.0,32768.0,32768.0,32768.0,32768.0,32768.0,32768.0,32768.0,32768.0,32768.0,32768.0,32768.0,32768.0,32768.0,32768.0,32768.0,32768.0,32768.0,32768.0,32768.0,32768.0,32768.0,32768.0,32768.0,32768.0,32768.0,32768.0,32768.0,32768.0,32768.0,32768.0,32768.0,32768.0,32768.0,32768.0,32768.0,32768.0,32768.0,32768.0,32768.0,32768.0,32768.0,32768.0,32768.0,32768.0,32768.0,32768.0,32768.0,32768.0,32768.0,32768.0,32768.0,32768.0,32768.0,32768.0,32768.0,32768.0,32768.0,32768.0,32768.0,32768.0,32768.0,32768.0,32768.0,32768.0,32768.0,32768.0,32768.0,32768.0,32768.0,32768.0,32768.0,32768.0,32768.0,32768.0,32768.0,32768.0,32768.0,32768.0,32768.0,32768.0,32768.0,32768.0,32768.0,32768.0,32768.0,32768.0,32768.0,32768.0,32768.0,32768.0,32768.0,0.0,0.0,4194304.0,16372.0,0.0
66,0,1,695,695,16384,256,0,0,16,192,48,64,matmulbias_kernel,158974783179434,158974783214834,67,27,714471.0,1184.0,8975.0,0.0,4864.0,80128.0,0.0,0.0,61579477.0,61579477.0,786432.0,0.0,0.0,5289618.0,0.0,2122.0,2096.0,2096.0,2120.0,2121.0,2122.0,2122.0,2122.0,2122.0,2122.0,2122.0,2121.0,2122.0,2098.0,2110.0,2110.0,2110.0,2110.0,2110.0,2110.0,2110.0,2090.0,2120.0,2108.0,2108.0,2109.0,2108.0,2088.0,2088.0,2108.0,2109.0,2096.0,2096.0,2120.0,2121.0,2132.0,2132.0,2133.0,2132.0,2122.0,2104.0,2104.0,2132.0,2133.0,2134.0,2134.0,2134.0,2134.0,2134.0,2134.0,2122.0,2134.0,2106.0,2098.0,2098.0,2098.0,2098.0,2098.0,2098.0,2098.0,2082.0,2122.0,2096.0,2096.0,2097.0,2096.0,2080.0,2080.0,2096.0,2097.0,2132.0,2132.0,2122.0,2133.0,2132.0,2104.0,2104.0,2132.0,2133.0,2134.0,2134.0,2134.0,2134.0,2122.0,2134.0,2134.0,2134.0,2106.0,2120.0,2120.0,2121.0,2120.0,2096.0,2096.0,2122.0,2120.0,2121.0,2122.0,2122.0,2122.0,2122.0,2122.0,2122.0,2122.0,2098.0,2098.0,2134.0,2134.0,2134.0,2134.0,2134.0,2134.0,2134.0,2106.0,2132.0,2132.0,2120.0,2133.0,2132.0,2104.0,2104.0,2132.0,2133.0,2120.0,2120.0,2121.0,2120.0,2120.0,1024.0,1024.0,1024.0,1024.0,1024.0,1024.0,1024.0,1024.0,1024.0,1024.0,1024.0,1024.0,1024.0,1024.0,1024.0,1024.0,1024.0,1024.0,1024.0,1024.0,1024.0,1024.0,1024.0,1024.0,1024.0,1024.0,1024.0,1024.0,1024.0,1024.0,1024.0,1024.0,1024.0,1024.0,1024.0,1024.0,1024.0,1024.0,1024.0,1024.0,1024.0,1024.0,1024.0,1024.0,1024.0,1024.0,1024.0,1024.0,1024.0,1024.0,1024.0,1024.0,1024.0,1024.0,1024.0,1024.0,1024.0,1024.0,1024.0,1024.0,1024.0,1024.0,1024.0,1024.0,1024.0,1024.0,1024.0,1024.0,1024.0,1024.0,1024.0,1024.0,1024.0,1024.0,1024.0,1024.0,1024.0,1024.0,1024.0,1024.0,1024.0,1024.0,1024.0,1024.0,1024.0,1024.0,1024.0,1024.0,1024.0,1024.0,1024.0,1024.0,1024.0,1024.0,1024.0,1024.0,1024.0,1024.0,1024.0,1024.0,1024.0,1024.0,1024.0,1024.0,1024.0,1024.0,1024.0,1024.0,1024.0,1024.0,1024.0,1024.0,1024.0,1024.0,1024.0,1024.0,1024.0,1024.0,1024.0,1024.0,1024.0,1024.0,1024.0,1024.0,1024.0,1024.0,1024.0,1024.0,0.0,0.0,131072.0,256.0,0.0
67,0,1,695,695,4194304,256,0,0,12,4,32,64,"void at::native::vectorized_elementwise_kernel<4, at::native::FillFunctor<int>, std::array<char*, 1ul> >(int, at::native::FillFunctor<int>, std::array<char*, 1ul>)",158974783613258,158974783656276,68,121,817269.0,1184.0,608.0,0.0,131072.0,917504.0,65536.0,0.0,561930760.0,561930760.0,0.0,0.0,0.0,11115660.0,1835120.0,0.0,100.0,0.0,0.0,0.0,0.0,0.0,0.0,80.0,80.0,80.0,0.0,80.0,80.0,0.0,0.0,0.0,80.0,80.0,80.0,80.0,80.0,0.0,0.0,0.0,0.0,0.0,100.0,0.0,0.0,0.0,100.0,0.0,0.0,0.0,0.0,0.0,0.0,0.0,0.0,100.0,0.0,0.0,0.0,0.0,0.0,0.0,80.0,80.0,80.0,0.0,80.0,80.0,0.0,0.0,0.0,80.0,80.0,80.0,80.0,80.0,80.0,0.0,0.0,0.0,0.0,100.0,0.0,0.0,0.0,0.0,0.0,80.0,0.0,0.0,100.0,0.0,0.0,0.0,0.0,0.0,0.0,80.0,80.0,80.0,80.0,80.0,80.0,0.0,0.0,0.0,0.0,100.0,0.0,80.0,0.0,0.0,0.0,0.0,0.0,80.0,80.0,80.0,80.0,80.0,80.0,0.0,0.0,0.0,80.0,80.0,80.0,80.0,80.0,0.0,0.0,0.0,0.0,0.0,100.0,0.0,0.0,0.0,0.0,0.0,0.0,0.0,0.0,32768.0,32768.0,32768.0,32768.0,32768.0,32768.0,32768.0,32768.0,32768.0,32768.0,32768.0,32768.0,32768.0,32768.0,32768.0,32768.0,32768.0,32768.0,32768.0,32768.0,32768.0,32768.0,32768.0,32768.0,32768.0,32768.0,32768.0,32768.0,32768.0,32768.0,32768.0,32768.0,32768.0,32768.0,32768.0,32768.0,32768.0,32768.0,32768.0,32768.0,32768.0,32768.0,32768.0,32768.0,32768.0,32768.0,32768.0,32768.0,32768.0,32768.0,32768.0,32768.0,32768.0,32768.0,32768.0,32768.0,32768.0,32768.0,32768.0,32768.0,32768.0,32768.0,32768.0,32768.0,32768.0,32768.0,32768.0,32768.0,32768.0,32768.0,32768.0,32768.0,32768.0,32768.0,32768.0,32768.0,32768.0,32768.0,32768.0,32768.0,32768.0,32768.0,32768.0,32768.0,32768.0,32768.0,32768.0,32768.0,32768.0,32768.0,32768.0,32768.0,32768.0,32768.0,32768.0,32768.0,32768.0,32768.0,32768.0,32768.0,32768.0,32768.0,32768.0,32768.0,32768.0,32768.0,32768.0,32768.0,32768.0,32768.0,32768.0,32768.0,32768.0,32768.0,32768.0,32768.0,32768.0,32768.0,32768.0,32768.0,32768.0,32768.0,32768.0,32768.0,32768.0,32768.0,32768.0,32768.0,0.0,0.0,4194304.0,16376.0,0.0
68,0,1,695,695,16384,256,0,0,16,192,48,64,matmulbias_kernel,158974784056784,158974784091743,69,27,716977.0,1184.0,8461.0,0.0,4864.0,80128.0,0.0,0.0,60149195.0,60149195.0,786432.0,0.0,0.0,5320499.0,0.0,2110.0,2088.0,2088.0,2108.0,2109.0,2110.0,2110.0,2110.0,2110.0,2110.0,2110.0,2108.0,2110.0,2090.0,2122.0,2122.0,2122.0,2122.0,2122.0,2122.0,2122.0,2098.0,2108.0,2121.0,2120.0,2120.0,2120.0,2096.0,2096.0,2120.0,2121.0,2088.0,2088.0,2108.0,2109.0,2109.0,2108.0,2108.0,2108.0,2110.0,2088.0,2088.0,2108.0,2109.0,2110.0,2110.0,2110.0,2110.0,2110.0,2110.0,2110.0,2110.0,2090.0,2122.0,2122.0,2122.0,2122.0,2122.0,2122.0,2122.0,2098.0,2110.0,2121.0,2120.0,2120.0,2120.0,2096.0,2096.0,2120.0,2121.0,2133.0,2132.0,2110.0,2132.0,2132.0,2104.0,2104.0,2132.0,2133.0,2134.0,2134.0,2134.0,2134.0,2110.0,2134.0,2134.0,2134.0,2106.0,2133.0,2132.0,2132.0,2132.0,2104.0,2104.0,2110.0,2132.0,2133.0,2134.0,2134.0,2134.0,2134.0,2134.0,2134.0,2134.0,2106.0,2090.0,2134.0,2134.0,2134.0,2134.0,2134.0,2134.0,2134.0,2106.0,2133.0,2132.0,2109.0,2132.0,2132.0,2104.0,2104.0,2132.0,2133.0,2109.0,2108.0,2108.0,2108.0,2108.0,1024.0,1024.0,1024.0,1024.0,1024.0,1024.0,1024.0,1024.0,1024.0,1024.0,1024.0,1024.0,1024.0,1024.0,1024.0,1024.0,1024.0,1024.0,1024.0,1024.0,1024.0,1024.0,1024.0,1024.0,1024.0,1024.0,1024.0,1024.0,1024.0,1024.0,1024.0,1024.0,1024.0,1024.0,1024.0,1024.0,1024.0,1024.0,1024.0,1024.0,1024.0,1024.0,1024.0,1024.0,1024.0,1024.0,1024.0,1024.0,1024.0,1024.0,1024.0,1024.0,1024.0,1024.0,1024.0,1024.0,1024.0,1024.0,1024.0,1024.0,1024.0,1024.0,1024.0,1024.0,1024.0,1024.0,1024.0,1024.0,1024.0,1024.0,1024.0,1024.0,1024.0,1024.0,1024.0,1024.0,1024.0,1024.0,1024.0,1024.0,1024.0,1024.0,1024.0,1024.0,1024.0,1024.0,1024.0,1024.0,1024.0,1024.0,1024.0,1024.0,1024.0,1024.0,1024.0,1024.0,1024.0,1024.0,1024.0,1024.0,1024.0,1024.0,1024.0,1024.0,1024.0,1024.0,1024.0,1024.0,1024.0,1024.0,1024.0,1024.0,1024.0,1024.0,1024.0,1024.0,1024.0,1024.0,1024.0,1024.0,1024.0,1024.0,1024.0,1024.0,1024.0,1024.0,1024.0,1024.0,0.0,0.0,131072.0,256.0,0.0
69,0,1,695,695,4194304,256,0,0,12,4,32,64,"void at::native::vectorized_elementwise_kernel<4, at::native::FillFunctor<int>, std::array<char*, 1ul> >(int, at::native::FillFunctor<int>, std::array<char*, 1ul>)",158974784494978,158974784537274,70,121,813173.0,1184.0,608.0,0.0,131072.0,917504.0,65536.0,0.0,558127781.0,558127781.0,0.0,0.0,0.0,11052297.0,1835120.0,0.0,80.0,0.0,0.0,0.0,0.0,0.0,0.0,80.0,80.0,80.0,0.0,80.0,100.0,0.0,0.0,0.0,80.0,80.0,80.0,80.0,100.0,0.0,0.0,0.0,0.0,0.0,80.0,0.0,0.0,0.0,80.0,0.0,0.0,0.0,0.0,0.0,0.0,0.0,0.0,80.0,0.0,0.0,0.0,0.0,0.0,0.0,80.0,80.0,80.0,0.0,80.0,100.0,0.0,0.0,0.0,80.0,80.0,80.0,80.0,100.0,80.0,0.0,0.0,0.0,0.0,80.0,0.0,0.0,0.0,0.0,0.0,80.0,0.0,0.0,80.0,0.0,0.0,0.0,0.0,0.0,0.0,80.0,80.0,80.0,80.0,80.0,100.0,0.0,0.0,0.0,0.0,80.0,0.0,80.0,0.0,0.0,0.0,0.0,0.0,80.0,80.0,80.0,80.0,100.0,100.0,0.0,0.0,0.0,80.0,80.0,80.0,80.0,100.0,0.0,0.0,0.0,0.0,0.0,80.0,0.0,0.0,0.0,0.0,0.0,0.0,0.0,0.0,32768.0,32768.0,32768.0,32768.0,32768.0,32768.0,32768.0,32768.0,32768.0,32768.0,32768.0,32768.0,32768.0,32768.0,32768.0,32768.0,32768.0,32768.0,32768.0,32768.0,32768.0,32768.0,32768.0,32768.0,32768.0,32768.0,32768.0,32768.0,32768.0,32768.0,32768.0,32768.0,32768.0,32768.0,32768.0,32768.0,32768.0,32768.0,32768.0,32768.0,32768.0,32768.0,32768.0,32768.0,32768.0,32768.0,32768.0,32768.0,32768.0,32768.0,32768.0,32768.0,32768.0,32768.0,32768.0,32768.0,32768.0,32768.0,32768.0,32768.0,32768.0,32768.0,32768.0,32768.0,32768.0,32768.0,32768.0,32768.0,32768.0,32768.0,32768.0,32768.0,32768.0,32768.0,32768.0,32768.0,32768.0,32768.0,32768.0,32768.0,32768.0,32768.0,32768.0,32768.0,32768.0,32768.0,32768.0,32768.0,32768.0,32768.0,32768.0,32768.0,32768.0,32768.0,32768.0,32768.0,32768.0,32768.0,32768.0,32768.0,32768.0,32768.0,32768.0,32768.0,32768.0,32768.0,32768.0,32768.0,32768.0,32768.0,32768.0,32768.0,32768.0,32768.0,32768.0,32768.0,32768.0,32768.0,32768.0,32768.0,32768.0,32768.0,32768.0,32768.0,32768.0,32768.0,32768.0,32768.0,0.0,0.0,4194304.0,16379.0,0.0
70,0,1,695,695,16384,256,0,0,16,192,48,64,matmulbias_kernel,158974784925795,158974784960474,71,27,707042.0,1184.0,8280.0,0.0,4864.0,80128.0,0.0,0.0,59066978.0,59066978.0,786432.0,0.0,0.0,5323198.0,0.0,2098.0,2096.0,2096.0,2120.0,2121.0,2122.0,2122.0,2123.0,2122.0,2122.0,2122.0,2096.0,2122.0,2098.0,2122.0,2122.0,2123.0,2122.0,2122.0,2122.0,2122.0,2098.0,2096.0,2120.0,2120.0,2120.0,2120.0,2096.0,2096.0,2120.0,2121.0,2080.0,2080.0,2096.0,2097.0,2108.0,2108.0,2108.0,2108.0,2098.0,2088.0,2088.0,2108.0,2109.0,2110.0,2110.0,2111.0,2110.0,2110.0,2110.0,2099.0,2110.0,2090.0,2134.0,2134.0,2135.0,2134.0,2134.0,2134.0,2134.0,2106.0,2098.0,2132.0,2132.0,2132.0,2132.0,2104.0,2104.0,2132.0,2133.0,2120.0,2120.0,2098.0,2120.0,2120.0,2096.0,2096.0,2120.0,2121.0,2122.0,2122.0,2123.0,2122.0,2098.0,2122.0,2122.0,2122.0,2098.0,2120.0,2120.0,2120.0,2120.0,2096.0,2096.0,2098.0,2120.0,2121.0,2122.0,2122.0,2123.0,2122.0,2122.0,2122.0,2122.0,2098.0,2082.0,2134.0,2134.0,2135.0,2134.0,2134.0,2134.0,2134.0,2106.0,2132.0,2132.0,2096.0,2132.0,2132.0,2104.0,2104.0,2132.0,2133.0,2120.0,2120.0,2120.0,2120.0,2096.0,1024.0,1024.0,1024.0,1024.0,1024.0,1024.0,1024.0,1024.0,1024.0,1024.0,1024.0,1024.0,1024.0,1024.0,1024.0,1024.0,1024.0,1024.0,1024.0,1024.0,1024.0,1024.0,1024.0,1024.0,1024.0,1024.0,1024.0,1024.0,1024.0,1024.0,1024.0,1024.0,1024.0,1024.0,1024.0,1024.0,1024.0,1024.0,1024.0,1024.0,1024.0,1024.0,1024.0,1024.0,1024.0,1024.0,1024.0,1024.0,1024.0,1024.0,1024.0,1024.0,1024.0,1024.0,1024.0,1024.0,1024.0,1024.0,1024.0,1024.0,1024.0,1024.0,1024.0,1024.0,1024.0,1024.0,1024.0,1024.0,1024.0,1024.0,1024.0,1024.0,1024.0,1024.0,1024.0,1024.0,1024.0,1024.0,1024.0,1024.0,1024.0,1024.0,1024.0,1024.0,1024.0,1024.0,1024.0,1024.0,1024.0,1024.0,1024.0,1024.0,1024.0,1024.0,1024.0,1024.0,1024.0,1024.0,1024.0,1024.0,1024.0,1024.0,1024.0,1024.0,1024.0,1024.0,1024.0,1024.0,1024.0,1024.0,1024.0,1024.0,1024.0,1024.0,1024.0,1024.0,1024.0,1024.0,1024.0,1024.0,1024.0,1024.0,1024.0,1024.0,1024.0,1024.0,1024.0,1024.0,0.0,0.0,131072.0,256.0,0.0
71,0,1,695,695,4194304,256,0,0,12,4,32,64,"void at::native::vectorized_elementwise_kernel<4, at::native::FillFunctor<int>, std::array<char*, 1ul> >(int, at::native::FillFunctor<int>, std::array<char*, 1ul>)",158974785361864,158974785404200,72,121,821183.0,1184.0,608.0,0.0,131072.0,917504.0,65536.0,0.0,559499336.0,559499336.0,0.0,0.0,0.0,11060250.0,1835120.0,0.0,80.0,0.0,0.0,0.0,0.0,0.0,0.0,80.0,80.0,80.0,0.0,100.0,80.0,0.0,0.0,0.0,80.0,80.0,80.0,100.0,80.0,0.0,0.0,0.0,0.0,0.0,80.0,0.0,0.0,0.0,80.0,0.0,0.0,0.0,0.0,0.0,0.0,0.0,0.0,80.0,0.0,0.0,0.0,0.0,0.0,0.0,80.0,80.0,80.0,0.0,100.0,80.0,0.0,0.0,0.0,80.0,80.0,80.0,100.0,80.0,80.0,0.0,0.0,0.0,0.0,80.0,0.0,0.0,0.0,0.0,0.0,80.0,0.0,0.0,80.0,0.0,0.0,0.0,0.0,0.0,0.0,80.0,80.0,80.0,80.0,100.0,80.0,0.0,0.0,0.0,0.0,80.0,0.0,100.0,0.0,0.0,0.0,0.0,0.0,80.0,80.0,80.0,100.0,80.0,80.0,0.0,0.0,0.0,80.0,80.0,80.0,100.0,80.0,0.0,0.0,0.0,0.0,0.0,80.0,0.0,0.0,0.0,0.0,0.0,0.0,0.0,0.0,32768.0,32768.0,32768.0,32768.0,32768.0,32768.0,32768.0,32768.0,32768.0,32768.0,32768.0,32768.0,32768.0,32768.0,32768.0,32768.0,32768.0,32768.0,32768.0,32768.0,32768.0,32768.0,32768.0,32768.0,32768.0,32768.0,32768.0,32768.0,32768.0,32768.0,32768.0,32768.0,32768.0,32768.0,32768.0,32768.0,32768.0,32768.0,32768.0,32768.0,32768.0,32768.0,32768.0,32768.0,32768.0,32768.0,32768.0,32768.0,32768.0,32768.0,32768.0,32768.0,32768.0,32768.0,32768.0,32768.0,32768.0,32768.0,32768.0,32768.0,32768.0,32768.0,32768.0,32768.0,32768.0,32768.0,32768.0,32768.0,32768.0,32768.0,32768.0,32768.0,32768.0,32768.0,32768.0,32768.0,32768.0,32768.0,32768.0,32768.0,32768.0,32768.0,32768.0,32768.0,32768.0,32768.0,32768.0,32768.0,32768.0,32768.0,32768.0,32768.0,32768.0,32768.0,32768.0,32768.0,32768.0,32768.0,32768.0,32768.0,32768.0,32768.0,32768.0,32768.0,32768.0,32768.0,32768.0,32768.0,32768.0,32768.0,32768.0,32768.0,32768.0,32768.0,32768.0,32768.0,32768.0,32768.0,32768.0,32768.0,32768.0,32768.0,32768.0,32768.0,32768.0,32768.0,32768.0,32768.0,0.0,0.0,4194304.0,16376.0,0.0
72,0,1,695,695,16384,256,0,0,16,192,48,64,matmulbias_kernel,158974785802304,158974785837824,73,27,721178.0,1184.0,608.0,0.0,4864.0,80128.0,0.0,0.0,61425013.0,61425013.0,786432.0,0.0,0.0,5397247.0,0.0,2134.0,2096.0,2096.0,2120.0,2120.0,2122.0,2122.0,2122.0,2122.0,2122.0,2122.0,2132.0,2122.0,2098.0,2122.0,2122.0,2122.0,2122.0,2122.0,2122.0,2122.0,2098.0,2132.0,2120.0,2120.0,2120.0,2120.0,2096.0,2096.0,2120.0,2120.0,2104.0,2104.0,2132.0,2132.0,2120.0,2120.0,2120.0,2120.0,2134.0,2096.0,2096.0,2120.0,2120.0,2122.0,2122.0,2122.0,2122.0,2122.0,2122.0,2134.0,2122.0,2098.0,2146.0,2146.0,2146.0,2146.0,2146.0,2146.0,2146.0,2114.0,2134.0,2144.0,2144.0,2144.0,2144.0,2112.0,2112.0,2144.0,2144.0,2132.0,2132.0,2134.0,2132.0,2132.0,2104.0,2104.0,2132.0,2132.0,2134.0,2134.0,2134.0,2134.0,2134.0,2134.0,2134.0,2134.0,2106.0,2120.0,2120.0,2120.0,2120.0,2096.0,2096.0,2134.0,2120.0,2120.0,2122.0,2122.0,2122.0,2122.0,2122.0,2122.0,2122.0,2098.0,2106.0,2134.0,2134.0,2134.0,2134.0,2134.0,2134.0,2134.0,2106.0,2132.0,2132.0,2132.0,2132.0,2132.0,2104.0,2104.0,2132.0,2132.0,2120.0,2120.0,2120.0,2120.0,2132.0,1024.0,1024.0,1024.0,1024.0,1024.0,1024.0,1024.0,1024.0,1024.0,1024.0,1024.0,1024.0,1024.0,1024.0,1024.0,1024.0,1024.0,1024.0,1024.0,1024.0,1024.0,1024.0,1024.0,1024.0,1024.0,1024.0,1024.0,1024.0,1024.0,1024.0,1024.0,1024.0,1024.0,1024.0,1024.0,1024.0,1024.0,1024.0,1024.0,1024.0,1024.0,1024.0,1024.0,1024.0,1024.0,1024.0,1024.0,1024.0,1024.0,1024.0,1024.0,1024.0,1024.0,1024.0,1024.0,1024.0,1024.0,1024.0,1024.0,1024.0,1024.0,1024.0,1024.0,1024.0,1024.0,1024.0,1024.0,1024.0,1024.0,1024.0,1024.0,1024.0,1024.0,1024.0,1024.0,1024.0,1024.0,1024.0,1024.0,1024.0,1024.0,1024.0,1024.0,1024.0,1024.0,1024.0,1024.0,1024.0,1024.0,1024.0,1024.0,1024.0,1024.0,1024.0,1024.0,1024.0,1024.0,1024.0,1024.0,1024.0,1024.0,1024.0,1024.0,1024.0,1024.0,1024.0,1024.0,1024.0,1024.0,1024.0,1024.0,1024.0,1024.0,1024.0,1024.0,1024.0,1024.0,1024.0,1024.0,1024.0,1024.0,1024.0,1024.0,1024.0,1024.0,1024.0,1024.0,1024.0,0.0,0.0,131072.0,256.0,0.0
73,0,1,695,695,4194304,256,0,0,12,4,32,64,"void at::native::vectorized_elementwise_kernel<4, at::native::FillFunctor<int>, std::array<char*, 1ul> >(int, at::native::FillFunctor<int>, std::array<char*, 1ul>)",158974786231798,158974786273973,74,121,829981.0,1184.0,8403.0,0.0,131072.0,917504.0,65536.0,0.0,554289257.0,554289257.0,0.0,0.0,0.0,10973255.0,1835120.0,1.0,80.0,0.0,0.0,1.0,1.0,0.0,0.0,80.0,80.0,100.0,0.0,80.0,80.0,1.0,0.0,0.0,80.0,80.0,100.0,80.0,80.0,0.0,0.0,0.0,0.0,0.0,80.0,0.0,0.0,1.0,80.0,0.0,0.0,1.0,0.0,0.0,0.0,0.0,0.0,80.0,0.0,0.0,1.0,1.0,0.0,0.0,80.0,80.0,100.0,0.0,80.0,80.0,1.0,0.0,0.0,80.0,80.0,100.0,80.0,80.0,80.0,0.0,0.0,0.0,0.0,80.0,0.0,0.0,1.0,0.0,0.0,80.0,0.0,0.0,80.0,0.0,0.0,1.0,1.0,0.0,0.0,80.0,100.0,80.0,100.0,80.0,80.0,0.0,0.0,0.0,0.0,80.0,0.0,80.0,0.0,1.0,1.0,0.0,0.0,80.0,80.0,100.0,80.0,80.0,80.0,1.0,0.0,0.0,80.0,80.0,100.0,80.0,80.0,0.0,0.0,0.0,0.0,0.0,80.0,0.0,0.0,1.0,0.0,0.0,0.0,0.0,0.0,32768.0,32768.0,32768.0,32768.0,32768.0,32768.0,32768.0,32768.0,32768.0,32768.0,32768.0,32768.0,32768.0,32768.0,32768.0,32768.0,32768.0,32768.0,32768.0,32768.0,32768.0,32768.0,32768.0,32768.0,32768.0,32768.0,32768.0,32768.0,32768.0,32768.0,32768.0,32768.0,32768.0,32768.0,32768.0,32768.0,32768.0,32768.0,32768.0,32768.0,32768.0,32768.0,32768.0,32768.0,32768.0,32768.0,32768.0,32768.0,32768.0,32768.0,32768.0,32768.0,32768.0,32768.0,32768.0,32768.0,32768.0,32768.0,32768.0,32768.0,32768.0,32768.0,32768.0,32768.0,32768.0,32768.0,32768.0,32768.0,32768.0,32768.0,32768.0,32768.0,32768.0,32768.0,32768.0,32768.0,32768.0,32768.0,32768.0,32768.0,32768.0,32768.0,32768.0,32768.0,32768.0,32768.0,32768.0,32768.0,32768.0,32768.0,32768.0,32768.0,32768.0,32768.0,32768.0,32768.0,32768.0,32768.0,32768.0,32768.0,32768.0,32768.0,32768.0,32768.0,32768.0,32768.0,32768.0,32768.0,32768.0,32768.0,32768.0,32768.0,32768.0,32768.0,32768.0,32768.0,32768.0,32768.0,32768.0,32768.0,32768.0,32768.0,32768.0,32768.0,32768.0,32768.0,32768.0,32768.0,0.0,0.0,4194304.0,16380.0,0.0
74,0,1,695,695,16384,256,0,0,16,192,48,64,matmulbias_kernel,158974786675845,158974786710724,75,27,705349.0,1184.0,8188.0,0.0,4864.0,80128.0,0.0,0.0,60095663.0,60095663.0,786432.0,0.0,0.0,5305439.0,0.0,2098.0,2104.0,2104.0,2132.0,2133.0,2134.0,2134.0,2134.0,2134.0,2134.0,2134.0,2096.0,2135.0,2106.0,2110.0,2110.0,2110.0,2110.0,2110.0,2110.0,2111.0,2090.0,2096.0,2108.0,2108.0,2108.0,2108.0,2088.0,2088.0,2108.0,2109.0,2080.0,2080.0,2096.0,2097.0,2108.0,2108.0,2108.0,2108.0,2098.0,2088.0,2088.0,2108.0,2109.0,2110.0,2110.0,2110.0,2110.0,2110.0,2110.0,2098.0,2111.0,2090.0,2122.0,2122.0,2122.0,2122.0,2122.0,2122.0,2123.0,2098.0,2098.0,2120.0,2120.0,2120.0,2120.0,2096.0,2096.0,2120.0,2121.0,2108.0,2108.0,2098.0,2108.0,2108.0,2088.0,2088.0,2108.0,2109.0,2110.0,2110.0,2110.0,2110.0,2098.0,2110.0,2110.0,2111.0,2090.0,2108.0,2108.0,2108.0,2108.0,2088.0,2088.0,2099.0,2108.0,2109.0,2110.0,2110.0,2110.0,2110.0,2110.0,2110.0,2111.0,2090.0,2082.0,2110.0,2110.0,2110.0,2110.0,2110.0,2110.0,2111.0,2090.0,2108.0,2108.0,2096.0,2108.0,2108.0,2088.0,2088.0,2108.0,2109.0,2132.0,2132.0,2132.0,2132.0,2096.0,1024.0,1024.0,1024.0,1024.0,1024.0,1024.0,1024.0,1024.0,1024.0,1024.0,1024.0,1024.0,1024.0,1024.0,1024.0,1024.0,1024.0,1024.0,1024.0,1024.0,1024.0,1024.0,1024.0,1024.0,1024.0,1024.0,1024.0,1024.0,1024.0,1024.0,1024.0,1024.0,1024.0,1024.0,1024.0,1024.0,1024.0,1024.0,1024.0,1024.0,1024.0,1024.0,1024.0,1024.0,1024.0,1024.0,1024.0,1024.0,1024.0,1024.0,1024.0,1024.0,1024.0,1024.0,1024.0,1024.0,1024.0,1024.0,1024.0,1024.0,1024.0,1024.0,1024.0,1024.0,1024.0,1024.0,1024.0,1024.0,1024.0,1024.0,1024.0,1024.0,1024.0,1024.0,1024.0,1024.0,1024.0,1024.0,1024.0,1024.0,1024.0,1024.0,1024.0,1024.0,1024.0,1024.0,1024.0,1024.0,1024.0,1024.0,1024.0,1024.0,1024.0,1024.0,1024.0,1024.0,1024.0,1024.0,1024.0,1024.0,1024.0,1024.0,1024.0,1024.0,1024.0,1024.0,1024.0,1024.0,1024.0,1024.0,1024.0,1024.0,1024.0,1024.0,1024.0,1024.0,1024.0,1024.0,1024.0,1024.0,1024.0,1024.0,1024.0,1024.0,1024.0,1024.0,1024.0,1024.0,0.0,0.0,131072.0,256.0,0.0
75,0,1,695,695,4194304,256,0,0,12,4,32,64,"void at::native::vectorized_elementwise_kernel<4, at::native::FillFunctor<int>, std::array<char*, 1ul> >(int, at::native::FillFunctor<int>, std::array<char*, 1ul>)",158974787100568,158974787142784,76,121,820110.0,1184.0,608.0,0.0,131072.0,917504.0,65536.0,0.0,555704120.0,555704120.0,0.0,0.0,0.0,11005320.0,1835120.0,0.0,80.0,0.0,0.0,0.0,0.0,0.0,0.0,80.0,100.0,80.0,0.0,80.0,80.0,0.0,0.0,0.0,80.0,100.0,80.0,80.0,80.0,0.0,0.0,0.0,0.0,0.0,80.0,0.0,0.0,0.0,80.0,0.0,0.0,0.0,0.0,0.0,0.0,0.0,0.0,80.0,0.0,0.0,0.0,0.0,0.0,0.0,80.0,100.0,80.0,0.0,80.0,80.0,0.0,0.0,0.0,80.0,100.0,80.0,80.0,80.0,80.0,0.0,0.0,0.0,0.0,80.0,0.0,0.0,0.0,0.0,0.0,100.0,0.0,0.0,80.0,0.0,0.0,0.0,0.0,0.0,0.0,80.0,80.0,100.0,80.0,80.0,80.0,0.0,0.0,0.0,0.0,80.0,0.0,80.0,0.0,0.0,0.0,0.0,0.0,80.0,100.0,80.0,80.0,80.0,80.0,0.0,0.0,0.0,80.0,100.0,80.0,80.0,80.0,0.0,0.0,0.0,0.0,0.0,80.0,0.0,0.0,0.0,0.0,0.0,0.0,0.0,0.0,32768.0,32768.0,32768.0,32768.0,32768.0,32768.0,32768.0,32768.0,32768.0,32768.0,32768.0,32768.0,32768.0,32768.0,32768.0,32768.0,32768.0,32768.0,32768.0,32768.0,32768.0,32768.0,32768.0,32768.0,32768.0,32768.0,32768.0,32768.0,32768.0,32768.0,32768.0,32768.0,32768.0,32768.0,32768.0,32768.0,32768.0,32768.0,32768.0,32768.0,32768.0,32768.0,32768.0,32768.0,32768.0,32768.0,32768.0,32768.0,32768.0,32768.0,32768.0,32768.0,32768.0,32768.0,32768.0,32768.0,32768.0,32768.0,32768.0,32768.0,32768.0,32768.0,32768.0,32768.0,32768.0,32768.0,32768.0,32768.0,32768.0,32768.0,32768.0,32768.0,32768.0,32768.0,32768.0,32768.0,32768.0,32768.0,32768.0,32768.0,32768.0,32768.0,32768.0,32768.0,32768.0,32768.0,32768.0,32768.0,32768.0,32768.0,32768.0,32768.0,32768.0,32768.0,32768.0,32768.0,32768.0,32768.0,32768.0,32768.0,32768.0,32768.0,32768.0,32768.0,32768.0,32768.0,32768.0,32768.0,32768.0,32768.0,32768.0,32768.0,32768.0,32768.0,32768.0,32768.0,32768.0,32768.0,32768.0,32768.0,32768.0,32768.0,32768.0,32768.0,32768.0,32768.0,32768.0,32768.0,0.0,0.0,4194304.0,16377.0,0.0
76,0,1,695,695,16384,256,0,0,16,192,48,64,matmulbias_kernel,158974787543333,158974787578252,77,27,698461.0,1184.0,8001.0,0.0,4864.0,80128.0,0.0,0.0,60173847.0,60173847.0,786432.0,0.0,0.0,5173114.0,0.0,2110.0,2096.0,2096.0,2120.0,2121.0,2122.0,2122.0,2122.0,2122.0,2122.0,2122.0,2108.0,2122.0,2098.0,2110.0,2110.0,2110.0,2110.0,2110.0,2110.0,2110.0,2090.0,2108.0,2108.0,2109.0,2108.0,2108.0,2088.0,2088.0,2108.0,2109.0,2088.0,2088.0,2108.0,2109.0,2132.0,2133.0,2132.0,2132.0,2110.0,2104.0,2104.0,2132.0,2133.0,2134.0,2134.0,2134.0,2134.0,2134.0,2134.0,2110.0,2134.0,2106.0,2098.0,2098.0,2098.0,2098.0,2098.0,2098.0,2098.0,2082.0,2110.0,2096.0,2097.0,2096.0,2096.0,2080.0,2080.0,2096.0,2097.0,2120.0,2121.0,2110.0,2120.0,2120.0,2096.0,2096.0,2120.0,2121.0,2122.0,2122.0,2122.0,2122.0,2110.0,2122.0,2122.0,2122.0,2098.0,2108.0,2109.0,2108.0,2108.0,2088.0,2088.0,2110.0,2108.0,2109.0,2110.0,2110.0,2110.0,2110.0,2110.0,2110.0,2110.0,2090.0,2090.0,2134.0,2134.0,2134.0,2134.0,2134.0,2134.0,2134.0,2106.0,2132.0,2133.0,2108.0,2132.0,2132.0,2104.0,2104.0,2132.0,2133.0,2120.0,2121.0,2120.0,2120.0,2109.0,1024.0,1024.0,1024.0,1024.0,1024.0,1024.0,1024.0,1024.0,1024.0,1024.0,1024.0,1024.0,1024.0,1024.0,1024.0,1024.0,1024.0,1024.0,1024.0,1024.0,1024.0,1024.0,1024.0,1024.0,1024.0,1024.0,1024.0,1024.0,1024.0,1024.0,1024.0,1024.0,1024.0,1024.0,1024.0,1024.0,1024.0,1024.0,1024.0,1024.0,1024.0,1024.0,1024.0,1024.0,1024.0,1024.0,1024.0,1024.0,1024.0,1024.0,1024.0,1024.0,1024.0,1024.0,1024.0,1024.0,1024.0,1024.0,1024.0,1024.0,1024.0,1024.0,1024.0,1024.0,1024.0,1024.0,1024.0,1024.0,1024.0,1024.0,1024.0,1024.0,1024.0,1024.0,1024.0,1024.0,1024.0,1024.0,1024.0,1024.0,1024.0,1024.0,1024.0,1024.0,1024.0,1024.0,1024.0,1024.0,1024.0,1024.0,1024.0,1024.0,1024.0,1024.0,1024.0,1024.0,1024.0,1024.0,1024.0,1024.0,1024.0,1024.0,1024.0,1024.0,1024.0,1024.0,1024.0,1024.0,1024.0,1024.0,1024.0,1024.0,1024.0,1024.0,1024.0,1024.0,1024.0,1024.0,1024.0,1024.0,1024.0,1024.0,1024.0,1024.0,1024.0,1024.0,1024.0,1024.0,0.0,0.0,131072.0,256.0,0.0
77,0,1,695,695,32768,512,0,0,108,4,48,64,matmulbias_kernel,158974789933505,158974789956597,78,196,500702.0,8624.0,608.0,0.0,8704.0,150016.0,0.0,0.0,32809132.0,32809132.0,1048576.0,0.0,0.0,4183756.0,0.0,2070.0,2096.0,2096.0,2097.0,2084.0,2074.0,2075.0,2074.0,2074.0,2074.0,2074.0,2088.0,2074.0,2074.0,2070.0,2071.0,2070.0,2070.0,2070.0,2070.0,2070.0,2070.0,2088.0,2068.0,2088.0,2088.0,2088.0,2088.0,2088.0,2089.0,2078.0,2088.0,2088.0,2089.0,2078.0,2080.0,2112.0,2112.0,2112.0,2071.0,2112.0,2112.0,2113.0,2096.0,2082.0,2083.0,2082.0,2082.0,2082.0,2082.0,2070.0,2082.0,2082.0,2066.0,2067.0,2066.0,2066.0,2066.0,2066.0,2066.0,2066.0,2070.0,2064.0,2080.0,2080.0,2080.0,2080.0,2080.0,2081.0,2072.0,2072.0,2096.0,2070.0,2096.0,2096.0,2096.0,2096.0,2097.0,2084.0,2074.0,2075.0,2074.0,2074.0,2070.0,2074.0,2074.0,2074.0,2074.0,2068.0,2088.0,2088.0,2088.0,2088.0,2088.0,2070.0,2089.0,2078.0,2070.0,2071.0,2070.0,2070.0,2070.0,2070.0,2070.0,2070.0,2070.0,2078.0,2079.0,2078.0,2078.0,2078.0,2078.0,2078.0,2078.0,2076.0,2104.0,2068.0,2104.0,2104.0,2104.0,2104.0,2105.0,2090.0,2072.0,2096.0,2096.0,2096.0,2088.0,1024.0,1024.0,1024.0,1024.0,1024.0,1024.0,1024.0,1024.0,1024.0,1024.0,1024.0,1024.0,1024.0,1024.0,1024.0,1024.0,1024.0,1024.0,1024.0,1024.0,1024.0,1024.0,1024.0,1024.0,1024.0,1024.0,1024.0,1024.0,1024.0,1024.0,1024.0,1024.0,1024.0,1024.0,1024.0,1024.0,1024.0,1024.0,1024.0,1024.0,1024.0,1024.0,1024.0,1024.0,1024.0,1024.0,1024.0,1024.0,1024.0,1024.0,1024.0,1024.0,1024.0,1024.0,1024.0,1024.0,1024.0,1024.0,1024.0,1024.0,1024.0,1024.0,1024.0,1024.0,1024.0,1024.0,1024.0,1024.0,1024.0,1024.0,1024.0,1024.0,1024.0,1024.0,1024.0,1024.0,1024.0,1024.0,1024.0,1024.0,1024.0,1024.0,1024.0,1024.0,1024.0,1024.0,1024.0,1024.0,1024.0,1024.0,1024.0,1024.0,1024.0,1024.0,1024.0,1024.0,1024.0,1024.0,1024.0,1024.0,1024.0,1024.0,1024.0,1024.0,1024.0,1024.0,1024.0,1024.0,1024.0,1024.0,1024.0,1024.0,1024.0,1024.0,1024.0,1024.0,1024.0,1024.0,1024.0,1024.0,1024.0,1024.0,1024.0,1024.0,1024.0,1024.0,1024.0,1024.0,0.0,0.0,131072.0,256.0,0.0
78,0,1,695,695,4194304,256,0,0,12,4,32,64,"void at::native::vectorized_elementwise_kernel<4, at::native::FillFunctor<int>, std::array<char*, 1ul> >(int, at::native::FillFunctor<int>, std::array<char*, 1ul>)",158974790442780,158974790485076,79,121,821621.0,1184.0,608.0,0.0,131072.0,917504.0,65536.0,0.0,556913844.0,556913844.0,0.0,0.0,0.0,11016828.0,1835120.0,0.0,80.0,0.0,0.0,0.0,0.0,0.0,0.0,80.0,80.0,80.0,0.0,80.0,100.0,0.0,0.0,0.0,80.0,80.0,80.0,80.0,100.0,0.0,0.0,0.0,0.0,0.0,80.0,0.0,0.0,0.0,80.0,0.0,0.0,0.0,0.0,0.0,0.0,0.0,0.0,80.0,0.0,0.0,0.0,0.0,0.0,0.0,80.0,80.0,80.0,0.0,80.0,100.0,0.0,0.0,0.0,80.0,80.0,80.0,80.0,100.0,80.0,0.0,0.0,0.0,0.0,80.0,0.0,0.0,0.0,0.0,0.0,80.0,0.0,0.0,80.0,0.0,0.0,0.0,0.0,0.0,0.0,80.0,80.0,80.0,80.0,80.0,100.0,0.0,0.0,0.0,0.0,80.0,0.0,80.0,0.0,0.0,0.0,0.0,0.0,80.0,80.0,80.0,80.0,100.0,100.0,0.0,0.0,0.0,80.0,80.0,80.0,80.0,100.0,0.0,0.0,0.0,0.0,0.0,80.0,0.0,0.0,0.0,0.0,0.0,0.0,0.0,0.0,32768.0,32768.0,32768.0,32768.0,32768.0,32768.0,32768.0,32768.0,32768.0,32768.0,32768.0,32768.0,32768.0,32768.0,32768.0,32768.0,32768.0,32768.0,32768.0,32768.0,32768.0,32768.0,32768.0,32768.0,32768.0,32768.0,32768.0,32768.0,32768.0,32768.0,32768.0,32768.0,32768.0,32768.0,32768.0,32768.0,32768.0,32768.0,32768.0,32768.0,32768.0,32768.0,32768.0,32768.0,32768.0,32768.0,32768.0,32768.0,32768.0,32768.0,32768.0,32768.0,32768.0,32768.0,32768.0,32768.0,32768.0,32768.0,32768.0,32768.0,32768.0,32768.0,32768.0,32768.0,32768.0,32768.0,32768.0,32768.0,32768.0,32768.0,32768.0,32768.0,32768.0,32768.0,32768.0,32768.0,32768.0,32768.0,32768.0,32768.0,32768.0,32768.0,32768.0,32768.0,32768.0,32768.0,32768.0,32768.0,32768.0,32768.0,32768.0,32768.0,32768.0,32768.0,32768.0,32768.0,32768.0,32768.0,32768.0,32768.0,32768.0,32768.0,32768.0,32768.0,32768.0,32768.0,32768.0,32768.0,32768.0,32768.0,32768.0,32768.0,32768.0,32768.0,32768.0,32768.0,32768.0,32768.0,32768.0,32768.0,32768.0,32768.0,32768.0,32768.0,32768.0,32768.0,32768.0,32768.0,0.0,0.0,4194304.0,16377.0,0.0
79,0,1,695,695,32768,512,0,0,108,4,48,64,matmulbias_kernel,158974790892400,158974790915452,80,196,503578.0,1184.0,608.0,0.0,8704.0,150016.0,0.0,0.0,32515551.0,32515551.0,1048576.0,0.0,0.0,4207644.0,0.0,2074.0,2104.0,2104.0,2104.0,2090.0,2078.0,2078.0,2078.0,2078.0,2078.0,2078.0,2096.0,2078.0,2078.0,2074.0,2074.0,2074.0,2074.0,2074.0,2074.0,2074.0,2074.0,2096.0,2072.0,2096.0,2096.0,2096.0,2096.0,2096.0,2096.0,2084.0,2096.0,2096.0,2096.0,2084.0,2072.0,2096.0,2096.0,2096.0,2074.0,2096.0,2096.0,2096.0,2084.0,2074.0,2074.0,2074.0,2074.0,2074.0,2074.0,2074.0,2074.0,2074.0,2070.0,2070.0,2070.0,2070.0,2070.0,2070.0,2070.0,2070.0,2074.0,2068.0,2088.0,2088.0,2088.0,2088.0,2088.0,2088.0,2078.0,2072.0,2096.0,2074.0,2096.0,2096.0,2096.0,2096.0,2096.0,2084.0,2074.0,2074.0,2074.0,2074.0,2074.0,2074.0,2074.0,2074.0,2074.0,2076.0,2104.0,2104.0,2104.0,2104.0,2104.0,2074.0,2104.0,2090.0,2078.0,2078.0,2078.0,2078.0,2078.0,2078.0,2078.0,2078.0,2074.0,2082.0,2082.0,2082.0,2082.0,2082.0,2082.0,2082.0,2082.0,2080.0,2112.0,2072.0,2112.0,2112.0,2112.0,2112.0,2112.0,2096.0,2076.0,2104.0,2104.0,2104.0,2096.0,1024.0,1024.0,1024.0,1024.0,1024.0,1024.0,1024.0,1024.0,1024.0,1024.0,1024.0,1024.0,1024.0,1024.0,1024.0,1024.0,1024.0,1024.0,1024.0,1024.0,1024.0,1024.0,1024.0,1024.0,1024.0,1024.0,1024.0,1024.0,1024.0,1024.0,1024.0,1024.0,1024.0,1024.0,1024.0,1024.0,1024.0,1024.0,1024.0,1024.0,1024.0,1024.0,1024.0,1024.0,1024.0,1024.0,1024.0,1024.0,1024.0,1024.0,1024.0,1024.0,1024.0,1024.0,1024.0,1024.0,1024.0,1024.0,1024.0,1024.0,1024.0,1024.0,1024.0,1024.0,1024.0,1024.0,1024.0,1024.0,1024.0,1024.0,1024.0,1024.0,1024.0,1024.0,1024.0,1024.0,1024.0,1024.0,1024.0,1024.0,1024.0,1024.0,1024.0,1024.0,1024.0,1024.0,1024.0,1024.0,1024.0,1024.0,1024.0,1024.0,1024.0,1024.0,1024.0,1024.0,1024.0,1024.0,1024.0,1024.0,1024.0,1024.0,1024.0,1024.0,1024.0,1024.0,1024.0,1024.0,1024.0,1024.0,1024.0,1024.0,1024.0,1024.0,1024.0,1024.0,1024.0,1024.0,1024.0,1024.0,1024.0,1024.0,1024.0,1024.0,1024.0,1024.0,1024.0,1024.0,0.0,0.0,131072.0,256.0,0.0
80,0,1,695,695,4194304,256,0,0,12,4,32,64,"void at::native::vectorized_elementwise_kernel<4, at::native::FillFunctor<int>, std::array<char*, 1ul> >(int, at::native::FillFunctor<int>, std::array<char*, 1ul>)",158974791302731,158974791344946,81,121,807461.0,1184.0,608.0,0.0,131072.0,917504.0,65536.0,0.0,557563951.0,557563951.0,0.0,0.0,0.0,11038184.0,1835120.0,0.0,80.0,0.0,0.0,0.0,0.0,0.0,0.0,80.0,80.0,80.0,0.0,100.0,80.0,0.0,0.0,0.0,80.0,80.0,80.0,100.0,80.0,0.0,0.0,0.0,0.0,0.0,80.0,0.0,0.0,0.0,80.0,0.0,0.0,0.0,0.0,0.0,0.0,0.0,0.0,80.0,0.0,0.0,0.0,0.0,0.0,0.0,80.0,80.0,80.0,0.0,100.0,80.0,0.0,0.0,0.0,80.0,80.0,80.0,100.0,80.0,80.0,0.0,0.0,0.0,0.0,80.0,0.0,0.0,0.0,0.0,0.0,80.0,0.0,0.0,80.0,0.0,0.0,0.0,0.0,0.0,0.0,80.0,80.0,80.0,80.0,100.0,80.0,0.0,0.0,0.0,0.0,80.0,0.0,100.0,0.0,0.0,0.0,0.0,0.0,80.0,80.0,80.0,100.0,80.0,80.0,0.0,0.0,0.0,80.0,80.0,80.0,100.0,80.0,0.0,0.0,0.0,0.0,0.0,80.0,0.0,0.0,0.0,0.0,0.0,0.0,0.0,0.0,32768.0,32768.0,32768.0,32768.0,32768.0,32768.0,32768.0,32768.0,32768.0,32768.0,32768.0,32768.0,32768.0,32768.0,32768.0,32768.0,32768.0,32768.0,32768.0,32768.0,32768.0,32768.0,32768.0,32768.0,32768.0,32768.0,32768.0,32768.0,32768.0,32768.0,32768.0,32768.0,32768.0,32768.0,32768.0,32768.0,32768.0,32768.0,32768.0,32768.0,32768.0,32768.0,32768.0,32768.0,32768.0,32768.0,32768.0,32768.0,32768.0,32768.0,32768.0,32768.0,32768.0,32768.0,32768.0,32768.0,32768.0,32768.0,32768.0,32768.0,32768.0,32768.0,32768.0,32768.0,32768.0,32768.0,32768.0,32768.0,32768.0,32768.0,32768.0,32768.0,32768.0,32768.0,32768.0,32768.0,32768.0,32768.0,32768.0,32768.0,32768.0,32768.0,32768.0,32768.0,32768.0,32768.0,32768.0,32768.0,32768.0,32768.0,32768.0,32768.0,32768.0,32768.0,32768.0,32768.0,32768.0,32768.0,32768.0,32768.0,32768.0,32768.0,32768.0,32768.0,32768.0,32768.0,32768.0,32768.0,32768.0,32768.0,32768.0,32768.0,32768.0,32768.0,32768.0,32768.0,32768.0,32768.0,32768.0,32768.0,32768.0,32768.0,32768.0,32768.0,32768.0,32768.0,32768.0,32768.0,0.0,0.0,4194304.0,16376.0,0.0
81,0,1,695,695,32768,512,0,0,108,4,48,64,matmulbias_kernel,158974791737236,158974791760449,82,196,496602.0,1184.0,608.0,0.0,8704.0,150016.0,0.0,0.0,32661902.0,32661902.0,1048576.0,0.0,0.0,4282478.0,0.0,2074.0,2112.0,2112.0,2112.0,2096.0,2082.0,2082.0,2082.0,2082.0,2082.0,2082.0,2096.0,2082.0,2082.0,2070.0,2070.0,2070.0,2070.0,2070.0,2070.0,2070.0,2070.0,2096.0,2068.0,2088.0,2088.0,2088.0,2088.0,2088.0,2088.0,2078.0,2096.0,2096.0,2096.0,2084.0,2080.0,2112.0,2112.0,2112.0,2074.0,2112.0,2112.0,2112.0,2096.0,2082.0,2082.0,2082.0,2082.0,2082.0,2082.0,2074.0,2082.0,2082.0,2070.0,2070.0,2070.0,2070.0,2070.0,2070.0,2070.0,2070.0,2074.0,2068.0,2088.0,2088.0,2088.0,2088.0,2088.0,2088.0,2078.0,2076.0,2104.0,2074.0,2104.0,2104.0,2104.0,2104.0,2104.0,2090.0,2078.0,2078.0,2078.0,2078.0,2074.0,2078.0,2078.0,2078.0,2078.0,2072.0,2096.0,2096.0,2096.0,2096.0,2096.0,2074.0,2096.0,2084.0,2074.0,2074.0,2074.0,2074.0,2074.0,2074.0,2074.0,2074.0,2074.0,2070.0,2070.0,2070.0,2070.0,2070.0,2070.0,2070.0,2070.0,2068.0,2088.0,2072.0,2088.0,2088.0,2088.0,2088.0,2088.0,2078.0,2080.0,2112.0,2112.0,2112.0,2096.0,1024.0,1024.0,1024.0,1024.0,1024.0,1024.0,1024.0,1024.0,1024.0,1024.0,1024.0,1024.0,1024.0,1024.0,1024.0,1024.0,1024.0,1024.0,1024.0,1024.0,1024.0,1024.0,1024.0,1024.0,1024.0,1024.0,1024.0,1024.0,1024.0,1024.0,1024.0,1024.0,1024.0,1024.0,1024.0,1024.0,1024.0,1024.0,1024.0,1024.0,1024.0,1024.0,1024.0,1024.0,1024.0,1024.0,1024.0,1024.0,1024.0,1024.0,1024.0,1024.0,1024.0,1024.0,1024.0,1024.0,1024.0,1024.0,1024.0,1024.0,1024.0,1024.0,1024.0,1024.0,1024.0,1024.0,1024.0,1024.0,1024.0,1024.0,1024.0,1024.0,1024.0,1024.0,1024.0,1024.0,1024.0,1024.0,1024.0,1024.0,1024.0,1024.0,1024.0,1024.0,1024.0,1024.0,1024.0,1024.0,1024.0,1024.0,1024.0,1024.0,1024.0,1024.0,1024.0,1024.0,1024.0,1024.0,1024.0,1024.0,1024.0,1024.0,1024.0,1024.0,1024.0,1024.0,1024.0,1024.0,1024.0,1024.0,1024.0,1024.0,1024.0,1024.0,1024.0,1024.0,1024.0,1024.0,1024.0,1024.0,1024.0,1024.0,1024.0,1024.0,1024.0,1024.0,1024.0,1024.0,0.0,0.0,131072.0,256.0,0.0
82,0,1,695,695,4194304,256,0,0,12,4,32,64,"void at::native::vectorized_elementwise_kernel<4, at::native::FillFunctor<int>, std::array<char*, 1ul> >(int, at::native::FillFunctor<int>, std::array<char*, 1ul>)",158974792152498,158974792194554,83,121,817619.0,1184.0,608.0,0.0,131072.0,917504.0,65536.0,0.0,556576159.0,556576159.0,0.0,0.0,0.0,11036986.0,1835120.0,0.0,80.0,0.0,0.0,0.0,0.0,0.0,0.0,80.0,80.0,100.0,0.0,80.0,80.0,0.0,0.0,0.0,80.0,80.0,100.0,80.0,80.0,0.0,0.0,0.0,0.0,0.0,80.0,0.0,0.0,0.0,80.0,0.0,0.0,0.0,0.0,0.0,0.0,0.0,0.0,80.0,0.0,0.0,0.0,0.0,0.0,0.0,80.0,80.0,100.0,0.0,80.0,80.0,0.0,0.0,0.0,80.0,80.0,100.0,80.0,80.0,80.0,0.0,0.0,0.0,0.0,80.0,0.0,0.0,0.0,0.0,0.0,80.0,0.0,0.0,80.0,0.0,0.0,0.0,0.0,0.0,0.0,80.0,100.0,80.0,100.0,80.0,80.0,0.0,0.0,0.0,0.0,80.0,0.0,80.0,0.0,0.0,0.0,0.0,0.0,80.0,80.0,100.0,80.0,80.0,80.0,0.0,0.0,0.0,80.0,80.0,100.0,80.0,80.0,0.0,0.0,0.0,0.0,0.0,80.0,0.0,0.0,0.0,0.0,0.0,0.0,0.0,0.0,32768.0,32768.0,32768.0,32768.0,32768.0,32768.0,32768.0,32768.0,32768.0,32768.0,32768.0,32768.0,32768.0,32768.0,32768.0,32768.0,32768.0,32768.0,32768.0,32768.0,32768.0,32768.0,32768.0,32768.0,32768.0,32768.0,32768.0,32768.0,32768.0,32768.0,32768.0,32768.0,32768.0,32768.0,32768.0,32768.0,32768.0,32768.0,32768.0,32768.0,32768.0,32768.0,32768.0,32768.0,32768.0,32768.0,32768.0,32768.0,32768.0,32768.0,32768.0,32768.0,32768.0,32768.0,32768.0,32768.0,32768.0,32768.0,32768.0,32768.0,32768.0,32768.0,32768.0,32768.0,32768.0,32768.0,32768.0,32768.0,32768.0,32768.0,32768.0,32768.0,32768.0,32768.0,32768.0,32768.0,32768.0,32768.0,32768.0,32768.0,32768.0,32768.0,32768.0,32768.0,32768.0,32768.0,32768.0,32768.0,32768.0,32768.0,32768.0,32768.0,32768.0,32768.0,32768.0,32768.0,32768.0,32768.0,32768.0,32768.0,32768.0,32768.0,32768.0,32768.0,32768.0,32768.0,32768.0,32768.0,32768.0,32768.0,32768.0,32768.0,32768.0,32768.0,32768.0,32768.0,32768.0,32768.0,32768.0,32768.0,32768.0,32768.0,32768.0,32768.0,32768.0,32768.0,32768.0,32768.0,0.0,0.0,4194304.0,16377.0,0.0
83,0,1,695,695,32768,512,0,0,108,4,48,64,matmulbias_kernel,158974792591374,158974792614466,84,196,487845.0,1184.0,608.0,0.0,8704.0,150016.0,0.0,0.0,32750697.0,32750697.0,1048576.0,0.0,0.0,4265798.0,0.0,2078.0,2104.0,2104.0,2104.0,2090.0,2078.0,2078.0,2078.0,2078.0,2078.0,2078.0,2104.0,2078.0,2078.0,2074.0,2074.0,2074.0,2074.0,2074.0,2074.0,2074.0,2074.0,2104.0,2072.0,2096.0,2096.0,2096.0,2096.0,2096.0,2096.0,2084.0,2104.0,2104.0,2104.0,2090.0,2076.0,2104.0,2104.0,2104.0,2078.0,2104.0,2104.0,2104.0,2090.0,2078.0,2078.0,2078.0,2078.0,2078.0,2078.0,2078.0,2078.0,2078.0,2070.0,2070.0,2070.0,2070.0,2070.0,2070.0,2070.0,2070.0,2078.0,2068.0,2088.0,2088.0,2088.0,2088.0,2088.0,2088.0,2078.0,2072.0,2096.0,2078.0,2096.0,2096.0,2096.0,2096.0,2096.0,2084.0,2074.0,2074.0,2074.0,2074.0,2078.0,2074.0,2074.0,2074.0,2074.0,2068.0,2088.0,2088.0,2088.0,2088.0,2088.0,2078.0,2088.0,2078.0,2070.0,2070.0,2070.0,2070.0,2070.0,2070.0,2070.0,2070.0,2078.0,2078.0,2078.0,2078.0,2078.0,2078.0,2078.0,2078.0,2078.0,2076.0,2104.0,2076.0,2104.0,2104.0,2104.0,2104.0,2104.0,2090.0,2076.0,2104.0,2104.0,2104.0,2104.0,1024.0,1024.0,1024.0,1024.0,1024.0,1024.0,1024.0,1024.0,1024.0,1024.0,1024.0,1024.0,1024.0,1024.0,1024.0,1024.0,1024.0,1024.0,1024.0,1024.0,1024.0,1024.0,1024.0,1024.0,1024.0,1024.0,1024.0,1024.0,1024.0,1024.0,1024.0,1024.0,1024.0,1024.0,1024.0,1024.0,1024.0,1024.0,1024.0,1024.0,1024.0,1024.0,1024.0,1024.0,1024.0,1024.0,1024.0,1024.0,1024.0,1024.0,1024.0,1024.0,1024.0,1024.0,1024.0,1024.0,1024.0,1024.0,1024.0,1024.0,1024.0,1024.0,1024.0,1024.0,1024.0,1024.0,1024.0,1024.0,1024.0,1024.0,1024.0,1024.0,1024.0,1024.0,1024.0,1024.0,1024.0,1024.0,1024.0,1024.0,1024.0,1024.0,1024.0,1024.0,1024.0,1024.0,1024.0,1024.0,1024.0,1024.0,1024.0,1024.0,1024.0,1024.0,1024.0,1024.0,1024.0,1024.0,1024.0,1024.0,1024.0,1024.0,1024.0,1024.0,1024.0,1024.0,1024.0,1024.0,1024.0,1024.0,1024.0,1024.0,1024.0,1024.0,1024.0,1024.0,1024.0,1024.0,1024.0,1024.0,1024.0,1024.0,1024.0,1024.0,1024.0,1024.0,1024.0,1024.0,0.0,0.0,131072.0,256.0,0.0
84,0,1,695,695,4194304,256,0,0,12,4,32,64,"void at::native::vectorized_elementwise_kernel<4, at::native::FillFunctor<int>, std::array<char*, 1ul> >(int, at::native::FillFunctor<int>, std::array<char*, 1ul>)",158974792990639,158974793032855,85,121,811344.0,1184.0,608.0,0.0,131072.0,917504.0,65536.0,0.0,557094635.0,557094635.0,0.0,0.0,0.0,11034483.0,1835120.0,0.0,80.0,0.0,0.0,0.0,0.0,0.0,0.0,80.0,100.0,80.0,0.0,80.0,80.0,0.0,0.0,0.0,80.0,100.0,80.0,80.0,80.0,0.0,0.0,0.0,0.0,0.0,80.0,0.0,0.0,0.0,80.0,0.0,0.0,0.0,0.0,0.0,0.0,0.0,0.0,80.0,0.0,0.0,0.0,0.0,0.0,0.0,80.0,100.0,80.0,0.0,80.0,80.0,0.0,0.0,0.0,80.0,100.0,80.0,80.0,80.0,80.0,0.0,0.0,0.0,0.0,80.0,0.0,0.0,0.0,0.0,0.0,100.0,0.0,0.0,80.0,0.0,0.0,0.0,0.0,0.0,0.0,80.0,80.0,100.0,80.0,80.0,80.0,0.0,0.0,0.0,0.0,80.0,0.0,80.0,0.0,0.0,0.0,0.0,0.0,80.0,100.0,80.0,80.0,80.0,80.0,0.0,0.0,0.0,80.0,100.0,80.0,80.0,80.0,0.0,0.0,0.0,0.0,0.0,80.0,0.0,0.0,0.0,0.0,0.0,0.0,0.0,0.0,32768.0,32768.0,32768.0,32768.0,32768.0,32768.0,32768.0,32768.0,32768.0,32768.0,32768.0,32768.0,32768.0,32768.0,32768.0,32768.0,32768.0,32768.0,32768.0,32768.0,32768.0,32768.0,32768.0,32768.0,32768.0,32768.0,32768.0,32768.0,32768.0,32768.0,32768.0,32768.0,32768.0,32768.0,32768.0,32768.0,32768.0,32768.0,32768.0,32768.0,32768.0,32768.0,32768.0,32768.0,32768.0,32768.0,32768.0,32768.0,32768.0,32768.0,32768.0,32768.0,32768.0,32768.0,32768.0,32768.0,32768.0,32768.0,32768.0,32768.0,32768.0,32768.0,32768.0,32768.0,32768.0,32768.0,32768.0,32768.0,32768.0,32768.0,32768.0,32768.0,32768.0,32768.0,32768.0,32768.0,32768.0,32768.0,32768.0,32768.0,32768.0,32768.0,32768.0,32768.0,32768.0,32768.0,32768.0,32768.0,32768.0,32768.0,32768.0,32768.0,32768.0,32768.0,32768.0,32768.0,32768.0,32768.0,32768.0,32768.0,32768.0,32768.0,32768.0,32768.0,32768.0,32768.0,32768.0,32768.0,32768.0,32768.0,32768.0,32768.0,32768.0,32768.0,32768.0,32768.0,32768.0,32768.0,32768.0,32768.0,32768.0,32768.0,32768.0,32768.0,32768.0,32768.0,32768.0,32768.0,0.0,0.0,4194304.0,16378.0,0.0
85,0,1,695,695,32768,512,0,0,108,4,48,64,matmulbias_kernel,158974793430317,158974793453449,86,196,510158.0,1184.0,608.0,0.0,8704.0,150016.0,0.0,0.0,33041141.0,33041141.0,1048576.0,0.0,0.0,4361790.0,0.0,2074.0,2112.0,2112.0,2112.0,2096.0,2082.0,2082.0,2082.0,2082.0,2082.0,2082.0,2096.0,2082.0,2082.0,2074.0,2074.0,2074.0,2074.0,2074.0,2074.0,2074.0,2074.0,2096.0,2072.0,2096.0,2096.0,2096.0,2096.0,2096.0,2096.0,2084.0,2096.0,2096.0,2096.0,2084.0,2072.0,2096.0,2096.0,2096.0,2074.0,2096.0,2096.0,2096.0,2084.0,2074.0,2074.0,2074.0,2074.0,2074.0,2074.0,2074.0,2074.0,2074.0,2070.0,2070.0,2070.0,2070.0,2070.0,2070.0,2070.0,2070.0,2074.0,2068.0,2088.0,2088.0,2088.0,2088.0,2088.0,2088.0,2078.0,2072.0,2096.0,2074.0,2096.0,2096.0,2096.0,2096.0,2096.0,2084.0,2074.0,2074.0,2074.0,2074.0,2074.0,2074.0,2074.0,2074.0,2074.0,2072.0,2096.0,2096.0,2096.0,2096.0,2096.0,2074.0,2096.0,2084.0,2074.0,2074.0,2074.0,2074.0,2074.0,2074.0,2074.0,2074.0,2074.0,2070.0,2070.0,2070.0,2070.0,2070.0,2070.0,2070.0,2070.0,2068.0,2088.0,2072.0,2088.0,2088.0,2088.0,2088.0,2088.0,2078.0,2080.0,2112.0,2112.0,2112.0,2096.0,1024.0,1024.0,1024.0,1024.0,1024.0,1024.0,1024.0,1024.0,1024.0,1024.0,1024.0,1024.0,1024.0,1024.0,1024.0,1024.0,1024.0,1024.0,1024.0,1024.0,1024.0,1024.0,1024.0,1024.0,1024.0,1024.0,1024.0,1024.0,1024.0,1024.0,1024.0,1024.0,1024.0,1024.0,1024.0,1024.0,1024.0,1024.0,1024.0,1024.0,1024.0,1024.0,1024.0,1024.0,1024.0,1024.0,1024.0,1024.0,1024.0,1024.0,1024.0,1024.0,1024.0,1024.0,1024.0,1024.0,1024.0,1024.0,1024.0,1024.0,1024.0,1024.0,1024.0,1024.0,1024.0,1024.0,1024.0,1024.0,1024.0,1024.0,1024.0,1024.0,1024.0,1024.0,1024.0,1024.0,1024.0,1024.0,1024.0,1024.0,1024.0,1024.0,1024.0,1024.0,1024.0,1024.0,1024.0,1024.0,1024.0,1024.0,1024.0,1024.0,1024.0,1024.0,1024.0,1024.0,1024.0,1024.0,1024.0,1024.0,1024.0,1024.0,1024.0,1024.0,1024.0,1024.0,1024.0,1024.0,1024.0,1024.0,1024.0,1024.0,1024.0,1024.0,1024.0,1024.0,1024.0,1024.0,1024.0,1024.0,1024.0,1024.0,1024.0,1024.0,1024.0,1024.0,1024.0,1024.0,0.0,0.0,131072.0,256.0,0.0
86,0,1,695,695,4194304,256,0,0,12,4,32,64,"void at::native::vectorized_elementwise_kernel<4, at::native::FillFunctor<int>, std::array<char*, 1ul> >(int, at::native::FillFunctor<int>, std::array<char*, 1ul>)",158974793843213,158974793885309,87,121,818370.0,1184.0,608.0,0.0,131072.0,917504.0,65536.0,0.0,557418537.0,557418537.0,0.0,0.0,0.0,11008113.0,1835120.0,0.0,80.0,0.0,0.0,0.0,0.0,0.0,0.0,100.0,80.0,80.0,0.0,80.0,80.0,0.0,0.0,0.0,100.0,80.0,80.0,80.0,80.0,0.0,0.0,0.0,0.0,0.0,80.0,0.0,0.0,0.0,80.0,0.0,0.0,0.0,0.0,0.0,0.0,0.0,0.0,80.0,0.0,0.0,0.0,0.0,0.0,0.0,100.0,80.0,80.0,0.0,80.0,80.0,0.0,0.0,0.0,100.0,80.0,80.0,80.0,80.0,100.0,0.0,0.0,0.0,0.0,80.0,0.0,0.0,0.0,0.0,0.0,80.0,0.0,0.0,80.0,0.0,0.0,0.0,0.0,0.0,0.0,100.0,80.0,80.0,80.0,80.0,80.0,0.0,0.0,0.0,0.0,80.0,0.0,80.0,0.0,0.0,0.0,0.0,0.0,100.0,80.0,80.0,80.0,80.0,80.0,0.0,0.0,0.0,100.0,80.0,80.0,80.0,80.0,0.0,0.0,0.0,0.0,0.0,80.0,0.0,0.0,0.0,0.0,0.0,0.0,0.0,0.0,32768.0,32768.0,32768.0,32768.0,32768.0,32768.0,32768.0,32768.0,32768.0,32768.0,32768.0,32768.0,32768.0,32768.0,32768.0,32768.0,32768.0,32768.0,32768.0,32768.0,32768.0,32768.0,32768.0,32768.0,32768.0,32768.0,32768.0,32768.0,32768.0,32768.0,32768.0,32768.0,32768.0,32768.0,32768.0,32768.0,32768.0,32768.0,32768.0,32768.0,32768.0,32768.0,32768.0,32768.0,32768.0,32768.0,32768.0,32768.0,32768.0,32768.0,32768.0,32768.0,32768.0,32768.0,32768.0,32768.0,32768.0,32768.0,32768.0,32768.0,32768.0,32768.0,32768.0,32768.0,32768.0,32768.0,32768.0,32768.0,32768.0,32768.0,32768.0,32768.0,32768.0,32768.0,32768.0,32768.0,32768.0,32768.0,32768.0,32768.0,32768.0,32768.0,32768.0,32768.0,32768.0,32768.0,32768.0,32768.0,32768.0,32768.0,32768.0,32768.0,32768.0,32768.0,32768.0,32768.0,32768.0,32768.0,32768.0,32768.0,32768.0,32768.0,32768.0,32768.0,32768.0,32768.0,32768.0,32768.0,32768.0,32768.0,32768.0,32768.0,32768.0,32768.0,32768.0,32768.0,32768.0,32768.0,32768.0,32768.0,32768.0,32768.0,32768.0,32768.0,32768.0,32768.0,32768.0,32768.0,0.0,0.0,4194304.0,16377.0,0.0
87,0,1,695,695,32768,512,0,0,108,4,48,64,matmulbias_kernel,158974794282049,158974794305101,88,196,504198.0,1184.0,608.0,0.0,8704.0,150016.0,0.0,0.0,31494807.0,31494807.0,1048576.0,0.0,0.0,4477140.0,0.0,2074.0,2096.0,2096.0,2096.0,2084.0,2074.0,2074.0,2074.0,2074.0,2074.0,2074.0,2096.0,2074.0,2074.0,2082.0,2082.0,2082.0,2082.0,2082.0,2082.0,2082.0,2082.0,2096.0,2080.0,2112.0,2112.0,2112.0,2112.0,2112.0,2112.0,2096.0,2096.0,2096.0,2096.0,2084.0,2068.0,2088.0,2088.0,2088.0,2074.0,2088.0,2088.0,2088.0,2078.0,2070.0,2070.0,2070.0,2070.0,2070.0,2070.0,2074.0,2070.0,2070.0,2074.0,2074.0,2074.0,2074.0,2074.0,2074.0,2074.0,2074.0,2074.0,2072.0,2096.0,2096.0,2096.0,2096.0,2096.0,2096.0,2084.0,2068.0,2088.0,2074.0,2088.0,2088.0,2088.0,2088.0,2088.0,2078.0,2070.0,2070.0,2070.0,2070.0,2074.0,2070.0,2070.0,2070.0,2070.0,2068.0,2088.0,2088.0,2088.0,2088.0,2088.0,2074.0,2088.0,2078.0,2070.0,2070.0,2070.0,2070.0,2070.0,2070.0,2070.0,2070.0,2074.0,2074.0,2074.0,2074.0,2074.0,2074.0,2074.0,2074.0,2074.0,2072.0,2096.0,2072.0,2096.0,2096.0,2096.0,2096.0,2096.0,2084.0,2072.0,2096.0,2096.0,2096.0,2096.0,1024.0,1024.0,1024.0,1024.0,1024.0,1024.0,1024.0,1024.0,1024.0,1024.0,1024.0,1024.0,1024.0,1024.0,1024.0,1024.0,1024.0,1024.0,1024.0,1024.0,1024.0,1024.0,1024.0,1024.0,1024.0,1024.0,1024.0,1024.0,1024.0,1024.0,1024.0,1024.0,1024.0,1024.0,1024.0,1024.0,1024.0,1024.0,1024.0,1024.0,1024.0,1024.0,1024.0,1024.0,1024.0,1024.0,1024.0,1024.0,1024.0,1024.0,1024.0,1024.0,1024.0,1024.0,1024.0,1024.0,1024.0,1024.0,1024.0,1024.0,1024.0,1024.0,1024.0,1024.0,1024.0,1024.0,1024.0,1024.0,1024.0,1024.0,1024.0,1024.0,1024.0,1024.0,1024.0,1024.0,1024.0,1024.0,1024.0,1024.0,1024.0,1024.0,1024.0,1024.0,1024.0,1024.0,1024.0,1024.0,1024.0,1024.0,1024.0,1024.0,1024.0,1024.0,1024.0,1024.0,1024.0,1024.0,1024.0,1024.0,1024.0,1024.0,1024.0,1024.0,1024.0,1024.0,1024.0,1024.0,1024.0,1024.0,1024.0,1024.0,1024.0,1024.0,1024.0,1024.0,1024.0,1024.0,1024.0,1024.0,1024.0,1024.0,1024.0,1024.0,1024.0,1024.0,1024.0,1024.0,0.0,0.0,131072.0,256.0,0.0
88,0,1,695,695,32768,512,0,0,108,4,48,64,matmulbias_kernel,158974794953131,158974794976384,89,196,504141.0,1184.0,608.0,0.0,8704.0,150016.0,0.0,0.0,32779601.0,32779601.0,1048576.0,0.0,0.0,4203373.0,0.0,2074.0,2112.0,2112.0,2112.0,2096.0,2082.0,2082.0,2082.0,2082.0,2082.0,2082.0,2096.0,2082.0,2082.0,2082.0,2082.0,2082.0,2082.0,2082.0,2082.0,2082.0,2082.0,2096.0,2080.0,2112.0,2112.0,2112.0,2112.0,2112.0,2112.0,2096.0,2096.0,2096.0,2096.0,2084.0,2072.0,2096.0,2096.0,2096.0,2074.0,2096.0,2096.0,2096.0,2084.0,2074.0,2074.0,2074.0,2074.0,2074.0,2074.0,2074.0,2074.0,2074.0,2074.0,2074.0,2074.0,2074.0,2074.0,2074.0,2074.0,2074.0,2074.0,2072.0,2096.0,2096.0,2096.0,2096.0,2096.0,2096.0,2084.0,2068.0,2088.0,2074.0,2088.0,2088.0,2088.0,2088.0,2088.0,2078.0,2070.0,2070.0,2070.0,2070.0,2074.0,2070.0,2070.0,2070.0,2070.0,2068.0,2088.0,2088.0,2088.0,2088.0,2088.0,2074.0,2088.0,2078.0,2070.0,2070.0,2070.0,2070.0,2070.0,2070.0,2070.0,2070.0,2074.0,2078.0,2078.0,2078.0,2078.0,2078.0,2078.0,2078.0,2078.0,2076.0,2104.0,2072.0,2104.0,2104.0,2104.0,2104.0,2104.0,2090.0,2080.0,2112.0,2112.0,2112.0,2096.0,1024.0,1024.0,1024.0,1024.0,1024.0,1024.0,1024.0,1024.0,1024.0,1024.0,1024.0,1024.0,1024.0,1024.0,1024.0,1024.0,1024.0,1024.0,1024.0,1024.0,1024.0,1024.0,1024.0,1024.0,1024.0,1024.0,1024.0,1024.0,1024.0,1024.0,1024.0,1024.0,1024.0,1024.0,1024.0,1024.0,1024.0,1024.0,1024.0,1024.0,1024.0,1024.0,1024.0,1024.0,1024.0,1024.0,1024.0,1024.0,1024.0,1024.0,1024.0,1024.0,1024.0,1024.0,1024.0,1024.0,1024.0,1024.0,1024.0,1024.0,1024.0,1024.0,1024.0,1024.0,1024.0,1024.0,1024.0,1024.0,1024.0,1024.0,1024.0,1024.0,1024.0,1024.0,1024.0,1024.0,1024.0,1024.0,1024.0,1024.0,1024.0,1024.0,1024.0,1024.0,1024.0,1024.0,1024.0,1024.0,1024.0,1024.0,1024.0,1024.0,1024.0,1024.0,1024.0,1024.0,1024.0,1024.0,1024.0,1024.0,1024.0,1024.0,1024.0,1024.0,1024.0,1024.0,1024.0,1024.0,1024.0,1024.0,1024.0,1024.0,1024.0,1024.0,1024.0,1024.0,1024.0,1024.0,1024.0,1024.0,1024.0,1024.0,1024.0,1024.0,1024.0,1024.0,1024.0,1024.0,0.0,0.0,131072.0,256.0,0.0
89,0,1,695,695,32768,512,0,0,108,4,48,64,matmulbias_kernel,158974795377213,158974795400305,90,196,499354.0,1184.0,608.0,0.0,8704.0,150016.0,0.0,0.0,32231966.0,32231966.0,1048576.0,0.0,0.0,4298537.0,0.0,2074.0,2112.0,2112.0,2112.0,2096.0,2082.0,2082.0,2082.0,2082.0,2082.0,2082.0,2096.0,2082.0,2082.0,2078.0,2078.0,2078.0,2078.0,2078.0,2078.0,2078.0,2078.0,2096.0,2076.0,2104.0,2104.0,2104.0,2104.0,2104.0,2104.0,2090.0,2096.0,2096.0,2096.0,2084.0,2072.0,2096.0,2096.0,2096.0,2074.0,2096.0,2096.0,2096.0,2084.0,2074.0,2074.0,2074.0,2074.0,2074.0,2074.0,2074.0,2074.0,2074.0,2074.0,2074.0,2074.0,2074.0,2074.0,2074.0,2074.0,2074.0,2074.0,2072.0,2096.0,2096.0,2096.0,2096.0,2096.0,2096.0,2084.0,2068.0,2088.0,2074.0,2088.0,2088.0,2088.0,2088.0,2088.0,2078.0,2070.0,2070.0,2070.0,2070.0,2074.0,2070.0,2070.0,2070.0,2070.0,2072.0,2096.0,2096.0,2096.0,2096.0,2096.0,2074.0,2096.0,2084.0,2074.0,2074.0,2074.0,2074.0,2074.0,2074.0,2074.0,2074.0,2074.0,2078.0,2078.0,2078.0,2078.0,2078.0,2078.0,2078.0,2078.0,2076.0,2104.0,2072.0,2104.0,2104.0,2104.0,2104.0,2104.0,2090.0,2080.0,2112.0,2112.0,2112.0,2096.0,1024.0,1024.0,1024.0,1024.0,1024.0,1024.0,1024.0,1024.0,1024.0,1024.0,1024.0,1024.0,1024.0,1024.0,1024.0,1024.0,1024.0,1024.0,1024.0,1024.0,1024.0,1024.0,1024.0,1024.0,1024.0,1024.0,1024.0,1024.0,1024.0,1024.0,1024.0,1024.0,1024.0,1024.0,1024.0,1024.0,1024.0,1024.0,1024.0,1024.0,1024.0,1024.0,1024.0,1024.0,1024.0,1024.0,1024.0,1024.0,1024.0,1024.0,1024.0,1024.0,1024.0,1024.0,1024.0,1024.0,1024.0,1024.0,1024.0,1024.0,1024.0,1024.0,1024.0,1024.0,1024.0,1024.0,1024.0,1024.0,1024.0,1024.0,1024.0,1024.0,1024.0,1024.0,1024.0,1024.0,1024.0,1024.0,1024.0,1024.0,1024.0,1024.0,1024.0,1024.0,1024.0,1024.0,1024.0,1024.0,1024.0,1024.0,1024.0,1024.0,1024.0,1024.0,1024.0,1024.0,1024.0,1024.0,1024.0,1024.0,1024.0,1024.0,1024.0,1024.0,1024.0,1024.0,1024.0,1024.0,1024.0,1024.0,1024.0,1024.0,1024.0,1024.0,1024.0,1024.0,1024.0,1024.0,1024.0,1024.0,1024.0,1024.0,1024.0,1024.0,1024.0,1024.0,1024.0,1024.0,0.0,0.0,131072.0,256.0,0.0
90,0,1,695,695,32768,512,0,0,108,4,48,64,matmulbias_kernel,158974795794921,158974795818053,91,196,502965.0,1184.0,608.0,0.0,8704.0,150016.0,0.0,0.0,32684933.0,32684933.0,1048576.0,0.0,0.0,4286658.0,0.0,2070.0,2112.0,2112.0,2112.0,2096.0,2082.0,2082.0,2082.0,2082.0,2082.0,2082.0,2088.0,2082.0,2082.0,2078.0,2078.0,2078.0,2078.0,2078.0,2078.0,2078.0,2078.0,2088.0,2076.0,2104.0,2104.0,2104.0,2104.0,2104.0,2104.0,2090.0,2088.0,2088.0,2088.0,2078.0,2072.0,2096.0,2096.0,2096.0,2070.0,2096.0,2096.0,2096.0,2084.0,2074.0,2074.0,2074.0,2074.0,2074.0,2074.0,2070.0,2074.0,2074.0,2074.0,2074.0,2074.0,2074.0,2074.0,2074.0,2074.0,2074.0,2070.0,2072.0,2096.0,2096.0,2096.0,2096.0,2096.0,2096.0,2084.0,2068.0,2088.0,2070.0,2088.0,2088.0,2088.0,2088.0,2088.0,2078.0,2070.0,2070.0,2070.0,2070.0,2070.0,2070.0,2070.0,2070.0,2070.0,2076.0,2104.0,2104.0,2104.0,2104.0,2104.0,2070.0,2104.0,2090.0,2078.0,2078.0,2078.0,2078.0,2078.0,2078.0,2078.0,2078.0,2070.0,2078.0,2078.0,2078.0,2078.0,2078.0,2078.0,2078.0,2078.0,2076.0,2104.0,2068.0,2104.0,2104.0,2104.0,2104.0,2104.0,2090.0,2080.0,2112.0,2112.0,2112.0,2088.0,1024.0,1024.0,1024.0,1024.0,1024.0,1024.0,1024.0,1024.0,1024.0,1024.0,1024.0,1024.0,1024.0,1024.0,1024.0,1024.0,1024.0,1024.0,1024.0,1024.0,1024.0,1024.0,1024.0,1024.0,1024.0,1024.0,1024.0,1024.0,1024.0,1024.0,1024.0,1024.0,1024.0,1024.0,1024.0,1024.0,1024.0,1024.0,1024.0,1024.0,1024.0,1024.0,1024.0,1024.0,1024.0,1024.0,1024.0,1024.0,1024.0,1024.0,1024.0,1024.0,1024.0,1024.0,1024.0,1024.0,1024.0,1024.0,1024.0,1024.0,1024.0,1024.0,1024.0,1024.0,1024.0,1024.0,1024.0,1024.0,1024.0,1024.0,1024.0,1024.0,1024.0,1024.0,1024.0,1024.0,1024.0,1024.0,1024.0,1024.0,1024.0,1024.0,1024.0,1024.0,1024.0,1024.0,1024.0,1024.0,1024.0,1024.0,1024.0,1024.0,1024.0,1024.0,1024.0,1024.0,1024.0,1024.0,1024.0,1024.0,1024.0,1024.0,1024.0,1024.0,1024.0,1024.0,1024.0,1024.0,1024.0,1024.0,1024.0,1024.0,1024.0,1024.0,1024.0,1024.0,1024.0,1024.0,1024.0,1024.0,1024.0,1024.0,1024.0,1024.0,1024.0,1024.0,1024.0,1024.0,0.0,0.0,131072.0,256.0,0.0
91,0,1,695,695,32768,512,0,0,108,4,48,64,matmulbias_kernel,158974796217720,158974796240571,92,196,487396.0,1184.0,608.0,0.0,8704.0,150016.0,0.0,0.0,32640688.0,32640688.0,1048576.0,0.0,0.0,4179211.0,0.0,2074.0,2112.0,2112.0,2112.0,2096.0,2082.0,2082.0,2082.0,2082.0,2082.0,2082.0,2096.0,2082.0,2082.0,2078.0,2078.0,2078.0,2078.0,2078.0,2078.0,2078.0,2078.0,2096.0,2076.0,2104.0,2104.0,2104.0,2104.0,2104.0,2104.0,2090.0,2096.0,2096.0,2096.0,2084.0,2068.0,2088.0,2088.0,2088.0,2074.0,2088.0,2088.0,2088.0,2078.0,2070.0,2070.0,2070.0,2070.0,2070.0,2070.0,2074.0,2070.0,2070.0,2070.0,2070.0,2070.0,2070.0,2070.0,2070.0,2070.0,2070.0,2074.0,2068.0,2088.0,2088.0,2088.0,2088.0,2088.0,2088.0,2078.0,2072.0,2096.0,2074.0,2096.0,2096.0,2096.0,2096.0,2096.0,2084.0,2074.0,2074.0,2074.0,2074.0,2074.0,2074.0,2074.0,2074.0,2074.0,2076.0,2104.0,2104.0,2104.0,2104.0,2104.0,2074.0,2104.0,2090.0,2078.0,2078.0,2078.0,2078.0,2078.0,2078.0,2078.0,2078.0,2074.0,2078.0,2078.0,2078.0,2078.0,2078.0,2078.0,2078.0,2078.0,2076.0,2104.0,2072.0,2104.0,2104.0,2104.0,2104.0,2104.0,2090.0,2080.0,2112.0,2112.0,2112.0,2096.0,1024.0,1024.0,1024.0,1024.0,1024.0,1024.0,1024.0,1024.0,1024.0,1024.0,1024.0,1024.0,1024.0,1024.0,1024.0,1024.0,1024.0,1024.0,1024.0,1024.0,1024.0,1024.0,1024.0,1024.0,1024.0,1024.0,1024.0,1024.0,1024.0,1024.0,1024.0,1024.0,1024.0,1024.0,1024.0,1024.0,1024.0,1024.0,1024.0,1024.0,1024.0,1024.0,1024.0,1024.0,1024.0,1024.0,1024.0,1024.0,1024.0,1024.0,1024.0,1024.0,1024.0,1024.0,1024.0,1024.0,1024.0,1024.0,1024.0,1024.0,1024.0,1024.0,1024.0,1024.0,1024.0,1024.0,1024.0,1024.0,1024.0,1024.0,1024.0,1024.0,1024.0,1024.0,1024.0,1024.0,1024.0,1024.0,1024.0,1024.0,1024.0,1024.0,1024.0,1024.0,1024.0,1024.0,1024.0,1024.0,1024.0,1024.0,1024.0,1024.0,1024.0,1024.0,1024.0,1024.0,1024.0,1024.0,1024.0,1024.0,1024.0,1024.0,1024.0,1024.0,1024.0,1024.0,1024.0,1024.0,1024.0,1024.0,1024.0,1024.0,1024.0,1024.0,1024.0,1024.0,1024.0,1024.0,1024.0,1024.0,1024.0,1024.0,1024.0,1024.0,1024.0,1024.0,1024.0,1024.0,0.0,0.0,131072.0,192.0,0.0
92,0,1,695,695,32768,512,0,0,108,4,48,64,matmulbias_kernel,158974796616023,158974796638835,93,196,495542.0,1184.0,608.0,0.0,8704.0,150016.0,0.0,0.0,32152647.0,32152647.0,1048576.0,0.0,0.0,4197763.0,0.0,2074.0,2112.0,2112.0,2112.0,2096.0,2082.0,2082.0,2082.0,2082.0,2082.0,2082.0,2096.0,2082.0,2082.0,2074.0,2074.0,2074.0,2074.0,2074.0,2074.0,2074.0,2074.0,2096.0,2072.0,2096.0,2096.0,2096.0,2096.0,2096.0,2096.0,2084.0,2096.0,2096.0,2096.0,2084.0,2068.0,2088.0,2088.0,2088.0,2074.0,2088.0,2088.0,2088.0,2078.0,2070.0,2070.0,2070.0,2070.0,2070.0,2070.0,2074.0,2070.0,2070.0,2066.0,2066.0,2066.0,2066.0,2066.0,2066.0,2066.0,2066.0,2074.0,2064.0,2080.0,2080.0,2080.0,2080.0,2080.0,2080.0,2072.0,2068.0,2088.0,2074.0,2088.0,2088.0,2088.0,2088.0,2088.0,2078.0,2070.0,2070.0,2070.0,2070.0,2074.0,2070.0,2070.0,2070.0,2070.0,2076.0,2104.0,2104.0,2104.0,2104.0,2104.0,2074.0,2104.0,2090.0,2078.0,2078.0,2078.0,2078.0,2078.0,2078.0,2078.0,2078.0,2074.0,2074.0,2074.0,2074.0,2074.0,2074.0,2074.0,2074.0,2074.0,2072.0,2096.0,2072.0,2096.0,2096.0,2096.0,2096.0,2096.0,2084.0,2080.0,2112.0,2112.0,2112.0,2096.0,1024.0,1024.0,1024.0,1024.0,1024.0,1024.0,1024.0,1024.0,1024.0,1024.0,1024.0,1024.0,1024.0,1024.0,1024.0,1024.0,1024.0,1024.0,1024.0,1024.0,1024.0,1024.0,1024.0,1024.0,1024.0,1024.0,1024.0,1024.0,1024.0,1024.0,1024.0,1024.0,1024.0,1024.0,1024.0,1024.0,1024.0,1024.0,1024.0,1024.0,1024.0,1024.0,1024.0,1024.0,1024.0,1024.0,1024.0,1024.0,1024.0,1024.0,1024.0,1024.0,1024.0,1024.0,1024.0,1024.0,1024.0,1024.0,1024.0,1024.0,1024.0,1024.0,1024.0,1024.0,1024.0,1024.0,1024.0,1024.0,1024.0,1024.0,1024.0,1024.0,1024.0,1024.0,1024.0,1024.0,1024.0,1024.0,1024.0,1024.0,1024.0,1024.0,1024.0,1024.0,1024.0,1024.0,1024.0,1024.0,1024.0,1024.0,1024.0,1024.0,1024.0,1024.0,1024.0,1024.0,1024.0,1024.0,1024.0,1024.0,1024.0,1024.0,1024.0,1024.0,1024.0,1024.0,1024.0,1024.0,1024.0,1024.0,1024.0,1024.0,1024.0,1024.0,1024.0,1024.0,1024.0,1024.0,1024.0,1024.0,1024.0,1024.0,1024.0,1024.0,1024.0,1024.0,1024.0,1024.0,0.0,0.0,131072.0,0.0,0.0
93,0,1,695,695,32768,512,0,0,108,4,48,64,matmulbias_kernel,158974797045036,158974797067968,94,196,505643.0,1184.0,608.0,0.0,8704.0,150016.0,0.0,0.0,32678631.0,32678631.0,1048576.0,0.0,0.0,4168010.0,0.0,2074.0,2096.0,2096.0,2096.0,2084.0,2074.0,2074.0,2074.0,2074.0,2074.0,2074.0,2096.0,2074.0,2074.0,2078.0,2078.0,2078.0,2078.0,2078.0,2078.0,2078.0,2078.0,2096.0,2076.0,2104.0,2104.0,2104.0,2104.0,2104.0,2104.0,2090.0,2096.0,2096.0,2096.0,2084.0,2064.0,2080.0,2080.0,2080.0,2074.0,2080.0,2080.0,2080.0,2072.0,2066.0,2066.0,2066.0,2066.0,2066.0,2066.0,2074.0,2066.0,2066.0,2066.0,2066.0,2066.0,2066.0,2066.0,2066.0,2066.0,2066.0,2074.0,2064.0,2080.0,2080.0,2080.0,2080.0,2080.0,2080.0,2072.0,2068.0,2088.0,2074.0,2088.0,2088.0,2088.0,2088.0,2088.0,2078.0,2070.0,2070.0,2070.0,2070.0,2074.0,2070.0,2070.0,2070.0,2070.0,2076.0,2104.0,2104.0,2104.0,2104.0,2104.0,2074.0,2104.0,2090.0,2078.0,2078.0,2078.0,2078.0,2078.0,2078.0,2078.0,2078.0,2074.0,2070.0,2070.0,2070.0,2070.0,2070.0,2070.0,2070.0,2070.0,2068.0,2088.0,2072.0,2088.0,2088.0,2088.0,2088.0,2088.0,2078.0,2072.0,2096.0,2096.0,2096.0,2096.0,1024.0,1024.0,1024.0,1024.0,1024.0,1024.0,1024.0,1024.0,1024.0,1024.0,1024.0,1024.0,1024.0,1024.0,1024.0,1024.0,1024.0,1024.0,1024.0,1024.0,1024.0,1024.0,1024.0,1024.0,1024.0,1024.0,1024.0,1024.0,1024.0,1024.0,1024.0,1024.0,1024.0,1024.0,1024.0,1024.0,1024.0,1024.0,1024.0,1024.0,1024.0,1024.0,1024.0,1024.0,1024.0,1024.0,1024.0,1024.0,1024.0,1024.0,1024.0,1024.0,1024.0,1024.0,1024.0,1024.0,1024.0,1024.0,1024.0,1024.0,1024.0,1024.0,1024.0,1024.0,1024.0,1024.0,1024.0,1024.0,1024.0,1024.0,1024.0,1024.0,1024.0,1024.0,1024.0,1024.0,1024.0,1024.0,1024.0,1024.0,1024.0,1024.0,1024.0,1024.0,1024.0,1024.0,1024.0,1024.0,1024.0,1024.0,1024.0,1024.0,1024.0,1024.0,1024.0,1024.0,1024.0,1024.0,1024.0,1024.0,1024.0,1024.0,1024.0,1024.0,1024.0,1024.0,1024.0,1024.0,1024.0,1024.0,1024.0,1024.0,1024.0,1024.0,1024.0,1024.0,1024.0,1024.0,1024.0,1024.0,1024.0,1024.0,1024.0,1024.0,1024.0,1024.0,1024.0,1024.0,0.0,0.0,131072.0,0.0,0.0
94,0,1,695,695,32768,512,0,0,108,4,48,64,matmulbias_kernel,158974797462664,158974797485596,95,196,497487.0,1184.0,608.0,0.0,8704.0,150016.0,0.0,0.0,32903140.0,32903140.0,1048576.0,0.0,0.0,4155305.0,0.0,2078.0,2096.0,2096.0,2096.0,2084.0,2074.0,2074.0,2074.0,2074.0,2074.0,2074.0,2104.0,2074.0,2074.0,2078.0,2078.0,2078.0,2078.0,2078.0,2078.0,2078.0,2078.0,2104.0,2076.0,2104.0,2104.0,2104.0,2104.0,2104.0,2104.0,2090.0,2104.0,2104.0,2104.0,2090.0,2064.0,2080.0,2080.0,2080.0,2078.0,2080.0,2080.0,2080.0,2072.0,2066.0,2066.0,2066.0,2066.0,2066.0,2066.0,2078.0,2066.0,2066.0,2066.0,2066.0,2066.0,2066.0,2066.0,2066.0,2066.0,2066.0,2078.0,2064.0,2080.0,2080.0,2080.0,2080.0,2080.0,2080.0,2072.0,2068.0,2088.0,2078.0,2088.0,2088.0,2088.0,2088.0,2088.0,2078.0,2070.0,2070.0,2070.0,2070.0,2078.0,2070.0,2070.0,2070.0,2070.0,2072.0,2096.0,2096.0,2096.0,2096.0,2096.0,2078.0,2096.0,2084.0,2074.0,2074.0,2074.0,2074.0,2074.0,2074.0,2074.0,2074.0,2078.0,2070.0,2070.0,2070.0,2070.0,2070.0,2070.0,2070.0,2070.0,2068.0,2088.0,2076.0,2088.0,2088.0,2088.0,2088.0,2088.0,2078.0,2072.0,2096.0,2096.0,2096.0,2104.0,1024.0,1024.0,1024.0,1024.0,1024.0,1024.0,1024.0,1024.0,1024.0,1024.0,1024.0,1024.0,1024.0,1024.0,1024.0,1024.0,1024.0,1024.0,1024.0,1024.0,1024.0,1024.0,1024.0,1024.0,1024.0,1024.0,1024.0,1024.0,1024.0,1024.0,1024.0,1024.0,1024.0,1024.0,1024.0,1024.0,1024.0,1024.0,1024.0,1024.0,1024.0,1024.0,1024.0,1024.0,1024.0,1024.0,1024.0,1024.0,1024.0,1024.0,1024.0,1024.0,1024.0,1024.0,1024.0,1024.0,1024.0,1024.0,1024.0,1024.0,1024.0,1024.0,1024.0,1024.0,1024.0,1024.0,1024.0,1024.0,1024.0,1024.0,1024.0,1024.0,1024.0,1024.0,1024.0,1024.0,1024.0,1024.0,1024.0,1024.0,1024.0,1024.0,1024.0,1024.0,1024.0,1024.0,1024.0,1024.0,1024.0,1024.0,1024.0,1024.0,1024.0,1024.0,1024.0,1024.0,1024.0,1024.0,1024.0,1024.0,1024.0,1024.0,1024.0,1024.0,1024.0,1024.0,1024.0,1024.0,1024.0,1024.0,1024.0,1024.0,1024.0,1024.0,1024.0,1024.0,1024.0,1024.0,1024.0,1024.0,1024.0,1024.0,1024.0,1024.0,1024.0,1024.0,1024.0,1024.0,0.0,0.0,131072.0,0.0,0.0
95,0,1,695,695,32768,512,0,0,108,4,48,64,matmulbias_kernel,158974797885222,158974797908114,96,196,499321.0,1184.0,608.0,0.0,8704.0,150016.0,0.0,0.0,32124913.0,32124913.0,1048576.0,0.0,0.0,4257360.0,0.0,2078.0,2096.0,2096.0,2096.0,2084.0,2074.0,2074.0,2074.0,2074.0,2074.0,2074.0,2104.0,2074.0,2074.0,2078.0,2078.0,2078.0,2078.0,2078.0,2078.0,2078.0,2078.0,2104.0,2076.0,2104.0,2104.0,2104.0,2104.0,2104.0,2104.0,2090.0,2104.0,2104.0,2104.0,2090.0,2068.0,2088.0,2088.0,2088.0,2078.0,2088.0,2088.0,2088.0,2078.0,2070.0,2070.0,2070.0,2070.0,2070.0,2070.0,2078.0,2070.0,2070.0,2070.0,2070.0,2070.0,2070.0,2070.0,2070.0,2070.0,2070.0,2078.0,2068.0,2088.0,2088.0,2088.0,2088.0,2088.0,2088.0,2078.0,2068.0,2088.0,2078.0,2088.0,2088.0,2088.0,2088.0,2088.0,2078.0,2070.0,2070.0,2070.0,2070.0,2078.0,2070.0,2070.0,2070.0,2070.0,2068.0,2088.0,2088.0,2088.0,2088.0,2088.0,2078.0,2088.0,2078.0,2070.0,2070.0,2070.0,2070.0,2070.0,2070.0,2070.0,2070.0,2078.0,2070.0,2070.0,2070.0,2070.0,2070.0,2070.0,2070.0,2070.0,2068.0,2088.0,2076.0,2088.0,2088.0,2088.0,2088.0,2088.0,2078.0,2072.0,2096.0,2096.0,2096.0,2104.0,1024.0,1024.0,1024.0,1024.0,1024.0,1024.0,1024.0,1024.0,1024.0,1024.0,1024.0,1024.0,1024.0,1024.0,1024.0,1024.0,1024.0,1024.0,1024.0,1024.0,1024.0,1024.0,1024.0,1024.0,1024.0,1024.0,1024.0,1024.0,1024.0,1024.0,1024.0,1024.0,1024.0,1024.0,1024.0,1024.0,1024.0,1024.0,1024.0,1024.0,1024.0,1024.0,1024.0,1024.0,1024.0,1024.0,1024.0,1024.0,1024.0,1024.0,1024.0,1024.0,1024.0,1024.0,1024.0,1024.0,1024.0,1024.0,1024.0,1024.0,1024.0,1024.0,1024.0,1024.0,1024.0,1024.0,1024.0,1024.0,1024.0,1024.0,1024.0,1024.0,1024.0,1024.0,1024.0,1024.0,1024.0,1024.0,1024.0,1024.0,1024.0,1024.0,1024.0,1024.0,1024.0,1024.0,1024.0,1024.0,1024.0,1024.0,1024.0,1024.0,1024.0,1024.0,1024.0,1024.0,1024.0,1024.0,1024.0,1024.0,1024.0,1024.0,1024.0,1024.0,1024.0,1024.0,1024.0,1024.0,1024.0,1024.0,1024.0,1024.0,1024.0,1024.0,1024.0,1024.0,1024.0,1024.0,1024.0,1024.0,1024.0,1024.0,1024.0,1024.0,1024.0,1024.0,1024.0,1024.0,0.0,0.0,131072.0,0.0,0.0
96,0,1,695,695,32768,512,0,0,108,4,48,64,matmulbias_kernel,158974798301086,158974798323737,97,196,496637.0,1236.0,608.0,0.0,8704.0,150016.0,0.0,0.0,32424052.0,32424052.0,1048576.0,0.0,0.0,4215593.0,0.0,2074.0,2096.0,2096.0,2096.0,2084.0,2074.0,2074.0,2074.0,2074.0,2074.0,2074.0,2096.0,2074.0,2074.0,2082.0,2082.0,2082.0,2082.0,2082.0,2082.0,2082.0,2082.0,2096.0,2080.0,2112.0,2112.0,2112.0,2112.0,2112.0,2112.0,2096.0,2096.0,2096.0,2096.0,2084.0,2068.0,2088.0,2088.0,2088.0,2074.0,2088.0,2088.0,2088.0,2078.0,2070.0,2070.0,2070.0,2070.0,2070.0,2070.0,2074.0,2070.0,2070.0,2074.0,2074.0,2074.0,2074.0,2074.0,2074.0,2074.0,2074.0,2074.0,2072.0,2096.0,2096.0,2096.0,2096.0,2096.0,2096.0,2084.0,2068.0,2088.0,2074.0,2088.0,2088.0,2088.0,2088.0,2088.0,2078.0,2070.0,2070.0,2070.0,2070.0,2074.0,2070.0,2070.0,2070.0,2070.0,2068.0,2088.0,2088.0,2088.0,2088.0,2088.0,2074.0,2088.0,2078.0,2070.0,2070.0,2070.0,2070.0,2070.0,2070.0,2070.0,2070.0,2074.0,2074.0,2074.0,2074.0,2074.0,2074.0,2074.0,2074.0,2074.0,2072.0,2096.0,2072.0,2096.0,2096.0,2096.0,2096.0,2096.0,2084.0,2072.0,2096.0,2096.0,2096.0,2096.0,1024.0,1024.0,1024.0,1024.0,1024.0,1024.0,1024.0,1024.0,1024.0,1024.0,1024.0,1024.0,1024.0,1024.0,1024.0,1024.0,1024.0,1024.0,1024.0,1024.0,1024.0,1024.0,1024.0,1024.0,1024.0,1024.0,1024.0,1024.0,1024.0,1024.0,1024.0,1024.0,1024.0,1024.0,1024.0,1024.0,1024.0,1024.0,1024.0,1024.0,1024.0,1024.0,1024.0,1024.0,1024.0,1024.0,1024.0,1024.0,1024.0,1024.0,1024.0,1024.0,1024.0,1024.0,1024.0,1024.0,1024.0,1024.0,1024.0,1024.0,1024.0,1024.0,1024.0,1024.0,1024.0,1024.0,1024.0,1024.0,1024.0,1024.0,1024.0,1024.0,1024.0,1024.0,1024.0,1024.0,1024.0,1024.0,1024.0,1024.0,1024.0,1024.0,1024.0,1024.0,1024.0,1024.0,1024.0,1024.0,1024.0,1024.0,1024.0,1024.0,1024.0,1024.0,1024.0,1024.0,1024.0,1024.0,1024.0,1024.0,1024.0,1024.0,1024.0,1024.0,1024.0,1024.0,1024.0,1024.0,1024.0,1024.0,1024.0,1024.0,1024.0,1024.0,1024.0,1024.0,1024.0,1024.0,1024.0,1024.0,1024.0,1024.0,1024.0,1024.0,1024.0,1024.0,1024.0,1024.0,0.0,0.0,131072.0,0.0,0.0
97,0,1,695,695,32768,512,0,0,108,4,48,64,matmulbias_kernel,158974798734348,158974798757120,98,196,494478.0,1184.0,608.0,0.0,8704.0,150016.0,0.0,0.0,32221085.0,32221085.0,1048576.0,0.0,0.0,4208769.0,0.0,2074.0,2112.0,2112.0,2112.0,2096.0,2082.0,2082.0,2082.0,2082.0,2082.0,2082.0,2096.0,2082.0,2082.0,2082.0,2082.0,2082.0,2082.0,2082.0,2082.0,2082.0,2082.0,2096.0,2080.0,2112.0,2112.0,2112.0,2112.0,2112.0,2112.0,2096.0,2096.0,2096.0,2096.0,2084.0,2072.0,2096.0,2096.0,2096.0,2074.0,2096.0,2096.0,2096.0,2084.0,2074.0,2074.0,2074.0,2074.0,2074.0,2074.0,2074.0,2074.0,2074.0,2074.0,2074.0,2074.0,2074.0,2074.0,2074.0,2074.0,2074.0,2074.0,2072.0,2096.0,2096.0,2096.0,2096.0,2096.0,2096.0,2084.0,2068.0,2088.0,2074.0,2088.0,2088.0,2088.0,2088.0,2088.0,2078.0,2070.0,2070.0,2070.0,2070.0,2074.0,2070.0,2070.0,2070.0,2070.0,2068.0,2088.0,2088.0,2088.0,2088.0,2088.0,2074.0,2088.0,2078.0,2070.0,2070.0,2070.0,2070.0,2070.0,2070.0,2070.0,2070.0,2074.0,2078.0,2078.0,2078.0,2078.0,2078.0,2078.0,2078.0,2078.0,2076.0,2104.0,2072.0,2104.0,2104.0,2104.0,2104.0,2104.0,2090.0,2080.0,2112.0,2112.0,2112.0,2096.0,1024.0,1024.0,1024.0,1024.0,1024.0,1024.0,1024.0,1024.0,1024.0,1024.0,1024.0,1024.0,1024.0,1024.0,1024.0,1024.0,1024.0,1024.0,1024.0,1024.0,1024.0,1024.0,1024.0,1024.0,1024.0,1024.0,1024.0,1024.0,1024.0,1024.0,1024.0,1024.0,1024.0,1024.0,1024.0,1024.0,1024.0,1024.0,1024.0,1024.0,1024.0,1024.0,1024.0,1024.0,1024.0,1024.0,1024.0,1024.0,1024.0,1024.0,1024.0,1024.0,1024.0,1024.0,1024.0,1024.0,1024.0,1024.0,1024.0,1024.0,1024.0,1024.0,1024.0,1024.0,1024.0,1024.0,1024.0,1024.0,1024.0,1024.0,1024.0,1024.0,1024.0,1024.0,1024.0,1024.0,1024.0,1024.0,1024.0,1024.0,1024.0,1024.0,1024.0,1024.0,1024.0,1024.0,1024.0,1024.0,1024.0,1024.0,1024.0,1024.0,1024.0,1024.0,1024.0,1024.0,1024.0,1024.0,1024.0,1024.0,1024.0,1024.0,1024.0,1024.0,1024.0,1024.0,1024.0,1024.0,1024.0,1024.0,1024.0,1024.0,1024.0,1024.0,1024.0,1024.0,1024.0,1024.0,1024.0,1024.0,1024.0,1024.0,1024.0,1024.0,1024.0,1024.0,1024.0,1024.0,0.0,0.0,131072.0,0.0,0.0
98,0,1,695,695,32768,512,0,0,108,4,48,64,matmulbias_kernel,158974799158310,158974799181082,99,196,503156.0,1184.0,1232.0,0.0,8704.0,150016.0,0.0,0.0,31035637.0,31035637.0,1048576.0,0.0,0.0,4487849.0,0.0,2074.0,2112.0,2112.0,2112.0,2096.0,2082.0,2082.0,2082.0,2082.0,2082.0,2082.0,2096.0,2082.0,2082.0,2078.0,2078.0,2078.0,2078.0,2078.0,2078.0,2078.0,2078.0,2096.0,2076.0,2104.0,2104.0,2104.0,2104.0,2104.0,2104.0,2090.0,2096.0,2096.0,2096.0,2084.0,2072.0,2096.0,2096.0,2096.0,2074.0,2096.0,2096.0,2096.0,2084.0,2074.0,2074.0,2074.0,2074.0,2074.0,2074.0,2074.0,2074.0,2074.0,2074.0,2074.0,2074.0,2074.0,2074.0,2074.0,2074.0,2074.0,2074.0,2072.0,2096.0,2096.0,2096.0,2096.0,2096.0,2096.0,2084.0,2068.0,2088.0,2074.0,2088.0,2088.0,2088.0,2088.0,2088.0,2078.0,2070.0,2070.0,2070.0,2070.0,2074.0,2070.0,2070.0,2070.0,2070.0,2072.0,2096.0,2096.0,2096.0,2096.0,2096.0,2074.0,2096.0,2084.0,2074.0,2074.0,2074.0,2074.0,2074.0,2074.0,2074.0,2074.0,2074.0,2078.0,2078.0,2078.0,2078.0,2078.0,2078.0,2078.0,2078.0,2076.0,2104.0,2072.0,2104.0,2104.0,2104.0,2104.0,2104.0,2090.0,2080.0,2112.0,2112.0,2112.0,2096.0,1024.0,1024.0,1024.0,1024.0,1024.0,1024.0,1024.0,1024.0,1024.0,1024.0,1024.0,1024.0,1024.0,1024.0,1024.0,1024.0,1024.0,1024.0,1024.0,1024.0,1024.0,1024.0,1024.0,1024.0,1024.0,1024.0,1024.0,1024.0,1024.0,1024.0,1024.0,1024.0,1024.0,1024.0,1024.0,1024.0,1024.0,1024.0,1024.0,1024.0,1024.0,1024.0,1024.0,1024.0,1024.0,1024.0,1024.0,1024.0,1024.0,1024.0,1024.0,1024.0,1024.0,1024.0,1024.0,1024.0,1024.0,1024.0,1024.0,1024.0,1024.0,1024.0,1024.0,1024.0,1024.0,1024.0,1024.0,1024.0,1024.0,1024.0,1024.0,1024.0,1024.0,1024.0,1024.0,1024.0,1024.0,1024.0,1024.0,1024.0,1024.0,1024.0,1024.0,1024.0,1024.0,1024.0,1024.0,1024.0,1024.0,1024.0,1024.0,1024.0,1024.0,1024.0,1024.0,1024.0,1024.0,1024.0,1024.0,1024.0,1024.0,1024.0,1024.0,1024.0,1024.0,1024.0,1024.0,1024.0,1024.0,1024.0,1024.0,1024.0,1024.0,1024.0,1024.0,1024.0,1024.0,1024.0,1024.0,1024.0,1024.0,1024.0,1024.0,1024.0,1024.0,1024.0,1024.0,1024.0,0.0,0.0,131072.0,0.0,0.0
99,0,1,695,695,32768,512,0,0,108,4,48,64,matmulbias_kernel,158974799591934,158974799614585,100,196,501307.0,1184.0,608.0,0.0,8704.0,150016.0,0.0,0.0,30480644.0,30480644.0,1048576.0,0.0,0.0,4410857.0,0.0,2070.0,2112.0,2112.0,2112.0,2096.0,2082.0,2082.0,2082.0,2082.0,2082.0,2082.0,2088.0,2082.0,2082.0,2078.0,2078.0,2078.0,2078.0,2078.0,2078.0,2078.0,2078.0,2088.0,2076.0,2104.0,2104.0,2104.0,2104.0,2104.0,2104.0,2090.0,2088.0,2088.0,2088.0,2078.0,2072.0,2096.0,2096.0,2096.0,2070.0,2096.0,2096.0,2096.0,2084.0,2074.0,2074.0,2074.0,2074.0,2074.0,2074.0,2070.0,2074.0,2074.0,2074.0,2074.0,2074.0,2074.0,2074.0,2074.0,2074.0,2074.0,2070.0,2072.0,2096.0,2096.0,2096.0,2096.0,2096.0,2096.0,2084.0,2068.0,2088.0,2070.0,2088.0,2088.0,2088.0,2088.0,2088.0,2078.0,2070.0,2070.0,2070.0,2070.0,2070.0,2070.0,2070.0,2070.0,2070.0,2076.0,2104.0,2104.0,2104.0,2104.0,2104.0,2070.0,2104.0,2090.0,2078.0,2078.0,2078.0,2078.0,2078.0,2078.0,2078.0,2078.0,2070.0,2078.0,2078.0,2078.0,2078.0,2078.0,2078.0,2078.0,2078.0,2076.0,2104.0,2068.0,2104.0,2104.0,2104.0,2104.0,2104.0,2090.0,2080.0,2112.0,2112.0,2112.0,2088.0,1024.0,1024.0,1024.0,1024.0,1024.0,1024.0,1024.0,1024.0,1024.0,1024.0,1024.0,1024.0,1024.0,1024.0,1024.0,1024.0,1024.0,1024.0,1024.0,1024.0,1024.0,1024.0,1024.0,1024.0,1024.0,1024.0,1024.0,1024.0,1024.0,1024.0,1024.0,1024.0,1024.0,1024.0,1024.0,1024.0,1024.0,1024.0,1024.0,1024.0,1024.0,1024.0,1024.0,1024.0,1024.0,1024.0,1024.0,1024.0,1024.0,1024.0,1024.0,1024.0,1024.0,1024.0,1024.0,1024.0,1024.0,1024.0,1024.0,1024.0,1024.0,1024.0,1024.0,1024.0,1024.0,1024.0,1024.0,1024.0,1024.0,1024.0,1024.0,1024.0,1024.0,1024.0,1024.0,1024.0,1024.0,1024.0,1024.0,1024.0,1024.0,1024.0,1024.0,1024.0,1024.0,1024.0,1024.0,1024.0,1024.0,1024.0,1024.0,1024.0,1024.0,1024.0,1024.0,1024.0,1024.0,1024.0,1024.0,1024.0,1024.0,1024.0,1024.0,1024.0,1024.0,1024.0,1024.0,1024.0,1024.0,1024.0,1024.0,1024.0,1024.0,1024.0,1024.0,1024.0,1024.0,1024.0,1024.0,1024.0,1024.0,1024.0,1024.0,1024.0,1024.0,1024.0,1024.0,1024.0,0.0,0.0,131072.0,0.0,0.0
100,0,1,695,695,32768,512,0,0,108,4,48,64,matmulbias_kernel,158974800020466,158974800043157,101,196,496795.0,1273.0,608.0,0.0,8704.0,150016.0,0.0,0.0,31327041.0,31327041.0,1048576.0,0.0,0.0,4370323.0,0.0,2074.0,2112.0,2112.0,2112.0,2096.0,2082.0,2082.0,2082.0,2082.0,2082.0,2082.0,2096.0,2082.0,2082.0,2078.0,2078.0,2078.0,2078.0,2078.0,2078.0,2078.0,2078.0,2096.0,2076.0,2104.0,2104.0,2104.0,2104.0,2104.0,2104.0,2090.0,2096.0,2096.0,2096.0,2084.0,2068.0,2088.0,2088.0,2088.0,2074.0,2088.0,2088.0,2088.0,2078.0,2070.0,2070.0,2070.0,2070.0,2070.0,2070.0,2074.0,2070.0,2070.0,2070.0,2070.0,2070.0,2070.0,2070.0,2070.0,2070.0,2070.0,2074.0,2068.0,2088.0,2088.0,2088.0,2088.0,2088.0,2088.0,2078.0,2072.0,2096.0,2074.0,2096.0,2096.0,2096.0,2096.0,2096.0,2084.0,2074.0,2074.0,2074.0,2074.0,2074.0,2074.0,2074.0,2074.0,2074.0,2076.0,2104.0,2104.0,2104.0,2104.0,2104.0,2074.0,2104.0,2090.0,2078.0,2078.0,2078.0,2078.0,2078.0,2078.0,2078.0,2078.0,2074.0,2078.0,2078.0,2078.0,2078.0,2078.0,2078.0,2078.0,2078.0,2076.0,2104.0,2072.0,2104.0,2104.0,2104.0,2104.0,2104.0,2090.0,2080.0,2112.0,2112.0,2112.0,2096.0,1024.0,1024.0,1024.0,1024.0,1024.0,1024.0,1024.0,1024.0,1024.0,1024.0,1024.0,1024.0,1024.0,1024.0,1024.0,1024.0,1024.0,1024.0,1024.0,1024.0,1024.0,1024.0,1024.0,1024.0,1024.0,1024.0,1024.0,1024.0,1024.0,1024.0,1024.0,1024.0,1024.0,1024.0,1024.0,1024.0,1024.0,1024.0,1024.0,1024.0,1024.0,1024.0,1024.0,1024.0,1024.0,1024.0,1024.0,1024.0,1024.0,1024.0,1024.0,1024.0,1024.0,1024.0,1024.0,1024.0,1024.0,1024.0,1024.0,1024.0,1024.0,1024.0,1024.0,1024.0,1024.0,1024.0,1024.0,1024.0,1024.0,1024.0,1024.0,1024.0,1024.0,1024.0,1024.0,1024.0,1024.0,1024.0,1024.0,1024.0,1024.0,1024.0,1024.0,1024.0,1024.0,1024.0,1024.0,1024.0,1024.0,1024.0,1024.0,1024.0,1024.0,1024.0,1024.0,1024.0,1024.0,1024.0,1024.0,1024.0,1024.0,1024.0,1024.0,1024.0,1024.0,1024.0,1024.0,1024.0,1024.0,1024.0,1024.0,1024.0,1024.0,1024.0,1024.0,1024.0,1024.0,1024.0,1024.0,1024.0,1024.0,1024.0,1024.0,1024.0,1024.0,1024.0,1024.0,1024.0,0.0,0.0,131072.0,0.0,0.0
101,0,1,695,695,32768,512,0,0,108,4,48,64,matmulbias_kernel,158974800449719,158974800472611,102,196,482654.0,1184.0,608.0,0.0,8704.0,150016.0,0.0,0.0,32771181.0,32771181.0,1048576.0,0.0,0.0,4179556.0,0.0,2074.0,2112.0,2112.0,2112.0,2096.0,2082.0,2082.0,2082.0,2082.0,2082.0,2082.0,2096.0,2082.0,2082.0,2074.0,2074.0,2074.0,2074.0,2074.0,2074.0,2074.0,2074.0,2096.0,2072.0,2096.0,2096.0,2096.0,2096.0,2096.0,2096.0,2084.0,2096.0,2096.0,2096.0,2084.0,2068.0,2088.0,2088.0,2088.0,2074.0,2088.0,2088.0,2088.0,2078.0,2070.0,2070.0,2070.0,2070.0,2070.0,2070.0,2074.0,2070.0,2070.0,2066.0,2066.0,2066.0,2066.0,2066.0,2066.0,2066.0,2066.0,2074.0,2064.0,2080.0,2080.0,2080.0,2080.0,2080.0,2080.0,2072.0,2068.0,2088.0,2074.0,2088.0,2088.0,2088.0,2088.0,2088.0,2078.0,2070.0,2070.0,2070.0,2070.0,2074.0,2070.0,2070.0,2070.0,2070.0,2076.0,2104.0,2104.0,2104.0,2104.0,2104.0,2074.0,2104.0,2090.0,2078.0,2078.0,2078.0,2078.0,2078.0,2078.0,2078.0,2078.0,2074.0,2074.0,2074.0,2074.0,2074.0,2074.0,2074.0,2074.0,2074.0,2072.0,2096.0,2072.0,2096.0,2096.0,2096.0,2096.0,2096.0,2084.0,2080.0,2112.0,2112.0,2112.0,2096.0,1024.0,1024.0,1024.0,1024.0,1024.0,1024.0,1024.0,1024.0,1024.0,1024.0,1024.0,1024.0,1024.0,1024.0,1024.0,1024.0,1024.0,1024.0,1024.0,1024.0,1024.0,1024.0,1024.0,1024.0,1024.0,1024.0,1024.0,1024.0,1024.0,1024.0,1024.0,1024.0,1024.0,1024.0,1024.0,1024.0,1024.0,1024.0,1024.0,1024.0,1024.0,1024.0,1024.0,1024.0,1024.0,1024.0,1024.0,1024.0,1024.0,1024.0,1024.0,1024.0,1024.0,1024.0,1024.0,1024.0,1024.0,1024.0,1024.0,1024.0,1024.0,1024.0,1024.0,1024.0,1024.0,1024.0,1024.0,1024.0,1024.0,1024.0,1024.0,1024.0,1024.0,1024.0,1024.0,1024.0,1024.0,1024.0,1024.0,1024.0,1024.0,1024.0,1024.0,1024.0,1024.0,1024.0,1024.0,1024.0,1024.0,1024.0,1024.0,1024.0,1024.0,1024.0,1024.0,1024.0,1024.0,1024.0,1024.0,1024.0,1024.0,1024.0,1024.0,1024.0,1024.0,1024.0,1024.0,1024.0,1024.0,1024.0,1024.0,1024.0,1024.0,1024.0,1024.0,1024.0,1024.0,1024.0,1024.0,1024.0,1024.0,1024.0,1024.0,1024.0,1024.0,1024.0,1024.0,1024.0,0.0,0.0,131072.0,0.0,0.0
102,0,1,695,695,32768,512,0,0,108,4,48,64,matmulbias_kernel,158974800877209,158974800900061,103,196,495892.0,1184.0,608.0,0.0,8704.0,150016.0,0.0,0.0,32555801.0,32555801.0,1048576.0,0.0,0.0,4220501.0,0.0,2074.0,2096.0,2096.0,2096.0,2084.0,2074.0,2074.0,2074.0,2074.0,2074.0,2074.0,2096.0,2074.0,2074.0,2078.0,2078.0,2078.0,2078.0,2078.0,2078.0,2078.0,2078.0,2096.0,2076.0,2104.0,2104.0,2104.0,2104.0,2104.0,2104.0,2090.0,2096.0,2096.0,2096.0,2084.0,2064.0,2080.0,2080.0,2080.0,2074.0,2080.0,2080.0,2080.0,2072.0,2066.0,2066.0,2066.0,2066.0,2066.0,2066.0,2074.0,2066.0,2066.0,2066.0,2066.0,2066.0,2066.0,2066.0,2066.0,2066.0,2066.0,2074.0,2064.0,2080.0,2080.0,2080.0,2080.0,2080.0,2080.0,2072.0,2068.0,2088.0,2074.0,2088.0,2088.0,2088.0,2088.0,2088.0,2078.0,2070.0,2070.0,2070.0,2070.0,2074.0,2070.0,2070.0,2070.0,2070.0,2076.0,2104.0,2104.0,2104.0,2104.0,2104.0,2074.0,2104.0,2090.0,2078.0,2078.0,2078.0,2078.0,2078.0,2078.0,2078.0,2078.0,2074.0,2070.0,2070.0,2070.0,2070.0,2070.0,2070.0,2070.0,2070.0,2068.0,2088.0,2072.0,2088.0,2088.0,2088.0,2088.0,2088.0,2078.0,2072.0,2096.0,2096.0,2096.0,2096.0,1024.0,1024.0,1024.0,1024.0,1024.0,1024.0,1024.0,1024.0,1024.0,1024.0,1024.0,1024.0,1024.0,1024.0,1024.0,1024.0,1024.0,1024.0,1024.0,1024.0,1024.0,1024.0,1024.0,1024.0,1024.0,1024.0,1024.0,1024.0,1024.0,1024.0,1024.0,1024.0,1024.0,1024.0,1024.0,1024.0,1024.0,1024.0,1024.0,1024.0,1024.0,1024.0,1024.0,1024.0,1024.0,1024.0,1024.0,1024.0,1024.0,1024.0,1024.0,1024.0,1024.0,1024.0,1024.0,1024.0,1024.0,1024.0,1024.0,1024.0,1024.0,1024.0,1024.0,1024.0,1024.0,1024.0,1024.0,1024.0,1024.0,1024.0,1024.0,1024.0,1024.0,1024.0,1024.0,1024.0,1024.0,1024.0,1024.0,1024.0,1024.0,1024.0,1024.0,1024.0,1024.0,1024.0,1024.0,1024.0,1024.0,1024.0,1024.0,1024.0,1024.0,1024.0,1024.0,1024.0,1024.0,1024.0,1024.0,1024.0,1024.0,1024.0,1024.0,1024.0,1024.0,1024.0,1024.0,1024.0,1024.0,1024.0,1024.0,1024.0,1024.0,1024.0,1024.0,1024.0,1024.0,1024.0,1024.0,1024.0,1024.0,1024.0,1024.0,1024.0,1024.0,1024.0,1024.0,1024.0,0.0,0.0,131072.0,0.0,0.0
103,0,1,695,695,32768,512,0,0,108,4,48,64,matmulbias_kernel,158974801307024,158974801329876,104,196,514749.0,1184.0,608.0,0.0,8704.0,150016.0,0.0,0.0,32055498.0,32055498.0,1048576.0,0.0,0.0,4312861.0,0.0,2078.0,2096.0,2096.0,2096.0,2084.0,2074.0,2074.0,2074.0,2074.0,2074.0,2074.0,2104.0,2074.0,2074.0,2078.0,2078.0,2078.0,2078.0,2078.0,2078.0,2078.0,2078.0,2104.0,2076.0,2104.0,2104.0,2104.0,2104.0,2104.0,2104.0,2090.0,2104.0,2104.0,2104.0,2090.0,2064.0,2080.0,2080.0,2080.0,2078.0,2080.0,2080.0,2080.0,2072.0,2066.0,2066.0,2066.0,2066.0,2066.0,2066.0,2078.0,2066.0,2066.0,2066.0,2066.0,2066.0,2066.0,2066.0,2066.0,2066.0,2066.0,2078.0,2064.0,2080.0,2080.0,2080.0,2080.0,2080.0,2080.0,2072.0,2068.0,2088.0,2078.0,2088.0,2088.0,2088.0,2088.0,2088.0,2078.0,2070.0,2070.0,2070.0,2070.0,2078.0,2070.0,2070.0,2070.0,2070.0,2072.0,2096.0,2096.0,2096.0,2096.0,2096.0,2078.0,2096.0,2084.0,2074.0,2074.0,2074.0,2074.0,2074.0,2074.0,2074.0,2074.0,2078.0,2070.0,2070.0,2070.0,2070.0,2070.0,2070.0,2070.0,2070.0,2068.0,2088.0,2076.0,2088.0,2088.0,2088.0,2088.0,2088.0,2078.0,2072.0,2096.0,2096.0,2096.0,2104.0,1024.0,1024.0,1024.0,1024.0,1024.0,1024.0,1024.0,1024.0,1024.0,1024.0,1024.0,1024.0,1024.0,1024.0,1024.0,1024.0,1024.0,1024.0,1024.0,1024.0,1024.0,1024.0,1024.0,1024.0,1024.0,1024.0,1024.0,1024.0,1024.0,1024.0,1024.0,1024.0,1024.0,1024.0,1024.0,1024.0,1024.0,1024.0,1024.0,1024.0,1024.0,1024.0,1024.0,1024.0,1024.0,1024.0,1024.0,1024.0,1024.0,1024.0,1024.0,1024.0,1024.0,1024.0,1024.0,1024.0,1024.0,1024.0,1024.0,1024.0,1024.0,1024.0,1024.0,1024.0,1024.0,1024.0,1024.0,1024.0,1024.0,1024.0,1024.0,1024.0,1024.0,1024.0,1024.0,1024.0,1024.0,1024.0,1024.0,1024.0,1024.0,1024.0,1024.0,1024.0,1024.0,1024.0,1024.0,1024.0,1024.0,1024.0,1024.0,1024.0,1024.0,1024.0,1024.0,1024.0,1024.0,1024.0,1024.0,1024.0,1024.0,1024.0,1024.0,1024.0,1024.0,1024.0,1024.0,1024.0,1024.0,1024.0,1024.0,1024.0,1024.0,1024.0,1024.0,1024.0,1024.0,1024.0,1024.0,1024.0,1024.0,1024.0,1024.0,1024.0,1024.0,1024.0,1024.0,1024.0,0.0,0.0,131072.0,0.0,0.0
104,0,1,695,695,32768,512,0,0,108,4,48,64,matmulbias_kernel,158974801734033,158974801756965,105,196,504799.0,1184.0,608.0,0.0,8704.0,150016.0,0.0,0.0,32534474.0,32534474.0,1048576.0,0.0,0.0,4263635.0,0.0,2078.0,2096.0,2096.0,2096.0,2084.0,2074.0,2074.0,2074.0,2074.0,2074.0,2074.0,2104.0,2074.0,2074.0,2078.0,2078.0,2078.0,2078.0,2078.0,2078.0,2078.0,2078.0,2104.0,2076.0,2104.0,2104.0,2104.0,2104.0,2104.0,2104.0,2090.0,2104.0,2104.0,2104.0,2090.0,2068.0,2088.0,2088.0,2088.0,2078.0,2088.0,2088.0,2088.0,2078.0,2070.0,2070.0,2070.0,2070.0,2070.0,2070.0,2078.0,2070.0,2070.0,2070.0,2070.0,2070.0,2070.0,2070.0,2070.0,2070.0,2070.0,2078.0,2068.0,2088.0,2088.0,2088.0,2088.0,2088.0,2088.0,2078.0,2068.0,2088.0,2078.0,2088.0,2088.0,2088.0,2088.0,2088.0,2078.0,2070.0,2070.0,2070.0,2070.0,2078.0,2070.0,2070.0,2070.0,2070.0,2068.0,2088.0,2088.0,2088.0,2088.0,2088.0,2078.0,2088.0,2078.0,2070.0,2070.0,2070.0,2070.0,2070.0,2070.0,2070.0,2070.0,2078.0,2070.0,2070.0,2070.0,2070.0,2070.0,2070.0,2070.0,2070.0,2068.0,2088.0,2076.0,2088.0,2088.0,2088.0,2088.0,2088.0,2078.0,2072.0,2096.0,2096.0,2096.0,2104.0,1024.0,1024.0,1024.0,1024.0,1024.0,1024.0,1024.0,1024.0,1024.0,1024.0,1024.0,1024.0,1024.0,1024.0,1024.0,1024.0,1024.0,1024.0,1024.0,1024.0,1024.0,1024.0,1024.0,1024.0,1024.0,1024.0,1024.0,1024.0,1024.0,1024.0,1024.0,1024.0,1024.0,1024.0,1024.0,1024.0,1024.0,1024.0,1024.0,1024.0,1024.0,1024.0,1024.0,1024.0,1024.0,1024.0,1024.0,1024.0,1024.0,1024.0,1024.0,1024.0,1024.0,1024.0,1024.0,1024.0,1024.0,1024.0,1024.0,1024.0,1024.0,1024.0,1024.0,1024.0,1024.0,1024.0,1024.0,1024.0,1024.0,1024.0,1024.0,1024.0,1024.0,1024.0,1024.0,1024.0,1024.0,1024.0,1024.0,1024.0,1024.0,1024.0,1024.0,1024.0,1024.0,1024.0,1024.0,1024.0,1024.0,1024.0,1024.0,1024.0,1024.0,1024.0,1024.0,1024.0,1024.0,1024.0,1024.0,1024.0,1024.0,1024.0,1024.0,1024.0,1024.0,1024.0,1024.0,1024.0,1024.0,1024.0,1024.0,1024.0,1024.0,1024.0,1024.0,1024.0,1024.0,1024.0,1024.0,1024.0,1024.0,1024.0,1024.0,1024.0,1024.0,1024.0,1024.0,1024.0,0.0,0.0,131072.0,0.0,0.0
105,0,1,695,695,32768,512,0,0,108,4,48,64,matmulbias_kernel,158974802164770,158974802187662,106,196,503116.0,1184.0,608.0,0.0,8704.0,150016.0,0.0,0.0,32149111.0,32149111.0,1048576.0,0.0,0.0,4232948.0,0.0,2074.0,2096.0,2096.0,2096.0,2084.0,2074.0,2074.0,2074.0,2074.0,2074.0,2074.0,2096.0,2074.0,2074.0,2082.0,2082.0,2082.0,2082.0,2082.0,2082.0,2082.0,2082.0,2096.0,2080.0,2112.0,2112.0,2112.0,2112.0,2112.0,2112.0,2096.0,2096.0,2096.0,2096.0,2084.0,2068.0,2088.0,2088.0,2088.0,2074.0,2088.0,2088.0,2088.0,2078.0,2070.0,2070.0,2070.0,2070.0,2070.0,2070.0,2074.0,2070.0,2070.0,2074.0,2074.0,2074.0,2074.0,2074.0,2074.0,2074.0,2074.0,2074.0,2072.0,2096.0,2096.0,2096.0,2096.0,2096.0,2096.0,2084.0,2068.0,2088.0,2074.0,2088.0,2088.0,2088.0,2088.0,2088.0,2078.0,2070.0,2070.0,2070.0,2070.0,2074.0,2070.0,2070.0,2070.0,2070.0,2068.0,2088.0,2088.0,2088.0,2088.0,2088.0,2074.0,2088.0,2078.0,2070.0,2070.0,2070.0,2070.0,2070.0,2070.0,2070.0,2070.0,2074.0,2074.0,2074.0,2074.0,2074.0,2074.0,2074.0,2074.0,2074.0,2072.0,2096.0,2072.0,2096.0,2096.0,2096.0,2096.0,2096.0,2084.0,2072.0,2096.0,2096.0,2096.0,2096.0,1024.0,1024.0,1024.0,1024.0,1024.0,1024.0,1024.0,1024.0,1024.0,1024.0,1024.0,1024.0,1024.0,1024.0,1024.0,1024.0,1024.0,1024.0,1024.0,1024.0,1024.0,1024.0,1024.0,1024.0,1024.0,1024.0,1024.0,1024.0,1024.0,1024.0,1024.0,1024.0,1024.0,1024.0,1024.0,1024.0,1024.0,1024.0,1024.0,1024.0,1024.0,1024.0,1024.0,1024.0,1024.0,1024.0,1024.0,1024.0,1024.0,1024.0,1024.0,1024.0,1024.0,1024.0,1024.0,1024.0,1024.0,1024.0,1024.0,1024.0,1024.0,1024.0,1024.0,1024.0,1024.0,1024.0,1024.0,1024.0,1024.0,1024.0,1024.0,1024.0,1024.0,1024.0,1024.0,1024.0,1024.0,1024.0,1024.0,1024.0,1024.0,1024.0,1024.0,1024.0,1024.0,1024.0,1024.0,1024.0,1024.0,1024.0,1024.0,1024.0,1024.0,1024.0,1024.0,1024.0,1024.0,1024.0,1024.0,1024.0,1024.0,1024.0,1024.0,1024.0,1024.0,1024.0,1024.0,1024.0,1024.0,1024.0,1024.0,1024.0,1024.0,1024.0,1024.0,1024.0,1024.0,1024.0,1024.0,1024.0,1024.0,1024.0,1024.0,1024.0,1024.0,1024.0,1024.0,1024.0,0.0,0.0,131072.0,0.0,0.0
106,0,1,695,695,32768,512,0,0,108,4,48,64,matmulbias_kernel,158974802596028,158974802618880,107,196,497973.0,1184.0,608.0,0.0,8704.0,150016.0,0.0,0.0,32693792.0,32693792.0,1048576.0,0.0,0.0,4229007.0,0.0,2074.0,2112.0,2112.0,2112.0,2096.0,2082.0,2082.0,2082.0,2082.0,2082.0,2082.0,2096.0,2082.0,2082.0,2082.0,2082.0,2082.0,2082.0,2082.0,2082.0,2082.0,2082.0,2096.0,2080.0,2112.0,2112.0,2112.0,2112.0,2112.0,2112.0,2096.0,2096.0,2096.0,2096.0,2084.0,2072.0,2096.0,2096.0,2096.0,2074.0,2096.0,2096.0,2096.0,2084.0,2074.0,2074.0,2074.0,2074.0,2074.0,2074.0,2074.0,2074.0,2074.0,2074.0,2074.0,2074.0,2074.0,2074.0,2074.0,2074.0,2074.0,2074.0,2072.0,2096.0,2096.0,2096.0,2096.0,2096.0,2096.0,2084.0,2068.0,2088.0,2074.0,2088.0,2088.0,2088.0,2088.0,2088.0,2078.0,2070.0,2070.0,2070.0,2070.0,2074.0,2070.0,2070.0,2070.0,2070.0,2068.0,2088.0,2088.0,2088.0,2088.0,2088.0,2074.0,2088.0,2078.0,2070.0,2070.0,2070.0,2070.0,2070.0,2070.0,2070.0,2070.0,2074.0,2078.0,2078.0,2078.0,2078.0,2078.0,2078.0,2078.0,2078.0,2076.0,2104.0,2072.0,2104.0,2104.0,2104.0,2104.0,2104.0,2090.0,2080.0,2112.0,2112.0,2112.0,2096.0,1024.0,1024.0,1024.0,1024.0,1024.0,1024.0,1024.0,1024.0,1024.0,1024.0,1024.0,1024.0,1024.0,1024.0,1024.0,1024.0,1024.0,1024.0,1024.0,1024.0,1024.0,1024.0,1024.0,1024.0,1024.0,1024.0,1024.0,1024.0,1024.0,1024.0,1024.0,1024.0,1024.0,1024.0,1024.0,1024.0,1024.0,1024.0,1024.0,1024.0,1024.0,1024.0,1024.0,1024.0,1024.0,1024.0,1024.0,1024.0,1024.0,1024.0,1024.0,1024.0,1024.0,1024.0,1024.0,1024.0,1024.0,1024.0,1024.0,1024.0,1024.0,1024.0,1024.0,1024.0,1024.0,1024.0,1024.0,1024.0,1024.0,1024.0,1024.0,1024.0,1024.0,1024.0,1024.0,1024.0,1024.0,1024.0,1024.0,1024.0,1024.0,1024.0,1024.0,1024.0,1024.0,1024.0,1024.0,1024.0,1024.0,1024.0,1024.0,1024.0,1024.0,1024.0,1024.0,1024.0,1024.0,1024.0,1024.0,1024.0,1024.0,1024.0,1024.0,1024.0,1024.0,1024.0,1024.0,1024.0,1024.0,1024.0,1024.0,1024.0,1024.0,1024.0,1024.0,1024.0,1024.0,1024.0,1024.0,1024.0,1024.0,1024.0,1024.0,1024.0,1024.0,1024.0,1024.0,1024.0,0.0,0.0,131072.0,0.0,0.0
107,0,1,695,695,32768,512,0,0,108,4,48,64,matmulbias_kernel,158974803022395,158974803045207,108,196,501165.0,1184.0,608.0,0.0,8704.0,150016.0,0.0,0.0,32931108.0,32931108.0,1048576.0,0.0,0.0,4144121.0,0.0,2074.0,2112.0,2112.0,2112.0,2096.0,2082.0,2082.0,2082.0,2082.0,2082.0,2082.0,2096.0,2082.0,2082.0,2078.0,2078.0,2078.0,2078.0,2078.0,2078.0,2078.0,2078.0,2096.0,2076.0,2104.0,2104.0,2104.0,2104.0,2104.0,2104.0,2090.0,2096.0,2096.0,2096.0,2084.0,2072.0,2096.0,2096.0,2096.0,2074.0,2096.0,2096.0,2096.0,2084.0,2074.0,2074.0,2074.0,2074.0,2074.0,2074.0,2074.0,2074.0,2074.0,2074.0,2074.0,2074.0,2074.0,2074.0,2074.0,2074.0,2074.0,2074.0,2072.0,2096.0,2096.0,2096.0,2096.0,2096.0,2096.0,2084.0,2068.0,2088.0,2074.0,2088.0,2088.0,2088.0,2088.0,2088.0,2078.0,2070.0,2070.0,2070.0,2070.0,2074.0,2070.0,2070.0,2070.0,2070.0,2072.0,2096.0,2096.0,2096.0,2096.0,2096.0,2074.0,2096.0,2084.0,2074.0,2074.0,2074.0,2074.0,2074.0,2074.0,2074.0,2074.0,2074.0,2078.0,2078.0,2078.0,2078.0,2078.0,2078.0,2078.0,2078.0,2076.0,2104.0,2072.0,2104.0,2104.0,2104.0,2104.0,2104.0,2090.0,2080.0,2112.0,2112.0,2112.0,2096.0,1024.0,1024.0,1024.0,1024.0,1024.0,1024.0,1024.0,1024.0,1024.0,1024.0,1024.0,1024.0,1024.0,1024.0,1024.0,1024.0,1024.0,1024.0,1024.0,1024.0,1024.0,1024.0,1024.0,1024.0,1024.0,1024.0,1024.0,1024.0,1024.0,1024.0,1024.0,1024.0,1024.0,1024.0,1024.0,1024.0,1024.0,1024.0,1024.0,1024.0,1024.0,1024.0,1024.0,1024.0,1024.0,1024.0,1024.0,1024.0,1024.0,1024.0,1024.0,1024.0,1024.0,1024.0,1024.0,1024.0,1024.0,1024.0,1024.0,1024.0,1024.0,1024.0,1024.0,1024.0,1024.0,1024.0,1024.0,1024.0,1024.0,1024.0,1024.0,1024.0,1024.0,1024.0,1024.0,1024.0,1024.0,1024.0,1024.0,1024.0,1024.0,1024.0,1024.0,1024.0,1024.0,1024.0,1024.0,1024.0,1024.0,1024.0,1024.0,1024.0,1024.0,1024.0,1024.0,1024.0,1024.0,1024.0,1024.0,1024.0,1024.0,1024.0,1024.0,1024.0,1024.0,1024.0,1024.0,1024.0,1024.0,1024.0,1024.0,1024.0,1024.0,1024.0,1024.0,1024.0,1024.0,1024.0,1024.0,1024.0,1024.0,1024.0,1024.0,1024.0,1024.0,1024.0,1024.0,1024.0,0.0,0.0,131072.0,0.0,0.0
108,0,1,695,695,32768,512,0,0,108,4,48,64,matmulbias_kernel,158974803455297,158974803478149,109,196,507106.0,1184.0,608.0,0.0,8704.0,150016.0,0.0,0.0,32602573.0,32602573.0,1048576.0,0.0,0.0,4262897.0,0.0,2070.0,2112.0,2112.0,2112.0,2096.0,2082.0,2082.0,2082.0,2082.0,2082.0,2082.0,2088.0,2082.0,2082.0,2078.0,2078.0,2078.0,2078.0,2078.0,2078.0,2078.0,2078.0,2088.0,2076.0,2104.0,2104.0,2104.0,2104.0,2104.0,2104.0,2090.0,2088.0,2088.0,2088.0,2078.0,2072.0,2096.0,2096.0,2096.0,2070.0,2096.0,2096.0,2096.0,2084.0,2074.0,2074.0,2074.0,2074.0,2074.0,2074.0,2070.0,2074.0,2074.0,2074.0,2074.0,2074.0,2074.0,2074.0,2074.0,2074.0,2074.0,2070.0,2072.0,2096.0,2096.0,2096.0,2096.0,2096.0,2096.0,2084.0,2068.0,2088.0,2070.0,2088.0,2088.0,2088.0,2088.0,2088.0,2078.0,2070.0,2070.0,2070.0,2070.0,2070.0,2070.0,2070.0,2070.0,2070.0,2076.0,2104.0,2104.0,2104.0,2104.0,2104.0,2070.0,2104.0,2090.0,2078.0,2078.0,2078.0,2078.0,2078.0,2078.0,2078.0,2078.0,2070.0,2078.0,2078.0,2078.0,2078.0,2078.0,2078.0,2078.0,2078.0,2076.0,2104.0,2068.0,2104.0,2104.0,2104.0,2104.0,2104.0,2090.0,2080.0,2112.0,2112.0,2112.0,2088.0,1024.0,1024.0,1024.0,1024.0,1024.0,1024.0,1024.0,1024.0,1024.0,1024.0,1024.0,1024.0,1024.0,1024.0,1024.0,1024.0,1024.0,1024.0,1024.0,1024.0,1024.0,1024.0,1024.0,1024.0,1024.0,1024.0,1024.0,1024.0,1024.0,1024.0,1024.0,1024.0,1024.0,1024.0,1024.0,1024.0,1024.0,1024.0,1024.0,1024.0,1024.0,1024.0,1024.0,1024.0,1024.0,1024.0,1024.0,1024.0,1024.0,1024.0,1024.0,1024.0,1024.0,1024.0,1024.0,1024.0,1024.0,1024.0,1024.0,1024.0,1024.0,1024.0,1024.0,1024.0,1024.0,1024.0,1024.0,1024.0,1024.0,1024.0,1024.0,1024.0,1024.0,1024.0,1024.0,1024.0,1024.0,1024.0,1024.0,1024.0,1024.0,1024.0,1024.0,1024.0,1024.0,1024.0,1024.0,1024.0,1024.0,1024.0,1024.0,1024.0,1024.0,1024.0,1024.0,1024.0,1024.0,1024.0,1024.0,1024.0,1024.0,1024.0,1024.0,1024.0,1024.0,1024.0,1024.0,1024.0,1024.0,1024.0,1024.0,1024.0,1024.0,1024.0,1024.0,1024.0,1024.0,1024.0,1024.0,1024.0,1024.0,1024.0,1024.0,1024.0,1024.0,1024.0,1024.0,1024.0,0.0,0.0,131072.0,0.0,0.0
109,0,1,695,695,32768,512,0,0,108,4,48,64,matmulbias_kernel,158974803884791,158974803907603,110,196,496973.0,1184.0,608.0,0.0,8704.0,150016.0,0.0,0.0,32360889.0,32360889.0,1048576.0,0.0,0.0,4278055.0,0.0,2074.0,2112.0,2112.0,2112.0,2096.0,2082.0,2082.0,2082.0,2082.0,2082.0,2082.0,2096.0,2082.0,2082.0,2078.0,2078.0,2078.0,2078.0,2078.0,2078.0,2078.0,2078.0,2096.0,2076.0,2104.0,2104.0,2104.0,2104.0,2104.0,2104.0,2090.0,2096.0,2096.0,2096.0,2084.0,2068.0,2088.0,2088.0,2088.0,2074.0,2088.0,2088.0,2088.0,2078.0,2070.0,2070.0,2070.0,2070.0,2070.0,2070.0,2074.0,2070.0,2070.0,2070.0,2070.0,2070.0,2070.0,2070.0,2070.0,2070.0,2070.0,2074.0,2068.0,2088.0,2088.0,2088.0,2088.0,2088.0,2088.0,2078.0,2072.0,2096.0,2074.0,2096.0,2096.0,2096.0,2096.0,2096.0,2084.0,2074.0,2074.0,2074.0,2074.0,2074.0,2074.0,2074.0,2074.0,2074.0,2076.0,2104.0,2104.0,2104.0,2104.0,2104.0,2074.0,2104.0,2090.0,2078.0,2078.0,2078.0,2078.0,2078.0,2078.0,2078.0,2078.0,2074.0,2078.0,2078.0,2078.0,2078.0,2078.0,2078.0,2078.0,2078.0,2076.0,2104.0,2072.0,2104.0,2104.0,2104.0,2104.0,2104.0,2090.0,2080.0,2112.0,2112.0,2112.0,2096.0,1024.0,1024.0,1024.0,1024.0,1024.0,1024.0,1024.0,1024.0,1024.0,1024.0,1024.0,1024.0,1024.0,1024.0,1024.0,1024.0,1024.0,1024.0,1024.0,1024.0,1024.0,1024.0,1024.0,1024.0,1024.0,1024.0,1024.0,1024.0,1024.0,1024.0,1024.0,1024.0,1024.0,1024.0,1024.0,1024.0,1024.0,1024.0,1024.0,1024.0,1024.0,1024.0,1024.0,1024.0,1024.0,1024.0,1024.0,1024.0,1024.0,1024.0,1024.0,1024.0,1024.0,1024.0,1024.0,1024.0,1024.0,1024.0,1024.0,1024.0,1024.0,1024.0,1024.0,1024.0,1024.0,1024.0,1024.0,1024.0,1024.0,1024.0,1024.0,1024.0,1024.0,1024.0,1024.0,1024.0,1024.0,1024.0,1024.0,1024.0,1024.0,1024.0,1024.0,1024.0,1024.0,1024.0,1024.0,1024.0,1024.0,1024.0,1024.0,1024.0,1024.0,1024.0,1024.0,1024.0,1024.0,1024.0,1024.0,1024.0,1024.0,1024.0,1024.0,1024.0,1024.0,1024.0,1024.0,1024.0,1024.0,1024.0,1024.0,1024.0,1024.0,1024.0,1024.0,1024.0,1024.0,1024.0,1024.0,1024.0,1024.0,1024.0,1024.0,1024.0,1024.0,1024.0,1024.0,1024.0,0.0,0.0,131072.0,0.0,0.0
110,0,1,695,695,32768,512,0,0,108,4,48,64,matmulbias_kernel,158974804316651,158974804339543,111,196,504822.0,1184.0,608.0,0.0,8704.0,150016.0,0.0,0.0,32089964.0,32089964.0,1048576.0,0.0,0.0,4270311.0,0.0,2074.0,2112.0,2112.0,2112.0,2096.0,2082.0,2082.0,2082.0,2082.0,2082.0,2082.0,2096.0,2082.0,2082.0,2074.0,2074.0,2074.0,2074.0,2074.0,2074.0,2074.0,2074.0,2096.0,2072.0,2096.0,2096.0,2096.0,2096.0,2096.0,2096.0,2084.0,2096.0,2096.0,2096.0,2084.0,2068.0,2088.0,2088.0,2088.0,2074.0,2088.0,2088.0,2088.0,2078.0,2070.0,2070.0,2070.0,2070.0,2070.0,2070.0,2074.0,2070.0,2070.0,2066.0,2066.0,2066.0,2066.0,2066.0,2066.0,2066.0,2066.0,2074.0,2064.0,2080.0,2080.0,2080.0,2080.0,2080.0,2080.0,2072.0,2068.0,2088.0,2074.0,2088.0,2088.0,2088.0,2088.0,2088.0,2078.0,2070.0,2070.0,2070.0,2070.0,2074.0,2070.0,2070.0,2070.0,2070.0,2076.0,2104.0,2104.0,2104.0,2104.0,2104.0,2074.0,2104.0,2090.0,2078.0,2078.0,2078.0,2078.0,2078.0,2078.0,2078.0,2078.0,2074.0,2074.0,2074.0,2074.0,2074.0,2074.0,2074.0,2074.0,2074.0,2072.0,2096.0,2072.0,2096.0,2096.0,2096.0,2096.0,2096.0,2084.0,2080.0,2112.0,2112.0,2112.0,2096.0,1024.0,1024.0,1024.0,1024.0,1024.0,1024.0,1024.0,1024.0,1024.0,1024.0,1024.0,1024.0,1024.0,1024.0,1024.0,1024.0,1024.0,1024.0,1024.0,1024.0,1024.0,1024.0,1024.0,1024.0,1024.0,1024.0,1024.0,1024.0,1024.0,1024.0,1024.0,1024.0,1024.0,1024.0,1024.0,1024.0,1024.0,1024.0,1024.0,1024.0,1024.0,1024.0,1024.0,1024.0,1024.0,1024.0,1024.0,1024.0,1024.0,1024.0,1024.0,1024.0,1024.0,1024.0,1024.0,1024.0,1024.0,1024.0,1024.0,1024.0,1024.0,1024.0,1024.0,1024.0,1024.0,1024.0,1024.0,1024.0,1024.0,1024.0,1024.0,1024.0,1024.0,1024.0,1024.0,1024.0,1024.0,1024.0,1024.0,1024.0,1024.0,1024.0,1024.0,1024.0,1024.0,1024.0,1024.0,1024.0,1024.0,1024.0,1024.0,1024.0,1024.0,1024.0,1024.0,1024.0,1024.0,1024.0,1024.0,1024.0,1024.0,1024.0,1024.0,1024.0,1024.0,1024.0,1024.0,1024.0,1024.0,1024.0,1024.0,1024.0,1024.0,1024.0,1024.0,1024.0,1024.0,1024.0,1024.0,1024.0,1024.0,1024.0,1024.0,1024.0,1024.0,1024.0,1024.0,1024.0,0.0,0.0,131072.0,0.0,0.0
111,0,1,695,695,32768,512,0,0,108,4,48,64,matmulbias_kernel,158974804748791,158974804771483,112,196,494819.0,1184.0,608.0,0.0,8704.0,150016.0,0.0,0.0,31653205.0,31653205.0,1048576.0,0.0,0.0,4256722.0,0.0,2074.0,2096.0,2096.0,2096.0,2084.0,2074.0,2074.0,2074.0,2074.0,2074.0,2074.0,2096.0,2074.0,2074.0,2078.0,2078.0,2078.0,2078.0,2078.0,2078.0,2078.0,2078.0,2096.0,2076.0,2104.0,2104.0,2104.0,2104.0,2104.0,2104.0,2090.0,2096.0,2096.0,2096.0,2084.0,2064.0,2080.0,2080.0,2080.0,2074.0,2080.0,2080.0,2080.0,2072.0,2066.0,2066.0,2066.0,2066.0,2066.0,2066.0,2074.0,2066.0,2066.0,2066.0,2066.0,2066.0,2066.0,2066.0,2066.0,2066.0,2066.0,2074.0,2064.0,2080.0,2080.0,2080.0,2080.0,2080.0,2080.0,2072.0,2068.0,2088.0,2074.0,2088.0,2088.0,2088.0,2088.0,2088.0,2078.0,2070.0,2070.0,2070.0,2070.0,2074.0,2070.0,2070.0,2070.0,2070.0,2076.0,2104.0,2104.0,2104.0,2104.0,2104.0,2074.0,2104.0,2090.0,2078.0,2078.0,2078.0,2078.0,2078.0,2078.0,2078.0,2078.0,2074.0,2070.0,2070.0,2070.0,2070.0,2070.0,2070.0,2070.0,2070.0,2068.0,2088.0,2072.0,2088.0,2088.0,2088.0,2088.0,2088.0,2078.0,2072.0,2096.0,2096.0,2096.0,2096.0,1024.0,1024.0,1024.0,1024.0,1024.0,1024.0,1024.0,1024.0,1024.0,1024.0,1024.0,1024.0,1024.0,1024.0,1024.0,1024.0,1024.0,1024.0,1024.0,1024.0,1024.0,1024.0,1024.0,1024.0,1024.0,1024.0,1024.0,1024.0,1024.0,1024.0,1024.0,1024.0,1024.0,1024.0,1024.0,1024.0,1024.0,1024.0,1024.0,1024.0,1024.0,1024.0,1024.0,1024.0,1024.0,1024.0,1024.0,1024.0,1024.0,1024.0,1024.0,1024.0,1024.0,1024.0,1024.0,1024.0,1024.0,1024.0,1024.0,1024.0,1024.0,1024.0,1024.0,1024.0,1024.0,1024.0,1024.0,1024.0,1024.0,1024.0,1024.0,1024.0,1024.0,1024.0,1024.0,1024.0,1024.0,1024.0,1024.0,1024.0,1024.0,1024.0,1024.0,1024.0,1024.0,1024.0,1024.0,1024.0,1024.0,1024.0,1024.0,1024.0,1024.0,1024.0,1024.0,1024.0,1024.0,1024.0,1024.0,1024.0,1024.0,1024.0,1024.0,1024.0,1024.0,1024.0,1024.0,1024.0,1024.0,1024.0,1024.0,1024.0,1024.0,1024.0,1024.0,1024.0,1024.0,1024.0,1024.0,1024.0,1024.0,1024.0,1024.0,1024.0,1024.0,1024.0,1024.0,1024.0,0.0,0.0,131072.0,0.0,0.0
112,0,1,695,695,32768,512,0,0,108,4,48,64,matmulbias_kernel,158974805177501,158974805200273,113,196,497521.0,1184.0,608.0,0.0,8704.0,150016.0,0.0,0.0,32281074.0,32281074.0,1048576.0,0.0,0.0,4249569.0,0.0,2078.0,2096.0,2096.0,2096.0,2084.0,2074.0,2074.0,2074.0,2074.0,2074.0,2074.0,2104.0,2074.0,2074.0,2078.0,2078.0,2078.0,2078.0,2078.0,2078.0,2078.0,2078.0,2104.0,2076.0,2104.0,2104.0,2104.0,2104.0,2104.0,2104.0,2090.0,2104.0,2104.0,2104.0,2090.0,2064.0,2080.0,2080.0,2080.0,2078.0,2080.0,2080.0,2080.0,2072.0,2066.0,2066.0,2066.0,2066.0,2066.0,2066.0,2078.0,2066.0,2066.0,2066.0,2066.0,2066.0,2066.0,2066.0,2066.0,2066.0,2066.0,2078.0,2064.0,2080.0,2080.0,2080.0,2080.0,2080.0,2080.0,2072.0,2068.0,2088.0,2078.0,2088.0,2088.0,2088.0,2088.0,2088.0,2078.0,2070.0,2070.0,2070.0,2070.0,2078.0,2070.0,2070.0,2070.0,2070.0,2072.0,2096.0,2096.0,2096.0,2096.0,2096.0,2078.0,2096.0,2084.0,2074.0,2074.0,2074.0,2074.0,2074.0,2074.0,2074.0,2074.0,2078.0,2070.0,2070.0,2070.0,2070.0,2070.0,2070.0,2070.0,2070.0,2068.0,2088.0,2076.0,2088.0,2088.0,2088.0,2088.0,2088.0,2078.0,2072.0,2096.0,2096.0,2096.0,2104.0,1024.0,1024.0,1024.0,1024.0,1024.0,1024.0,1024.0,1024.0,1024.0,1024.0,1024.0,1024.0,1024.0,1024.0,1024.0,1024.0,1024.0,1024.0,1024.0,1024.0,1024.0,1024.0,1024.0,1024.0,1024.0,1024.0,1024.0,1024.0,1024.0,1024.0,1024.0,1024.0,1024.0,1024.0,1024.0,1024.0,1024.0,1024.0,1024.0,1024.0,1024.0,1024.0,1024.0,1024.0,1024.0,1024.0,1024.0,1024.0,1024.0,1024.0,1024.0,1024.0,1024.0,1024.0,1024.0,1024.0,1024.0,1024.0,1024.0,1024.0,1024.0,1024.0,1024.0,1024.0,1024.0,1024.0,1024.0,1024.0,1024.0,1024.0,1024.0,1024.0,1024.0,1024.0,1024.0,1024.0,1024.0,1024.0,1024.0,1024.0,1024.0,1024.0,1024.0,1024.0,1024.0,1024.0,1024.0,1024.0,1024.0,1024.0,1024.0,1024.0,1024.0,1024.0,1024.0,1024.0,1024.0,1024.0,1024.0,1024.0,1024.0,1024.0,1024.0,1024.0,1024.0,1024.0,1024.0,1024.0,1024.0,1024.0,1024.0,1024.0,1024.0,1024.0,1024.0,1024.0,1024.0,1024.0,1024.0,1024.0,1024.0,1024.0,1024.0,1024.0,1024.0,1024.0,1024.0,1024.0,0.0,0.0,131072.0,0.0,0.0
113,0,1,695,695,32768,512,0,0,108,4,48,64,matmulbias_kernel,158974805625997,158974805648848,114,196,504569.0,1135.0,608.0,0.0,8704.0,150016.0,0.0,0.0,32586404.0,32586404.0,1048576.0,0.0,0.0,4219037.0,0.0,2078.0,2096.0,2096.0,2096.0,2084.0,2074.0,2074.0,2074.0,2074.0,2074.0,2074.0,2104.0,2074.0,2074.0,2078.0,2078.0,2078.0,2078.0,2078.0,2078.0,2078.0,2078.0,2104.0,2076.0,2104.0,2104.0,2104.0,2104.0,2104.0,2104.0,2090.0,2104.0,2104.0,2104.0,2090.0,2068.0,2088.0,2088.0,2088.0,2078.0,2088.0,2088.0,2088.0,2078.0,2070.0,2070.0,2070.0,2070.0,2070.0,2070.0,2078.0,2070.0,2070.0,2070.0,2070.0,2070.0,2070.0,2070.0,2070.0,2070.0,2070.0,2078.0,2068.0,2088.0,2088.0,2088.0,2088.0,2088.0,2088.0,2078.0,2068.0,2088.0,2078.0,2088.0,2088.0,2088.0,2088.0,2088.0,2078.0,2070.0,2070.0,2070.0,2070.0,2078.0,2070.0,2070.0,2070.0,2070.0,2068.0,2088.0,2088.0,2088.0,2088.0,2088.0,2078.0,2088.0,2078.0,2070.0,2070.0,2070.0,2070.0,2070.0,2070.0,2070.0,2070.0,2078.0,2070.0,2070.0,2070.0,2070.0,2070.0,2070.0,2070.0,2070.0,2068.0,2088.0,2076.0,2088.0,2088.0,2088.0,2088.0,2088.0,2078.0,2072.0,2096.0,2096.0,2096.0,2104.0,1024.0,1024.0,1024.0,1024.0,1024.0,1024.0,1024.0,1024.0,1024.0,1024.0,1024.0,1024.0,1024.0,1024.0,1024.0,1024.0,1024.0,1024.0,1024.0,1024.0,1024.0,1024.0,1024.0,1024.0,1024.0,1024.0,1024.0,1024.0,1024.0,1024.0,1024.0,1024.0,1024.0,1024.0,1024.0,1024.0,1024.0,1024.0,1024.0,1024.0,1024.0,1024.0,1024.0,1024.0,1024.0,1024.0,1024.0,1024.0,1024.0,1024.0,1024.0,1024.0,1024.0,1024.0,1024.0,1024.0,1024.0,1024.0,1024.0,1024.0,1024.0,1024.0,1024.0,1024.0,1024.0,1024.0,1024.0,1024.0,1024.0,1024.0,1024.0,1024.0,1024.0,1024.0,1024.0,1024.0,1024.0,1024.0,1024.0,1024.0,1024.0,1024.0,1024.0,1024.0,1024.0,1024.0,1024.0,1024.0,1024.0,1024.0,1024.0,1024.0,1024.0,1024.0,1024.0,1024.0,1024.0,1024.0,1024.0,1024.0,1024.0,1024.0,1024.0,1024.0,1024.0,1024.0,1024.0,1024.0,1024.0,1024.0,1024.0,1024.0,1024.0,1024.0,1024.0,1024.0,1024.0,1024.0,1024.0,1024.0,1024.0,1024.0,1024.0,1024.0,1024.0,1024.0,1024.0,1024.0,0.0,0.0,131072.0,0.0,0.0
114,0,1,695,695,32768,512,0,0,108,4,48,64,matmulbias_kernel,158974806074092,158974806097104,115,196,495589.0,1184.0,608.0,0.0,8704.0,150016.0,0.0,0.0,32439029.0,32439029.0,1048576.0,0.0,0.0,4225951.0,0.0,2074.0,2096.0,2096.0,2096.0,2084.0,2074.0,2074.0,2074.0,2074.0,2074.0,2074.0,2096.0,2074.0,2074.0,2082.0,2082.0,2082.0,2082.0,2082.0,2082.0,2082.0,2082.0,2096.0,2080.0,2112.0,2112.0,2112.0,2112.0,2112.0,2112.0,2096.0,2096.0,2096.0,2096.0,2084.0,2068.0,2088.0,2088.0,2088.0,2074.0,2088.0,2088.0,2088.0,2078.0,2070.0,2070.0,2070.0,2070.0,2070.0,2070.0,2074.0,2070.0,2070.0,2074.0,2074.0,2074.0,2074.0,2074.0,2074.0,2074.0,2074.0,2074.0,2072.0,2096.0,2096.0,2096.0,2096.0,2096.0,2096.0,2084.0,2068.0,2088.0,2074.0,2088.0,2088.0,2088.0,2088.0,2088.0,2078.0,2070.0,2070.0,2070.0,2070.0,2074.0,2070.0,2070.0,2070.0,2070.0,2068.0,2088.0,2088.0,2088.0,2088.0,2088.0,2074.0,2088.0,2078.0,2070.0,2070.0,2070.0,2070.0,2070.0,2070.0,2070.0,2070.0,2074.0,2074.0,2074.0,2074.0,2074.0,2074.0,2074.0,2074.0,2074.0,2072.0,2096.0,2072.0,2096.0,2096.0,2096.0,2096.0,2096.0,2084.0,2072.0,2096.0,2096.0,2096.0,2096.0,1024.0,1024.0,1024.0,1024.0,1024.0,1024.0,1024.0,1024.0,1024.0,1024.0,1024.0,1024.0,1024.0,1024.0,1024.0,1024.0,1024.0,1024.0,1024.0,1024.0,1024.0,1024.0,1024.0,1024.0,1024.0,1024.0,1024.0,1024.0,1024.0,1024.0,1024.0,1024.0,1024.0,1024.0,1024.0,1024.0,1024.0,1024.0,1024.0,1024.0,1024.0,1024.0,1024.0,1024.0,1024.0,1024.0,1024.0,1024.0,1024.0,1024.0,1024.0,1024.0,1024.0,1024.0,1024.0,1024.0,1024.0,1024.0,1024.0,1024.0,1024.0,1024.0,1024.0,1024.0,1024.0,1024.0,1024.0,1024.0,1024.0,1024.0,1024.0,1024.0,1024.0,1024.0,1024.0,1024.0,1024.0,1024.0,1024.0,1024.0,1024.0,1024.0,1024.0,1024.0,1024.0,1024.0,1024.0,1024.0,1024.0,1024.0,1024.0,1024.0,1024.0,1024.0,1024.0,1024.0,1024.0,1024.0,1024.0,1024.0,1024.0,1024.0,1024.0,1024.0,1024.0,1024.0,1024.0,1024.0,1024.0,1024.0,1024.0,1024.0,1024.0,1024.0,1024.0,1024.0,1024.0,1024.0,1024.0,1024.0,1024.0,1024.0,1024.0,1024.0,1024.0,1024.0,1024.0,1024.0,0.0,0.0,131072.0,0.0,0.0
115,0,1,695,695,32768,512,0,0,108,4,48,64,matmulbias_kernel,158974806501060,158974806523872,116,196,494413.0,1184.0,608.0,0.0,8704.0,150016.0,0.0,0.0,32460443.0,32460443.0,1048576.0,0.0,0.0,4209622.0,0.0,2074.0,2112.0,2112.0,2112.0,2096.0,2082.0,2082.0,2082.0,2082.0,2082.0,2082.0,2096.0,2082.0,2082.0,2082.0,2082.0,2082.0,2082.0,2082.0,2082.0,2082.0,2082.0,2096.0,2080.0,2112.0,2112.0,2112.0,2112.0,2112.0,2112.0,2096.0,2096.0,2096.0,2096.0,2084.0,2072.0,2096.0,2096.0,2096.0,2074.0,2096.0,2096.0,2096.0,2084.0,2074.0,2074.0,2074.0,2074.0,2074.0,2074.0,2074.0,2074.0,2074.0,2074.0,2074.0,2074.0,2074.0,2074.0,2074.0,2074.0,2074.0,2074.0,2072.0,2096.0,2096.0,2096.0,2096.0,2096.0,2096.0,2084.0,2068.0,2088.0,2074.0,2088.0,2088.0,2088.0,2088.0,2088.0,2078.0,2070.0,2070.0,2070.0,2070.0,2074.0,2070.0,2070.0,2070.0,2070.0,2068.0,2088.0,2088.0,2088.0,2088.0,2088.0,2074.0,2088.0,2078.0,2070.0,2070.0,2070.0,2070.0,2070.0,2070.0,2070.0,2070.0,2074.0,2078.0,2078.0,2078.0,2078.0,2078.0,2078.0,2078.0,2078.0,2076.0,2104.0,2072.0,2104.0,2104.0,2104.0,2104.0,2104.0,2090.0,2080.0,2112.0,2112.0,2112.0,2096.0,1024.0,1024.0,1024.0,1024.0,1024.0,1024.0,1024.0,1024.0,1024.0,1024.0,1024.0,1024.0,1024.0,1024.0,1024.0,1024.0,1024.0,1024.0,1024.0,1024.0,1024.0,1024.0,1024.0,1024.0,1024.0,1024.0,1024.0,1024.0,1024.0,1024.0,1024.0,1024.0,1024.0,1024.0,1024.0,1024.0,1024.0,1024.0,1024.0,1024.0,1024.0,1024.0,1024.0,1024.0,1024.0,1024.0,1024.0,1024.0,1024.0,1024.0,1024.0,1024.0,1024.0,1024.0,1024.0,1024.0,1024.0,1024.0,1024.0,1024.0,1024.0,1024.0,1024.0,1024.0,1024.0,1024.0,1024.0,1024.0,1024.0,1024.0,1024.0,1024.0,1024.0,1024.0,1024.0,1024.0,1024.0,1024.0,1024.0,1024.0,1024.0,1024.0,1024.0,1024.0,1024.0,1024.0,1024.0,1024.0,1024.0,1024.0,1024.0,1024.0,1024.0,1024.0,1024.0,1024.0,1024.0,1024.0,1024.0,1024.0,1024.0,1024.0,1024.0,1024.0,1024.0,1024.0,1024.0,1024.0,1024.0,1024.0,1024.0,1024.0,1024.0,1024.0,1024.0,1024.0,1024.0,1024.0,1024.0,1024.0,1024.0,1024.0,1024.0,1024.0,1024.0,1024.0,1024.0,1024.0,0.0,0.0,131072.0,0.0,0.0
116,0,1,695,695,32768,512,0,0,108,4,48,64,matmulbias_kernel,158974806936367,158974806959138,117,196,498565.0,1184.0,608.0,0.0,8704.0,150016.0,0.0,0.0,32536186.0,32536186.0,1048576.0,0.0,0.0,4226607.0,0.0,2074.0,2112.0,2112.0,2112.0,2096.0,2082.0,2082.0,2082.0,2082.0,2082.0,2082.0,2096.0,2082.0,2082.0,2078.0,2078.0,2078.0,2078.0,2078.0,2078.0,2078.0,2078.0,2096.0,2076.0,2104.0,2104.0,2104.0,2104.0,2104.0,2104.0,2090.0,2096.0,2096.0,2096.0,2084.0,2072.0,2096.0,2096.0,2096.0,2074.0,2096.0,2096.0,2096.0,2084.0,2074.0,2074.0,2074.0,2074.0,2074.0,2074.0,2074.0,2074.0,2074.0,2074.0,2074.0,2074.0,2074.0,2074.0,2074.0,2074.0,2074.0,2074.0,2072.0,2096.0,2096.0,2096.0,2096.0,2096.0,2096.0,2084.0,2068.0,2088.0,2074.0,2088.0,2088.0,2088.0,2088.0,2088.0,2078.0,2070.0,2070.0,2070.0,2070.0,2074.0,2070.0,2070.0,2070.0,2070.0,2072.0,2096.0,2096.0,2096.0,2096.0,2096.0,2074.0,2096.0,2084.0,2074.0,2074.0,2074.0,2074.0,2074.0,2074.0,2074.0,2074.0,2074.0,2078.0,2078.0,2078.0,2078.0,2078.0,2078.0,2078.0,2078.0,2076.0,2104.0,2072.0,2104.0,2104.0,2104.0,2104.0,2104.0,2090.0,2080.0,2112.0,2112.0,2112.0,2096.0,1024.0,1024.0,1024.0,1024.0,1024.0,1024.0,1024.0,1024.0,1024.0,1024.0,1024.0,1024.0,1024.0,1024.0,1024.0,1024.0,1024.0,1024.0,1024.0,1024.0,1024.0,1024.0,1024.0,1024.0,1024.0,1024.0,1024.0,1024.0,1024.0,1024.0,1024.0,1024.0,1024.0,1024.0,1024.0,1024.0,1024.0,1024.0,1024.0,1024.0,1024.0,1024.0,1024.0,1024.0,1024.0,1024.0,1024.0,1024.0,1024.0,1024.0,1024.0,1024.0,1024.0,1024.0,1024.0,1024.0,1024.0,1024.0,1024.0,1024.0,1024.0,1024.0,1024.0,1024.0,1024.0,1024.0,1024.0,1024.0,1024.0,1024.0,1024.0,1024.0,1024.0,1024.0,1024.0,1024.0,1024.0,1024.0,1024.0,1024.0,1024.0,1024.0,1024.0,1024.0,1024.0,1024.0,1024.0,1024.0,1024.0,1024.0,1024.0,1024.0,1024.0,1024.0,1024.0,1024.0,1024.0,1024.0,1024.0,1024.0,1024.0,1024.0,1024.0,1024.0,1024.0,1024.0,1024.0,1024.0,1024.0,1024.0,1024.0,1024.0,1024.0,1024.0,1024.0,1024.0,1024.0,1024.0,1024.0,1024.0,1024.0,1024.0,1024.0,1024.0,1024.0,1024.0,1024.0,1024.0,0.0,0.0,131072.0,0.0,0.0
117,0,1,695,695,4194304,256,0,0,12,4,32,64,"void at::native::vectorized_elementwise_kernel<4, at::native::FillFunctor<int>, std::array<char*, 1ul> >(int, at::native::FillFunctor<int>, std::array<char*, 1ul>)",158974807367664,158974807409800,118,121,821962.0,1896.0,608.0,0.0,131072.0,917504.0,65536.0,0.0,556586982.0,556586982.0,0.0,0.0,0.0,11002195.0,1835120.0,0.0,80.0,0.0,0.0,0.0,0.0,0.0,0.0,80.0,100.0,80.0,0.0,80.0,80.0,0.0,0.0,0.0,80.0,100.0,80.0,80.0,80.0,0.0,0.0,0.0,0.0,0.0,80.0,0.0,0.0,0.0,80.0,0.0,0.0,0.0,0.0,0.0,0.0,0.0,0.0,80.0,0.0,0.0,0.0,0.0,0.0,0.0,80.0,100.0,80.0,0.0,80.0,80.0,0.0,0.0,0.0,80.0,100.0,80.0,80.0,80.0,80.0,0.0,0.0,0.0,0.0,80.0,0.0,0.0,0.0,0.0,0.0,100.0,0.0,0.0,80.0,0.0,0.0,0.0,0.0,0.0,0.0,80.0,80.0,100.0,80.0,80.0,80.0,0.0,0.0,0.0,0.0,80.0,0.0,80.0,0.0,0.0,0.0,0.0,0.0,80.0,100.0,80.0,80.0,80.0,80.0,0.0,0.0,0.0,80.0,100.0,80.0,80.0,80.0,0.0,0.0,0.0,0.0,0.0,80.0,0.0,0.0,0.0,0.0,0.0,0.0,0.0,0.0,32768.0,32768.0,32768.0,32768.0,32768.0,32768.0,32768.0,32768.0,32768.0,32768.0,32768.0,32768.0,32768.0,32768.0,32768.0,32768.0,32768.0,32768.0,32768.0,32768.0,32768.0,32768.0,32768.0,32768.0,32768.0,32768.0,32768.0,32768.0,32768.0,32768.0,32768.0,32768.0,32768.0,32768.0,32768.0,32768.0,32768.0,32768.0,32768.0,32768.0,32768.0,32768.0,32768.0,32768.0,32768.0,32768.0,32768.0,32768.0,32768.0,32768.0,32768.0,32768.0,32768.0,32768.0,32768.0,32768.0,32768.0,32768.0,32768.0,32768.0,32768.0,32768.0,32768.0,32768.0,32768.0,32768.0,32768.0,32768.0,32768.0,32768.0,32768.0,32768.0,32768.0,32768.0,32768.0,32768.0,32768.0,32768.0,32768.0,32768.0,32768.0,32768.0,32768.0,32768.0,32768.0,32768.0,32768.0,32768.0,32768.0,32768.0,32768.0,32768.0,32768.0,32768.0,32768.0,32768.0,32768.0,32768.0,32768.0,32768.0,32768.0,32768.0,32768.0,32768.0,32768.0,32768.0,32768.0,32768.0,32768.0,32768.0,32768.0,32768.0,32768.0,32768.0,32768.0,32768.0,32768.0,32768.0,32768.0,32768.0,32768.0,32768.0,32768.0,32768.0,32768.0,32768.0,32768.0,32768.0,0.0,0.0,4194304.0,16376.0,0.0
118,0,1,695,695,32768,512,0,0,108,4,48,64,matmulbias_kernel,158974807823858,158974807846910,119,196,499666.0,1273.0,608.0,0.0,8704.0,150016.0,0.0,0.0,33446638.0,33446638.0,1048576.0,0.0,0.0,4366079.0,0.0,2074.0,2088.0,2088.0,2088.0,2078.0,2070.0,2070.0,2070.0,2070.0,2070.0,2070.0,2096.0,2070.0,2070.0,2070.0,2070.0,2070.0,2070.0,2070.0,2070.0,2070.0,2070.0,2096.0,2068.0,2088.0,2088.0,2088.0,2088.0,2088.0,2088.0,2078.0,2096.0,2096.0,2096.0,2084.0,2068.0,2088.0,2088.0,2088.0,2074.0,2088.0,2088.0,2088.0,2078.0,2070.0,2070.0,2070.0,2070.0,2070.0,2070.0,2074.0,2070.0,2070.0,2074.0,2074.0,2074.0,2074.0,2074.0,2074.0,2074.0,2074.0,2074.0,2072.0,2096.0,2096.0,2096.0,2096.0,2096.0,2096.0,2084.0,2068.0,2088.0,2074.0,2088.0,2088.0,2088.0,2088.0,2088.0,2078.0,2070.0,2070.0,2070.0,2070.0,2074.0,2070.0,2070.0,2070.0,2070.0,2068.0,2088.0,2088.0,2088.0,2088.0,2088.0,2074.0,2088.0,2078.0,2070.0,2070.0,2070.0,2070.0,2070.0,2070.0,2070.0,2070.0,2074.0,2074.0,2074.0,2074.0,2074.0,2074.0,2074.0,2074.0,2074.0,2072.0,2096.0,2072.0,2096.0,2096.0,2096.0,2096.0,2096.0,2084.0,2068.0,2088.0,2088.0,2088.0,2096.0,1024.0,1024.0,1024.0,1024.0,1024.0,1024.0,1024.0,1024.0,1024.0,1024.0,1024.0,1024.0,1024.0,1024.0,1024.0,1024.0,1024.0,1024.0,1024.0,1024.0,1024.0,1024.0,1024.0,1024.0,1024.0,1024.0,1024.0,1024.0,1024.0,1024.0,1024.0,1024.0,1024.0,1024.0,1024.0,1024.0,1024.0,1024.0,1024.0,1024.0,1024.0,1024.0,1024.0,1024.0,1024.0,1024.0,1024.0,1024.0,1024.0,1024.0,1024.0,1024.0,1024.0,1024.0,1024.0,1024.0,1024.0,1024.0,1024.0,1024.0,1024.0,1024.0,1024.0,1024.0,1024.0,1024.0,1024.0,1024.0,1024.0,1024.0,1024.0,1024.0,1024.0,1024.0,1024.0,1024.0,1024.0,1024.0,1024.0,1024.0,1024.0,1024.0,1024.0,1024.0,1024.0,1024.0,1024.0,1024.0,1024.0,1024.0,1024.0,1024.0,1024.0,1024.0,1024.0,1024.0,1024.0,1024.0,1024.0,1024.0,1024.0,1024.0,1024.0,1024.0,1024.0,1024.0,1024.0,1024.0,1024.0,1024.0,1024.0,1024.0,1024.0,1024.0,1024.0,1024.0,1024.0,1024.0,1024.0,1024.0,1024.0,1024.0,1024.0,1024.0,1024.0,1024.0,1024.0,1024.0,0.0,0.0,131072.0,256.0,0.0
119,0,1,695,695,4194304,256,0,0,12,4,32,64,"void at::native::vectorized_elementwise_kernel<4, at::native::FillFunctor<int>, std::array<char*, 1ul> >(int, at::native::FillFunctor<int>, std::array<char*, 1ul>)",158974808253391,158974808295567,120,121,821860.0,1184.0,608.0,0.0,131072.0,917504.0,65536.0,0.0,557887145.0,557887145.0,0.0,0.0,0.0,11048109.0,1835120.0,0.0,80.0,0.0,0.0,0.0,0.0,0.0,0.0,100.0,80.0,80.0,0.0,80.0,80.0,0.0,0.0,0.0,100.0,80.0,80.0,80.0,80.0,0.0,0.0,0.0,0.0,0.0,80.0,0.0,0.0,0.0,80.0,0.0,0.0,0.0,0.0,0.0,0.0,0.0,0.0,80.0,0.0,0.0,0.0,0.0,0.0,0.0,100.0,80.0,80.0,0.0,80.0,80.0,0.0,0.0,0.0,100.0,80.0,80.0,80.0,80.0,100.0,0.0,0.0,0.0,0.0,80.0,0.0,0.0,0.0,0.0,0.0,80.0,0.0,0.0,80.0,0.0,0.0,0.0,0.0,0.0,0.0,100.0,80.0,80.0,80.0,80.0,80.0,0.0,0.0,0.0,0.0,80.0,0.0,80.0,0.0,0.0,0.0,0.0,0.0,100.0,80.0,80.0,80.0,80.0,80.0,0.0,0.0,0.0,100.0,80.0,80.0,80.0,80.0,0.0,0.0,0.0,0.0,0.0,80.0,0.0,0.0,0.0,0.0,0.0,0.0,0.0,0.0,32768.0,32768.0,32768.0,32768.0,32768.0,32768.0,32768.0,32768.0,32768.0,32768.0,32768.0,32768.0,32768.0,32768.0,32768.0,32768.0,32768.0,32768.0,32768.0,32768.0,32768.0,32768.0,32768.0,32768.0,32768.0,32768.0,32768.0,32768.0,32768.0,32768.0,32768.0,32768.0,32768.0,32768.0,32768.0,32768.0,32768.0,32768.0,32768.0,32768.0,32768.0,32768.0,32768.0,32768.0,32768.0,32768.0,32768.0,32768.0,32768.0,32768.0,32768.0,32768.0,32768.0,32768.0,32768.0,32768.0,32768.0,32768.0,32768.0,32768.0,32768.0,32768.0,32768.0,32768.0,32768.0,32768.0,32768.0,32768.0,32768.0,32768.0,32768.0,32768.0,32768.0,32768.0,32768.0,32768.0,32768.0,32768.0,32768.0,32768.0,32768.0,32768.0,32768.0,32768.0,32768.0,32768.0,32768.0,32768.0,32768.0,32768.0,32768.0,32768.0,32768.0,32768.0,32768.0,32768.0,32768.0,32768.0,32768.0,32768.0,32768.0,32768.0,32768.0,32768.0,32768.0,32768.0,32768.0,32768.0,32768.0,32768.0,32768.0,32768.0,32768.0,32768.0,32768.0,32768.0,32768.0,32768.0,32768.0,32768.0,32768.0,32768.0,32768.0,32768.0,32768.0,32768.0,32768.0,32768.0,0.0,0.0,4194304.0,16381.0,0.0
120,0,1,695,695,32768,512,0,0,108,4,48,64,matmulbias_kernel,158974808708784,158974808732036,121,196,512287.0,1184.0,608.0,0.0,8704.0,150016.0,0.0,0.0,33991868.0,33991868.0,1048576.0,0.0,0.0,4525211.0,0.0,2074.0,2096.0,2096.0,2096.0,2084.0,2074.0,2074.0,2074.0,2074.0,2074.0,2074.0,2096.0,2074.0,2074.0,2078.0,2078.0,2078.0,2078.0,2078.0,2078.0,2078.0,2078.0,2096.0,2076.0,2104.0,2104.0,2104.0,2104.0,2104.0,2104.0,2090.0,2096.0,2096.0,2096.0,2084.0,2072.0,2096.0,2096.0,2096.0,2074.0,2096.0,2096.0,2096.0,2084.0,2074.0,2074.0,2074.0,2074.0,2074.0,2074.0,2074.0,2074.0,2074.0,2074.0,2074.0,2074.0,2074.0,2074.0,2074.0,2074.0,2074.0,2074.0,2072.0,2096.0,2096.0,2096.0,2096.0,2096.0,2096.0,2084.0,2072.0,2096.0,2074.0,2096.0,2096.0,2096.0,2096.0,2096.0,2084.0,2074.0,2074.0,2074.0,2074.0,2074.0,2074.0,2074.0,2074.0,2074.0,2068.0,2088.0,2088.0,2088.0,2088.0,2088.0,2074.0,2088.0,2078.0,2070.0,2070.0,2070.0,2070.0,2070.0,2070.0,2070.0,2070.0,2074.0,2074.0,2074.0,2074.0,2074.0,2074.0,2074.0,2074.0,2074.0,2072.0,2096.0,2072.0,2096.0,2096.0,2096.0,2096.0,2096.0,2084.0,2072.0,2096.0,2096.0,2096.0,2096.0,1024.0,1024.0,1024.0,1024.0,1024.0,1024.0,1024.0,1024.0,1024.0,1024.0,1024.0,1024.0,1024.0,1024.0,1024.0,1024.0,1024.0,1024.0,1024.0,1024.0,1024.0,1024.0,1024.0,1024.0,1024.0,1024.0,1024.0,1024.0,1024.0,1024.0,1024.0,1024.0,1024.0,1024.0,1024.0,1024.0,1024.0,1024.0,1024.0,1024.0,1024.0,1024.0,1024.0,1024.0,1024.0,1024.0,1024.0,1024.0,1024.0,1024.0,1024.0,1024.0,1024.0,1024.0,1024.0,1024.0,1024.0,1024.0,1024.0,1024.0,1024.0,1024.0,1024.0,1024.0,1024.0,1024.0,1024.0,1024.0,1024.0,1024.0,1024.0,1024.0,1024.0,1024.0,1024.0,1024.0,1024.0,1024.0,1024.0,1024.0,1024.0,1024.0,1024.0,1024.0,1024.0,1024.0,1024.0,1024.0,1024.0,1024.0,1024.0,1024.0,1024.0,1024.0,1024.0,1024.0,1024.0,1024.0,1024.0,1024.0,1024.0,1024.0,1024.0,1024.0,1024.0,1024.0,1024.0,1024.0,1024.0,1024.0,1024.0,1024.0,1024.0,1024.0,1024.0,1024.0,1024.0,1024.0,1024.0,1024.0,1024.0,1024.0,1024.0,1024.0,1024.0,1024.0,1024.0,1024.0,0.0,0.0,131072.0,256.0,0.0
121,0,1,695,695,4194304,256,0,0,12,4,32,64,"void at::native::vectorized_elementwise_kernel<4, at::native::FillFunctor<int>, std::array<char*, 1ul> >(int, at::native::FillFunctor<int>, std::array<char*, 1ul>)",158974809144371,158974809186667,122,121,807071.0,1184.0,686.0,0.0,131072.0,917504.0,65536.0,0.0,557729716.0,557729716.0,0.0,0.0,0.0,11046108.0,1835103.0,0.0,80.0,0.0,0.0,0.0,0.0,0.0,20.0,80.0,80.0,80.0,0.0,80.0,80.0,0.0,0.0,20.0,80.0,80.0,80.0,80.0,80.0,0.0,0.0,0.0,0.0,0.0,80.0,0.0,0.0,0.0,80.0,0.0,0.0,0.0,0.0,0.0,0.0,0.0,0.0,80.0,0.0,0.0,0.0,0.0,0.0,20.0,80.0,80.0,80.0,20.0,80.0,80.0,0.0,0.0,20.0,80.0,80.0,80.0,80.0,80.0,80.0,0.0,0.0,0.0,0.0,80.0,0.0,0.0,0.0,0.0,0.0,80.0,0.0,0.0,80.0,0.0,0.0,0.0,0.0,0.0,20.0,80.0,80.0,80.0,80.0,80.0,80.0,0.0,0.0,0.0,0.0,80.0,0.0,80.0,0.0,0.0,0.0,0.0,20.0,80.0,80.0,80.0,80.0,80.0,80.0,0.0,0.0,20.0,80.0,80.0,80.0,80.0,80.0,0.0,0.0,0.0,0.0,0.0,80.0,0.0,0.0,0.0,0.0,0.0,0.0,0.0,0.0,32768.0,32768.0,32768.0,32768.0,32768.0,32768.0,32768.0,32768.0,32768.0,32768.0,32768.0,32768.0,32768.0,32768.0,32768.0,32768.0,32768.0,32768.0,32768.0,32768.0,32768.0,32768.0,32768.0,32768.0,32768.0,32768.0,32768.0,32768.0,32768.0,32768.0,32768.0,32768.0,32768.0,32768.0,32768.0,32768.0,32768.0,32768.0,32768.0,32768.0,32768.0,32768.0,32768.0,32768.0,32768.0,32768.0,32768.0,32768.0,32768.0,32768.0,32768.0,32768.0,32768.0,32768.0,32768.0,32768.0,32768.0,32768.0,32768.0,32768.0,32768.0,32768.0,32768.0,32768.0,32768.0,32768.0,32768.0,32768.0,32768.0,32768.0,32768.0,32768.0,32768.0,32768.0,32768.0,32768.0,32768.0,32768.0,32768.0,32768.0,32768.0,32768.0,32768.0,32768.0,32768.0,32768.0,32768.0,32768.0,32768.0,32768.0,32768.0,32768.0,32768.0,32768.0,32768.0,32768.0,32768.0,32768.0,32768.0,32768.0,32768.0,32768.0,32768.0,32768.0,32768.0,32768.0,32768.0,32768.0,32768.0,32768.0,32768.0,32768.0,32768.0,32768.0,32768.0,32768.0,32768.0,32768.0,32768.0,32768.0,32768.0,32768.0,32768.0,32768.0,32768.0,32768.0,32768.0,32768.0,0.0,0.0,4194304.0,16382.0,0.0
122,0,1,695,695,32768,512,0,0,108,4,48,64,matmulbias_kernel,158974809587054,158974809610628,123,196,516392.0,1184.0,608.0,0.0,8704.0,150016.0,0.0,0.0,36032163.0,36032163.0,1048576.0,0.0,0.0,4453844.0,0.0,2070.0,2088.0,2088.0,2088.0,2078.0,2070.0,2070.0,2070.0,2070.0,2070.0,2070.0,2088.0,2070.0,2070.0,2078.0,2078.0,2078.0,2078.0,2078.0,2078.0,2078.0,2078.0,2088.0,2076.0,2104.0,2104.0,2104.0,2104.0,2104.0,2104.0,2090.0,2088.0,2088.0,2088.0,2078.0,2072.0,2096.0,2096.0,2096.0,2070.0,2096.0,2096.0,2096.0,2084.0,2074.0,2074.0,2074.0,2074.0,2074.0,2074.0,2070.0,2074.0,2074.0,2078.0,2078.0,2078.0,2078.0,2078.0,2078.0,2078.0,2078.0,2070.0,2076.0,2104.0,2104.0,2104.0,2104.0,2104.0,2104.0,2090.0,2064.0,2080.0,2070.0,2080.0,2080.0,2080.0,2080.0,2080.0,2072.0,2066.0,2066.0,2066.0,2066.0,2070.0,2066.0,2066.0,2066.0,2066.0,2072.0,2096.0,2096.0,2096.0,2096.0,2096.0,2070.0,2096.0,2084.0,2074.0,2074.0,2074.0,2074.0,2074.0,2074.0,2074.0,2074.0,2070.0,2078.0,2078.0,2078.0,2078.0,2078.0,2078.0,2078.0,2078.0,2076.0,2104.0,2068.0,2104.0,2104.0,2104.0,2104.0,2104.0,2090.0,2068.0,2088.0,2088.0,2088.0,2088.0,1024.0,1024.0,1024.0,1024.0,1024.0,1024.0,1024.0,1024.0,1024.0,1024.0,1024.0,1024.0,1024.0,1024.0,1024.0,1024.0,1024.0,1024.0,1024.0,1024.0,1024.0,1024.0,1024.0,1024.0,1024.0,1024.0,1024.0,1024.0,1024.0,1024.0,1024.0,1024.0,1024.0,1024.0,1024.0,1024.0,1024.0,1024.0,1024.0,1024.0,1024.0,1024.0,1024.0,1024.0,1024.0,1024.0,1024.0,1024.0,1024.0,1024.0,1024.0,1024.0,1024.0,1024.0,1024.0,1024.0,1024.0,1024.0,1024.0,1024.0,1024.0,1024.0,1024.0,1024.0,1024.0,1024.0,1024.0,1024.0,1024.0,1024.0,1024.0,1024.0,1024.0,1024.0,1024.0,1024.0,1024.0,1024.0,1024.0,1024.0,1024.0,1024.0,1024.0,1024.0,1024.0,1024.0,1024.0,1024.0,1024.0,1024.0,1024.0,1024.0,1024.0,1024.0,1024.0,1024.0,1024.0,1024.0,1024.0,1024.0,1024.0,1024.0,1024.0,1024.0,1024.0,1024.0,1024.0,1024.0,1024.0,1024.0,1024.0,1024.0,1024.0,1024.0,1024.0,1024.0,1024.0,1024.0,1024.0,1024.0,1024.0,1024.0,1024.0,1024.0,1024.0,1024.0,1024.0,1024.0,0.0,0.0,131072.0,256.0,0.0
123,0,1,695,695,4194304,256,0,0,12,4,32,64,"void at::native::vectorized_elementwise_kernel<4, at::native::FillFunctor<int>, std::array<char*, 1ul> >(int, at::native::FillFunctor<int>, std::array<char*, 1ul>)",158974810026971,158974810069748,124,121,828400.0,1184.0,608.0,0.0,131072.0,917504.0,65536.0,0.0,559420682.0,559420682.0,0.0,0.0,0.0,11087880.0,1835120.0,0.0,80.0,0.0,0.0,0.0,0.0,20.0,0.0,80.0,80.0,80.0,0.0,80.0,80.0,0.0,20.0,0.0,80.0,80.0,80.0,80.0,80.0,0.0,0.0,0.0,0.0,0.0,80.0,0.0,0.0,0.0,80.0,0.0,0.0,0.0,0.0,0.0,0.0,0.0,20.0,80.0,0.0,0.0,0.0,0.0,20.0,0.0,80.0,80.0,80.0,0.0,80.0,80.0,0.0,20.0,0.0,80.0,80.0,80.0,80.0,80.0,80.0,0.0,0.0,0.0,0.0,80.0,0.0,0.0,0.0,0.0,0.0,80.0,0.0,0.0,80.0,0.0,0.0,0.0,0.0,20.0,0.0,80.0,80.0,80.0,80.0,80.0,80.0,0.0,0.0,0.0,0.0,80.0,0.0,80.0,0.0,0.0,0.0,20.0,0.0,80.0,80.0,80.0,80.0,80.0,80.0,0.0,20.0,0.0,80.0,80.0,80.0,80.0,80.0,0.0,0.0,0.0,0.0,0.0,80.0,0.0,0.0,0.0,0.0,0.0,0.0,0.0,0.0,32768.0,32768.0,32768.0,32768.0,32768.0,32768.0,32768.0,32768.0,32768.0,32768.0,32768.0,32768.0,32768.0,32768.0,32768.0,32768.0,32768.0,32768.0,32768.0,32768.0,32768.0,32768.0,32768.0,32768.0,32768.0,32768.0,32768.0,32768.0,32768.0,32768.0,32768.0,32768.0,32768.0,32768.0,32768.0,32768.0,32768.0,32768.0,32768.0,32768.0,32768.0,32768.0,32768.0,32768.0,32768.0,32768.0,32768.0,32768.0,32768.0,32768.0,32768.0,32768.0,32768.0,32768.0,32768.0,32768.0,32768.0,32768.0,32768.0,32768.0,32768.0,32768.0,32768.0,32768.0,32768.0,32768.0,32768.0,32768.0,32768.0,32768.0,32768.0,32768.0,32768.0,32768.0,32768.0,32768.0,32768.0,32768.0,32768.0,32768.0,32768.0,32768.0,32768.0,32768.0,32768.0,32768.0,32768.0,32768.0,32768.0,32768.0,32768.0,32768.0,32768.0,32768.0,32768.0,32768.0,32768.0,32768.0,32768.0,32768.0,32768.0,32768.0,32768.0,32768.0,32768.0,32768.0,32768.0,32768.0,32768.0,32768.0,32768.0,32768.0,32768.0,32768.0,32768.0,32768.0,32768.0,32768.0,32768.0,32768.0,32768.0,32768.0,32768.0,32768.0,32768.0,32768.0,32768.0,32768.0,0.0,0.0,4194304.0,16375.0,0.0
124,0,1,695,695,32768,512,0,0,108,4,48,64,matmulbias_kernel,158974810473062,158974810496996,125,196,522695.0,1184.0,608.0,0.0,8704.0,150016.0,0.0,0.0,38292409.0,38292409.0,1048576.0,0.0,0.0,4481568.0,0.0,2066.0,2104.0,2104.0,2104.0,2090.0,2078.0,2078.0,2078.0,2078.0,2078.0,2078.0,2080.0,2078.0,2078.0,2078.0,2078.0,2078.0,2078.0,2078.0,2078.0,2078.0,2078.0,2080.0,2076.0,2104.0,2104.0,2104.0,2104.0,2104.0,2104.0,2090.0,2080.0,2080.0,2080.0,2072.0,2076.0,2104.0,2104.0,2104.0,2066.0,2104.0,2104.0,2104.0,2090.0,2078.0,2078.0,2078.0,2078.0,2078.0,2078.0,2066.0,2078.0,2078.0,2074.0,2074.0,2074.0,2074.0,2074.0,2074.0,2074.0,2074.0,2066.0,2072.0,2096.0,2096.0,2096.0,2096.0,2096.0,2096.0,2084.0,2080.0,2112.0,2066.0,2112.0,2112.0,2112.0,2112.0,2112.0,2096.0,2082.0,2082.0,2082.0,2082.0,2066.0,2082.0,2082.0,2082.0,2082.0,2068.0,2088.0,2088.0,2088.0,2088.0,2088.0,2066.0,2088.0,2078.0,2070.0,2070.0,2070.0,2070.0,2070.0,2070.0,2070.0,2070.0,2066.0,2078.0,2078.0,2078.0,2078.0,2078.0,2078.0,2078.0,2078.0,2076.0,2104.0,2064.0,2104.0,2104.0,2104.0,2104.0,2104.0,2090.0,2076.0,2104.0,2104.0,2104.0,2080.0,1024.0,1024.0,1024.0,1024.0,1024.0,1024.0,1024.0,1024.0,1024.0,1024.0,1024.0,1024.0,1024.0,1024.0,1024.0,1024.0,1024.0,1024.0,1024.0,1024.0,1024.0,1024.0,1024.0,1024.0,1024.0,1024.0,1024.0,1024.0,1024.0,1024.0,1024.0,1024.0,1024.0,1024.0,1024.0,1024.0,1024.0,1024.0,1024.0,1024.0,1024.0,1024.0,1024.0,1024.0,1024.0,1024.0,1024.0,1024.0,1024.0,1024.0,1024.0,1024.0,1024.0,1024.0,1024.0,1024.0,1024.0,1024.0,1024.0,1024.0,1024.0,1024.0,1024.0,1024.0,1024.0,1024.0,1024.0,1024.0,1024.0,1024.0,1024.0,1024.0,1024.0,1024.0,1024.0,1024.0,1024.0,1024.0,1024.0,1024.0,1024.0,1024.0,1024.0,1024.0,1024.0,1024.0,1024.0,1024.0,1024.0,1024.0,1024.0,1024.0,1024.0,1024.0,1024.0,1024.0,1024.0,1024.0,1024.0,1024.0,1024.0,1024.0,1024.0,1024.0,1024.0,1024.0,1024.0,1024.0,1024.0,1024.0,1024.0,1024.0,1024.0,1024.0,1024.0,1024.0,1024.0,1024.0,1024.0,1024.0,1024.0,1024.0,1024.0,1024.0,1024.0,1024.0,1024.0,1024.0,0.0,0.0,131072.0,256.0,0.0
125,0,1,695,695,4194304,256,0,0,12,4,32,64,"void at::native::vectorized_elementwise_kernel<4, at::native::FillFunctor<int>, std::array<char*, 1ul> >(int, at::native::FillFunctor<int>, std::array<char*, 1ul>)",158974810913460,158974810955716,126,121,820045.0,1184.0,608.0,0.0,131072.0,917504.0,65536.0,0.0,556635124.0,556635124.0,0.0,0.0,0.0,11017957.0,1835120.0,20.0,80.0,0.0,0.0,0.0,20.0,0.0,0.0,80.0,80.0,80.0,0.0,80.0,80.0,20.0,0.0,0.0,80.0,80.0,80.0,80.0,80.0,0.0,0.0,0.0,0.0,0.0,80.0,0.0,0.0,0.0,80.0,0.0,0.0,0.0,0.0,0.0,0.0,0.0,0.0,80.0,0.0,0.0,0.0,20.0,0.0,0.0,80.0,80.0,80.0,0.0,80.0,80.0,20.0,0.0,0.0,80.0,80.0,80.0,80.0,80.0,80.0,0.0,0.0,0.0,0.0,80.0,0.0,0.0,0.0,0.0,0.0,80.0,0.0,0.0,80.0,0.0,0.0,0.0,20.0,0.0,0.0,80.0,80.0,80.0,80.0,80.0,80.0,0.0,0.0,0.0,0.0,80.0,0.0,80.0,0.0,0.0,20.0,0.0,0.0,80.0,80.0,80.0,80.0,80.0,80.0,20.0,0.0,0.0,80.0,80.0,80.0,80.0,80.0,0.0,0.0,0.0,0.0,0.0,80.0,0.0,0.0,0.0,0.0,0.0,0.0,0.0,0.0,32768.0,32768.0,32768.0,32768.0,32768.0,32768.0,32768.0,32768.0,32768.0,32768.0,32768.0,32768.0,32768.0,32768.0,32768.0,32768.0,32768.0,32768.0,32768.0,32768.0,32768.0,32768.0,32768.0,32768.0,32768.0,32768.0,32768.0,32768.0,32768.0,32768.0,32768.0,32768.0,32768.0,32768.0,32768.0,32768.0,32768.0,32768.0,32768.0,32768.0,32768.0,32768.0,32768.0,32768.0,32768.0,32768.0,32768.0,32768.0,32768.0,32768.0,32768.0,32768.0,32768.0,32768.0,32768.0,32768.0,32768.0,32768.0,32768.0,32768.0,32768.0,32768.0,32768.0,32768.0,32768.0,32768.0,32768.0,32768.0,32768.0,32768.0,32768.0,32768.0,32768.0,32768.0,32768.0,32768.0,32768.0,32768.0,32768.0,32768.0,32768.0,32768.0,32768.0,32768.0,32768.0,32768.0,32768.0,32768.0,32768.0,32768.0,32768.0,32768.0,32768.0,32768.0,32768.0,32768.0,32768.0,32768.0,32768.0,32768.0,32768.0,32768.0,32768.0,32768.0,32768.0,32768.0,32768.0,32768.0,32768.0,32768.0,32768.0,32768.0,32768.0,32768.0,32768.0,32768.0,32768.0,32768.0,32768.0,32768.0,32768.0,32768.0,32768.0,32768.0,32768.0,32768.0,32768.0,32768.0,0.0,0.0,4194304.0,16375.0,0.0
126,0,1,695,695,32768,512,0,0,108,4,48,64,matmulbias_kernel,158974811369855,158974811394070,127,196,532558.0,1273.0,608.0,0.0,8704.0,150016.0,0.0,0.0,40310889.0,40310889.0,1048576.0,0.0,0.0,4643270.0,0.0,2078.0,2096.0,2096.0,2096.0,2084.0,2074.0,2074.0,2074.0,2074.0,2074.0,2074.0,2104.0,2074.0,2074.0,2070.0,2070.0,2070.0,2070.0,2070.0,2070.0,2070.0,2070.0,2104.0,2068.0,2088.0,2088.0,2088.0,2088.0,2088.0,2088.0,2078.0,2104.0,2104.0,2104.0,2090.0,2072.0,2096.0,2096.0,2096.0,2078.0,2096.0,2096.0,2096.0,2084.0,2074.0,2074.0,2074.0,2074.0,2074.0,2074.0,2078.0,2074.0,2074.0,2082.0,2082.0,2082.0,2082.0,2082.0,2082.0,2082.0,2082.0,2078.0,2080.0,2112.0,2112.0,2112.0,2112.0,2112.0,2112.0,2096.0,2072.0,2096.0,2078.0,2096.0,2096.0,2096.0,2096.0,2096.0,2084.0,2074.0,2074.0,2074.0,2074.0,2078.0,2074.0,2074.0,2074.0,2074.0,2072.0,2096.0,2096.0,2096.0,2096.0,2096.0,2078.0,2096.0,2084.0,2074.0,2074.0,2074.0,2074.0,2074.0,2074.0,2074.0,2074.0,2078.0,2074.0,2074.0,2074.0,2074.0,2074.0,2074.0,2074.0,2074.0,2072.0,2096.0,2076.0,2096.0,2096.0,2096.0,2096.0,2096.0,2084.0,2072.0,2096.0,2096.0,2096.0,2104.0,1024.0,1024.0,1024.0,1024.0,1024.0,1024.0,1024.0,1024.0,1024.0,1024.0,1024.0,1024.0,1024.0,1024.0,1024.0,1024.0,1024.0,1024.0,1024.0,1024.0,1024.0,1024.0,1024.0,1024.0,1024.0,1024.0,1024.0,1024.0,1024.0,1024.0,1024.0,1024.0,1024.0,1024.0,1024.0,1024.0,1024.0,1024.0,1024.0,1024.0,1024.0,1024.0,1024.0,1024.0,1024.0,1024.0,1024.0,1024.0,1024.0,1024.0,1024.0,1024.0,1024.0,1024.0,1024.0,1024.0,1024.0,1024.0,1024.0,1024.0,1024.0,1024.0,1024.0,1024.0,1024.0,1024.0,1024.0,1024.0,1024.0,1024.0,1024.0,1024.0,1024.0,1024.0,1024.0,1024.0,1024.0,1024.0,1024.0,1024.0,1024.0,1024.0,1024.0,1024.0,1024.0,1024.0,1024.0,1024.0,1024.0,1024.0,1024.0,1024.0,1024.0,1024.0,1024.0,1024.0,1024.0,1024.0,1024.0,1024.0,1024.0,1024.0,1024.0,1024.0,1024.0,1024.0,1024.0,1024.0,1024.0,1024.0,1024.0,1024.0,1024.0,1024.0,1024.0,1024.0,1024.0,1024.0,1024.0,1024.0,1024.0,1024.0,1024.0,1024.0,1024.0,1024.0,1024.0,1024.0,0.0,0.0,131072.0,256.0,0.0
127,0,1,695,695,4194304,256,0,0,12,4,32,64,"void at::native::vectorized_elementwise_kernel<4, at::native::FillFunctor<int>, std::array<char*, 1ul> >(int, at::native::FillFunctor<int>, std::array<char*, 1ul>)",158974811800230,158974811842526,128,121,823195.0,1184.0,608.0,0.0,131072.0,917504.0,65536.0,0.0,558062005.0,558062005.0,0.0,0.0,0.0,11038646.0,1835120.0,0.0,80.0,0.0,0.0,0.0,0.0,0.0,0.0,80.0,80.0,80.0,0.0,80.0,80.0,0.0,0.0,0.0,80.0,80.0,80.0,80.0,80.0,20.0,0.0,0.0,0.0,20.0,80.0,0.0,0.0,0.0,80.0,0.0,0.0,0.0,0.0,0.0,0.0,20.0,0.0,80.0,0.0,0.0,0.0,0.0,0.0,0.0,80.0,80.0,80.0,0.0,80.0,80.0,0.0,0.0,0.0,80.0,80.0,80.0,80.0,80.0,80.0,0.0,0.0,0.0,20.0,80.0,0.0,0.0,0.0,0.0,0.0,80.0,0.0,20.0,80.0,0.0,0.0,0.0,0.0,0.0,0.0,80.0,80.0,80.0,80.0,80.0,80.0,0.0,0.0,0.0,20.0,80.0,0.0,80.0,0.0,0.0,0.0,0.0,0.0,80.0,80.0,80.0,80.0,80.0,80.0,0.0,0.0,0.0,80.0,80.0,80.0,80.0,80.0,0.0,0.0,0.0,0.0,20.0,80.0,0.0,0.0,0.0,0.0,0.0,0.0,20.0,0.0,32768.0,32768.0,32768.0,32768.0,32768.0,32768.0,32768.0,32768.0,32768.0,32768.0,32768.0,32768.0,32768.0,32768.0,32768.0,32768.0,32768.0,32768.0,32768.0,32768.0,32768.0,32768.0,32768.0,32768.0,32768.0,32768.0,32768.0,32768.0,32768.0,32768.0,32768.0,32768.0,32768.0,32768.0,32768.0,32768.0,32768.0,32768.0,32768.0,32768.0,32768.0,32768.0,32768.0,32768.0,32768.0,32768.0,32768.0,32768.0,32768.0,32768.0,32768.0,32768.0,32768.0,32768.0,32768.0,32768.0,32768.0,32768.0,32768.0,32768.0,32768.0,32768.0,32768.0,32768.0,32768.0,32768.0,32768.0,32768.0,32768.0,32768.0,32768.0,32768.0,32768.0,32768.0,32768.0,32768.0,32768.0,32768.0,32768.0,32768.0,32768.0,32768.0,32768.0,32768.0,32768.0,32768.0,32768.0,32768.0,32768.0,32768.0,32768.0,32768.0,32768.0,32768.0,32768.0,32768.0,32768.0,32768.0,32768.0,32768.0,32768.0,32768.0,32768.0,32768.0,32768.0,32768.0,32768.0,32768.0,32768.0,32768.0,32768.0,32768.0,32768.0,32768.0,32768.0,32768.0,32768.0,32768.0,32768.0,32768.0,32768.0,32768.0,32768.0,32768.0,32768.0,32768.0,32768.0,32768.0,0.0,0.0,4194304.0,16373.0,0.0
128,0,1,695,695,32768,512,0,0,108,4,48,64,matmulbias_kernel,158974812252054,158974812276349,129,196,526784.0,1184.0,608.0,0.0,8704.0,150016.0,0.0,0.0,40585086.0,40585086.0,1048576.0,0.0,0.0,4529462.0,0.0,2074.0,2104.0,2104.0,2104.0,2090.0,2078.0,2078.0,2078.0,2078.0,2078.0,2078.0,2096.0,2078.0,2078.0,2070.0,2070.0,2070.0,2070.0,2070.0,2070.0,2070.0,2070.0,2096.0,2068.0,2088.0,2088.0,2088.0,2088.0,2088.0,2088.0,2078.0,2096.0,2096.0,2096.0,2084.0,2076.0,2104.0,2104.0,2104.0,2074.0,2104.0,2104.0,2104.0,2090.0,2078.0,2078.0,2078.0,2078.0,2078.0,2078.0,2074.0,2078.0,2078.0,2074.0,2074.0,2074.0,2074.0,2074.0,2074.0,2074.0,2074.0,2074.0,2072.0,2096.0,2096.0,2096.0,2096.0,2096.0,2096.0,2084.0,2072.0,2096.0,2074.0,2096.0,2096.0,2096.0,2096.0,2096.0,2084.0,2074.0,2074.0,2074.0,2074.0,2074.0,2074.0,2074.0,2074.0,2074.0,2068.0,2088.0,2088.0,2088.0,2088.0,2088.0,2074.0,2088.0,2078.0,2070.0,2070.0,2070.0,2070.0,2070.0,2070.0,2070.0,2070.0,2074.0,2074.0,2074.0,2074.0,2074.0,2074.0,2074.0,2074.0,2074.0,2072.0,2096.0,2072.0,2096.0,2096.0,2096.0,2096.0,2096.0,2084.0,2076.0,2104.0,2104.0,2104.0,2096.0,1024.0,1024.0,1024.0,1024.0,1024.0,1024.0,1024.0,1024.0,1024.0,1024.0,1024.0,1024.0,1024.0,1024.0,1024.0,1024.0,1024.0,1024.0,1024.0,1024.0,1024.0,1024.0,1024.0,1024.0,1024.0,1024.0,1024.0,1024.0,1024.0,1024.0,1024.0,1024.0,1024.0,1024.0,1024.0,1024.0,1024.0,1024.0,1024.0,1024.0,1024.0,1024.0,1024.0,1024.0,1024.0,1024.0,1024.0,1024.0,1024.0,1024.0,1024.0,1024.0,1024.0,1024.0,1024.0,1024.0,1024.0,1024.0,1024.0,1024.0,1024.0,1024.0,1024.0,1024.0,1024.0,1024.0,1024.0,1024.0,1024.0,1024.0,1024.0,1024.0,1024.0,1024.0,1024.0,1024.0,1024.0,1024.0,1024.0,1024.0,1024.0,1024.0,1024.0,1024.0,1024.0,1024.0,1024.0,1024.0,1024.0,1024.0,1024.0,1024.0,1024.0,1024.0,1024.0,1024.0,1024.0,1024.0,1024.0,1024.0,1024.0,1024.0,1024.0,1024.0,1024.0,1024.0,1024.0,1024.0,1024.0,1024.0,1024.0,1024.0,1024.0,1024.0,1024.0,1024.0,1024.0,1024.0,1024.0,1024.0,1024.0,1024.0,1024.0,1024.0,1024.0,1024.0,1024.0,1024.0,0.0,0.0,131072.0,256.0,0.0
129,0,1,695,695,4194304,256,0,0,12,4,32,64,"void at::native::vectorized_elementwise_kernel<4, at::native::FillFunctor<int>, std::array<char*, 1ul> >(int, at::native::FillFunctor<int>, std::array<char*, 1ul>)",158974812681548,158974812723843,130,121,825571.0,1184.0,608.0,0.0,131072.0,917504.0,65536.0,0.0,558020376.0,558020376.0,0.0,0.0,0.0,11050252.0,1835120.0,0.0,80.0,0.0,0.0,0.0,0.0,0.0,0.0,80.0,80.0,80.0,20.0,80.0,80.0,0.0,0.0,0.0,80.0,80.0,80.0,80.0,80.0,0.0,0.0,0.0,20.0,0.0,80.0,0.0,0.0,0.0,80.0,0.0,0.0,0.0,0.0,0.0,20.0,0.0,0.0,80.0,0.0,0.0,0.0,0.0,0.0,0.0,80.0,80.0,80.0,0.0,80.0,80.0,0.0,0.0,0.0,80.0,80.0,80.0,80.0,80.0,80.0,0.0,0.0,20.0,0.0,80.0,0.0,0.0,0.0,0.0,0.0,80.0,20.0,0.0,80.0,0.0,0.0,0.0,0.0,0.0,0.0,80.0,80.0,80.0,80.0,80.0,80.0,0.0,0.0,20.0,0.0,80.0,0.0,80.0,0.0,0.0,0.0,0.0,0.0,80.0,80.0,80.0,80.0,80.0,80.0,0.0,0.0,0.0,80.0,80.0,80.0,80.0,80.0,0.0,0.0,0.0,20.0,0.0,80.0,0.0,0.0,0.0,0.0,0.0,20.0,0.0,0.0,32768.0,32768.0,32768.0,32768.0,32768.0,32768.0,32768.0,32768.0,32768.0,32768.0,32768.0,32768.0,32768.0,32768.0,32768.0,32768.0,32768.0,32768.0,32768.0,32768.0,32768.0,32768.0,32768.0,32768.0,32768.0,32768.0,32768.0,32768.0,32768.0,32768.0,32768.0,32768.0,32768.0,32768.0,32768.0,32768.0,32768.0,32768.0,32768.0,32768.0,32768.0,32768.0,32768.0,32768.0,32768.0,32768.0,32768.0,32768.0,32768.0,32768.0,32768.0,32768.0,32768.0,32768.0,32768.0,32768.0,32768.0,32768.0,32768.0,32768.0,32768.0,32768.0,32768.0,32768.0,32768.0,32768.0,32768.0,32768.0,32768.0,32768.0,32768.0,32768.0,32768.0,32768.0,32768.0,32768.0,32768.0,32768.0,32768.0,32768.0,32768.0,32768.0,32768.0,32768.0,32768.0,32768.0,32768.0,32768.0,32768.0,32768.0,32768.0,32768.0,32768.0,32768.0,32768.0,32768.0,32768.0,32768.0,32768.0,32768.0,32768.0,32768.0,32768.0,32768.0,32768.0,32768.0,32768.0,32768.0,32768.0,32768.0,32768.0,32768.0,32768.0,32768.0,32768.0,32768.0,32768.0,32768.0,32768.0,32768.0,32768.0,32768.0,32768.0,32768.0,32768.0,32768.0,32768.0,32768.0,0.0,0.0,4194304.0,16377.0,0.0
130,0,1,695,695,32768,512,0,0,108,4,48,64,matmulbias_kernel,158974813135857,158974813160553,131,196,552972.0,1184.0,7915.0,0.0,8704.0,150016.0,0.0,0.0,42770069.0,42770069.0,1048576.0,0.0,0.0,4561247.0,0.0,2078.0,2104.0,2104.0,2104.0,2091.0,2078.0,2078.0,2078.0,2078.0,2078.0,2078.0,2104.0,2078.0,2078.0,2078.0,2078.0,2078.0,2078.0,2078.0,2078.0,2078.0,2078.0,2105.0,2076.0,2104.0,2104.0,2105.0,2104.0,2104.0,2104.0,2091.0,2104.0,2104.0,2104.0,2091.0,2072.0,2096.0,2096.0,2097.0,2078.0,2096.0,2096.0,2096.0,2085.0,2074.0,2074.0,2074.0,2074.0,2074.0,2074.0,2078.0,2074.0,2074.0,2078.0,2078.0,2078.0,2078.0,2078.0,2078.0,2078.0,2078.0,2078.0,2076.0,2104.0,2104.0,2105.0,2104.0,2104.0,2104.0,2091.0,2072.0,2096.0,2078.0,2096.0,2097.0,2096.0,2096.0,2096.0,2085.0,2074.0,2074.0,2074.0,2074.0,2078.0,2074.0,2074.0,2074.0,2074.0,2064.0,2080.0,2080.0,2081.0,2080.0,2080.0,2078.0,2080.0,2073.0,2066.0,2066.0,2066.0,2066.0,2066.0,2066.0,2066.0,2066.0,2078.0,2074.0,2074.0,2074.0,2074.0,2074.0,2074.0,2074.0,2074.0,2072.0,2096.0,2076.0,2096.0,2097.0,2096.0,2096.0,2096.0,2085.0,2076.0,2104.0,2104.0,2105.0,2104.0,1024.0,1024.0,1024.0,1024.0,1024.0,1024.0,1024.0,1024.0,1024.0,1024.0,1024.0,1024.0,1024.0,1024.0,1024.0,1024.0,1024.0,1024.0,1024.0,1024.0,1024.0,1024.0,1024.0,1024.0,1024.0,1024.0,1024.0,1024.0,1024.0,1024.0,1024.0,1024.0,1024.0,1024.0,1024.0,1024.0,1024.0,1024.0,1024.0,1024.0,1024.0,1024.0,1024.0,1024.0,1024.0,1024.0,1024.0,1024.0,1024.0,1024.0,1024.0,1024.0,1024.0,1024.0,1024.0,1024.0,1024.0,1024.0,1024.0,1024.0,1024.0,1024.0,1024.0,1024.0,1024.0,1024.0,1024.0,1024.0,1024.0,1024.0,1024.0,1024.0,1024.0,1024.0,1024.0,1024.0,1024.0,1024.0,1024.0,1024.0,1024.0,1024.0,1024.0,1024.0,1024.0,1024.0,1024.0,1024.0,1024.0,1024.0,1024.0,1024.0,1024.0,1024.0,1024.0,1024.0,1024.0,1024.0,1024.0,1024.0,1024.0,1024.0,1024.0,1024.0,1024.0,1024.0,1024.0,1024.0,1024.0,1024.0,1024.0,1024.0,1024.0,1024.0,1024.0,1024.0,1024.0,1024.0,1024.0,1024.0,1024.0,1024.0,1024.0,1024.0,1024.0,1024.0,1024.0,1024.0,0.0,0.0,131072.0,256.0,0.0
131,0,1,695,695,4194304,256,0,0,12,4,32,64,"void at::native::vectorized_elementwise_kernel<4, at::native::FillFunctor<int>, std::array<char*, 1ul> >(int, at::native::FillFunctor<int>, std::array<char*, 1ul>)",158974813572046,158974813614302,132,121,821057.0,1184.0,608.0,0.0,131072.0,917504.0,65536.0,0.0,557865000.0,557865000.0,0.0,0.0,0.0,11063841.0,1835113.0,0.0,80.0,0.0,0.0,0.0,0.0,0.0,0.0,80.0,80.0,80.0,0.0,80.0,80.0,0.0,0.0,0.0,80.0,80.0,80.0,80.0,80.0,0.0,0.0,20.0,0.0,0.0,80.0,0.0,0.0,0.0,80.0,0.0,0.0,0.0,0.0,20.0,0.0,0.0,0.0,80.0,0.0,0.0,0.0,0.0,0.0,0.0,80.0,80.0,80.0,0.0,80.0,80.0,0.0,0.0,0.0,80.0,80.0,80.0,80.0,80.0,80.0,0.0,20.0,0.0,0.0,80.0,0.0,0.0,0.0,0.0,20.0,80.0,0.0,0.0,80.0,0.0,0.0,0.0,0.0,0.0,0.0,80.0,80.0,80.0,80.0,80.0,80.0,0.0,20.0,0.0,0.0,80.0,0.0,80.0,0.0,0.0,0.0,0.0,0.0,80.0,80.0,80.0,80.0,80.0,80.0,0.0,0.0,0.0,80.0,80.0,80.0,80.0,80.0,0.0,20.0,0.0,0.0,0.0,80.0,0.0,0.0,0.0,0.0,20.0,0.0,0.0,20.0,32768.0,32768.0,32768.0,32768.0,32768.0,32768.0,32768.0,32768.0,32768.0,32768.0,32768.0,32768.0,32768.0,32768.0,32768.0,32768.0,32768.0,32768.0,32768.0,32768.0,32768.0,32768.0,32768.0,32768.0,32768.0,32768.0,32768.0,32768.0,32768.0,32768.0,32768.0,32768.0,32768.0,32768.0,32768.0,32768.0,32768.0,32768.0,32768.0,32768.0,32768.0,32768.0,32768.0,32768.0,32768.0,32768.0,32768.0,32768.0,32768.0,32768.0,32768.0,32768.0,32768.0,32768.0,32768.0,32768.0,32768.0,32768.0,32768.0,32768.0,32768.0,32768.0,32768.0,32768.0,32768.0,32768.0,32768.0,32768.0,32768.0,32768.0,32768.0,32768.0,32768.0,32768.0,32768.0,32768.0,32768.0,32768.0,32768.0,32768.0,32768.0,32768.0,32768.0,32768.0,32768.0,32768.0,32768.0,32768.0,32768.0,32768.0,32768.0,32768.0,32768.0,32768.0,32768.0,32768.0,32768.0,32768.0,32768.0,32768.0,32768.0,32768.0,32768.0,32768.0,32768.0,32768.0,32768.0,32768.0,32768.0,32768.0,32768.0,32768.0,32768.0,32768.0,32768.0,32768.0,32768.0,32768.0,32768.0,32768.0,32768.0,32768.0,32768.0,32768.0,32768.0,32768.0,32768.0,32768.0,0.0,0.0,4194304.0,16369.0,0.0
132,0,1,695,695,32768,512,0,0,108,4,48,64,matmulbias_kernel,158974814020021,158974814045679,133,196,546926.0,1184.0,608.0,0.0,8704.0,150016.0,0.0,0.0,45673610.0,45673610.0,1048576.0,0.0,0.0,4675175.0,0.0,2074.0,2104.0,2104.0,2104.0,2090.0,2078.0,2078.0,2078.0,2078.0,2078.0,2078.0,2096.0,2078.0,2078.0,2078.0,2078.0,2078.0,2078.0,2078.0,2078.0,2078.0,2078.0,2096.0,2076.0,2104.0,2104.0,2104.0,2104.0,2104.0,2104.0,2090.0,2096.0,2096.0,2096.0,2084.0,2072.0,2096.0,2096.0,2096.0,2074.0,2096.0,2096.0,2096.0,2084.0,2074.0,2074.0,2074.0,2074.0,2074.0,2074.0,2074.0,2074.0,2074.0,2078.0,2078.0,2078.0,2078.0,2078.0,2078.0,2078.0,2078.0,2074.0,2076.0,2104.0,2104.0,2104.0,2104.0,2104.0,2104.0,2090.0,2072.0,2096.0,2074.0,2096.0,2096.0,2096.0,2096.0,2096.0,2084.0,2074.0,2074.0,2074.0,2074.0,2074.0,2074.0,2074.0,2074.0,2074.0,2076.0,2104.0,2104.0,2104.0,2104.0,2104.0,2074.0,2104.0,2090.0,2078.0,2078.0,2078.0,2078.0,2078.0,2078.0,2078.0,2078.0,2074.0,2078.0,2078.0,2078.0,2078.0,2078.0,2078.0,2078.0,2078.0,2076.0,2104.0,2072.0,2104.0,2104.0,2104.0,2104.0,2104.0,2090.0,2076.0,2104.0,2104.0,2104.0,2096.0,1024.0,1024.0,1024.0,1024.0,1024.0,1024.0,1024.0,1024.0,1024.0,1024.0,1024.0,1024.0,1024.0,1024.0,1024.0,1024.0,1024.0,1024.0,1024.0,1024.0,1024.0,1024.0,1024.0,1024.0,1024.0,1024.0,1024.0,1024.0,1024.0,1024.0,1024.0,1024.0,1024.0,1024.0,1024.0,1024.0,1024.0,1024.0,1024.0,1024.0,1024.0,1024.0,1024.0,1024.0,1024.0,1024.0,1024.0,1024.0,1024.0,1024.0,1024.0,1024.0,1024.0,1024.0,1024.0,1024.0,1024.0,1024.0,1024.0,1024.0,1024.0,1024.0,1024.0,1024.0,1024.0,1024.0,1024.0,1024.0,1024.0,1024.0,1024.0,1024.0,1024.0,1024.0,1024.0,1024.0,1024.0,1024.0,1024.0,1024.0,1024.0,1024.0,1024.0,1024.0,1024.0,1024.0,1024.0,1024.0,1024.0,1024.0,1024.0,1024.0,1024.0,1024.0,1024.0,1024.0,1024.0,1024.0,1024.0,1024.0,1024.0,1024.0,1024.0,1024.0,1024.0,1024.0,1024.0,1024.0,1024.0,1024.0,1024.0,1024.0,1024.0,1024.0,1024.0,1024.0,1024.0,1024.0,1024.0,1024.0,1024.0,1024.0,1024.0,1024.0,1024.0,1024.0,1024.0,1024.0,0.0,0.0,131072.0,256.0,0.0
133,0,1,695,695,4194304,256,0,0,12,4,32,64,"void at::native::vectorized_elementwise_kernel<4, at::native::FillFunctor<int>, std::array<char*, 1ul> >(int, at::native::FillFunctor<int>, std::array<char*, 1ul>)",158974814461021,158974814503397,134,121,825153.0,1184.0,8383.0,0.0,131072.0,917504.0,65536.0,0.0,558430220.0,558430220.0,0.0,0.0,0.0,11057000.0,1835120.0,0.0,80.0,1.0,0.0,1.0,0.0,0.0,0.0,80.0,80.0,80.0,0.0,80.0,80.0,0.0,0.0,0.0,80.0,80.0,80.0,80.0,80.0,0.0,20.0,0.0,0.0,0.0,80.0,1.0,0.0,1.0,80.0,1.0,0.0,1.0,20.0,0.0,0.0,0.0,0.0,80.0,1.0,0.0,1.0,0.0,0.0,0.0,80.0,80.0,80.0,0.0,80.0,80.0,0.0,0.0,0.0,80.0,80.0,80.0,80.0,80.0,80.0,20.0,0.0,0.0,0.0,80.0,1.0,0.0,1.0,20.0,0.0,80.0,0.0,0.0,80.0,1.0,0.0,1.0,0.0,0.0,0.0,80.0,80.0,80.0,80.0,80.0,80.0,20.0,0.0,0.0,0.0,80.0,1.0,80.0,0.0,1.0,0.0,0.0,0.0,80.0,80.0,80.0,80.0,80.0,80.0,0.0,0.0,0.0,80.0,80.0,80.0,80.0,80.0,20.0,0.0,20.0,0.0,0.0,80.0,1.0,0.0,1.0,20.0,0.0,0.0,0.0,0.0,32768.0,32768.0,32768.0,32768.0,32768.0,32768.0,32768.0,32768.0,32768.0,32768.0,32768.0,32768.0,32768.0,32768.0,32768.0,32768.0,32768.0,32768.0,32768.0,32768.0,32768.0,32768.0,32768.0,32768.0,32768.0,32768.0,32768.0,32768.0,32768.0,32768.0,32768.0,32768.0,32768.0,32768.0,32768.0,32768.0,32768.0,32768.0,32768.0,32768.0,32768.0,32768.0,32768.0,32768.0,32768.0,32768.0,32768.0,32768.0,32768.0,32768.0,32768.0,32768.0,32768.0,32768.0,32768.0,32768.0,32768.0,32768.0,32768.0,32768.0,32768.0,32768.0,32768.0,32768.0,32768.0,32768.0,32768.0,32768.0,32768.0,32768.0,32768.0,32768.0,32768.0,32768.0,32768.0,32768.0,32768.0,32768.0,32768.0,32768.0,32768.0,32768.0,32768.0,32768.0,32768.0,32768.0,32768.0,32768.0,32768.0,32768.0,32768.0,32768.0,32768.0,32768.0,32768.0,32768.0,32768.0,32768.0,32768.0,32768.0,32768.0,32768.0,32768.0,32768.0,32768.0,32768.0,32768.0,32768.0,32768.0,32768.0,32768.0,32768.0,32768.0,32768.0,32768.0,32768.0,32768.0,32768.0,32768.0,32768.0,32768.0,32768.0,32768.0,32768.0,32768.0,32768.0,32768.0,32768.0,0.0,0.0,4194304.0,16381.0,0.0
134,0,1,695,695,32768,512,0,0,108,4,48,64,matmulbias_kernel,158974814923148,158974814949007,135,196,558141.0,1273.0,608.0,0.0,8704.0,150016.0,0.0,0.0,47533051.0,47533051.0,1048576.0,0.0,0.0,4753216.0,0.0,2070.0,2088.0,2088.0,2088.0,2078.0,2070.0,2070.0,2070.0,2070.0,2070.0,2070.0,2088.0,2070.0,2070.0,2070.0,2070.0,2070.0,2070.0,2070.0,2070.0,2070.0,2070.0,2088.0,2068.0,2088.0,2088.0,2088.0,2088.0,2088.0,2088.0,2078.0,2088.0,2088.0,2088.0,2078.0,2072.0,2096.0,2096.0,2096.0,2070.0,2096.0,2096.0,2096.0,2084.0,2074.0,2074.0,2074.0,2074.0,2074.0,2074.0,2070.0,2074.0,2074.0,2078.0,2078.0,2078.0,2078.0,2078.0,2078.0,2078.0,2078.0,2070.0,2076.0,2104.0,2104.0,2104.0,2104.0,2104.0,2104.0,2090.0,2072.0,2096.0,2070.0,2096.0,2096.0,2096.0,2096.0,2096.0,2084.0,2074.0,2074.0,2074.0,2074.0,2070.0,2074.0,2074.0,2074.0,2074.0,2076.0,2104.0,2104.0,2104.0,2104.0,2104.0,2070.0,2104.0,2090.0,2078.0,2078.0,2078.0,2078.0,2078.0,2078.0,2078.0,2078.0,2070.0,2074.0,2074.0,2074.0,2074.0,2074.0,2074.0,2074.0,2074.0,2072.0,2096.0,2068.0,2096.0,2096.0,2096.0,2096.0,2096.0,2084.0,2068.0,2088.0,2088.0,2088.0,2088.0,1024.0,1024.0,1024.0,1024.0,1024.0,1024.0,1024.0,1024.0,1024.0,1024.0,1024.0,1024.0,1024.0,1024.0,1024.0,1024.0,1024.0,1024.0,1024.0,1024.0,1024.0,1024.0,1024.0,1024.0,1024.0,1024.0,1024.0,1024.0,1024.0,1024.0,1024.0,1024.0,1024.0,1024.0,1024.0,1024.0,1024.0,1024.0,1024.0,1024.0,1024.0,1024.0,1024.0,1024.0,1024.0,1024.0,1024.0,1024.0,1024.0,1024.0,1024.0,1024.0,1024.0,1024.0,1024.0,1024.0,1024.0,1024.0,1024.0,1024.0,1024.0,1024.0,1024.0,1024.0,1024.0,1024.0,1024.0,1024.0,1024.0,1024.0,1024.0,1024.0,1024.0,1024.0,1024.0,1024.0,1024.0,1024.0,1024.0,1024.0,1024.0,1024.0,1024.0,1024.0,1024.0,1024.0,1024.0,1024.0,1024.0,1024.0,1024.0,1024.0,1024.0,1024.0,1024.0,1024.0,1024.0,1024.0,1024.0,1024.0,1024.0,1024.0,1024.0,1024.0,1024.0,1024.0,1024.0,1024.0,1024.0,1024.0,1024.0,1024.0,1024.0,1024.0,1024.0,1024.0,1024.0,1024.0,1024.0,1024.0,1024.0,1024.0,1024.0,1024.0,1024.0,1024.0,1024.0,1024.0,0.0,0.0,131072.0,256.0,0.0
135,0,1,695,695,4194304,256,0,0,12,4,32,64,"void at::native::vectorized_elementwise_kernel<4, at::native::FillFunctor<int>, std::array<char*, 1ul> >(int, at::native::FillFunctor<int>, std::array<char*, 1ul>)",158974815363426,158974815405561,136,121,822045.0,1184.0,8436.0,0.0,131072.0,917504.0,65536.0,0.0,555056291.0,555056291.0,0.0,0.0,0.0,10986655.0,1835120.0,0.0,80.0,0.0,0.0,22.0,0.0,0.0,0.0,80.0,80.0,80.0,0.0,80.0,80.0,0.0,0.0,0.0,80.0,80.0,80.0,80.0,80.0,0.0,0.0,0.0,0.0,0.0,80.0,0.0,0.0,22.0,80.0,0.0,0.0,22.0,0.0,0.0,0.0,0.0,0.0,80.0,0.0,0.0,22.0,0.0,0.0,0.0,80.0,80.0,80.0,0.0,80.0,80.0,0.0,0.0,0.0,80.0,80.0,80.0,80.0,80.0,80.0,0.0,0.0,0.0,0.0,80.0,0.0,0.0,22.0,0.0,0.0,80.0,0.0,0.0,80.0,0.0,0.0,22.0,0.0,0.0,0.0,80.0,80.0,80.0,80.0,80.0,80.0,0.0,0.0,0.0,0.0,80.0,0.0,80.0,0.0,22.0,0.0,0.0,0.0,80.0,80.0,80.0,80.0,80.0,80.0,0.0,0.0,0.0,80.0,80.0,80.0,80.0,80.0,0.0,0.0,0.0,0.0,0.0,80.0,0.0,0.0,22.0,0.0,0.0,0.0,0.0,0.0,32768.0,32768.0,32768.0,32768.0,32768.0,32768.0,32768.0,32768.0,32768.0,32768.0,32768.0,32768.0,32768.0,32768.0,32768.0,32768.0,32768.0,32768.0,32768.0,32768.0,32768.0,32768.0,32768.0,32768.0,32768.0,32768.0,32768.0,32768.0,32768.0,32768.0,32768.0,32768.0,32768.0,32768.0,32768.0,32768.0,32768.0,32768.0,32768.0,32768.0,32768.0,32768.0,32768.0,32768.0,32768.0,32768.0,32768.0,32768.0,32768.0,32768.0,32768.0,32768.0,32768.0,32768.0,32768.0,32768.0,32768.0,32768.0,32768.0,32768.0,32768.0,32768.0,32768.0,32768.0,32768.0,32768.0,32768.0,32768.0,32768.0,32768.0,32768.0,32768.0,32768.0,32768.0,32768.0,32768.0,32768.0,32768.0,32768.0,32768.0,32768.0,32768.0,32768.0,32768.0,32768.0,32768.0,32768.0,32768.0,32768.0,32768.0,32768.0,32768.0,32768.0,32768.0,32768.0,32768.0,32768.0,32768.0,32768.0,32768.0,32768.0,32768.0,32768.0,32768.0,32768.0,32768.0,32768.0,32768.0,32768.0,32768.0,32768.0,32768.0,32768.0,32768.0,32768.0,32768.0,32768.0,32768.0,32768.0,32768.0,32768.0,32768.0,32768.0,32768.0,32768.0,32768.0,32768.0,32768.0,0.0,0.0,4194304.0,16375.0,0.0
136,0,1,695,695,32768,512,0,0,108,4,48,64,matmulbias_kernel,158974815821905,158974815847764,137,196,549268.0,1184.0,608.0,0.0,8704.0,150016.0,0.0,0.0,46392864.0,46392864.0,1048576.0,0.0,0.0,4613657.0,0.0,2078.0,2104.0,2104.0,2104.0,2090.0,2078.0,2078.0,2078.0,2078.0,2078.0,2078.0,2104.0,2078.0,2078.0,2066.0,2066.0,2066.0,2066.0,2066.0,2066.0,2066.0,2066.0,2104.0,2064.0,2080.0,2080.0,2080.0,2080.0,2080.0,2080.0,2072.0,2104.0,2104.0,2104.0,2090.0,2064.0,2080.0,2080.0,2080.0,2078.0,2080.0,2080.0,2080.0,2072.0,2066.0,2066.0,2066.0,2066.0,2066.0,2066.0,2078.0,2066.0,2066.0,2078.0,2078.0,2078.0,2078.0,2078.0,2078.0,2078.0,2078.0,2078.0,2076.0,2104.0,2104.0,2104.0,2104.0,2104.0,2104.0,2090.0,2072.0,2096.0,2078.0,2096.0,2096.0,2096.0,2096.0,2096.0,2084.0,2074.0,2074.0,2074.0,2074.0,2078.0,2074.0,2074.0,2074.0,2074.0,2076.0,2104.0,2104.0,2104.0,2104.0,2104.0,2078.0,2104.0,2090.0,2078.0,2078.0,2078.0,2078.0,2078.0,2078.0,2078.0,2078.0,2078.0,2074.0,2074.0,2074.0,2074.0,2074.0,2074.0,2074.0,2074.0,2072.0,2096.0,2076.0,2096.0,2096.0,2096.0,2096.0,2096.0,2084.0,2076.0,2104.0,2104.0,2104.0,2104.0,1024.0,1024.0,1024.0,1024.0,1024.0,1024.0,1024.0,1024.0,1024.0,1024.0,1024.0,1024.0,1024.0,1024.0,1024.0,1024.0,1024.0,1024.0,1024.0,1024.0,1024.0,1024.0,1024.0,1024.0,1024.0,1024.0,1024.0,1024.0,1024.0,1024.0,1024.0,1024.0,1024.0,1024.0,1024.0,1024.0,1024.0,1024.0,1024.0,1024.0,1024.0,1024.0,1024.0,1024.0,1024.0,1024.0,1024.0,1024.0,1024.0,1024.0,1024.0,1024.0,1024.0,1024.0,1024.0,1024.0,1024.0,1024.0,1024.0,1024.0,1024.0,1024.0,1024.0,1024.0,1024.0,1024.0,1024.0,1024.0,1024.0,1024.0,1024.0,1024.0,1024.0,1024.0,1024.0,1024.0,1024.0,1024.0,1024.0,1024.0,1024.0,1024.0,1024.0,1024.0,1024.0,1024.0,1024.0,1024.0,1024.0,1024.0,1024.0,1024.0,1024.0,1024.0,1024.0,1024.0,1024.0,1024.0,1024.0,1024.0,1024.0,1024.0,1024.0,1024.0,1024.0,1024.0,1024.0,1024.0,1024.0,1024.0,1024.0,1024.0,1024.0,1024.0,1024.0,1024.0,1024.0,1024.0,1024.0,1024.0,1024.0,1024.0,1024.0,1024.0,1024.0,1024.0,1024.0,1024.0,0.0,0.0,131072.0,256.0,0.0
137,0,1,695,695,4194304,256,0,0,12,4,32,64,"void at::native::vectorized_elementwise_kernel<4, at::native::FillFunctor<int>, std::array<char*, 1ul> >(int, at::native::FillFunctor<int>, std::array<char*, 1ul>)",158974816263466,158974816305922,138,121,828810.0,1184.0,9343.0,0.0,131072.0,917504.0,65536.0,0.0,556513731.0,556513731.0,0.0,0.0,0.0,11013362.0,1835120.0,0.0,80.0,0.0,20.0,1.0,0.0,0.0,0.0,80.0,80.0,81.0,0.0,80.0,80.0,0.0,0.0,0.0,80.0,80.0,81.0,80.0,80.0,0.0,0.0,0.0,0.0,0.0,80.0,0.0,20.0,1.0,80.0,0.0,20.0,1.0,0.0,0.0,0.0,0.0,0.0,80.0,0.0,20.0,1.0,0.0,0.0,0.0,80.0,80.0,81.0,0.0,80.0,80.0,0.0,0.0,0.0,80.0,80.0,81.0,80.0,80.0,80.0,0.0,0.0,0.0,0.0,80.0,0.0,20.0,1.0,0.0,0.0,80.0,0.0,0.0,80.0,0.0,20.0,1.0,0.0,0.0,0.0,80.0,81.0,80.0,81.0,80.0,80.0,0.0,0.0,0.0,0.0,80.0,0.0,80.0,20.0,1.0,0.0,0.0,0.0,80.0,80.0,81.0,80.0,80.0,80.0,0.0,0.0,0.0,80.0,80.0,81.0,80.0,80.0,0.0,0.0,0.0,0.0,0.0,80.0,0.0,20.0,1.0,0.0,0.0,0.0,0.0,0.0,32768.0,32768.0,32768.0,32768.0,32768.0,32768.0,32768.0,32768.0,32768.0,32768.0,32768.0,32768.0,32768.0,32768.0,32768.0,32768.0,32768.0,32768.0,32768.0,32768.0,32768.0,32768.0,32768.0,32768.0,32768.0,32768.0,32768.0,32768.0,32768.0,32768.0,32768.0,32768.0,32768.0,32768.0,32768.0,32768.0,32768.0,32768.0,32768.0,32768.0,32768.0,32768.0,32768.0,32768.0,32768.0,32768.0,32768.0,32768.0,32768.0,32768.0,32768.0,32768.0,32768.0,32768.0,32768.0,32768.0,32768.0,32768.0,32768.0,32768.0,32768.0,32768.0,32768.0,32768.0,32768.0,32768.0,32768.0,32768.0,32768.0,32768.0,32768.0,32768.0,32768.0,32768.0,32768.0,32768.0,32768.0,32768.0,32768.0,32768.0,32768.0,32768.0,32768.0,32768.0,32768.0,32768.0,32768.0,32768.0,32768.0,32768.0,32768.0,32768.0,32768.0,32768.0,32768.0,32768.0,32768.0,32768.0,32768.0,32768.0,32768.0,32768.0,32768.0,32768.0,32768.0,32768.0,32768.0,32768.0,32768.0,32768.0,32768.0,32768.0,32768.0,32768.0,32768.0,32768.0,32768.0,32768.0,32768.0,32768.0,32768.0,32768.0,32768.0,32768.0,32768.0,32768.0,32768.0,32768.0,0.0,0.0,4194304.0,16380.0,0.0
138,0,1,695,695,32768,512,0,0,108,4,48,64,matmulbias_kernel,158974816719259,158974816745398,139,196,560122.0,1184.0,608.0,0.0,8704.0,150016.0,0.0,0.0,47828312.0,47828312.0,1048576.0,0.0,0.0,4664657.0,0.0,2070.0,2088.0,2088.0,2088.0,2078.0,2070.0,2070.0,2070.0,2070.0,2070.0,2070.0,2088.0,2070.0,2070.0,2070.0,2070.0,2070.0,2070.0,2070.0,2070.0,2070.0,2070.0,2088.0,2068.0,2088.0,2088.0,2088.0,2088.0,2088.0,2088.0,2078.0,2088.0,2088.0,2088.0,2078.0,2068.0,2088.0,2088.0,2088.0,2070.0,2088.0,2088.0,2088.0,2078.0,2070.0,2070.0,2070.0,2070.0,2070.0,2070.0,2070.0,2070.0,2070.0,2074.0,2074.0,2074.0,2074.0,2074.0,2074.0,2074.0,2074.0,2070.0,2072.0,2096.0,2096.0,2096.0,2096.0,2096.0,2096.0,2084.0,2072.0,2096.0,2070.0,2096.0,2096.0,2096.0,2096.0,2096.0,2084.0,2074.0,2074.0,2074.0,2074.0,2070.0,2074.0,2074.0,2074.0,2074.0,2076.0,2104.0,2104.0,2104.0,2104.0,2104.0,2070.0,2104.0,2090.0,2078.0,2078.0,2078.0,2078.0,2078.0,2078.0,2078.0,2078.0,2070.0,2070.0,2070.0,2070.0,2070.0,2070.0,2070.0,2070.0,2070.0,2068.0,2088.0,2068.0,2088.0,2088.0,2088.0,2088.0,2088.0,2078.0,2068.0,2088.0,2088.0,2088.0,2088.0,1024.0,1024.0,1024.0,1024.0,1024.0,1024.0,1024.0,1024.0,1024.0,1024.0,1024.0,1024.0,1024.0,1024.0,1024.0,1024.0,1024.0,1024.0,1024.0,1024.0,1024.0,1024.0,1024.0,1024.0,1024.0,1024.0,1024.0,1024.0,1024.0,1024.0,1024.0,1024.0,1024.0,1024.0,1024.0,1024.0,1024.0,1024.0,1024.0,1024.0,1024.0,1024.0,1024.0,1024.0,1024.0,1024.0,1024.0,1024.0,1024.0,1024.0,1024.0,1024.0,1024.0,1024.0,1024.0,1024.0,1024.0,1024.0,1024.0,1024.0,1024.0,1024.0,1024.0,1024.0,1024.0,1024.0,1024.0,1024.0,1024.0,1024.0,1024.0,1024.0,1024.0,1024.0,1024.0,1024.0,1024.0,1024.0,1024.0,1024.0,1024.0,1024.0,1024.0,1024.0,1024.0,1024.0,1024.0,1024.0,1024.0,1024.0,1024.0,1024.0,1024.0,1024.0,1024.0,1024.0,1024.0,1024.0,1024.0,1024.0,1024.0,1024.0,1024.0,1024.0,1024.0,1024.0,1024.0,1024.0,1024.0,1024.0,1024.0,1024.0,1024.0,1024.0,1024.0,1024.0,1024.0,1024.0,1024.0,1024.0,1024.0,1024.0,1024.0,1024.0,1024.0,1024.0,1024.0,1024.0,0.0,0.0,131072.0,256.0,0.0
139,0,1,695,695,4194304,256,0,0,12,4,32,64,"void at::native::vectorized_elementwise_kernel<4, at::native::FillFunctor<int>, std::array<char*, 1ul> >(int, at::native::FillFunctor<int>, std::array<char*, 1ul>)",158974817155447,158974817197423,140,121,812236.0,1184.0,8029.0,0.0,131072.0,917504.0,65536.0,0.0,553793044.0,553793044.0,0.0,0.0,0.0,10964924.0,1835120.0,0.0,80.0,20.0,0.0,1.0,0.0,0.0,0.0,80.0,80.0,80.0,0.0,80.0,81.0,0.0,0.0,0.0,80.0,80.0,80.0,80.0,81.0,0.0,0.0,0.0,0.0,0.0,80.0,20.0,0.0,1.0,80.0,20.0,0.0,1.0,0.0,0.0,0.0,0.0,0.0,80.0,20.0,0.0,1.0,0.0,0.0,0.0,80.0,80.0,80.0,0.0,80.0,81.0,0.0,0.0,0.0,80.0,80.0,80.0,80.0,81.0,80.0,0.0,0.0,0.0,0.0,80.0,20.0,0.0,1.0,0.0,0.0,80.0,0.0,0.0,80.0,20.0,0.0,1.0,0.0,0.0,0.0,80.0,80.0,80.0,80.0,80.0,81.0,0.0,0.0,0.0,0.0,80.0,20.0,80.0,0.0,1.0,0.0,0.0,0.0,80.0,80.0,80.0,80.0,81.0,81.0,0.0,0.0,0.0,80.0,80.0,80.0,80.0,81.0,0.0,0.0,0.0,0.0,0.0,80.0,20.0,0.0,1.0,0.0,0.0,0.0,0.0,0.0,32768.0,32768.0,32768.0,32768.0,32768.0,32768.0,32768.0,32768.0,32768.0,32768.0,32768.0,32768.0,32768.0,32768.0,32768.0,32768.0,32768.0,32768.0,32768.0,32768.0,32768.0,32768.0,32768.0,32768.0,32768.0,32768.0,32768.0,32768.0,32768.0,32768.0,32768.0,32768.0,32768.0,32768.0,32768.0,32768.0,32768.0,32768.0,32768.0,32768.0,32768.0,32768.0,32768.0,32768.0,32768.0,32768.0,32768.0,32768.0,32768.0,32768.0,32768.0,32768.0,32768.0,32768.0,32768.0,32768.0,32768.0,32768.0,32768.0,32768.0,32768.0,32768.0,32768.0,32768.0,32768.0,32768.0,32768.0,32768.0,32768.0,32768.0,32768.0,32768.0,32768.0,32768.0,32768.0,32768.0,32768.0,32768.0,32768.0,32768.0,32768.0,32768.0,32768.0,32768.0,32768.0,32768.0,32768.0,32768.0,32768.0,32768.0,32768.0,32768.0,32768.0,32768.0,32768.0,32768.0,32768.0,32768.0,32768.0,32768.0,32768.0,32768.0,32768.0,32768.0,32768.0,32768.0,32768.0,32768.0,32768.0,32768.0,32768.0,32768.0,32768.0,32768.0,32768.0,32768.0,32768.0,32768.0,32768.0,32768.0,32768.0,32768.0,32768.0,32768.0,32768.0,32768.0,32768.0,32768.0,0.0,0.0,4194304.0,16382.0,0.0
140,0,1,695,695,32768,512,0,0,108,4,48,64,matmulbias_kernel,158974817622987,158974817648966,141,196,555099.0,1184.0,608.0,0.0,8704.0,150016.0,0.0,0.0,47180998.0,47180998.0,1048576.0,0.0,0.0,4597809.0,0.0,2078.0,2096.0,2096.0,2096.0,2084.0,2074.0,2074.0,2074.0,2074.0,2074.0,2074.0,2104.0,2074.0,2074.0,2074.0,2074.0,2074.0,2074.0,2074.0,2074.0,2074.0,2074.0,2104.0,2072.0,2096.0,2096.0,2096.0,2096.0,2096.0,2096.0,2084.0,2104.0,2104.0,2104.0,2090.0,2076.0,2104.0,2104.0,2104.0,2078.0,2104.0,2104.0,2104.0,2090.0,2078.0,2078.0,2078.0,2078.0,2078.0,2078.0,2078.0,2078.0,2078.0,2074.0,2074.0,2074.0,2074.0,2074.0,2074.0,2074.0,2074.0,2078.0,2072.0,2096.0,2096.0,2096.0,2096.0,2096.0,2096.0,2084.0,2072.0,2096.0,2078.0,2096.0,2096.0,2096.0,2096.0,2096.0,2084.0,2074.0,2074.0,2074.0,2074.0,2078.0,2074.0,2074.0,2074.0,2074.0,2068.0,2088.0,2088.0,2088.0,2088.0,2088.0,2078.0,2088.0,2078.0,2070.0,2070.0,2070.0,2070.0,2070.0,2070.0,2070.0,2070.0,2078.0,2074.0,2074.0,2074.0,2074.0,2074.0,2074.0,2074.0,2074.0,2072.0,2096.0,2076.0,2096.0,2096.0,2096.0,2096.0,2096.0,2084.0,2072.0,2096.0,2096.0,2096.0,2104.0,1024.0,1024.0,1024.0,1024.0,1024.0,1024.0,1024.0,1024.0,1024.0,1024.0,1024.0,1024.0,1024.0,1024.0,1024.0,1024.0,1024.0,1024.0,1024.0,1024.0,1024.0,1024.0,1024.0,1024.0,1024.0,1024.0,1024.0,1024.0,1024.0,1024.0,1024.0,1024.0,1024.0,1024.0,1024.0,1024.0,1024.0,1024.0,1024.0,1024.0,1024.0,1024.0,1024.0,1024.0,1024.0,1024.0,1024.0,1024.0,1024.0,1024.0,1024.0,1024.0,1024.0,1024.0,1024.0,1024.0,1024.0,1024.0,1024.0,1024.0,1024.0,1024.0,1024.0,1024.0,1024.0,1024.0,1024.0,1024.0,1024.0,1024.0,1024.0,1024.0,1024.0,1024.0,1024.0,1024.0,1024.0,1024.0,1024.0,1024.0,1024.0,1024.0,1024.0,1024.0,1024.0,1024.0,1024.0,1024.0,1024.0,1024.0,1024.0,1024.0,1024.0,1024.0,1024.0,1024.0,1024.0,1024.0,1024.0,1024.0,1024.0,1024.0,1024.0,1024.0,1024.0,1024.0,1024.0,1024.0,1024.0,1024.0,1024.0,1024.0,1024.0,1024.0,1024.0,1024.0,1024.0,1024.0,1024.0,1024.0,1024.0,1024.0,1024.0,1024.0,1024.0,1024.0,1024.0,1024.0,0.0,0.0,131072.0,256.0,0.0
141,0,1,695,695,4194304,256,0,0,12,4,32,64,"void at::native::vectorized_elementwise_kernel<4, at::native::FillFunctor<int>, std::array<char*, 1ul> >(int, at::native::FillFunctor<int>, std::array<char*, 1ul>)",158974818078419,158974818120715,142,121,880865.0,1184.0,8378.0,0.0,131072.0,917504.0,65536.0,0.0,556563953.0,556563953.0,0.0,0.0,0.0,11035218.0,1835120.0,0.0,100.0,0.0,0.0,1.0,0.0,1.0,0.0,80.0,80.0,80.0,0.0,80.0,80.0,0.0,1.0,0.0,80.0,80.0,80.0,80.0,80.0,0.0,0.0,0.0,0.0,0.0,100.0,0.0,0.0,1.0,100.0,0.0,0.0,1.0,0.0,0.0,0.0,0.0,1.0,100.0,0.0,0.0,1.0,0.0,1.0,0.0,80.0,80.0,80.0,0.0,80.0,80.0,0.0,1.0,0.0,80.0,80.0,80.0,80.0,80.0,80.0,0.0,0.0,0.0,0.0,100.0,0.0,0.0,1.0,0.0,0.0,80.0,0.0,0.0,100.0,0.0,0.0,1.0,0.0,1.0,0.0,80.0,80.0,80.0,80.0,80.0,80.0,0.0,0.0,0.0,0.0,100.0,0.0,80.0,0.0,1.0,0.0,1.0,0.0,80.0,80.0,80.0,80.0,80.0,80.0,0.0,1.0,0.0,80.0,80.0,80.0,80.0,80.0,0.0,0.0,0.0,0.0,0.0,100.0,0.0,0.0,1.0,0.0,0.0,0.0,0.0,0.0,32768.0,32768.0,32768.0,32768.0,32768.0,32768.0,32768.0,32768.0,32768.0,32768.0,32768.0,32768.0,32768.0,32768.0,32768.0,32768.0,32768.0,32768.0,32768.0,32768.0,32768.0,32768.0,32768.0,32768.0,32768.0,32768.0,32768.0,32768.0,32768.0,32768.0,32768.0,32768.0,32768.0,32768.0,32768.0,32768.0,32768.0,32768.0,32768.0,32768.0,32768.0,32768.0,32768.0,32768.0,32768.0,32768.0,32768.0,32768.0,32768.0,32768.0,32768.0,32768.0,32768.0,32768.0,32768.0,32768.0,32768.0,32768.0,32768.0,32768.0,32768.0,32768.0,32768.0,32768.0,32768.0,32768.0,32768.0,32768.0,32768.0,32768.0,32768.0,32768.0,32768.0,32768.0,32768.0,32768.0,32768.0,32768.0,32768.0,32768.0,32768.0,32768.0,32768.0,32768.0,32768.0,32768.0,32768.0,32768.0,32768.0,32768.0,32768.0,32768.0,32768.0,32768.0,32768.0,32768.0,32768.0,32768.0,32768.0,32768.0,32768.0,32768.0,32768.0,32768.0,32768.0,32768.0,32768.0,32768.0,32768.0,32768.0,32768.0,32768.0,32768.0,32768.0,32768.0,32768.0,32768.0,32768.0,32768.0,32768.0,32768.0,32768.0,32768.0,32768.0,32768.0,32768.0,32768.0,32768.0,0.0,0.0,4194304.0,16381.0,0.0
142,0,1,695,695,32768,512,0,0,108,4,48,64,matmulbias_kernel,158974818545598,158974818571497,143,196,557978.0,1184.0,608.0,0.0,8704.0,150016.0,0.0,0.0,47554734.0,47554734.0,1048576.0,0.0,0.0,4682852.0,0.0,2070.0,2088.0,2088.0,2088.0,2078.0,2070.0,2070.0,2070.0,2070.0,2070.0,2070.0,2088.0,2070.0,2070.0,2078.0,2078.0,2078.0,2078.0,2078.0,2078.0,2078.0,2078.0,2088.0,2076.0,2104.0,2104.0,2104.0,2104.0,2104.0,2104.0,2090.0,2088.0,2088.0,2088.0,2078.0,2064.0,2080.0,2080.0,2080.0,2070.0,2080.0,2080.0,2080.0,2072.0,2066.0,2066.0,2066.0,2066.0,2066.0,2066.0,2070.0,2066.0,2066.0,2078.0,2078.0,2078.0,2078.0,2078.0,2078.0,2078.0,2078.0,2070.0,2076.0,2104.0,2104.0,2104.0,2104.0,2104.0,2104.0,2090.0,2076.0,2104.0,2070.0,2104.0,2104.0,2104.0,2104.0,2104.0,2090.0,2078.0,2078.0,2078.0,2078.0,2070.0,2078.0,2078.0,2078.0,2078.0,2076.0,2104.0,2104.0,2104.0,2104.0,2104.0,2070.0,2104.0,2090.0,2078.0,2078.0,2078.0,2078.0,2078.0,2078.0,2078.0,2078.0,2070.0,2074.0,2074.0,2074.0,2074.0,2074.0,2074.0,2074.0,2074.0,2072.0,2096.0,2068.0,2096.0,2096.0,2096.0,2096.0,2096.0,2084.0,2068.0,2088.0,2088.0,2088.0,2088.0,1024.0,1024.0,1024.0,1024.0,1024.0,1024.0,1024.0,1024.0,1024.0,1024.0,1024.0,1024.0,1024.0,1024.0,1024.0,1024.0,1024.0,1024.0,1024.0,1024.0,1024.0,1024.0,1024.0,1024.0,1024.0,1024.0,1024.0,1024.0,1024.0,1024.0,1024.0,1024.0,1024.0,1024.0,1024.0,1024.0,1024.0,1024.0,1024.0,1024.0,1024.0,1024.0,1024.0,1024.0,1024.0,1024.0,1024.0,1024.0,1024.0,1024.0,1024.0,1024.0,1024.0,1024.0,1024.0,1024.0,1024.0,1024.0,1024.0,1024.0,1024.0,1024.0,1024.0,1024.0,1024.0,1024.0,1024.0,1024.0,1024.0,1024.0,1024.0,1024.0,1024.0,1024.0,1024.0,1024.0,1024.0,1024.0,1024.0,1024.0,1024.0,1024.0,1024.0,1024.0,1024.0,1024.0,1024.0,1024.0,1024.0,1024.0,1024.0,1024.0,1024.0,1024.0,1024.0,1024.0,1024.0,1024.0,1024.0,1024.0,1024.0,1024.0,1024.0,1024.0,1024.0,1024.0,1024.0,1024.0,1024.0,1024.0,1024.0,1024.0,1024.0,1024.0,1024.0,1024.0,1024.0,1024.0,1024.0,1024.0,1024.0,1024.0,1024.0,1024.0,1024.0,1024.0,1024.0,1024.0,0.0,0.0,131072.0,256.0,0.0
143,0,1,695,695,4194304,256,0,0,12,4,32,64,"void at::native::vectorized_elementwise_kernel<4, at::native::FillFunctor<int>, std::array<char*, 1ul> >(int, at::native::FillFunctor<int>, std::array<char*, 1ul>)",158974818987680,158974819029816,144,121,809169.0,1184.0,8369.0,0.0,131072.0,917504.0,65536.0,0.0,551424882.0,551424882.0,0.0,0.0,0.0,10926366.0,1835103.0,0.0,80.0,0.0,0.0,1.0,0.0,0.0,0.0,80.0,80.0,80.0,0.0,80.0,100.0,0.0,0.0,0.0,80.0,80.0,80.0,80.0,100.0,0.0,0.0,1.0,0.0,0.0,80.0,0.0,0.0,1.0,80.0,0.0,0.0,1.0,0.0,1.0,0.0,0.0,0.0,80.0,0.0,0.0,1.0,0.0,0.0,0.0,80.0,80.0,80.0,0.0,80.0,100.0,0.0,0.0,0.0,80.0,80.0,80.0,80.0,100.0,80.0,0.0,1.0,0.0,0.0,80.0,0.0,0.0,1.0,0.0,1.0,80.0,0.0,0.0,80.0,0.0,0.0,1.0,0.0,0.0,0.0,80.0,80.0,80.0,80.0,80.0,100.0,0.0,1.0,0.0,0.0,80.0,0.0,80.0,0.0,1.0,0.0,0.0,0.0,80.0,80.0,80.0,80.0,100.0,100.0,0.0,0.0,0.0,80.0,80.0,80.0,80.0,100.0,0.0,1.0,0.0,0.0,0.0,80.0,0.0,0.0,1.0,0.0,1.0,0.0,0.0,1.0,32768.0,32768.0,32768.0,32768.0,32768.0,32768.0,32768.0,32768.0,32768.0,32768.0,32768.0,32768.0,32768.0,32768.0,32768.0,32768.0,32768.0,32768.0,32768.0,32768.0,32768.0,32768.0,32768.0,32768.0,32768.0,32768.0,32768.0,32768.0,32768.0,32768.0,32768.0,32768.0,32768.0,32768.0,32768.0,32768.0,32768.0,32768.0,32768.0,32768.0,32768.0,32768.0,32768.0,32768.0,32768.0,32768.0,32768.0,32768.0,32768.0,32768.0,32768.0,32768.0,32768.0,32768.0,32768.0,32768.0,32768.0,32768.0,32768.0,32768.0,32768.0,32768.0,32768.0,32768.0,32768.0,32768.0,32768.0,32768.0,32768.0,32768.0,32768.0,32768.0,32768.0,32768.0,32768.0,32768.0,32768.0,32768.0,32768.0,32768.0,32768.0,32768.0,32768.0,32768.0,32768.0,32768.0,32768.0,32768.0,32768.0,32768.0,32768.0,32768.0,32768.0,32768.0,32768.0,32768.0,32768.0,32768.0,32768.0,32768.0,32768.0,32768.0,32768.0,32768.0,32768.0,32768.0,32768.0,32768.0,32768.0,32768.0,32768.0,32768.0,32768.0,32768.0,32768.0,32768.0,32768.0,32768.0,32768.0,32768.0,32768.0,32768.0,32768.0,32768.0,32768.0,32768.0,32768.0,32768.0,0.0,0.0,4194304.0,16377.0,0.0
144,0,1,695,695,32768,512,0,0,108,4,48,64,matmulbias_kernel,158974819441629,158974819467087,145,196,542547.0,1184.0,608.0,0.0,8704.0,150016.0,0.0,0.0,45537487.0,45537487.0,1048576.0,0.0,0.0,4630074.0,0.0,2074.0,2096.0,2096.0,2096.0,2084.0,2074.0,2074.0,2074.0,2074.0,2074.0,2074.0,2096.0,2074.0,2074.0,2066.0,2066.0,2066.0,2066.0,2066.0,2066.0,2066.0,2066.0,2096.0,2064.0,2080.0,2080.0,2080.0,2080.0,2080.0,2080.0,2072.0,2096.0,2096.0,2096.0,2084.0,2068.0,2088.0,2088.0,2088.0,2074.0,2088.0,2088.0,2088.0,2078.0,2070.0,2070.0,2070.0,2070.0,2070.0,2070.0,2074.0,2070.0,2070.0,2074.0,2074.0,2074.0,2074.0,2074.0,2074.0,2074.0,2074.0,2074.0,2072.0,2096.0,2096.0,2096.0,2096.0,2096.0,2096.0,2084.0,2068.0,2088.0,2074.0,2088.0,2088.0,2088.0,2088.0,2088.0,2078.0,2070.0,2070.0,2070.0,2070.0,2074.0,2070.0,2070.0,2070.0,2070.0,2068.0,2088.0,2088.0,2088.0,2088.0,2088.0,2074.0,2088.0,2078.0,2070.0,2070.0,2070.0,2070.0,2070.0,2070.0,2070.0,2070.0,2074.0,2074.0,2074.0,2074.0,2074.0,2074.0,2074.0,2074.0,2074.0,2072.0,2096.0,2072.0,2096.0,2096.0,2096.0,2096.0,2096.0,2084.0,2072.0,2096.0,2096.0,2096.0,2096.0,1024.0,1024.0,1024.0,1024.0,1024.0,1024.0,1024.0,1024.0,1024.0,1024.0,1024.0,1024.0,1024.0,1024.0,1024.0,1024.0,1024.0,1024.0,1024.0,1024.0,1024.0,1024.0,1024.0,1024.0,1024.0,1024.0,1024.0,1024.0,1024.0,1024.0,1024.0,1024.0,1024.0,1024.0,1024.0,1024.0,1024.0,1024.0,1024.0,1024.0,1024.0,1024.0,1024.0,1024.0,1024.0,1024.0,1024.0,1024.0,1024.0,1024.0,1024.0,1024.0,1024.0,1024.0,1024.0,1024.0,1024.0,1024.0,1024.0,1024.0,1024.0,1024.0,1024.0,1024.0,1024.0,1024.0,1024.0,1024.0,1024.0,1024.0,1024.0,1024.0,1024.0,1024.0,1024.0,1024.0,1024.0,1024.0,1024.0,1024.0,1024.0,1024.0,1024.0,1024.0,1024.0,1024.0,1024.0,1024.0,1024.0,1024.0,1024.0,1024.0,1024.0,1024.0,1024.0,1024.0,1024.0,1024.0,1024.0,1024.0,1024.0,1024.0,1024.0,1024.0,1024.0,1024.0,1024.0,1024.0,1024.0,1024.0,1024.0,1024.0,1024.0,1024.0,1024.0,1024.0,1024.0,1024.0,1024.0,1024.0,1024.0,1024.0,1024.0,1024.0,1024.0,1024.0,1024.0,1024.0,0.0,0.0,131072.0,256.0,0.0
145,0,1,695,695,4194304,256,0,0,12,4,32,64,"void at::native::vectorized_elementwise_kernel<4, at::native::FillFunctor<int>, std::array<char*, 1ul> >(int, at::native::FillFunctor<int>, std::array<char*, 1ul>)",158974819888361,158974819930577,146,121,827161.0,1184.0,8139.0,0.0,131072.0,917504.0,65536.0,0.0,558455592.0,558455592.0,0.0,0.0,0.0,11060117.0,1835120.0,0.0,80.0,0.0,0.0,1.0,0.0,0.0,0.0,80.0,80.0,80.0,0.0,100.0,80.0,0.0,0.0,0.0,80.0,80.0,80.0,100.0,80.0,1.0,0.0,0.0,0.0,1.0,80.0,0.0,0.0,1.0,80.0,0.0,0.0,1.0,0.0,0.0,0.0,1.0,0.0,80.0,0.0,0.0,1.0,0.0,0.0,0.0,80.0,80.0,80.0,0.0,100.0,80.0,0.0,0.0,0.0,80.0,80.0,80.0,100.0,80.0,80.0,0.0,0.0,0.0,1.0,80.0,0.0,0.0,1.0,0.0,0.0,80.0,0.0,1.0,80.0,0.0,0.0,1.0,0.0,0.0,0.0,80.0,80.0,80.0,80.0,100.0,80.0,0.0,0.0,0.0,1.0,80.0,0.0,100.0,0.0,1.0,0.0,0.0,0.0,80.0,80.0,80.0,100.0,80.0,80.0,0.0,0.0,0.0,80.0,80.0,80.0,100.0,80.0,0.0,0.0,0.0,0.0,1.0,80.0,0.0,0.0,1.0,0.0,0.0,0.0,1.0,0.0,32768.0,32768.0,32768.0,32768.0,32768.0,32768.0,32768.0,32768.0,32768.0,32768.0,32768.0,32768.0,32768.0,32768.0,32768.0,32768.0,32768.0,32768.0,32768.0,32768.0,32768.0,32768.0,32768.0,32768.0,32768.0,32768.0,32768.0,32768.0,32768.0,32768.0,32768.0,32768.0,32768.0,32768.0,32768.0,32768.0,32768.0,32768.0,32768.0,32768.0,32768.0,32768.0,32768.0,32768.0,32768.0,32768.0,32768.0,32768.0,32768.0,32768.0,32768.0,32768.0,32768.0,32768.0,32768.0,32768.0,32768.0,32768.0,32768.0,32768.0,32768.0,32768.0,32768.0,32768.0,32768.0,32768.0,32768.0,32768.0,32768.0,32768.0,32768.0,32768.0,32768.0,32768.0,32768.0,32768.0,32768.0,32768.0,32768.0,32768.0,32768.0,32768.0,32768.0,32768.0,32768.0,32768.0,32768.0,32768.0,32768.0,32768.0,32768.0,32768.0,32768.0,32768.0,32768.0,32768.0,32768.0,32768.0,32768.0,32768.0,32768.0,32768.0,32768.0,32768.0,32768.0,32768.0,32768.0,32768.0,32768.0,32768.0,32768.0,32768.0,32768.0,32768.0,32768.0,32768.0,32768.0,32768.0,32768.0,32768.0,32768.0,32768.0,32768.0,32768.0,32768.0,32768.0,32768.0,32768.0,0.0,0.0,4194304.0,16382.0,0.0
146,0,1,695,695,32768,512,0,0,108,4,48,64,matmulbias_kernel,158974820351692,158974820377831,147,196,562178.0,1184.0,608.0,0.0,8704.0,150016.0,0.0,0.0,47698514.0,47698514.0,1048576.0,0.0,0.0,4682137.0,0.0,2070.0,2096.0,2096.0,2096.0,2084.0,2074.0,2074.0,2074.0,2074.0,2074.0,2074.0,2088.0,2074.0,2074.0,2078.0,2078.0,2078.0,2078.0,2078.0,2078.0,2078.0,2078.0,2088.0,2076.0,2104.0,2104.0,2104.0,2104.0,2104.0,2104.0,2090.0,2088.0,2088.0,2088.0,2078.0,2068.0,2088.0,2088.0,2088.0,2070.0,2088.0,2088.0,2088.0,2078.0,2070.0,2070.0,2070.0,2070.0,2070.0,2070.0,2070.0,2070.0,2070.0,2066.0,2066.0,2066.0,2066.0,2066.0,2066.0,2066.0,2066.0,2070.0,2064.0,2080.0,2080.0,2080.0,2080.0,2080.0,2080.0,2072.0,2072.0,2096.0,2070.0,2096.0,2096.0,2096.0,2096.0,2096.0,2084.0,2074.0,2074.0,2074.0,2074.0,2070.0,2074.0,2074.0,2074.0,2074.0,2076.0,2104.0,2104.0,2104.0,2104.0,2104.0,2070.0,2104.0,2090.0,2078.0,2078.0,2078.0,2078.0,2078.0,2078.0,2078.0,2078.0,2070.0,2074.0,2074.0,2074.0,2074.0,2074.0,2074.0,2074.0,2074.0,2072.0,2096.0,2068.0,2096.0,2096.0,2096.0,2096.0,2096.0,2084.0,2072.0,2096.0,2096.0,2096.0,2088.0,1024.0,1024.0,1024.0,1024.0,1024.0,1024.0,1024.0,1024.0,1024.0,1024.0,1024.0,1024.0,1024.0,1024.0,1024.0,1024.0,1024.0,1024.0,1024.0,1024.0,1024.0,1024.0,1024.0,1024.0,1024.0,1024.0,1024.0,1024.0,1024.0,1024.0,1024.0,1024.0,1024.0,1024.0,1024.0,1024.0,1024.0,1024.0,1024.0,1024.0,1024.0,1024.0,1024.0,1024.0,1024.0,1024.0,1024.0,1024.0,1024.0,1024.0,1024.0,1024.0,1024.0,1024.0,1024.0,1024.0,1024.0,1024.0,1024.0,1024.0,1024.0,1024.0,1024.0,1024.0,1024.0,1024.0,1024.0,1024.0,1024.0,1024.0,1024.0,1024.0,1024.0,1024.0,1024.0,1024.0,1024.0,1024.0,1024.0,1024.0,1024.0,1024.0,1024.0,1024.0,1024.0,1024.0,1024.0,1024.0,1024.0,1024.0,1024.0,1024.0,1024.0,1024.0,1024.0,1024.0,1024.0,1024.0,1024.0,1024.0,1024.0,1024.0,1024.0,1024.0,1024.0,1024.0,1024.0,1024.0,1024.0,1024.0,1024.0,1024.0,1024.0,1024.0,1024.0,1024.0,1024.0,1024.0,1024.0,1024.0,1024.0,1024.0,1024.0,1024.0,1024.0,1024.0,1024.0,1024.0,0.0,0.0,131072.0,256.0,0.0
147,0,1,695,695,4194304,256,0,0,12,4,32,64,"void at::native::vectorized_elementwise_kernel<4, at::native::FillFunctor<int>, std::array<char*, 1ul> >(int, at::native::FillFunctor<int>, std::array<char*, 1ul>)",158974820789764,158974820831780,148,121,818126.0,1184.0,9190.0,0.0,131072.0,917504.0,65536.0,0.0,554639219.0,554639219.0,0.0,0.0,0.0,10974304.0,1835118.0,0.0,80.0,1.0,0.0,1.0,0.0,0.0,0.0,80.0,80.0,100.0,0.0,80.0,80.0,0.0,0.0,0.0,80.0,80.0,100.0,80.0,80.0,0.0,0.0,0.0,0.0,0.0,80.0,1.0,0.0,1.0,80.0,1.0,0.0,1.0,0.0,0.0,0.0,0.0,0.0,80.0,1.0,0.0,1.0,0.0,0.0,0.0,80.0,80.0,100.0,0.0,80.0,80.0,0.0,0.0,0.0,80.0,80.0,100.0,80.0,80.0,80.0,0.0,0.0,0.0,0.0,80.0,1.0,0.0,1.0,0.0,0.0,80.0,0.0,0.0,80.0,1.0,0.0,1.0,0.0,0.0,0.0,80.0,100.0,80.0,100.0,80.0,80.0,0.0,0.0,0.0,0.0,80.0,1.0,80.0,0.0,1.0,0.0,0.0,0.0,80.0,80.0,100.0,80.0,80.0,80.0,0.0,0.0,0.0,80.0,80.0,100.0,80.0,80.0,0.0,0.0,0.0,0.0,0.0,80.0,1.0,0.0,1.0,0.0,0.0,0.0,0.0,0.0,32768.0,32768.0,32768.0,32768.0,32768.0,32768.0,32768.0,32768.0,32768.0,32768.0,32768.0,32768.0,32768.0,32768.0,32768.0,32768.0,32768.0,32768.0,32768.0,32768.0,32768.0,32768.0,32768.0,32768.0,32768.0,32768.0,32768.0,32768.0,32768.0,32768.0,32768.0,32768.0,32768.0,32768.0,32768.0,32768.0,32768.0,32768.0,32768.0,32768.0,32768.0,32768.0,32768.0,32768.0,32768.0,32768.0,32768.0,32768.0,32768.0,32768.0,32768.0,32768.0,32768.0,32768.0,32768.0,32768.0,32768.0,32768.0,32768.0,32768.0,32768.0,32768.0,32768.0,32768.0,32768.0,32768.0,32768.0,32768.0,32768.0,32768.0,32768.0,32768.0,32768.0,32768.0,32768.0,32768.0,32768.0,32768.0,32768.0,32768.0,32768.0,32768.0,32768.0,32768.0,32768.0,32768.0,32768.0,32768.0,32768.0,32768.0,32768.0,32768.0,32768.0,32768.0,32768.0,32768.0,32768.0,32768.0,32768.0,32768.0,32768.0,32768.0,32768.0,32768.0,32768.0,32768.0,32768.0,32768.0,32768.0,32768.0,32768.0,32768.0,32768.0,32768.0,32768.0,32768.0,32768.0,32768.0,32768.0,32768.0,32768.0,32768.0,32768.0,32768.0,32768.0,32768.0,32768.0,32768.0,0.0,0.0,4194304.0,16376.0,0.0
148,0,1,695,695,32768,512,0,0,108,4,48,64,matmulbias_kernel,158974821247361,158974821273340,149,196,552467.0,1184.0,685.0,0.0,8704.0,150016.0,0.0,0.0,46693403.0,46693403.0,1048576.0,0.0,0.0,4673671.0,0.0,2074.0,2096.0,2096.0,2096.0,2084.0,2074.0,2074.0,2074.0,2074.0,2074.0,2074.0,2096.0,2074.0,2074.0,2070.0,2070.0,2070.0,2070.0,2070.0,2070.0,2070.0,2070.0,2096.0,2068.0,2088.0,2088.0,2088.0,2088.0,2088.0,2088.0,2078.0,2096.0,2096.0,2096.0,2084.0,2072.0,2096.0,2096.0,2096.0,2074.0,2096.0,2096.0,2096.0,2084.0,2074.0,2074.0,2074.0,2074.0,2074.0,2074.0,2074.0,2074.0,2074.0,2066.0,2066.0,2066.0,2066.0,2066.0,2066.0,2066.0,2066.0,2074.0,2064.0,2080.0,2080.0,2080.0,2080.0,2080.0,2080.0,2072.0,2068.0,2088.0,2074.0,2088.0,2088.0,2088.0,2088.0,2088.0,2078.0,2070.0,2070.0,2070.0,2070.0,2074.0,2070.0,2070.0,2070.0,2070.0,2068.0,2088.0,2088.0,2088.0,2088.0,2088.0,2074.0,2088.0,2078.0,2070.0,2070.0,2070.0,2070.0,2070.0,2070.0,2070.0,2070.0,2074.0,2074.0,2074.0,2074.0,2074.0,2074.0,2074.0,2074.0,2074.0,2072.0,2096.0,2072.0,2096.0,2096.0,2096.0,2096.0,2096.0,2084.0,2072.0,2096.0,2096.0,2096.0,2096.0,1024.0,1024.0,1024.0,1024.0,1024.0,1024.0,1024.0,1024.0,1024.0,1024.0,1024.0,1024.0,1024.0,1024.0,1024.0,1024.0,1024.0,1024.0,1024.0,1024.0,1024.0,1024.0,1024.0,1024.0,1024.0,1024.0,1024.0,1024.0,1024.0,1024.0,1024.0,1024.0,1024.0,1024.0,1024.0,1024.0,1024.0,1024.0,1024.0,1024.0,1024.0,1024.0,1024.0,1024.0,1024.0,1024.0,1024.0,1024.0,1024.0,1024.0,1024.0,1024.0,1024.0,1024.0,1024.0,1024.0,1024.0,1024.0,1024.0,1024.0,1024.0,1024.0,1024.0,1024.0,1024.0,1024.0,1024.0,1024.0,1024.0,1024.0,1024.0,1024.0,1024.0,1024.0,1024.0,1024.0,1024.0,1024.0,1024.0,1024.0,1024.0,1024.0,1024.0,1024.0,1024.0,1024.0,1024.0,1024.0,1024.0,1024.0,1024.0,1024.0,1024.0,1024.0,1024.0,1024.0,1024.0,1024.0,1024.0,1024.0,1024.0,1024.0,1024.0,1024.0,1024.0,1024.0,1024.0,1024.0,1024.0,1024.0,1024.0,1024.0,1024.0,1024.0,1024.0,1024.0,1024.0,1024.0,1024.0,1024.0,1024.0,1024.0,1024.0,1024.0,1024.0,1024.0,1024.0,1024.0,0.0,0.0,131072.0,256.0,0.0
149,0,1,695,695,4194304,256,0,0,12,4,32,64,"void at::native::vectorized_elementwise_kernel<4, at::native::FillFunctor<int>, std::array<char*, 1ul> >(int, at::native::FillFunctor<int>, std::array<char*, 1ul>)",158974821695818,158974821738074,150,121,825660.0,1184.0,8205.0,0.0,131072.0,917504.0,65536.0,0.0,555492000.0,555492000.0,0.0,0.0,0.0,11007052.0,1835106.0,0.0,80.0,0.0,0.0,2.0,0.0,0.0,0.0,80.0,100.0,80.0,0.0,80.0,80.0,0.0,0.0,0.0,80.0,100.0,80.0,80.0,80.0,0.0,0.0,0.0,0.0,0.0,80.0,0.0,0.0,2.0,80.0,0.0,0.0,2.0,0.0,0.0,0.0,0.0,0.0,80.0,0.0,0.0,2.0,0.0,0.0,0.0,80.0,100.0,80.0,0.0,80.0,80.0,0.0,0.0,0.0,80.0,100.0,80.0,80.0,80.0,80.0,0.0,0.0,0.0,0.0,80.0,0.0,0.0,2.0,0.0,0.0,100.0,0.0,0.0,80.0,0.0,0.0,2.0,0.0,0.0,0.0,80.0,80.0,100.0,80.0,80.0,80.0,0.0,0.0,0.0,0.0,80.0,0.0,80.0,0.0,2.0,0.0,0.0,0.0,80.0,100.0,80.0,80.0,80.0,80.0,0.0,0.0,0.0,80.0,100.0,80.0,80.0,80.0,0.0,0.0,0.0,0.0,0.0,80.0,0.0,0.0,2.0,0.0,0.0,0.0,0.0,0.0,32768.0,32768.0,32768.0,32768.0,32768.0,32768.0,32768.0,32768.0,32768.0,32768.0,32768.0,32768.0,32768.0,32768.0,32768.0,32768.0,32768.0,32768.0,32768.0,32768.0,32768.0,32768.0,32768.0,32768.0,32768.0,32768.0,32768.0,32768.0,32768.0,32768.0,32768.0,32768.0,32768.0,32768.0,32768.0,32768.0,32768.0,32768.0,32768.0,32768.0,32768.0,32768.0,32768.0,32768.0,32768.0,32768.0,32768.0,32768.0,32768.0,32768.0,32768.0,32768.0,32768.0,32768.0,32768.0,32768.0,32768.0,32768.0,32768.0,32768.0,32768.0,32768.0,32768.0,32768.0,32768.0,32768.0,32768.0,32768.0,32768.0,32768.0,32768.0,32768.0,32768.0,32768.0,32768.0,32768.0,32768.0,32768.0,32768.0,32768.0,32768.0,32768.0,32768.0,32768.0,32768.0,32768.0,32768.0,32768.0,32768.0,32768.0,32768.0,32768.0,32768.0,32768.0,32768.0,32768.0,32768.0,32768.0,32768.0,32768.0,32768.0,32768.0,32768.0,32768.0,32768.0,32768.0,32768.0,32768.0,32768.0,32768.0,32768.0,32768.0,32768.0,32768.0,32768.0,32768.0,32768.0,32768.0,32768.0,32768.0,32768.0,32768.0,32768.0,32768.0,32768.0,32768.0,32768.0,32768.0,0.0,0.0,4194304.0,16377.0,0.0
150,0,1,695,695,32768,512,0,0,108,4,48,64,matmulbias_kernel,158974822164881,158974822190820,151,196,563343.0,1184.0,686.0,0.0,8704.0,150016.0,0.0,0.0,47576518.0,47576518.0,1048576.0,0.0,0.0,4726127.0,0.0,2078.0,2104.0,2104.0,2104.0,2090.0,2078.0,2078.0,2078.0,2078.0,2078.0,2078.0,2104.0,2078.0,2078.0,2078.0,2078.0,2078.0,2078.0,2078.0,2078.0,2078.0,2078.0,2104.0,2076.0,2104.0,2104.0,2104.0,2104.0,2104.0,2104.0,2090.0,2104.0,2104.0,2104.0,2090.0,2068.0,2088.0,2088.0,2088.0,2078.0,2088.0,2088.0,2088.0,2078.0,2070.0,2070.0,2070.0,2070.0,2070.0,2070.0,2078.0,2070.0,2070.0,2078.0,2078.0,2078.0,2078.0,2078.0,2078.0,2078.0,2078.0,2078.0,2076.0,2104.0,2104.0,2104.0,2104.0,2104.0,2104.0,2090.0,2072.0,2096.0,2078.0,2096.0,2096.0,2096.0,2096.0,2096.0,2084.0,2074.0,2074.0,2074.0,2074.0,2078.0,2074.0,2074.0,2074.0,2074.0,2064.0,2080.0,2080.0,2080.0,2080.0,2080.0,2078.0,2080.0,2072.0,2066.0,2066.0,2066.0,2066.0,2066.0,2066.0,2066.0,2066.0,2078.0,2070.0,2070.0,2070.0,2070.0,2070.0,2070.0,2070.0,2070.0,2068.0,2088.0,2076.0,2088.0,2088.0,2088.0,2088.0,2088.0,2078.0,2076.0,2104.0,2104.0,2104.0,2104.0,1024.0,1024.0,1024.0,1024.0,1024.0,1024.0,1024.0,1024.0,1024.0,1024.0,1024.0,1024.0,1024.0,1024.0,1024.0,1024.0,1024.0,1024.0,1024.0,1024.0,1024.0,1024.0,1024.0,1024.0,1024.0,1024.0,1024.0,1024.0,1024.0,1024.0,1024.0,1024.0,1024.0,1024.0,1024.0,1024.0,1024.0,1024.0,1024.0,1024.0,1024.0,1024.0,1024.0,1024.0,1024.0,1024.0,1024.0,1024.0,1024.0,1024.0,1024.0,1024.0,1024.0,1024.0,1024.0,1024.0,1024.0,1024.0,1024.0,1024.0,1024.0,1024.0,1024.0,1024.0,1024.0,1024.0,1024.0,1024.0,1024.0,1024.0,1024.0,1024.0,1024.0,1024.0,1024.0,1024.0,1024.0,1024.0,1024.0,1024.0,1024.0,1024.0,1024.0,1024.0,1024.0,1024.0,1024.0,1024.0,1024.0,1024.0,1024.0,1024.0,1024.0,1024.0,1024.0,1024.0,1024.0,1024.0,1024.0,1024.0,1024.0,1024.0,1024.0,1024.0,1024.0,1024.0,1024.0,1024.0,1024.0,1024.0,1024.0,1024.0,1024.0,1024.0,1024.0,1024.0,1024.0,1024.0,1024.0,1024.0,1024.0,1024.0,1024.0,1024.0,1024.0,1024.0,1024.0,1024.0,0.0,0.0,131072.0,256.0,0.0
151,0,1,695,695,4194304,256,0,0,12,4,32,64,"void at::native::vectorized_elementwise_kernel<4, at::native::FillFunctor<int>, std::array<char*, 1ul> >(int, at::native::FillFunctor<int>, std::array<char*, 1ul>)",158974822608927,158974822651464,152,121,828592.0,1184.0,8718.0,0.0,131072.0,917504.0,65536.0,0.0,559688262.0,559688262.0,0.0,0.0,0.0,11074424.0,1835105.0,0.0,80.0,0.0,0.0,1.0,0.0,0.0,0.0,100.0,80.0,81.0,0.0,80.0,80.0,0.0,0.0,0.0,100.0,80.0,81.0,80.0,80.0,0.0,0.0,0.0,0.0,0.0,80.0,0.0,0.0,1.0,80.0,0.0,0.0,1.0,0.0,0.0,0.0,0.0,0.0,80.0,0.0,0.0,1.0,0.0,0.0,0.0,100.0,80.0,81.0,0.0,80.0,80.0,0.0,0.0,0.0,100.0,80.0,81.0,80.0,80.0,100.0,0.0,0.0,0.0,0.0,80.0,0.0,0.0,1.0,0.0,0.0,80.0,0.0,0.0,80.0,0.0,0.0,1.0,0.0,0.0,0.0,100.0,81.0,80.0,81.0,80.0,80.0,0.0,0.0,0.0,0.0,80.0,0.0,80.0,0.0,1.0,0.0,0.0,0.0,100.0,80.0,81.0,80.0,80.0,80.0,0.0,0.0,0.0,100.0,80.0,81.0,80.0,80.0,0.0,0.0,0.0,0.0,0.0,80.0,0.0,0.0,1.0,0.0,0.0,0.0,0.0,0.0,32768.0,32768.0,32768.0,32768.0,32768.0,32768.0,32768.0,32768.0,32768.0,32768.0,32768.0,32768.0,32768.0,32768.0,32768.0,32768.0,32768.0,32768.0,32768.0,32768.0,32768.0,32768.0,32768.0,32768.0,32768.0,32768.0,32768.0,32768.0,32768.0,32768.0,32768.0,32768.0,32768.0,32768.0,32768.0,32768.0,32768.0,32768.0,32768.0,32768.0,32768.0,32768.0,32768.0,32768.0,32768.0,32768.0,32768.0,32768.0,32768.0,32768.0,32768.0,32768.0,32768.0,32768.0,32768.0,32768.0,32768.0,32768.0,32768.0,32768.0,32768.0,32768.0,32768.0,32768.0,32768.0,32768.0,32768.0,32768.0,32768.0,32768.0,32768.0,32768.0,32768.0,32768.0,32768.0,32768.0,32768.0,32768.0,32768.0,32768.0,32768.0,32768.0,32768.0,32768.0,32768.0,32768.0,32768.0,32768.0,32768.0,32768.0,32768.0,32768.0,32768.0,32768.0,32768.0,32768.0,32768.0,32768.0,32768.0,32768.0,32768.0,32768.0,32768.0,32768.0,32768.0,32768.0,32768.0,32768.0,32768.0,32768.0,32768.0,32768.0,32768.0,32768.0,32768.0,32768.0,32768.0,32768.0,32768.0,32768.0,32768.0,32768.0,32768.0,32768.0,32768.0,32768.0,32768.0,32768.0,0.0,0.0,4194304.0,16378.0,0.0
152,0,1,695,695,32768,512,0,0,108,4,48,64,matmulbias_kernel,158974823059068,158974823084966,153,196,545256.0,1184.0,608.0,0.0,8704.0,150016.0,0.0,0.0,46156051.0,46156051.0,1048576.0,0.0,0.0,4703999.0,0.0,2078.0,2080.0,2080.0,2080.0,2072.0,2066.0,2066.0,2066.0,2066.0,2066.0,2066.0,2104.0,2066.0,2066.0,2074.0,2074.0,2074.0,2074.0,2074.0,2074.0,2074.0,2074.0,2104.0,2072.0,2096.0,2096.0,2096.0,2096.0,2096.0,2096.0,2084.0,2104.0,2104.0,2104.0,2090.0,2076.0,2104.0,2104.0,2104.0,2078.0,2104.0,2104.0,2104.0,2090.0,2078.0,2078.0,2078.0,2078.0,2078.0,2078.0,2078.0,2078.0,2078.0,2074.0,2074.0,2074.0,2074.0,2074.0,2074.0,2074.0,2074.0,2078.0,2072.0,2096.0,2096.0,2096.0,2096.0,2096.0,2096.0,2084.0,2072.0,2096.0,2078.0,2096.0,2096.0,2096.0,2096.0,2096.0,2084.0,2074.0,2074.0,2074.0,2074.0,2078.0,2074.0,2074.0,2074.0,2074.0,2072.0,2096.0,2096.0,2096.0,2096.0,2096.0,2078.0,2096.0,2084.0,2074.0,2074.0,2074.0,2074.0,2074.0,2074.0,2074.0,2074.0,2078.0,2070.0,2070.0,2070.0,2070.0,2070.0,2070.0,2070.0,2070.0,2068.0,2088.0,2076.0,2088.0,2088.0,2088.0,2088.0,2088.0,2078.0,2064.0,2080.0,2080.0,2080.0,2104.0,1024.0,1024.0,1024.0,1024.0,1024.0,1024.0,1024.0,1024.0,1024.0,1024.0,1024.0,1024.0,1024.0,1024.0,1024.0,1024.0,1024.0,1024.0,1024.0,1024.0,1024.0,1024.0,1024.0,1024.0,1024.0,1024.0,1024.0,1024.0,1024.0,1024.0,1024.0,1024.0,1024.0,1024.0,1024.0,1024.0,1024.0,1024.0,1024.0,1024.0,1024.0,1024.0,1024.0,1024.0,1024.0,1024.0,1024.0,1024.0,1024.0,1024.0,1024.0,1024.0,1024.0,1024.0,1024.0,1024.0,1024.0,1024.0,1024.0,1024.0,1024.0,1024.0,1024.0,1024.0,1024.0,1024.0,1024.0,1024.0,1024.0,1024.0,1024.0,1024.0,1024.0,1024.0,1024.0,1024.0,1024.0,1024.0,1024.0,1024.0,1024.0,1024.0,1024.0,1024.0,1024.0,1024.0,1024.0,1024.0,1024.0,1024.0,1024.0,1024.0,1024.0,1024.0,1024.0,1024.0,1024.0,1024.0,1024.0,1024.0,1024.0,1024.0,1024.0,1024.0,1024.0,1024.0,1024.0,1024.0,1024.0,1024.0,1024.0,1024.0,1024.0,1024.0,1024.0,1024.0,1024.0,1024.0,1024.0,1024.0,1024.0,1024.0,1024.0,1024.0,1024.0,1024.0,1024.0,1024.0,0.0,0.0,131072.0,256.0,0.0
153,0,1,695,695,4194304,256,0,0,12,4,32,64,"void at::native::vectorized_elementwise_kernel<4, at::native::FillFunctor<int>, std::array<char*, 1ul> >(int, at::native::FillFunctor<int>, std::array<char*, 1ul>)",158974823499907,158974823542644,154,121,835522.0,1184.0,8090.0,0.0,131072.0,917504.0,65536.0,0.0,560269264.0,560269264.0,0.0,0.0,0.0,11081796.0,1835120.0,0.0,80.0,0.0,0.0,1.0,0.0,0.0,20.0,80.0,80.0,80.0,0.0,80.0,81.0,0.0,0.0,20.0,80.0,80.0,80.0,80.0,81.0,0.0,0.0,0.0,0.0,0.0,80.0,0.0,0.0,1.0,80.0,0.0,0.0,1.0,0.0,0.0,0.0,0.0,0.0,80.0,0.0,0.0,1.0,0.0,0.0,20.0,80.0,80.0,80.0,20.0,80.0,81.0,0.0,0.0,20.0,80.0,80.0,80.0,80.0,81.0,80.0,0.0,0.0,0.0,0.0,80.0,0.0,0.0,1.0,0.0,0.0,80.0,0.0,0.0,80.0,0.0,0.0,1.0,0.0,0.0,20.0,80.0,80.0,80.0,80.0,80.0,81.0,0.0,0.0,0.0,0.0,80.0,0.0,80.0,0.0,1.0,0.0,0.0,20.0,80.0,80.0,80.0,80.0,81.0,81.0,0.0,0.0,20.0,80.0,80.0,80.0,80.0,81.0,0.0,0.0,0.0,0.0,0.0,80.0,0.0,0.0,1.0,0.0,0.0,0.0,0.0,0.0,32768.0,32768.0,32768.0,32768.0,32768.0,32768.0,32768.0,32768.0,32768.0,32768.0,32768.0,32768.0,32768.0,32768.0,32768.0,32768.0,32768.0,32768.0,32768.0,32768.0,32768.0,32768.0,32768.0,32768.0,32768.0,32768.0,32768.0,32768.0,32768.0,32768.0,32768.0,32768.0,32768.0,32768.0,32768.0,32768.0,32768.0,32768.0,32768.0,32768.0,32768.0,32768.0,32768.0,32768.0,32768.0,32768.0,32768.0,32768.0,32768.0,32768.0,32768.0,32768.0,32768.0,32768.0,32768.0,32768.0,32768.0,32768.0,32768.0,32768.0,32768.0,32768.0,32768.0,32768.0,32768.0,32768.0,32768.0,32768.0,32768.0,32768.0,32768.0,32768.0,32768.0,32768.0,32768.0,32768.0,32768.0,32768.0,32768.0,32768.0,32768.0,32768.0,32768.0,32768.0,32768.0,32768.0,32768.0,32768.0,32768.0,32768.0,32768.0,32768.0,32768.0,32768.0,32768.0,32768.0,32768.0,32768.0,32768.0,32768.0,32768.0,32768.0,32768.0,32768.0,32768.0,32768.0,32768.0,32768.0,32768.0,32768.0,32768.0,32768.0,32768.0,32768.0,32768.0,32768.0,32768.0,32768.0,32768.0,32768.0,32768.0,32768.0,32768.0,32768.0,32768.0,32768.0,32768.0,32768.0,0.0,0.0,4194304.0,16377.0,0.0
154,0,1,695,695,32768,512,0,0,108,4,48,64,matmulbias_kernel,158974823967326,158974823993505,155,196,550307.0,1184.0,8487.0,0.0,8704.0,150016.0,0.0,0.0,48632492.0,48632492.0,1048576.0,0.0,0.0,4843377.0,0.0,2070.0,2096.0,2096.0,2096.0,2085.0,2074.0,2075.0,2074.0,2074.0,2074.0,2074.0,2088.0,2074.0,2074.0,2074.0,2075.0,2074.0,2074.0,2074.0,2074.0,2074.0,2074.0,2088.0,2072.0,2096.0,2096.0,2096.0,2096.0,2096.0,2096.0,2085.0,2088.0,2088.0,2088.0,2079.0,2072.0,2096.0,2096.0,2096.0,2071.0,2096.0,2096.0,2096.0,2085.0,2074.0,2075.0,2074.0,2074.0,2074.0,2074.0,2070.0,2074.0,2074.0,2074.0,2075.0,2074.0,2074.0,2074.0,2074.0,2074.0,2074.0,2070.0,2072.0,2096.0,2096.0,2096.0,2096.0,2096.0,2096.0,2085.0,2076.0,2104.0,2070.0,2104.0,2104.0,2104.0,2104.0,2104.0,2091.0,2078.0,2079.0,2078.0,2078.0,2070.0,2078.0,2078.0,2078.0,2078.0,2064.0,2080.0,2080.0,2080.0,2080.0,2080.0,2070.0,2080.0,2073.0,2066.0,2067.0,2066.0,2066.0,2066.0,2066.0,2066.0,2066.0,2070.0,2078.0,2079.0,2078.0,2078.0,2078.0,2078.0,2078.0,2078.0,2076.0,2104.0,2068.0,2104.0,2104.0,2104.0,2104.0,2104.0,2091.0,2072.0,2096.0,2096.0,2096.0,2088.0,1024.0,1024.0,1024.0,1024.0,1024.0,1024.0,1024.0,1024.0,1024.0,1024.0,1024.0,1024.0,1024.0,1024.0,1024.0,1024.0,1024.0,1024.0,1024.0,1024.0,1024.0,1024.0,1024.0,1024.0,1024.0,1024.0,1024.0,1024.0,1024.0,1024.0,1024.0,1024.0,1024.0,1024.0,1024.0,1024.0,1024.0,1024.0,1024.0,1024.0,1024.0,1024.0,1024.0,1024.0,1024.0,1024.0,1024.0,1024.0,1024.0,1024.0,1024.0,1024.0,1024.0,1024.0,1024.0,1024.0,1024.0,1024.0,1024.0,1024.0,1024.0,1024.0,1024.0,1024.0,1024.0,1024.0,1024.0,1024.0,1024.0,1024.0,1024.0,1024.0,1024.0,1024.0,1024.0,1024.0,1024.0,1024.0,1024.0,1024.0,1024.0,1024.0,1024.0,1024.0,1024.0,1024.0,1024.0,1024.0,1024.0,1024.0,1024.0,1024.0,1024.0,1024.0,1024.0,1024.0,1024.0,1024.0,1024.0,1024.0,1024.0,1024.0,1024.0,1024.0,1024.0,1024.0,1024.0,1024.0,1024.0,1024.0,1024.0,1024.0,1024.0,1024.0,1024.0,1024.0,1024.0,1024.0,1024.0,1024.0,1024.0,1024.0,1024.0,1024.0,1024.0,1024.0,1024.0,1024.0,0.0,0.0,131072.0,256.0,0.0
155,0,1,695,695,4194304,256,0,0,12,4,32,64,"void at::native::vectorized_elementwise_kernel<4, at::native::FillFunctor<int>, std::array<char*, 1ul> >(int, at::native::FillFunctor<int>, std::array<char*, 1ul>)",158974824418990,158974824461326,156,121,827017.0,1184.0,9926.0,0.0,131072.0,917504.0,65536.0,0.0,555159235.0,555159235.0,0.0,0.0,0.0,11006564.0,1835120.0,0.0,80.0,0.0,0.0,1.0,0.0,21.0,0.0,80.0,80.0,80.0,0.0,80.0,80.0,0.0,21.0,0.0,80.0,80.0,80.0,80.0,80.0,0.0,0.0,0.0,0.0,0.0,80.0,0.0,0.0,1.0,80.0,0.0,0.0,1.0,0.0,0.0,0.0,0.0,21.0,80.0,0.0,0.0,1.0,0.0,21.0,0.0,80.0,80.0,80.0,0.0,80.0,80.0,0.0,21.0,0.0,80.0,80.0,80.0,80.0,80.0,80.0,0.0,0.0,0.0,0.0,80.0,0.0,0.0,1.0,0.0,0.0,80.0,0.0,0.0,80.0,0.0,0.0,1.0,0.0,21.0,0.0,80.0,80.0,80.0,80.0,80.0,80.0,0.0,0.0,0.0,0.0,80.0,0.0,80.0,0.0,1.0,0.0,21.0,0.0,80.0,80.0,80.0,80.0,80.0,80.0,0.0,21.0,0.0,80.0,80.0,80.0,80.0,80.0,0.0,0.0,0.0,0.0,0.0,80.0,0.0,0.0,1.0,0.0,0.0,0.0,0.0,0.0,32768.0,32768.0,32768.0,32768.0,32768.0,32768.0,32768.0,32768.0,32768.0,32768.0,32768.0,32768.0,32768.0,32768.0,32768.0,32768.0,32768.0,32768.0,32768.0,32768.0,32768.0,32768.0,32768.0,32768.0,32768.0,32768.0,32768.0,32768.0,32768.0,32768.0,32768.0,32768.0,32768.0,32768.0,32768.0,32768.0,32768.0,32768.0,32768.0,32768.0,32768.0,32768.0,32768.0,32768.0,32768.0,32768.0,32768.0,32768.0,32768.0,32768.0,32768.0,32768.0,32768.0,32768.0,32768.0,32768.0,32768.0,32768.0,32768.0,32768.0,32768.0,32768.0,32768.0,32768.0,32768.0,32768.0,32768.0,32768.0,32768.0,32768.0,32768.0,32768.0,32768.0,32768.0,32768.0,32768.0,32768.0,32768.0,32768.0,32768.0,32768.0,32768.0,32768.0,32768.0,32768.0,32768.0,32768.0,32768.0,32768.0,32768.0,32768.0,32768.0,32768.0,32768.0,32768.0,32768.0,32768.0,32768.0,32768.0,32768.0,32768.0,32768.0,32768.0,32768.0,32768.0,32768.0,32768.0,32768.0,32768.0,32768.0,32768.0,32768.0,32768.0,32768.0,32768.0,32768.0,32768.0,32768.0,32768.0,32768.0,32768.0,32768.0,32768.0,32768.0,32768.0,32768.0,32768.0,32768.0,0.0,0.0,4194304.0,16379.0,0.0
156,0,1,695,695,32768,512,0,0,108,4,48,64,matmulbias_kernel,158974824888494,158974824914393,157,196,552871.0,1184.0,608.0,0.0,8704.0,150016.0,0.0,0.0,47101301.0,47101301.0,1048576.0,0.0,0.0,4684221.0,0.0,2078.0,2112.0,2112.0,2112.0,2096.0,2082.0,2082.0,2082.0,2082.0,2082.0,2082.0,2104.0,2082.0,2082.0,2078.0,2078.0,2078.0,2078.0,2078.0,2078.0,2078.0,2078.0,2104.0,2076.0,2104.0,2104.0,2104.0,2104.0,2104.0,2104.0,2090.0,2104.0,2104.0,2104.0,2090.0,2072.0,2096.0,2096.0,2096.0,2078.0,2096.0,2096.0,2096.0,2084.0,2074.0,2074.0,2074.0,2074.0,2074.0,2074.0,2078.0,2074.0,2074.0,2078.0,2078.0,2078.0,2078.0,2078.0,2078.0,2078.0,2078.0,2078.0,2076.0,2104.0,2104.0,2104.0,2104.0,2104.0,2104.0,2090.0,2072.0,2096.0,2078.0,2096.0,2096.0,2096.0,2096.0,2096.0,2084.0,2074.0,2074.0,2074.0,2074.0,2078.0,2074.0,2074.0,2074.0,2074.0,2076.0,2104.0,2104.0,2104.0,2104.0,2104.0,2078.0,2104.0,2090.0,2078.0,2078.0,2078.0,2078.0,2078.0,2078.0,2078.0,2078.0,2078.0,2074.0,2074.0,2074.0,2074.0,2074.0,2074.0,2074.0,2074.0,2072.0,2096.0,2076.0,2096.0,2096.0,2096.0,2096.0,2096.0,2084.0,2080.0,2112.0,2112.0,2112.0,2104.0,1024.0,1024.0,1024.0,1024.0,1024.0,1024.0,1024.0,1024.0,1024.0,1024.0,1024.0,1024.0,1024.0,1024.0,1024.0,1024.0,1024.0,1024.0,1024.0,1024.0,1024.0,1024.0,1024.0,1024.0,1024.0,1024.0,1024.0,1024.0,1024.0,1024.0,1024.0,1024.0,1024.0,1024.0,1024.0,1024.0,1024.0,1024.0,1024.0,1024.0,1024.0,1024.0,1024.0,1024.0,1024.0,1024.0,1024.0,1024.0,1024.0,1024.0,1024.0,1024.0,1024.0,1024.0,1024.0,1024.0,1024.0,1024.0,1024.0,1024.0,1024.0,1024.0,1024.0,1024.0,1024.0,1024.0,1024.0,1024.0,1024.0,1024.0,1024.0,1024.0,1024.0,1024.0,1024.0,1024.0,1024.0,1024.0,1024.0,1024.0,1024.0,1024.0,1024.0,1024.0,1024.0,1024.0,1024.0,1024.0,1024.0,1024.0,1024.0,1024.0,1024.0,1024.0,1024.0,1024.0,1024.0,1024.0,1024.0,1024.0,1024.0,1024.0,1024.0,1024.0,1024.0,1024.0,1024.0,1024.0,1024.0,1024.0,1024.0,1024.0,1024.0,1024.0,1024.0,1024.0,1024.0,1024.0,1024.0,1024.0,1024.0,1024.0,1024.0,1024.0,1024.0,1024.0,1024.0,1024.0,0.0,0.0,131072.0,256.0,0.0
157,0,1,695,695,4194304,256,0,0,12,4,32,64,"void at::native::vectorized_elementwise_kernel<4, at::native::FillFunctor<int>, std::array<char*, 1ul> >(int, at::native::FillFunctor<int>, std::array<char*, 1ul>)",158974825329734,158974825372150,158,121,823970.0,1184.0,608.0,0.0,131072.0,917504.0,65536.0,0.0,557227242.0,557227242.0,0.0,0.0,0.0,11024593.0,1835120.0,20.0,80.0,0.0,0.0,0.0,20.0,0.0,0.0,80.0,80.0,80.0,0.0,80.0,80.0,20.0,0.0,0.0,80.0,80.0,80.0,80.0,80.0,0.0,0.0,0.0,0.0,0.0,80.0,0.0,0.0,0.0,80.0,0.0,0.0,0.0,0.0,0.0,0.0,0.0,0.0,80.0,0.0,0.0,0.0,20.0,0.0,0.0,80.0,80.0,80.0,0.0,80.0,80.0,20.0,0.0,0.0,80.0,80.0,80.0,80.0,80.0,80.0,0.0,0.0,0.0,0.0,80.0,0.0,0.0,0.0,0.0,0.0,80.0,0.0,0.0,80.0,0.0,0.0,0.0,20.0,0.0,0.0,80.0,80.0,80.0,80.0,80.0,80.0,0.0,0.0,0.0,0.0,80.0,0.0,80.0,0.0,0.0,20.0,0.0,0.0,80.0,80.0,80.0,80.0,80.0,80.0,20.0,0.0,0.0,80.0,80.0,80.0,80.0,80.0,0.0,0.0,0.0,0.0,0.0,80.0,0.0,0.0,0.0,0.0,0.0,0.0,0.0,0.0,32768.0,32768.0,32768.0,32768.0,32768.0,32768.0,32768.0,32768.0,32768.0,32768.0,32768.0,32768.0,32768.0,32768.0,32768.0,32768.0,32768.0,32768.0,32768.0,32768.0,32768.0,32768.0,32768.0,32768.0,32768.0,32768.0,32768.0,32768.0,32768.0,32768.0,32768.0,32768.0,32768.0,32768.0,32768.0,32768.0,32768.0,32768.0,32768.0,32768.0,32768.0,32768.0,32768.0,32768.0,32768.0,32768.0,32768.0,32768.0,32768.0,32768.0,32768.0,32768.0,32768.0,32768.0,32768.0,32768.0,32768.0,32768.0,32768.0,32768.0,32768.0,32768.0,32768.0,32768.0,32768.0,32768.0,32768.0,32768.0,32768.0,32768.0,32768.0,32768.0,32768.0,32768.0,32768.0,32768.0,32768.0,32768.0,32768.0,32768.0,32768.0,32768.0,32768.0,32768.0,32768.0,32768.0,32768.0,32768.0,32768.0,32768.0,32768.0,32768.0,32768.0,32768.0,32768.0,32768.0,32768.0,32768.0,32768.0,32768.0,32768.0,32768.0,32768.0,32768.0,32768.0,32768.0,32768.0,32768.0,32768.0,32768.0,32768.0,32768.0,32768.0,32768.0,32768.0,32768.0,32768.0,32768.0,32768.0,32768.0,32768.0,32768.0,32768.0,32768.0,32768.0,32768.0,32768.0,32768.0,0.0,0.0,4194304.0,16380.0,0.0
158,0,1,695,695,32768,512,0,0,108,4,48,64,matmulbias_kernel,158974825791460,158974825817359,159,196,546464.0,1184.0,8470.0,0.0,8704.0,150016.0,0.0,0.0,46965836.0,46965836.0,1048576.0,0.0,0.0,4665397.0,0.0,2066.0,2088.0,2088.0,2088.0,2079.0,2070.0,2070.0,2070.0,2071.0,2070.0,2070.0,2080.0,2070.0,2070.0,2074.0,2074.0,2074.0,2075.0,2074.0,2074.0,2074.0,2074.0,2080.0,2072.0,2096.0,2096.0,2096.0,2096.0,2096.0,2096.0,2085.0,2080.0,2080.0,2080.0,2073.0,2072.0,2096.0,2096.0,2096.0,2066.0,2096.0,2096.0,2096.0,2085.0,2074.0,2074.0,2074.0,2075.0,2074.0,2074.0,2066.0,2074.0,2074.0,2070.0,2070.0,2070.0,2071.0,2070.0,2070.0,2070.0,2070.0,2067.0,2068.0,2088.0,2088.0,2088.0,2088.0,2088.0,2088.0,2079.0,2076.0,2104.0,2066.0,2104.0,2104.0,2104.0,2104.0,2104.0,2091.0,2078.0,2078.0,2078.0,2079.0,2066.0,2078.0,2078.0,2078.0,2078.0,2072.0,2096.0,2096.0,2096.0,2096.0,2096.0,2066.0,2096.0,2085.0,2074.0,2074.0,2074.0,2075.0,2074.0,2074.0,2074.0,2074.0,2066.0,2066.0,2066.0,2066.0,2067.0,2066.0,2066.0,2066.0,2066.0,2064.0,2080.0,2064.0,2080.0,2080.0,2080.0,2080.0,2080.0,2073.0,2068.0,2088.0,2088.0,2088.0,2080.0,1024.0,1024.0,1024.0,1024.0,1024.0,1024.0,1024.0,1024.0,1024.0,1024.0,1024.0,1024.0,1024.0,1024.0,1024.0,1024.0,1024.0,1024.0,1024.0,1024.0,1024.0,1024.0,1024.0,1024.0,1024.0,1024.0,1024.0,1024.0,1024.0,1024.0,1024.0,1024.0,1024.0,1024.0,1024.0,1024.0,1024.0,1024.0,1024.0,1024.0,1024.0,1024.0,1024.0,1024.0,1024.0,1024.0,1024.0,1024.0,1024.0,1024.0,1024.0,1024.0,1024.0,1024.0,1024.0,1024.0,1024.0,1024.0,1024.0,1024.0,1024.0,1024.0,1024.0,1024.0,1024.0,1024.0,1024.0,1024.0,1024.0,1024.0,1024.0,1024.0,1024.0,1024.0,1024.0,1024.0,1024.0,1024.0,1024.0,1024.0,1024.0,1024.0,1024.0,1024.0,1024.0,1024.0,1024.0,1024.0,1024.0,1024.0,1024.0,1024.0,1024.0,1024.0,1024.0,1024.0,1024.0,1024.0,1024.0,1024.0,1024.0,1024.0,1024.0,1024.0,1024.0,1024.0,1024.0,1024.0,1024.0,1024.0,1024.0,1024.0,1024.0,1024.0,1024.0,1024.0,1024.0,1024.0,1024.0,1024.0,1024.0,1024.0,1024.0,1024.0,1024.0,1024.0,1024.0,1024.0,0.0,0.0,131072.0,256.0,0.0
159,0,1,695,695,4194304,256,0,0,12,4,32,64,"void at::native::vectorized_elementwise_kernel<4, at::native::FillFunctor<int>, std::array<char*, 1ul> >(int, at::native::FillFunctor<int>, std::array<char*, 1ul>)",158974826242523,158974826284738,160,121,820771.0,1184.0,608.0,0.0,131072.0,917504.0,65536.0,0.0,556444413.0,556444413.0,0.0,0.0,0.0,11013838.0,1835120.0,0.0,80.0,0.0,0.0,0.0,0.0,0.0,0.0,80.0,80.0,80.0,0.0,80.0,80.0,0.0,0.0,0.0,80.0,80.0,80.0,80.0,80.0,20.0,0.0,0.0,0.0,20.0,80.0,0.0,0.0,0.0,80.0,0.0,0.0,0.0,0.0,0.0,0.0,20.0,0.0,80.0,0.0,0.0,0.0,0.0,0.0,0.0,80.0,80.0,80.0,0.0,80.0,80.0,0.0,0.0,0.0,80.0,80.0,80.0,80.0,80.0,80.0,0.0,0.0,0.0,20.0,80.0,0.0,0.0,0.0,0.0,0.0,80.0,0.0,20.0,80.0,0.0,0.0,0.0,0.0,0.0,0.0,80.0,80.0,80.0,80.0,80.0,80.0,0.0,0.0,0.0,20.0,80.0,0.0,80.0,0.0,0.0,0.0,0.0,0.0,80.0,80.0,80.0,80.0,80.0,80.0,0.0,0.0,0.0,80.0,80.0,80.0,80.0,80.0,0.0,0.0,0.0,0.0,20.0,80.0,0.0,0.0,0.0,0.0,0.0,0.0,20.0,0.0,32768.0,32768.0,32768.0,32768.0,32768.0,32768.0,32768.0,32768.0,32768.0,32768.0,32768.0,32768.0,32768.0,32768.0,32768.0,32768.0,32768.0,32768.0,32768.0,32768.0,32768.0,32768.0,32768.0,32768.0,32768.0,32768.0,32768.0,32768.0,32768.0,32768.0,32768.0,32768.0,32768.0,32768.0,32768.0,32768.0,32768.0,32768.0,32768.0,32768.0,32768.0,32768.0,32768.0,32768.0,32768.0,32768.0,32768.0,32768.0,32768.0,32768.0,32768.0,32768.0,32768.0,32768.0,32768.0,32768.0,32768.0,32768.0,32768.0,32768.0,32768.0,32768.0,32768.0,32768.0,32768.0,32768.0,32768.0,32768.0,32768.0,32768.0,32768.0,32768.0,32768.0,32768.0,32768.0,32768.0,32768.0,32768.0,32768.0,32768.0,32768.0,32768.0,32768.0,32768.0,32768.0,32768.0,32768.0,32768.0,32768.0,32768.0,32768.0,32768.0,32768.0,32768.0,32768.0,32768.0,32768.0,32768.0,32768.0,32768.0,32768.0,32768.0,32768.0,32768.0,32768.0,32768.0,32768.0,32768.0,32768.0,32768.0,32768.0,32768.0,32768.0,32768.0,32768.0,32768.0,32768.0,32768.0,32768.0,32768.0,32768.0,32768.0,32768.0,32768.0,32768.0,32768.0,32768.0,32768.0,0.0,0.0,4194304.0,16377.0,0.0
160,0,1,695,695,32768,512,0,0,108,4,48,64,matmulbias_kernel,158974826697835,158974826723653,161,196,554803.0,1184.0,8287.0,0.0,8704.0,150016.0,0.0,0.0,46969783.0,46969783.0,1048576.0,0.0,0.0,4616734.0,0.0,2066.0,2088.0,2088.0,2088.0,2079.0,2070.0,2071.0,2070.0,2070.0,2070.0,2070.0,2080.0,2070.0,2070.0,2070.0,2071.0,2070.0,2070.0,2070.0,2070.0,2070.0,2070.0,2080.0,2068.0,2088.0,2088.0,2088.0,2088.0,2088.0,2088.0,2079.0,2080.0,2080.0,2080.0,2073.0,2072.0,2096.0,2096.0,2096.0,2067.0,2096.0,2096.0,2096.0,2085.0,2074.0,2075.0,2074.0,2074.0,2074.0,2074.0,2066.0,2074.0,2074.0,2078.0,2079.0,2078.0,2078.0,2078.0,2078.0,2078.0,2078.0,2066.0,2076.0,2104.0,2104.0,2104.0,2104.0,2104.0,2104.0,2091.0,2080.0,2112.0,2066.0,2112.0,2112.0,2112.0,2112.0,2112.0,2097.0,2082.0,2083.0,2082.0,2082.0,2066.0,2082.0,2082.0,2082.0,2082.0,2068.0,2088.0,2088.0,2088.0,2088.0,2088.0,2066.0,2088.0,2079.0,2070.0,2071.0,2070.0,2070.0,2070.0,2070.0,2070.0,2070.0,2066.0,2070.0,2071.0,2070.0,2070.0,2070.0,2070.0,2070.0,2070.0,2068.0,2088.0,2064.0,2088.0,2088.0,2088.0,2088.0,2088.0,2079.0,2068.0,2088.0,2088.0,2088.0,2080.0,1024.0,1024.0,1024.0,1024.0,1024.0,1024.0,1024.0,1024.0,1024.0,1024.0,1024.0,1024.0,1024.0,1024.0,1024.0,1024.0,1024.0,1024.0,1024.0,1024.0,1024.0,1024.0,1024.0,1024.0,1024.0,1024.0,1024.0,1024.0,1024.0,1024.0,1024.0,1024.0,1024.0,1024.0,1024.0,1024.0,1024.0,1024.0,1024.0,1024.0,1024.0,1024.0,1024.0,1024.0,1024.0,1024.0,1024.0,1024.0,1024.0,1024.0,1024.0,1024.0,1024.0,1024.0,1024.0,1024.0,1024.0,1024.0,1024.0,1024.0,1024.0,1024.0,1024.0,1024.0,1024.0,1024.0,1024.0,1024.0,1024.0,1024.0,1024.0,1024.0,1024.0,1024.0,1024.0,1024.0,1024.0,1024.0,1024.0,1024.0,1024.0,1024.0,1024.0,1024.0,1024.0,1024.0,1024.0,1024.0,1024.0,1024.0,1024.0,1024.0,1024.0,1024.0,1024.0,1024.0,1024.0,1024.0,1024.0,1024.0,1024.0,1024.0,1024.0,1024.0,1024.0,1024.0,1024.0,1024.0,1024.0,1024.0,1024.0,1024.0,1024.0,1024.0,1024.0,1024.0,1024.0,1024.0,1024.0,1024.0,1024.0,1024.0,1024.0,1024.0,1024.0,1024.0,1024.0,1024.0,0.0,0.0,131072.0,256.0,0.0
161,0,1,695,695,4194304,256,0,0,12,4,32,64,"void at::native::vectorized_elementwise_kernel<4, at::native::FillFunctor<int>, std::array<char*, 1ul> >(int, at::native::FillFunctor<int>, std::array<char*, 1ul>)",158974827140237,158974827182974,162,121,824878.0,1184.0,608.0,0.0,131072.0,917504.0,65536.0,0.0,556144776.0,556144776.0,0.0,0.0,0.0,11002993.0,1835120.0,0.0,80.0,0.0,0.0,0.0,0.0,0.0,0.0,80.0,80.0,80.0,20.0,80.0,80.0,0.0,0.0,0.0,80.0,80.0,80.0,80.0,80.0,0.0,0.0,0.0,20.0,0.0,80.0,0.0,0.0,0.0,80.0,0.0,0.0,0.0,0.0,0.0,20.0,0.0,0.0,80.0,0.0,0.0,0.0,0.0,0.0,0.0,80.0,80.0,80.0,0.0,80.0,80.0,0.0,0.0,0.0,80.0,80.0,80.0,80.0,80.0,80.0,0.0,0.0,20.0,0.0,80.0,0.0,0.0,0.0,0.0,0.0,80.0,20.0,0.0,80.0,0.0,0.0,0.0,0.0,0.0,0.0,80.0,80.0,80.0,80.0,80.0,80.0,0.0,0.0,20.0,0.0,80.0,0.0,80.0,0.0,0.0,0.0,0.0,0.0,80.0,80.0,80.0,80.0,80.0,80.0,0.0,0.0,0.0,80.0,80.0,80.0,80.0,80.0,0.0,0.0,0.0,20.0,0.0,80.0,0.0,0.0,0.0,0.0,0.0,20.0,0.0,0.0,32768.0,32768.0,32768.0,32768.0,32768.0,32768.0,32768.0,32768.0,32768.0,32768.0,32768.0,32768.0,32768.0,32768.0,32768.0,32768.0,32768.0,32768.0,32768.0,32768.0,32768.0,32768.0,32768.0,32768.0,32768.0,32768.0,32768.0,32768.0,32768.0,32768.0,32768.0,32768.0,32768.0,32768.0,32768.0,32768.0,32768.0,32768.0,32768.0,32768.0,32768.0,32768.0,32768.0,32768.0,32768.0,32768.0,32768.0,32768.0,32768.0,32768.0,32768.0,32768.0,32768.0,32768.0,32768.0,32768.0,32768.0,32768.0,32768.0,32768.0,32768.0,32768.0,32768.0,32768.0,32768.0,32768.0,32768.0,32768.0,32768.0,32768.0,32768.0,32768.0,32768.0,32768.0,32768.0,32768.0,32768.0,32768.0,32768.0,32768.0,32768.0,32768.0,32768.0,32768.0,32768.0,32768.0,32768.0,32768.0,32768.0,32768.0,32768.0,32768.0,32768.0,32768.0,32768.0,32768.0,32768.0,32768.0,32768.0,32768.0,32768.0,32768.0,32768.0,32768.0,32768.0,32768.0,32768.0,32768.0,32768.0,32768.0,32768.0,32768.0,32768.0,32768.0,32768.0,32768.0,32768.0,32768.0,32768.0,32768.0,32768.0,32768.0,32768.0,32768.0,32768.0,32768.0,32768.0,32768.0,0.0,0.0,4194304.0,16379.0,0.0
162,0,1,695,695,32768,512,0,0,108,4,48,64,matmulbias_kernel,158974827603808,158974827629386,163,196,551060.0,1184.0,8469.0,0.0,8704.0,150016.0,0.0,0.0,46795620.0,46795620.0,1048576.0,0.0,0.0,4738759.0,0.0,2074.0,2096.0,2096.0,2096.0,2085.0,2074.0,2074.0,2074.0,2075.0,2074.0,2074.0,2096.0,2074.0,2074.0,2066.0,2066.0,2066.0,2067.0,2066.0,2066.0,2066.0,2066.0,2096.0,2064.0,2080.0,2080.0,2080.0,2080.0,2080.0,2080.0,2073.0,2096.0,2096.0,2096.0,2085.0,2072.0,2096.0,2096.0,2096.0,2074.0,2096.0,2096.0,2096.0,2085.0,2074.0,2074.0,2074.0,2075.0,2074.0,2074.0,2074.0,2074.0,2074.0,2082.0,2082.0,2082.0,2083.0,2082.0,2082.0,2082.0,2082.0,2075.0,2080.0,2112.0,2112.0,2112.0,2112.0,2112.0,2112.0,2097.0,2068.0,2088.0,2074.0,2088.0,2088.0,2088.0,2088.0,2088.0,2079.0,2070.0,2070.0,2070.0,2071.0,2074.0,2070.0,2070.0,2070.0,2070.0,2076.0,2104.0,2104.0,2104.0,2104.0,2104.0,2074.0,2104.0,2091.0,2078.0,2078.0,2078.0,2079.0,2078.0,2078.0,2078.0,2078.0,2074.0,2070.0,2070.0,2070.0,2071.0,2070.0,2070.0,2070.0,2070.0,2068.0,2088.0,2072.0,2088.0,2088.0,2088.0,2088.0,2088.0,2079.0,2072.0,2096.0,2096.0,2096.0,2096.0,1024.0,1024.0,1024.0,1024.0,1024.0,1024.0,1024.0,1024.0,1024.0,1024.0,1024.0,1024.0,1024.0,1024.0,1024.0,1024.0,1024.0,1024.0,1024.0,1024.0,1024.0,1024.0,1024.0,1024.0,1024.0,1024.0,1024.0,1024.0,1024.0,1024.0,1024.0,1024.0,1024.0,1024.0,1024.0,1024.0,1024.0,1024.0,1024.0,1024.0,1024.0,1024.0,1024.0,1024.0,1024.0,1024.0,1024.0,1024.0,1024.0,1024.0,1024.0,1024.0,1024.0,1024.0,1024.0,1024.0,1024.0,1024.0,1024.0,1024.0,1024.0,1024.0,1024.0,1024.0,1024.0,1024.0,1024.0,1024.0,1024.0,1024.0,1024.0,1024.0,1024.0,1024.0,1024.0,1024.0,1024.0,1024.0,1024.0,1024.0,1024.0,1024.0,1024.0,1024.0,1024.0,1024.0,1024.0,1024.0,1024.0,1024.0,1024.0,1024.0,1024.0,1024.0,1024.0,1024.0,1024.0,1024.0,1024.0,1024.0,1024.0,1024.0,1024.0,1024.0,1024.0,1024.0,1024.0,1024.0,1024.0,1024.0,1024.0,1024.0,1024.0,1024.0,1024.0,1024.0,1024.0,1024.0,1024.0,1024.0,1024.0,1024.0,1024.0,1024.0,1024.0,1024.0,1024.0,1024.0,0.0,0.0,131072.0,256.0,0.0
163,0,1,695,695,4194304,256,0,0,12,4,32,64,"void at::native::vectorized_elementwise_kernel<4, at::native::FillFunctor<int>, std::array<char*, 1ul> >(int, at::native::FillFunctor<int>, std::array<char*, 1ul>)",158974828043685,158974828086021,164,121,828069.0,1184.0,608.0,0.0,131072.0,917504.0,65536.0,0.0,556283765.0,556283765.0,0.0,0.0,0.0,11033366.0,1835120.0,0.0,80.0,0.0,0.0,0.0,0.0,0.0,0.0,80.0,80.0,80.0,0.0,80.0,80.0,0.0,0.0,0.0,80.0,80.0,80.0,80.0,80.0,0.0,0.0,20.0,0.0,0.0,80.0,0.0,0.0,0.0,80.0,0.0,0.0,0.0,0.0,20.0,0.0,0.0,0.0,80.0,0.0,0.0,0.0,0.0,0.0,0.0,80.0,80.0,80.0,0.0,80.0,80.0,0.0,0.0,0.0,80.0,80.0,80.0,80.0,80.0,80.0,0.0,20.0,0.0,0.0,80.0,0.0,0.0,0.0,0.0,20.0,80.0,0.0,0.0,80.0,0.0,0.0,0.0,0.0,0.0,0.0,80.0,80.0,80.0,80.0,80.0,80.0,0.0,20.0,0.0,0.0,80.0,0.0,80.0,0.0,0.0,0.0,0.0,0.0,80.0,80.0,80.0,80.0,80.0,80.0,0.0,0.0,0.0,80.0,80.0,80.0,80.0,80.0,0.0,20.0,0.0,0.0,0.0,80.0,0.0,0.0,0.0,0.0,20.0,0.0,0.0,20.0,32768.0,32768.0,32768.0,32768.0,32768.0,32768.0,32768.0,32768.0,32768.0,32768.0,32768.0,32768.0,32768.0,32768.0,32768.0,32768.0,32768.0,32768.0,32768.0,32768.0,32768.0,32768.0,32768.0,32768.0,32768.0,32768.0,32768.0,32768.0,32768.0,32768.0,32768.0,32768.0,32768.0,32768.0,32768.0,32768.0,32768.0,32768.0,32768.0,32768.0,32768.0,32768.0,32768.0,32768.0,32768.0,32768.0,32768.0,32768.0,32768.0,32768.0,32768.0,32768.0,32768.0,32768.0,32768.0,32768.0,32768.0,32768.0,32768.0,32768.0,32768.0,32768.0,32768.0,32768.0,32768.0,32768.0,32768.0,32768.0,32768.0,32768.0,32768.0,32768.0,32768.0,32768.0,32768.0,32768.0,32768.0,32768.0,32768.0,32768.0,32768.0,32768.0,32768.0,32768.0,32768.0,32768.0,32768.0,32768.0,32768.0,32768.0,32768.0,32768.0,32768.0,32768.0,32768.0,32768.0,32768.0,32768.0,32768.0,32768.0,32768.0,32768.0,32768.0,32768.0,32768.0,32768.0,32768.0,32768.0,32768.0,32768.0,32768.0,32768.0,32768.0,32768.0,32768.0,32768.0,32768.0,32768.0,32768.0,32768.0,32768.0,32768.0,32768.0,32768.0,32768.0,32768.0,32768.0,32768.0,0.0,0.0,4194304.0,16375.0,0.0
164,0,1,695,695,32768,512,0,0,108,4,48,64,matmulbias_kernel,158974828502485,158974828528263,165,196,559257.0,1184.0,8441.0,0.0,8704.0,150016.0,0.0,0.0,47342898.0,47342898.0,1048576.0,0.0,0.0,4598922.0,0.0,2078.0,2088.0,2088.0,2088.0,2079.0,2070.0,2071.0,2070.0,2070.0,2070.0,2070.0,2104.0,2070.0,2070.0,2070.0,2071.0,2070.0,2070.0,2070.0,2070.0,2070.0,2070.0,2104.0,2068.0,2088.0,2088.0,2088.0,2088.0,2088.0,2088.0,2079.0,2104.0,2104.0,2104.0,2091.0,2076.0,2104.0,2104.0,2104.0,2079.0,2104.0,2104.0,2104.0,2091.0,2078.0,2079.0,2078.0,2078.0,2078.0,2078.0,2078.0,2078.0,2078.0,2070.0,2071.0,2070.0,2070.0,2070.0,2070.0,2070.0,2070.0,2078.0,2068.0,2088.0,2088.0,2088.0,2088.0,2088.0,2088.0,2079.0,2072.0,2096.0,2078.0,2096.0,2096.0,2096.0,2096.0,2096.0,2085.0,2074.0,2075.0,2074.0,2074.0,2078.0,2074.0,2074.0,2074.0,2074.0,2072.0,2096.0,2096.0,2096.0,2096.0,2096.0,2078.0,2096.0,2085.0,2074.0,2075.0,2074.0,2074.0,2074.0,2074.0,2074.0,2074.0,2078.0,2078.0,2079.0,2078.0,2078.0,2078.0,2078.0,2078.0,2078.0,2076.0,2104.0,2076.0,2104.0,2104.0,2104.0,2104.0,2104.0,2091.0,2068.0,2088.0,2088.0,2088.0,2104.0,1024.0,1024.0,1024.0,1024.0,1024.0,1024.0,1024.0,1024.0,1024.0,1024.0,1024.0,1024.0,1024.0,1024.0,1024.0,1024.0,1024.0,1024.0,1024.0,1024.0,1024.0,1024.0,1024.0,1024.0,1024.0,1024.0,1024.0,1024.0,1024.0,1024.0,1024.0,1024.0,1024.0,1024.0,1024.0,1024.0,1024.0,1024.0,1024.0,1024.0,1024.0,1024.0,1024.0,1024.0,1024.0,1024.0,1024.0,1024.0,1024.0,1024.0,1024.0,1024.0,1024.0,1024.0,1024.0,1024.0,1024.0,1024.0,1024.0,1024.0,1024.0,1024.0,1024.0,1024.0,1024.0,1024.0,1024.0,1024.0,1024.0,1024.0,1024.0,1024.0,1024.0,1024.0,1024.0,1024.0,1024.0,1024.0,1024.0,1024.0,1024.0,1024.0,1024.0,1024.0,1024.0,1024.0,1024.0,1024.0,1024.0,1024.0,1024.0,1024.0,1024.0,1024.0,1024.0,1024.0,1024.0,1024.0,1024.0,1024.0,1024.0,1024.0,1024.0,1024.0,1024.0,1024.0,1024.0,1024.0,1024.0,1024.0,1024.0,1024.0,1024.0,1024.0,1024.0,1024.0,1024.0,1024.0,1024.0,1024.0,1024.0,1024.0,1024.0,1024.0,1024.0,1024.0,1024.0,1024.0,0.0,0.0,131072.0,256.0,0.0
165,0,1,695,695,4194304,256,0,0,12,4,32,64,"void at::native::vectorized_elementwise_kernel<4, at::native::FillFunctor<int>, std::array<char*, 1ul> >(int, at::native::FillFunctor<int>, std::array<char*, 1ul>)",158974828947974,158974828990511,166,121,826776.0,1184.0,686.0,0.0,131072.0,917504.0,65536.0,0.0,558742750.0,558742750.0,0.0,0.0,0.0,11063225.0,1835103.0,0.0,80.0,0.0,0.0,0.0,0.0,0.0,0.0,80.0,80.0,80.0,0.0,80.0,80.0,0.0,0.0,0.0,80.0,80.0,80.0,80.0,80.0,0.0,20.0,0.0,0.0,0.0,80.0,0.0,0.0,0.0,80.0,0.0,0.0,0.0,20.0,0.0,0.0,0.0,0.0,80.0,0.0,0.0,0.0,0.0,0.0,0.0,80.0,80.0,80.0,0.0,80.0,80.0,0.0,0.0,0.0,80.0,80.0,80.0,80.0,80.0,80.0,20.0,0.0,0.0,0.0,80.0,0.0,0.0,0.0,20.0,0.0,80.0,0.0,0.0,80.0,0.0,0.0,0.0,0.0,0.0,0.0,80.0,80.0,80.0,80.0,80.0,80.0,20.0,0.0,0.0,0.0,80.0,0.0,80.0,0.0,0.0,0.0,0.0,0.0,80.0,80.0,80.0,80.0,80.0,80.0,0.0,0.0,0.0,80.0,80.0,80.0,80.0,80.0,20.0,0.0,20.0,0.0,0.0,80.0,0.0,0.0,0.0,20.0,0.0,0.0,0.0,0.0,32768.0,32768.0,32768.0,32768.0,32768.0,32768.0,32768.0,32768.0,32768.0,32768.0,32768.0,32768.0,32768.0,32768.0,32768.0,32768.0,32768.0,32768.0,32768.0,32768.0,32768.0,32768.0,32768.0,32768.0,32768.0,32768.0,32768.0,32768.0,32768.0,32768.0,32768.0,32768.0,32768.0,32768.0,32768.0,32768.0,32768.0,32768.0,32768.0,32768.0,32768.0,32768.0,32768.0,32768.0,32768.0,32768.0,32768.0,32768.0,32768.0,32768.0,32768.0,32768.0,32768.0,32768.0,32768.0,32768.0,32768.0,32768.0,32768.0,32768.0,32768.0,32768.0,32768.0,32768.0,32768.0,32768.0,32768.0,32768.0,32768.0,32768.0,32768.0,32768.0,32768.0,32768.0,32768.0,32768.0,32768.0,32768.0,32768.0,32768.0,32768.0,32768.0,32768.0,32768.0,32768.0,32768.0,32768.0,32768.0,32768.0,32768.0,32768.0,32768.0,32768.0,32768.0,32768.0,32768.0,32768.0,32768.0,32768.0,32768.0,32768.0,32768.0,32768.0,32768.0,32768.0,32768.0,32768.0,32768.0,32768.0,32768.0,32768.0,32768.0,32768.0,32768.0,32768.0,32768.0,32768.0,32768.0,32768.0,32768.0,32768.0,32768.0,32768.0,32768.0,32768.0,32768.0,32768.0,32768.0,0.0,0.0,4194304.0,16381.0,0.0
166,0,1,695,695,32768,512,0,0,108,4,48,64,matmulbias_kernel,158974829413510,158974829439328,167,196,556982.0,1273.0,8230.0,0.0,8704.0,150016.0,0.0,0.0,46844500.0,46844500.0,1048576.0,0.0,0.0,4615876.0,0.0,2074.0,2088.0,2088.0,2088.0,2079.0,2070.0,2070.0,2070.0,2070.0,2070.0,2070.0,2096.0,2070.0,2071.0,2078.0,2078.0,2078.0,2078.0,2078.0,2078.0,2078.0,2079.0,2096.0,2076.0,2104.0,2104.0,2104.0,2104.0,2104.0,2104.0,2091.0,2096.0,2096.0,2096.0,2085.0,2076.0,2104.0,2104.0,2104.0,2074.0,2104.0,2104.0,2104.0,2091.0,2078.0,2078.0,2078.0,2078.0,2078.0,2078.0,2074.0,2078.0,2079.0,2066.0,2066.0,2066.0,2066.0,2066.0,2066.0,2066.0,2067.0,2074.0,2064.0,2080.0,2080.0,2080.0,2080.0,2080.0,2080.0,2073.0,2068.0,2088.0,2074.0,2088.0,2088.0,2088.0,2088.0,2088.0,2079.0,2070.0,2070.0,2070.0,2070.0,2074.0,2070.0,2070.0,2070.0,2071.0,2068.0,2088.0,2088.0,2088.0,2088.0,2088.0,2074.0,2088.0,2079.0,2070.0,2070.0,2070.0,2070.0,2070.0,2070.0,2070.0,2071.0,2075.0,2078.0,2078.0,2078.0,2078.0,2078.0,2078.0,2078.0,2079.0,2076.0,2104.0,2072.0,2104.0,2104.0,2104.0,2104.0,2104.0,2091.0,2068.0,2088.0,2088.0,2088.0,2096.0,1024.0,1024.0,1024.0,1024.0,1024.0,1024.0,1024.0,1024.0,1024.0,1024.0,1024.0,1024.0,1024.0,1024.0,1024.0,1024.0,1024.0,1024.0,1024.0,1024.0,1024.0,1024.0,1024.0,1024.0,1024.0,1024.0,1024.0,1024.0,1024.0,1024.0,1024.0,1024.0,1024.0,1024.0,1024.0,1024.0,1024.0,1024.0,1024.0,1024.0,1024.0,1024.0,1024.0,1024.0,1024.0,1024.0,1024.0,1024.0,1024.0,1024.0,1024.0,1024.0,1024.0,1024.0,1024.0,1024.0,1024.0,1024.0,1024.0,1024.0,1024.0,1024.0,1024.0,1024.0,1024.0,1024.0,1024.0,1024.0,1024.0,1024.0,1024.0,1024.0,1024.0,1024.0,1024.0,1024.0,1024.0,1024.0,1024.0,1024.0,1024.0,1024.0,1024.0,1024.0,1024.0,1024.0,1024.0,1024.0,1024.0,1024.0,1024.0,1024.0,1024.0,1024.0,1024.0,1024.0,1024.0,1024.0,1024.0,1024.0,1024.0,1024.0,1024.0,1024.0,1024.0,1024.0,1024.0,1024.0,1024.0,1024.0,1024.0,1024.0,1024.0,1024.0,1024.0,1024.0,1024.0,1024.0,1024.0,1024.0,1024.0,1024.0,1024.0,1024.0,1024.0,1024.0,1024.0,1024.0,0.0,0.0,131072.0,256.0,0.0
167,0,1,695,695,4194304,256,0,0,12,4,32,64,"void at::native::vectorized_elementwise_kernel<4, at::native::FillFunctor<int>, std::array<char*, 1ul> >(int, at::native::FillFunctor<int>, std::array<char*, 1ul>)",158974829851222,158974829893237,168,121,812373.0,1184.0,686.0,0.0,131072.0,917504.0,65536.0,0.0,555048834.0,555048834.0,0.0,0.0,0.0,10993736.0,1835120.0,0.0,80.0,0.0,0.0,20.0,0.0,0.0,0.0,80.0,80.0,80.0,0.0,80.0,80.0,0.0,0.0,0.0,80.0,80.0,80.0,80.0,80.0,0.0,0.0,0.0,0.0,0.0,80.0,0.0,0.0,20.0,80.0,0.0,0.0,20.0,0.0,0.0,0.0,0.0,0.0,80.0,0.0,0.0,20.0,0.0,0.0,0.0,80.0,80.0,80.0,0.0,80.0,80.0,0.0,0.0,0.0,80.0,80.0,80.0,80.0,80.0,80.0,0.0,0.0,0.0,0.0,80.0,0.0,0.0,20.0,0.0,0.0,80.0,0.0,0.0,80.0,0.0,0.0,20.0,0.0,0.0,0.0,80.0,80.0,80.0,80.0,80.0,80.0,0.0,0.0,0.0,0.0,80.0,0.0,80.0,0.0,20.0,0.0,0.0,0.0,80.0,80.0,80.0,80.0,80.0,80.0,0.0,0.0,0.0,80.0,80.0,80.0,80.0,80.0,0.0,0.0,0.0,0.0,0.0,80.0,0.0,0.0,20.0,0.0,0.0,0.0,0.0,0.0,32768.0,32768.0,32768.0,32768.0,32768.0,32768.0,32768.0,32768.0,32768.0,32768.0,32768.0,32768.0,32768.0,32768.0,32768.0,32768.0,32768.0,32768.0,32768.0,32768.0,32768.0,32768.0,32768.0,32768.0,32768.0,32768.0,32768.0,32768.0,32768.0,32768.0,32768.0,32768.0,32768.0,32768.0,32768.0,32768.0,32768.0,32768.0,32768.0,32768.0,32768.0,32768.0,32768.0,32768.0,32768.0,32768.0,32768.0,32768.0,32768.0,32768.0,32768.0,32768.0,32768.0,32768.0,32768.0,32768.0,32768.0,32768.0,32768.0,32768.0,32768.0,32768.0,32768.0,32768.0,32768.0,32768.0,32768.0,32768.0,32768.0,32768.0,32768.0,32768.0,32768.0,32768.0,32768.0,32768.0,32768.0,32768.0,32768.0,32768.0,32768.0,32768.0,32768.0,32768.0,32768.0,32768.0,32768.0,32768.0,32768.0,32768.0,32768.0,32768.0,32768.0,32768.0,32768.0,32768.0,32768.0,32768.0,32768.0,32768.0,32768.0,32768.0,32768.0,32768.0,32768.0,32768.0,32768.0,32768.0,32768.0,32768.0,32768.0,32768.0,32768.0,32768.0,32768.0,32768.0,32768.0,32768.0,32768.0,32768.0,32768.0,32768.0,32768.0,32768.0,32768.0,32768.0,32768.0,32768.0,0.0,0.0,4194304.0,16382.0,0.0
168,0,1,695,695,32768,512,0,0,108,4,48,64,matmulbias_kernel,158974830309741,158974830335399,169,196,547234.0,1184.0,8453.0,0.0,8704.0,150016.0,0.0,0.0,46796984.0,46796984.0,1048576.0,0.0,0.0,4617720.0,0.0,2074.0,2096.0,2097.0,2096.0,2084.0,2074.0,2074.0,2074.0,2074.0,2074.0,2074.0,2097.0,2074.0,2074.0,2074.0,2074.0,2074.0,2074.0,2074.0,2074.0,2074.0,2074.0,2096.0,2072.0,2096.0,2097.0,2096.0,2096.0,2097.0,2096.0,2084.0,2096.0,2097.0,2096.0,2084.0,2068.0,2088.0,2089.0,2088.0,2074.0,2088.0,2089.0,2088.0,2078.0,2070.0,2070.0,2070.0,2070.0,2070.0,2070.0,2074.0,2070.0,2070.0,2078.0,2078.0,2078.0,2078.0,2078.0,2078.0,2078.0,2078.0,2074.0,2076.0,2104.0,2105.0,2104.0,2104.0,2105.0,2104.0,2090.0,2064.0,2080.0,2074.0,2081.0,2080.0,2080.0,2081.0,2080.0,2072.0,2066.0,2066.0,2066.0,2066.0,2074.0,2066.0,2066.0,2066.0,2066.0,2068.0,2088.0,2089.0,2088.0,2088.0,2089.0,2074.0,2088.0,2078.0,2070.0,2070.0,2070.0,2070.0,2070.0,2070.0,2070.0,2070.0,2074.0,2074.0,2074.0,2074.0,2074.0,2074.0,2074.0,2074.0,2074.0,2072.0,2096.0,2072.0,2097.0,2096.0,2096.0,2097.0,2096.0,2084.0,2072.0,2096.0,2097.0,2096.0,2096.0,1024.0,1024.0,1024.0,1024.0,1024.0,1024.0,1024.0,1024.0,1024.0,1024.0,1024.0,1024.0,1024.0,1024.0,1024.0,1024.0,1024.0,1024.0,1024.0,1024.0,1024.0,1024.0,1024.0,1024.0,1024.0,1024.0,1024.0,1024.0,1024.0,1024.0,1024.0,1024.0,1024.0,1024.0,1024.0,1024.0,1024.0,1024.0,1024.0,1024.0,1024.0,1024.0,1024.0,1024.0,1024.0,1024.0,1024.0,1024.0,1024.0,1024.0,1024.0,1024.0,1024.0,1024.0,1024.0,1024.0,1024.0,1024.0,1024.0,1024.0,1024.0,1024.0,1024.0,1024.0,1024.0,1024.0,1024.0,1024.0,1024.0,1024.0,1024.0,1024.0,1024.0,1024.0,1024.0,1024.0,1024.0,1024.0,1024.0,1024.0,1024.0,1024.0,1024.0,1024.0,1024.0,1024.0,1024.0,1024.0,1024.0,1024.0,1024.0,1024.0,1024.0,1024.0,1024.0,1024.0,1024.0,1024.0,1024.0,1024.0,1024.0,1024.0,1024.0,1024.0,1024.0,1024.0,1024.0,1024.0,1024.0,1024.0,1024.0,1024.0,1024.0,1024.0,1024.0,1024.0,1024.0,1024.0,1024.0,1024.0,1024.0,1024.0,1024.0,1024.0,1024.0,1024.0,1024.0,1024.0,0.0,0.0,131072.0,256.0,0.0
169,0,1,695,695,4194304,256,0,0,12,4,32,64,"void at::native::vectorized_elementwise_kernel<4, at::native::FillFunctor<int>, std::array<char*, 1ul> >(int, at::native::FillFunctor<int>, std::array<char*, 1ul>)",158974830755070,158974830797486,170,121,824346.0,1184.0,1450.0,0.0,131072.0,917504.0,65536.0,0.0,554501523.0,554501523.0,0.0,0.0,0.0,10995603.0,1835120.0,0.0,80.0,0.0,20.0,0.0,0.0,0.0,0.0,80.0,80.0,80.0,0.0,80.0,80.0,0.0,0.0,0.0,80.0,80.0,80.0,80.0,80.0,0.0,0.0,0.0,0.0,0.0,80.0,0.0,20.0,0.0,80.0,0.0,20.0,0.0,0.0,0.0,0.0,0.0,0.0,80.0,0.0,20.0,0.0,0.0,0.0,0.0,80.0,80.0,80.0,0.0,80.0,80.0,0.0,0.0,0.0,80.0,80.0,80.0,80.0,80.0,81.0,0.0,0.0,0.0,0.0,80.0,0.0,20.0,0.0,0.0,0.0,80.0,0.0,0.0,80.0,0.0,20.0,0.0,0.0,0.0,0.0,80.0,80.0,80.0,80.0,80.0,80.0,0.0,0.0,0.0,0.0,80.0,0.0,80.0,20.0,0.0,0.0,0.0,0.0,80.0,80.0,80.0,80.0,80.0,80.0,0.0,0.0,0.0,80.0,80.0,80.0,80.0,80.0,0.0,0.0,0.0,0.0,0.0,80.0,0.0,20.0,0.0,0.0,0.0,0.0,0.0,0.0,32768.0,32768.0,32768.0,32768.0,32768.0,32768.0,32768.0,32768.0,32768.0,32768.0,32768.0,32768.0,32768.0,32768.0,32768.0,32768.0,32768.0,32768.0,32768.0,32768.0,32768.0,32768.0,32768.0,32768.0,32768.0,32768.0,32768.0,32768.0,32768.0,32768.0,32768.0,32768.0,32768.0,32768.0,32768.0,32768.0,32768.0,32768.0,32768.0,32768.0,32768.0,32768.0,32768.0,32768.0,32768.0,32768.0,32768.0,32768.0,32768.0,32768.0,32768.0,32768.0,32768.0,32768.0,32768.0,32768.0,32768.0,32768.0,32768.0,32768.0,32768.0,32768.0,32768.0,32768.0,32768.0,32768.0,32768.0,32768.0,32768.0,32768.0,32768.0,32768.0,32768.0,32768.0,32768.0,32768.0,32768.0,32768.0,32768.0,32768.0,32768.0,32768.0,32768.0,32768.0,32768.0,32768.0,32768.0,32768.0,32768.0,32768.0,32768.0,32768.0,32768.0,32768.0,32768.0,32768.0,32768.0,32768.0,32768.0,32768.0,32768.0,32768.0,32768.0,32768.0,32768.0,32768.0,32768.0,32768.0,32768.0,32768.0,32768.0,32768.0,32768.0,32768.0,32768.0,32768.0,32768.0,32768.0,32768.0,32768.0,32768.0,32768.0,32768.0,32768.0,32768.0,32768.0,32768.0,32768.0,0.0,0.0,4194304.0,16376.0,0.0
170,0,1,695,695,32768,512,0,0,108,4,48,64,matmulbias_kernel,158974831220726,158974831246544,171,196,546058.0,1184.0,8951.0,0.0,8704.0,150016.0,0.0,0.0,46818476.0,46818476.0,1048576.0,0.0,0.0,4640511.0,0.0,2082.0,2104.0,2105.0,2104.0,2090.0,2078.0,2078.0,2078.0,2078.0,2078.0,2078.0,2112.0,2078.0,2078.0,2082.0,2082.0,2082.0,2082.0,2082.0,2082.0,2082.0,2082.0,2112.0,2081.0,2112.0,2112.0,2112.0,2112.0,2113.0,2112.0,2096.0,2112.0,2113.0,2112.0,2096.0,2077.0,2104.0,2104.0,2104.0,2082.0,2104.0,2105.0,2104.0,2090.0,2078.0,2078.0,2078.0,2078.0,2078.0,2078.0,2082.0,2078.0,2078.0,2082.0,2082.0,2082.0,2082.0,2082.0,2082.0,2082.0,2082.0,2082.0,2081.0,2112.0,2112.0,2112.0,2112.0,2113.0,2112.0,2096.0,2077.0,2104.0,2082.0,2104.0,2104.0,2104.0,2105.0,2104.0,2090.0,2078.0,2078.0,2078.0,2078.0,2082.0,2078.0,2078.0,2078.0,2078.0,2069.0,2088.0,2088.0,2088.0,2088.0,2089.0,2082.0,2088.0,2078.0,2070.0,2070.0,2070.0,2070.0,2070.0,2070.0,2070.0,2070.0,2082.0,2078.0,2078.0,2078.0,2078.0,2078.0,2078.0,2078.0,2078.0,2077.0,2104.0,2081.0,2104.0,2104.0,2104.0,2105.0,2104.0,2090.0,2077.0,2104.0,2104.0,2104.0,2112.0,1024.0,1024.0,1024.0,1024.0,1024.0,1024.0,1024.0,1024.0,1024.0,1024.0,1024.0,1024.0,1024.0,1024.0,1024.0,1024.0,1024.0,1024.0,1024.0,1024.0,1024.0,1024.0,1024.0,1024.0,1024.0,1024.0,1024.0,1024.0,1024.0,1024.0,1024.0,1024.0,1024.0,1024.0,1024.0,1024.0,1024.0,1024.0,1024.0,1024.0,1024.0,1024.0,1024.0,1024.0,1024.0,1024.0,1024.0,1024.0,1024.0,1024.0,1024.0,1024.0,1024.0,1024.0,1024.0,1024.0,1024.0,1024.0,1024.0,1024.0,1024.0,1024.0,1024.0,1024.0,1024.0,1024.0,1024.0,1024.0,1024.0,1024.0,1024.0,1024.0,1024.0,1024.0,1024.0,1024.0,1024.0,1024.0,1024.0,1024.0,1024.0,1024.0,1024.0,1024.0,1024.0,1024.0,1024.0,1024.0,1024.0,1024.0,1024.0,1024.0,1024.0,1024.0,1024.0,1024.0,1024.0,1024.0,1024.0,1024.0,1024.0,1024.0,1024.0,1024.0,1024.0,1024.0,1024.0,1024.0,1024.0,1024.0,1024.0,1024.0,1024.0,1024.0,1024.0,1024.0,1024.0,1024.0,1024.0,1024.0,1024.0,1024.0,1024.0,1024.0,1024.0,1024.0,1024.0,1024.0,0.0,0.0,131072.0,256.0,0.0
171,0,1,695,695,4194304,256,0,0,12,4,32,64,"void at::native::vectorized_elementwise_kernel<4, at::native::FillFunctor<int>, std::array<char*, 1ul> >(int, at::native::FillFunctor<int>, std::array<char*, 1ul>)",158974831671387,158974831713803,172,121,822327.0,1184.0,686.0,0.0,131072.0,917504.0,65536.0,0.0,557193117.0,557193117.0,0.0,0.0,0.0,11047931.0,1835120.0,0.0,80.0,20.0,0.0,0.0,0.0,0.0,0.0,80.0,80.0,80.0,0.0,80.0,80.0,0.0,0.0,0.0,80.0,80.0,80.0,80.0,80.0,0.0,0.0,0.0,0.0,0.0,80.0,20.0,0.0,0.0,80.0,20.0,0.0,0.0,0.0,0.0,0.0,0.0,0.0,80.0,20.0,0.0,0.0,0.0,0.0,0.0,80.0,80.0,80.0,0.0,80.0,80.0,0.0,0.0,0.0,80.0,80.0,80.0,80.0,80.0,80.0,0.0,0.0,0.0,0.0,80.0,20.0,0.0,0.0,0.0,0.0,80.0,0.0,0.0,80.0,20.0,0.0,0.0,0.0,0.0,0.0,80.0,80.0,80.0,80.0,80.0,80.0,0.0,0.0,0.0,0.0,80.0,20.0,80.0,0.0,0.0,0.0,0.0,0.0,80.0,80.0,80.0,80.0,80.0,80.0,0.0,0.0,0.0,80.0,80.0,80.0,80.0,80.0,0.0,0.0,0.0,0.0,0.0,80.0,20.0,0.0,0.0,0.0,0.0,0.0,0.0,0.0,32768.0,32768.0,32768.0,32768.0,32768.0,32768.0,32768.0,32768.0,32768.0,32768.0,32768.0,32768.0,32768.0,32768.0,32768.0,32768.0,32768.0,32768.0,32768.0,32768.0,32768.0,32768.0,32768.0,32768.0,32768.0,32768.0,32768.0,32768.0,32768.0,32768.0,32768.0,32768.0,32768.0,32768.0,32768.0,32768.0,32768.0,32768.0,32768.0,32768.0,32768.0,32768.0,32768.0,32768.0,32768.0,32768.0,32768.0,32768.0,32768.0,32768.0,32768.0,32768.0,32768.0,32768.0,32768.0,32768.0,32768.0,32768.0,32768.0,32768.0,32768.0,32768.0,32768.0,32768.0,32768.0,32768.0,32768.0,32768.0,32768.0,32768.0,32768.0,32768.0,32768.0,32768.0,32768.0,32768.0,32768.0,32768.0,32768.0,32768.0,32768.0,32768.0,32768.0,32768.0,32768.0,32768.0,32768.0,32768.0,32768.0,32768.0,32768.0,32768.0,32768.0,32768.0,32768.0,32768.0,32768.0,32768.0,32768.0,32768.0,32768.0,32768.0,32768.0,32768.0,32768.0,32768.0,32768.0,32768.0,32768.0,32768.0,32768.0,32768.0,32768.0,32768.0,32768.0,32768.0,32768.0,32768.0,32768.0,32768.0,32768.0,32768.0,32768.0,32768.0,32768.0,32768.0,32768.0,32768.0,0.0,0.0,4194304.0,16380.0,0.0
172,0,1,695,695,32768,512,0,0,108,4,48,64,matmulbias_kernel,158974832129425,158974832155043,173,196,586975.0,1184.0,8684.0,0.0,8704.0,150016.0,0.0,0.0,46429810.0,46429810.0,1048576.0,0.0,0.0,4635065.0,0.0,2074.0,2096.0,2096.0,2096.0,2084.0,2074.0,2074.0,2074.0,2074.0,2074.0,2074.0,2097.0,2074.0,2074.0,2082.0,2082.0,2082.0,2082.0,2082.0,2082.0,2082.0,2082.0,2096.0,2081.0,2112.0,2113.0,2112.0,2112.0,2112.0,2112.0,2096.0,2096.0,2096.0,2096.0,2084.0,2069.0,2088.0,2089.0,2088.0,2074.0,2088.0,2088.0,2088.0,2078.0,2070.0,2070.0,2070.0,2070.0,2070.0,2070.0,2074.0,2070.0,2070.0,2078.0,2078.0,2078.0,2078.0,2078.0,2078.0,2078.0,2078.0,2074.0,2077.0,2104.0,2105.0,2104.0,2104.0,2104.0,2104.0,2090.0,2069.0,2088.0,2074.0,2089.0,2088.0,2088.0,2088.0,2088.0,2078.0,2070.0,2070.0,2070.0,2070.0,2074.0,2070.0,2070.0,2070.0,2070.0,2073.0,2096.0,2097.0,2096.0,2096.0,2096.0,2074.0,2096.0,2084.0,2074.0,2074.0,2074.0,2074.0,2074.0,2074.0,2074.0,2074.0,2074.0,2074.0,2074.0,2074.0,2074.0,2074.0,2074.0,2074.0,2074.0,2073.0,2096.0,2073.0,2097.0,2096.0,2096.0,2096.0,2096.0,2084.0,2073.0,2096.0,2097.0,2096.0,2096.0,1024.0,1024.0,1024.0,1024.0,1024.0,1024.0,1024.0,1024.0,1024.0,1024.0,1024.0,1024.0,1024.0,1024.0,1024.0,1024.0,1024.0,1024.0,1024.0,1024.0,1024.0,1024.0,1024.0,1024.0,1024.0,1024.0,1024.0,1024.0,1024.0,1024.0,1024.0,1024.0,1024.0,1024.0,1024.0,1024.0,1024.0,1024.0,1024.0,1024.0,1024.0,1024.0,1024.0,1024.0,1024.0,1024.0,1024.0,1024.0,1024.0,1024.0,1024.0,1024.0,1024.0,1024.0,1024.0,1024.0,1024.0,1024.0,1024.0,1024.0,1024.0,1024.0,1024.0,1024.0,1024.0,1024.0,1024.0,1024.0,1024.0,1024.0,1024.0,1024.0,1024.0,1024.0,1024.0,1024.0,1024.0,1024.0,1024.0,1024.0,1024.0,1024.0,1024.0,1024.0,1024.0,1024.0,1024.0,1024.0,1024.0,1024.0,1024.0,1024.0,1024.0,1024.0,1024.0,1024.0,1024.0,1024.0,1024.0,1024.0,1024.0,1024.0,1024.0,1024.0,1024.0,1024.0,1024.0,1024.0,1024.0,1024.0,1024.0,1024.0,1024.0,1024.0,1024.0,1024.0,1024.0,1024.0,1024.0,1024.0,1024.0,1024.0,1024.0,1024.0,1024.0,1024.0,1024.0,1024.0,0.0,0.0,131072.0,256.0,0.0
173,0,1,695,695,4194304,256,0,0,12,4,32,64,"void at::native::vectorized_elementwise_kernel<4, at::native::FillFunctor<int>, std::array<char*, 1ul> >(int, at::native::FillFunctor<int>, std::array<char*, 1ul>)",158974832584697,158974832626792,174,121,818794.0,1184.0,608.0,0.0,131072.0,917504.0,65536.0,0.0,554313898.0,554313898.0,0.0,0.0,0.0,10967270.0,1835120.0,0.0,100.0,0.0,0.0,0.0,0.0,0.0,0.0,80.0,80.0,80.0,0.0,80.0,80.0,0.0,0.0,0.0,80.0,80.0,80.0,80.0,80.0,0.0,0.0,0.0,0.0,0.0,100.0,0.0,0.0,0.0,100.0,0.0,0.0,0.0,0.0,0.0,0.0,0.0,0.0,100.0,0.0,0.0,0.0,0.0,0.0,0.0,80.0,80.0,80.0,0.0,80.0,80.0,0.0,0.0,0.0,80.0,80.0,80.0,80.0,80.0,80.0,0.0,0.0,0.0,0.0,100.0,0.0,0.0,0.0,0.0,0.0,80.0,0.0,0.0,100.0,0.0,0.0,0.0,0.0,0.0,0.0,80.0,80.0,80.0,80.0,80.0,80.0,0.0,0.0,0.0,0.0,100.0,0.0,80.0,0.0,0.0,0.0,0.0,0.0,80.0,80.0,80.0,80.0,80.0,80.0,0.0,0.0,0.0,80.0,80.0,80.0,80.0,80.0,0.0,0.0,0.0,0.0,0.0,100.0,0.0,0.0,0.0,0.0,0.0,0.0,0.0,0.0,32768.0,32768.0,32768.0,32768.0,32768.0,32768.0,32768.0,32768.0,32768.0,32768.0,32768.0,32768.0,32768.0,32768.0,32768.0,32768.0,32768.0,32768.0,32768.0,32768.0,32768.0,32768.0,32768.0,32768.0,32768.0,32768.0,32768.0,32768.0,32768.0,32768.0,32768.0,32768.0,32768.0,32768.0,32768.0,32768.0,32768.0,32768.0,32768.0,32768.0,32768.0,32768.0,32768.0,32768.0,32768.0,32768.0,32768.0,32768.0,32768.0,32768.0,32768.0,32768.0,32768.0,32768.0,32768.0,32768.0,32768.0,32768.0,32768.0,32768.0,32768.0,32768.0,32768.0,32768.0,32768.0,32768.0,32768.0,32768.0,32768.0,32768.0,32768.0,32768.0,32768.0,32768.0,32768.0,32768.0,32768.0,32768.0,32768.0,32768.0,32768.0,32768.0,32768.0,32768.0,32768.0,32768.0,32768.0,32768.0,32768.0,32768.0,32768.0,32768.0,32768.0,32768.0,32768.0,32768.0,32768.0,32768.0,32768.0,32768.0,32768.0,32768.0,32768.0,32768.0,32768.0,32768.0,32768.0,32768.0,32768.0,32768.0,32768.0,32768.0,32768.0,32768.0,32768.0,32768.0,32768.0,32768.0,32768.0,32768.0,32768.0,32768.0,32768.0,32768.0,32768.0,32768.0,32768.0,32768.0,0.0,0.0,4194304.0,16384.0,0.0
174,0,1,695,695,32768,512,0,0,108,4,48,64,matmulbias_kernel,158974833051395,158974833077293,175,196,555942.0,1184.0,8644.0,0.0,8704.0,150016.0,0.0,0.0,47022483.0,47022483.0,1048576.0,0.0,0.0,4698613.0,0.0,2070.0,2096.0,2096.0,2096.0,2084.0,2074.0,2074.0,2074.0,2074.0,2074.0,2074.0,2090.0,2074.0,2074.0,2078.0,2078.0,2078.0,2078.0,2078.0,2078.0,2078.0,2078.0,2088.0,2076.0,2104.0,2106.0,2104.0,2104.0,2104.0,2104.0,2090.0,2088.0,2088.0,2088.0,2078.0,2064.0,2080.0,2082.0,2080.0,2070.0,2080.0,2080.0,2080.0,2072.0,2066.0,2066.0,2066.0,2066.0,2066.0,2066.0,2070.0,2066.0,2066.0,2066.0,2066.0,2066.0,2066.0,2066.0,2066.0,2066.0,2066.0,2070.0,2064.0,2080.0,2082.0,2080.0,2080.0,2080.0,2080.0,2072.0,2072.0,2096.0,2070.0,2098.0,2096.0,2096.0,2096.0,2096.0,2084.0,2074.0,2074.0,2074.0,2074.0,2070.0,2074.0,2074.0,2074.0,2074.0,2072.0,2096.0,2098.0,2096.0,2096.0,2096.0,2070.0,2096.0,2084.0,2074.0,2074.0,2074.0,2074.0,2074.0,2074.0,2074.0,2074.0,2070.0,2070.0,2070.0,2070.0,2070.0,2070.0,2070.0,2070.0,2070.0,2068.0,2088.0,2068.0,2090.0,2088.0,2088.0,2088.0,2088.0,2078.0,2072.0,2096.0,2098.0,2096.0,2088.0,1024.0,1024.0,1024.0,1024.0,1024.0,1024.0,1024.0,1024.0,1024.0,1024.0,1024.0,1024.0,1024.0,1024.0,1024.0,1024.0,1024.0,1024.0,1024.0,1024.0,1024.0,1024.0,1024.0,1024.0,1024.0,1024.0,1024.0,1024.0,1024.0,1024.0,1024.0,1024.0,1024.0,1024.0,1024.0,1024.0,1024.0,1024.0,1024.0,1024.0,1024.0,1024.0,1024.0,1024.0,1024.0,1024.0,1024.0,1024.0,1024.0,1024.0,1024.0,1024.0,1024.0,1024.0,1024.0,1024.0,1024.0,1024.0,1024.0,1024.0,1024.0,1024.0,1024.0,1024.0,1024.0,1024.0,1024.0,1024.0,1024.0,1024.0,1024.0,1024.0,1024.0,1024.0,1024.0,1024.0,1024.0,1024.0,1024.0,1024.0,1024.0,1024.0,1024.0,1024.0,1024.0,1024.0,1024.0,1024.0,1024.0,1024.0,1024.0,1024.0,1024.0,1024.0,1024.0,1024.0,1024.0,1024.0,1024.0,1024.0,1024.0,1024.0,1024.0,1024.0,1024.0,1024.0,1024.0,1024.0,1024.0,1024.0,1024.0,1024.0,1024.0,1024.0,1024.0,1024.0,1024.0,1024.0,1024.0,1024.0,1024.0,1024.0,1024.0,1024.0,1024.0,1024.0,1024.0,1024.0,0.0,0.0,131072.0,256.0,0.0
175,0,1,695,695,4194304,256,0,0,12,4,32,64,"void at::native::vectorized_elementwise_kernel<4, at::native::FillFunctor<int>, std::array<char*, 1ul> >(int, at::native::FillFunctor<int>, std::array<char*, 1ul>)",158974833499410,158974833542027,176,121,826928.0,1184.0,608.0,0.0,131072.0,917504.0,65536.0,0.0,555874267.0,555874267.0,0.0,0.0,0.0,11021752.0,1835120.0,0.0,80.0,0.0,0.0,0.0,0.0,0.0,0.0,80.0,80.0,80.0,0.0,80.0,100.0,0.0,0.0,0.0,80.0,80.0,80.0,80.0,100.0,0.0,0.0,0.0,0.0,0.0,80.0,0.0,0.0,0.0,80.0,0.0,0.0,0.0,0.0,0.0,0.0,0.0,0.0,80.0,0.0,0.0,0.0,0.0,0.0,0.0,80.0,80.0,80.0,0.0,80.0,100.0,0.0,0.0,0.0,80.0,80.0,80.0,80.0,100.0,80.0,0.0,0.0,0.0,0.0,80.0,0.0,0.0,0.0,0.0,0.0,80.0,0.0,0.0,80.0,0.0,0.0,0.0,0.0,0.0,0.0,80.0,80.0,80.0,80.0,80.0,100.0,0.0,0.0,0.0,0.0,80.0,0.0,80.0,0.0,0.0,0.0,0.0,0.0,80.0,80.0,80.0,80.0,100.0,100.0,0.0,0.0,0.0,80.0,80.0,80.0,80.0,100.0,0.0,0.0,0.0,0.0,0.0,80.0,0.0,0.0,0.0,0.0,0.0,0.0,0.0,0.0,32768.0,32768.0,32768.0,32768.0,32768.0,32768.0,32768.0,32768.0,32768.0,32768.0,32768.0,32768.0,32768.0,32768.0,32768.0,32768.0,32768.0,32768.0,32768.0,32768.0,32768.0,32768.0,32768.0,32768.0,32768.0,32768.0,32768.0,32768.0,32768.0,32768.0,32768.0,32768.0,32768.0,32768.0,32768.0,32768.0,32768.0,32768.0,32768.0,32768.0,32768.0,32768.0,32768.0,32768.0,32768.0,32768.0,32768.0,32768.0,32768.0,32768.0,32768.0,32768.0,32768.0,32768.0,32768.0,32768.0,32768.0,32768.0,32768.0,32768.0,32768.0,32768.0,32768.0,32768.0,32768.0,32768.0,32768.0,32768.0,32768.0,32768.0,32768.0,32768.0,32768.0,32768.0,32768.0,32768.0,32768.0,32768.0,32768.0,32768.0,32768.0,32768.0,32768.0,32768.0,32768.0,32768.0,32768.0,32768.0,32768.0,32768.0,32768.0,32768.0,32768.0,32768.0,32768.0,32768.0,32768.0,32768.0,32768.0,32768.0,32768.0,32768.0,32768.0,32768.0,32768.0,32768.0,32768.0,32768.0,32768.0,32768.0,32768.0,32768.0,32768.0,32768.0,32768.0,32768.0,32768.0,32768.0,32768.0,32768.0,32768.0,32768.0,32768.0,32768.0,32768.0,32768.0,32768.0,32768.0,0.0,0.0,4194304.0,16383.0,0.0
176,0,1,695,695,32768,512,0,0,108,4,48,64,matmulbias_kernel,158974833970317,158974833996497,177,196,552513.0,1184.0,8522.0,0.0,8704.0,150016.0,0.0,0.0,47731958.0,47731958.0,1048576.0,0.0,0.0,4705045.0,0.0,2074.0,2104.0,2104.0,2104.0,2091.0,2078.0,2078.0,2078.0,2078.0,2078.0,2078.0,2097.0,2078.0,2078.0,2070.0,2070.0,2070.0,2070.0,2070.0,2070.0,2070.0,2070.0,2096.0,2068.0,2088.0,2089.0,2088.0,2088.0,2088.0,2088.0,2079.0,2096.0,2096.0,2096.0,2085.0,2072.0,2096.0,2097.0,2096.0,2074.0,2096.0,2096.0,2096.0,2085.0,2074.0,2074.0,2074.0,2074.0,2074.0,2074.0,2074.0,2074.0,2074.0,2078.0,2078.0,2078.0,2078.0,2078.0,2078.0,2078.0,2078.0,2074.0,2076.0,2104.0,2105.0,2104.0,2104.0,2104.0,2104.0,2091.0,2068.0,2088.0,2074.0,2089.0,2088.0,2088.0,2088.0,2088.0,2079.0,2070.0,2070.0,2070.0,2070.0,2074.0,2070.0,2070.0,2070.0,2070.0,2068.0,2088.0,2089.0,2088.0,2088.0,2088.0,2074.0,2088.0,2079.0,2070.0,2070.0,2070.0,2070.0,2070.0,2070.0,2070.0,2070.0,2074.0,2078.0,2078.0,2078.0,2078.0,2078.0,2078.0,2078.0,2078.0,2076.0,2104.0,2072.0,2105.0,2104.0,2104.0,2104.0,2104.0,2091.0,2076.0,2104.0,2105.0,2104.0,2096.0,1024.0,1024.0,1024.0,1024.0,1024.0,1024.0,1024.0,1024.0,1024.0,1024.0,1024.0,1024.0,1024.0,1024.0,1024.0,1024.0,1024.0,1024.0,1024.0,1024.0,1024.0,1024.0,1024.0,1024.0,1024.0,1024.0,1024.0,1024.0,1024.0,1024.0,1024.0,1024.0,1024.0,1024.0,1024.0,1024.0,1024.0,1024.0,1024.0,1024.0,1024.0,1024.0,1024.0,1024.0,1024.0,1024.0,1024.0,1024.0,1024.0,1024.0,1024.0,1024.0,1024.0,1024.0,1024.0,1024.0,1024.0,1024.0,1024.0,1024.0,1024.0,1024.0,1024.0,1024.0,1024.0,1024.0,1024.0,1024.0,1024.0,1024.0,1024.0,1024.0,1024.0,1024.0,1024.0,1024.0,1024.0,1024.0,1024.0,1024.0,1024.0,1024.0,1024.0,1024.0,1024.0,1024.0,1024.0,1024.0,1024.0,1024.0,1024.0,1024.0,1024.0,1024.0,1024.0,1024.0,1024.0,1024.0,1024.0,1024.0,1024.0,1024.0,1024.0,1024.0,1024.0,1024.0,1024.0,1024.0,1024.0,1024.0,1024.0,1024.0,1024.0,1024.0,1024.0,1024.0,1024.0,1024.0,1024.0,1024.0,1024.0,1024.0,1024.0,1024.0,1024.0,1024.0,1024.0,1024.0,0.0,0.0,131072.0,256.0,0.0
177,0,1,695,695,4194304,256,0,0,12,4,32,64,"void at::native::vectorized_elementwise_kernel<4, at::native::FillFunctor<int>, std::array<char*, 1ul> >(int, at::native::FillFunctor<int>, std::array<char*, 1ul>)",158974834427433,158974834469248,178,121,822125.0,1184.0,8681.0,0.0,131072.0,917504.0,65536.0,0.0,553920821.0,553920821.0,0.0,0.0,0.0,10957789.0,1835120.0,0.0,80.0,0.0,0.0,1.0,0.0,0.0,1.0,80.0,80.0,80.0,0.0,100.0,80.0,0.0,0.0,1.0,80.0,80.0,80.0,100.0,80.0,0.0,0.0,0.0,0.0,0.0,80.0,0.0,0.0,1.0,80.0,0.0,0.0,1.0,0.0,0.0,0.0,0.0,0.0,80.0,0.0,0.0,1.0,0.0,0.0,1.0,80.0,80.0,80.0,1.0,100.0,80.0,0.0,0.0,1.0,80.0,80.0,80.0,100.0,80.0,80.0,0.0,0.0,0.0,0.0,80.0,0.0,0.0,1.0,0.0,0.0,80.0,0.0,0.0,80.0,0.0,0.0,1.0,0.0,0.0,1.0,80.0,80.0,80.0,80.0,100.0,80.0,0.0,0.0,0.0,0.0,80.0,0.0,100.0,0.0,1.0,0.0,0.0,1.0,80.0,80.0,80.0,100.0,80.0,80.0,0.0,0.0,1.0,80.0,80.0,80.0,100.0,80.0,0.0,0.0,0.0,0.0,0.0,80.0,0.0,0.0,1.0,0.0,0.0,0.0,0.0,0.0,32768.0,32768.0,32768.0,32768.0,32768.0,32768.0,32768.0,32768.0,32768.0,32768.0,32768.0,32768.0,32768.0,32768.0,32768.0,32768.0,32768.0,32768.0,32768.0,32768.0,32768.0,32768.0,32768.0,32768.0,32768.0,32768.0,32768.0,32768.0,32768.0,32768.0,32768.0,32768.0,32768.0,32768.0,32768.0,32768.0,32768.0,32768.0,32768.0,32768.0,32768.0,32768.0,32768.0,32768.0,32768.0,32768.0,32768.0,32768.0,32768.0,32768.0,32768.0,32768.0,32768.0,32768.0,32768.0,32768.0,32768.0,32768.0,32768.0,32768.0,32768.0,32768.0,32768.0,32768.0,32768.0,32768.0,32768.0,32768.0,32768.0,32768.0,32768.0,32768.0,32768.0,32768.0,32768.0,32768.0,32768.0,32768.0,32768.0,32768.0,32768.0,32768.0,32768.0,32768.0,32768.0,32768.0,32768.0,32768.0,32768.0,32768.0,32768.0,32768.0,32768.0,32768.0,32768.0,32768.0,32768.0,32768.0,32768.0,32768.0,32768.0,32768.0,32768.0,32768.0,32768.0,32768.0,32768.0,32768.0,32768.0,32768.0,32768.0,32768.0,32768.0,32768.0,32768.0,32768.0,32768.0,32768.0,32768.0,32768.0,32768.0,32768.0,32768.0,32768.0,32768.0,32768.0,32768.0,32768.0,0.0,0.0,4194304.0,16377.0,0.0
178,0,1,695,695,32768,512,0,0,108,4,48,64,matmulbias_kernel,158974834890282,158974834916221,179,196,560672.0,1184.0,11881.0,0.0,8704.0,150016.0,0.0,0.0,47439782.0,47439782.0,1048576.0,0.0,0.0,4652833.0,0.0,2074.0,2080.0,2081.0,2080.0,2072.0,2066.0,2066.0,2066.0,2066.0,2066.0,2066.0,2097.0,2066.0,2066.0,2070.0,2070.0,2070.0,2070.0,2070.0,2070.0,2070.0,2070.0,2096.0,2068.0,2088.0,2089.0,2088.0,2088.0,2089.0,2088.0,2078.0,2096.0,2097.0,2096.0,2084.0,2072.0,2096.0,2097.0,2096.0,2074.0,2096.0,2097.0,2096.0,2084.0,2074.0,2074.0,2074.0,2074.0,2074.0,2074.0,2074.0,2074.0,2074.0,2070.0,2070.0,2070.0,2070.0,2070.0,2070.0,2070.0,2070.0,2074.0,2068.0,2088.0,2089.0,2088.0,2088.0,2089.0,2088.0,2078.0,2068.0,2088.0,2074.0,2089.0,2088.0,2088.0,2089.0,2088.0,2078.0,2070.0,2070.0,2070.0,2070.0,2074.0,2070.0,2070.0,2070.0,2070.0,2068.0,2088.0,2089.0,2088.0,2088.0,2089.0,2074.0,2088.0,2078.0,2070.0,2070.0,2070.0,2070.0,2070.0,2070.0,2070.0,2070.0,2074.0,2070.0,2070.0,2070.0,2070.0,2070.0,2070.0,2070.0,2070.0,2068.0,2088.0,2072.0,2089.0,2088.0,2088.0,2089.0,2088.0,2078.0,2064.0,2080.0,2081.0,2080.0,2096.0,1024.0,1024.0,1024.0,1024.0,1024.0,1024.0,1024.0,1024.0,1024.0,1024.0,1024.0,1024.0,1024.0,1024.0,1024.0,1024.0,1024.0,1024.0,1024.0,1024.0,1024.0,1024.0,1024.0,1024.0,1024.0,1024.0,1024.0,1024.0,1024.0,1024.0,1024.0,1024.0,1024.0,1024.0,1024.0,1024.0,1024.0,1024.0,1024.0,1024.0,1024.0,1024.0,1024.0,1024.0,1024.0,1024.0,1024.0,1024.0,1024.0,1024.0,1024.0,1024.0,1024.0,1024.0,1024.0,1024.0,1024.0,1024.0,1024.0,1024.0,1024.0,1024.0,1024.0,1024.0,1024.0,1024.0,1024.0,1024.0,1024.0,1024.0,1024.0,1024.0,1024.0,1024.0,1024.0,1024.0,1024.0,1024.0,1024.0,1024.0,1024.0,1024.0,1024.0,1024.0,1024.0,1024.0,1024.0,1024.0,1024.0,1024.0,1024.0,1024.0,1024.0,1024.0,1024.0,1024.0,1024.0,1024.0,1024.0,1024.0,1024.0,1024.0,1024.0,1024.0,1024.0,1024.0,1024.0,1024.0,1024.0,1024.0,1024.0,1024.0,1024.0,1024.0,1024.0,1024.0,1024.0,1024.0,1024.0,1024.0,1024.0,1024.0,1024.0,1024.0,1024.0,1024.0,1024.0,1024.0,0.0,0.0,131072.0,256.0,0.0
179,0,1,695,695,4194304,256,0,0,12,4,32,64,"void at::native::vectorized_elementwise_kernel<4, at::native::FillFunctor<int>, std::array<char*, 1ul> >(int, at::native::FillFunctor<int>, std::array<char*, 1ul>)",158974835328075,158974835369889,180,121,827424.0,1184.0,8680.0,0.0,131072.0,917504.0,65536.0,0.0,553591316.0,553591316.0,0.0,0.0,0.0,10971145.0,1835120.0,0.0,80.0,1.0,0.0,0.0,0.0,1.0,0.0,80.0,80.0,100.0,0.0,80.0,80.0,0.0,1.0,0.0,80.0,80.0,100.0,80.0,80.0,0.0,0.0,0.0,0.0,0.0,80.0,1.0,0.0,0.0,80.0,1.0,0.0,0.0,0.0,0.0,0.0,0.0,1.0,80.0,1.0,0.0,0.0,0.0,1.0,0.0,80.0,80.0,100.0,0.0,80.0,80.0,0.0,1.0,0.0,80.0,80.0,100.0,80.0,80.0,80.0,0.0,0.0,0.0,0.0,80.0,1.0,0.0,0.0,0.0,0.0,80.0,0.0,0.0,80.0,1.0,0.0,0.0,0.0,1.0,0.0,80.0,100.0,80.0,100.0,80.0,80.0,0.0,0.0,0.0,0.0,80.0,1.0,80.0,0.0,0.0,0.0,1.0,0.0,80.0,80.0,100.0,80.0,80.0,80.0,0.0,1.0,0.0,80.0,80.0,100.0,80.0,80.0,0.0,0.0,0.0,0.0,0.0,80.0,1.0,0.0,0.0,0.0,0.0,0.0,0.0,0.0,32768.0,32768.0,32768.0,32768.0,32768.0,32768.0,32768.0,32768.0,32768.0,32768.0,32768.0,32768.0,32768.0,32768.0,32768.0,32768.0,32768.0,32768.0,32768.0,32768.0,32768.0,32768.0,32768.0,32768.0,32768.0,32768.0,32768.0,32768.0,32768.0,32768.0,32768.0,32768.0,32768.0,32768.0,32768.0,32768.0,32768.0,32768.0,32768.0,32768.0,32768.0,32768.0,32768.0,32768.0,32768.0,32768.0,32768.0,32768.0,32768.0,32768.0,32768.0,32768.0,32768.0,32768.0,32768.0,32768.0,32768.0,32768.0,32768.0,32768.0,32768.0,32768.0,32768.0,32768.0,32768.0,32768.0,32768.0,32768.0,32768.0,32768.0,32768.0,32768.0,32768.0,32768.0,32768.0,32768.0,32768.0,32768.0,32768.0,32768.0,32768.0,32768.0,32768.0,32768.0,32768.0,32768.0,32768.0,32768.0,32768.0,32768.0,32768.0,32768.0,32768.0,32768.0,32768.0,32768.0,32768.0,32768.0,32768.0,32768.0,32768.0,32768.0,32768.0,32768.0,32768.0,32768.0,32768.0,32768.0,32768.0,32768.0,32768.0,32768.0,32768.0,32768.0,32768.0,32768.0,32768.0,32768.0,32768.0,32768.0,32768.0,32768.0,32768.0,32768.0,32768.0,32768.0,32768.0,32768.0,0.0,0.0,4194304.0,16380.0,0.0
180,0,1,695,695,32768,512,0,0,108,4,48,64,matmulbias_kernel,158974835796055,158974835821593,181,196,549913.0,1184.0,8515.0,0.0,8704.0,150016.0,0.0,0.0,45864378.0,45864378.0,1048576.0,0.0,0.0,4628912.0,0.0,2078.0,2096.0,2096.0,2096.0,2084.0,2074.0,2074.0,2074.0,2074.0,2074.0,2074.0,2105.0,2074.0,2074.0,2078.0,2078.0,2078.0,2078.0,2078.0,2078.0,2078.0,2078.0,2105.0,2076.0,2104.0,2105.0,2105.0,2104.0,2104.0,2104.0,2090.0,2104.0,2104.0,2104.0,2090.0,2076.0,2104.0,2105.0,2105.0,2078.0,2104.0,2104.0,2104.0,2090.0,2078.0,2078.0,2078.0,2078.0,2078.0,2078.0,2078.0,2078.0,2078.0,2078.0,2078.0,2078.0,2078.0,2078.0,2078.0,2078.0,2078.0,2078.0,2076.0,2104.0,2105.0,2105.0,2104.0,2104.0,2104.0,2090.0,2076.0,2104.0,2078.0,2105.0,2105.0,2104.0,2104.0,2104.0,2090.0,2078.0,2078.0,2078.0,2078.0,2078.0,2078.0,2078.0,2078.0,2078.0,2072.0,2096.0,2097.0,2097.0,2096.0,2096.0,2078.0,2096.0,2084.0,2074.0,2074.0,2074.0,2074.0,2074.0,2074.0,2074.0,2074.0,2078.0,2074.0,2074.0,2074.0,2074.0,2074.0,2074.0,2074.0,2074.0,2072.0,2096.0,2076.0,2097.0,2097.0,2096.0,2096.0,2096.0,2084.0,2072.0,2096.0,2097.0,2097.0,2104.0,1024.0,1024.0,1024.0,1024.0,1024.0,1024.0,1024.0,1024.0,1024.0,1024.0,1024.0,1024.0,1024.0,1024.0,1024.0,1024.0,1024.0,1024.0,1024.0,1024.0,1024.0,1024.0,1024.0,1024.0,1024.0,1024.0,1024.0,1024.0,1024.0,1024.0,1024.0,1024.0,1024.0,1024.0,1024.0,1024.0,1024.0,1024.0,1024.0,1024.0,1024.0,1024.0,1024.0,1024.0,1024.0,1024.0,1024.0,1024.0,1024.0,1024.0,1024.0,1024.0,1024.0,1024.0,1024.0,1024.0,1024.0,1024.0,1024.0,1024.0,1024.0,1024.0,1024.0,1024.0,1024.0,1024.0,1024.0,1024.0,1024.0,1024.0,1024.0,1024.0,1024.0,1024.0,1024.0,1024.0,1024.0,1024.0,1024.0,1024.0,1024.0,1024.0,1024.0,1024.0,1024.0,1024.0,1024.0,1024.0,1024.0,1024.0,1024.0,1024.0,1024.0,1024.0,1024.0,1024.0,1024.0,1024.0,1024.0,1024.0,1024.0,1024.0,1024.0,1024.0,1024.0,1024.0,1024.0,1024.0,1024.0,1024.0,1024.0,1024.0,1024.0,1024.0,1024.0,1024.0,1024.0,1024.0,1024.0,1024.0,1024.0,1024.0,1024.0,1024.0,1024.0,1024.0,1024.0,1024.0,0.0,0.0,131072.0,256.0,0.0
181,0,1,695,695,4194304,256,0,0,12,4,32,64,"void at::native::vectorized_elementwise_kernel<4, at::native::FillFunctor<int>, std::array<char*, 1ul> >(int, at::native::FillFunctor<int>, std::array<char*, 1ul>)",158974836250004,158974836292861,182,121,832961.0,1184.0,608.0,0.0,131072.0,917504.0,65536.0,0.0,561226000.0,561226000.0,0.0,0.0,0.0,11121592.0,1835120.0,0.0,80.0,0.0,0.0,0.0,0.0,0.0,0.0,80.0,100.0,80.0,0.0,80.0,80.0,0.0,0.0,0.0,80.0,100.0,80.0,80.0,80.0,0.0,0.0,0.0,0.0,0.0,80.0,0.0,0.0,0.0,80.0,0.0,0.0,0.0,0.0,0.0,0.0,0.0,0.0,80.0,0.0,0.0,0.0,0.0,0.0,0.0,80.0,100.0,80.0,0.0,80.0,80.0,0.0,0.0,0.0,80.0,100.0,80.0,80.0,80.0,80.0,0.0,0.0,0.0,0.0,80.0,0.0,0.0,0.0,0.0,0.0,100.0,0.0,0.0,80.0,0.0,0.0,0.0,0.0,0.0,0.0,80.0,80.0,100.0,80.0,80.0,80.0,0.0,0.0,0.0,0.0,80.0,0.0,80.0,0.0,0.0,0.0,0.0,0.0,80.0,100.0,80.0,80.0,80.0,80.0,0.0,0.0,0.0,80.0,100.0,80.0,80.0,80.0,0.0,0.0,0.0,0.0,0.0,80.0,0.0,0.0,0.0,0.0,0.0,0.0,0.0,0.0,32768.0,32768.0,32768.0,32768.0,32768.0,32768.0,32768.0,32768.0,32768.0,32768.0,32768.0,32768.0,32768.0,32768.0,32768.0,32768.0,32768.0,32768.0,32768.0,32768.0,32768.0,32768.0,32768.0,32768.0,32768.0,32768.0,32768.0,32768.0,32768.0,32768.0,32768.0,32768.0,32768.0,32768.0,32768.0,32768.0,32768.0,32768.0,32768.0,32768.0,32768.0,32768.0,32768.0,32768.0,32768.0,32768.0,32768.0,32768.0,32768.0,32768.0,32768.0,32768.0,32768.0,32768.0,32768.0,32768.0,32768.0,32768.0,32768.0,32768.0,32768.0,32768.0,32768.0,32768.0,32768.0,32768.0,32768.0,32768.0,32768.0,32768.0,32768.0,32768.0,32768.0,32768.0,32768.0,32768.0,32768.0,32768.0,32768.0,32768.0,32768.0,32768.0,32768.0,32768.0,32768.0,32768.0,32768.0,32768.0,32768.0,32768.0,32768.0,32768.0,32768.0,32768.0,32768.0,32768.0,32768.0,32768.0,32768.0,32768.0,32768.0,32768.0,32768.0,32768.0,32768.0,32768.0,32768.0,32768.0,32768.0,32768.0,32768.0,32768.0,32768.0,32768.0,32768.0,32768.0,32768.0,32768.0,32768.0,32768.0,32768.0,32768.0,32768.0,32768.0,32768.0,32768.0,32768.0,32768.0,0.0,0.0,4194304.0,16377.0,0.0
182,0,1,695,695,32768,512,0,0,108,4,48,64,matmulbias_kernel,158974836724640,158974836750418,183,196,547083.0,1273.0,608.0,0.0,8704.0,150016.0,0.0,0.0,47055400.0,47055400.0,1048576.0,0.0,0.0,4686392.0,0.0,2070.0,2096.0,2096.0,2096.0,2084.0,2074.0,2074.0,2074.0,2074.0,2074.0,2074.0,2088.0,2074.0,2074.0,2066.0,2066.0,2066.0,2066.0,2066.0,2066.0,2066.0,2066.0,2088.0,2064.0,2080.0,2080.0,2080.0,2080.0,2080.0,2080.0,2072.0,2088.0,2088.0,2088.0,2078.0,2072.0,2096.0,2096.0,2096.0,2070.0,2096.0,2096.0,2096.0,2084.0,2074.0,2074.0,2074.0,2074.0,2074.0,2074.0,2070.0,2074.0,2074.0,2074.0,2074.0,2074.0,2074.0,2074.0,2074.0,2074.0,2074.0,2070.0,2072.0,2096.0,2096.0,2096.0,2096.0,2096.0,2096.0,2084.0,2072.0,2096.0,2070.0,2096.0,2096.0,2096.0,2096.0,2096.0,2084.0,2074.0,2074.0,2074.0,2074.0,2070.0,2074.0,2074.0,2074.0,2074.0,2076.0,2104.0,2104.0,2104.0,2104.0,2104.0,2070.0,2104.0,2090.0,2078.0,2078.0,2078.0,2078.0,2078.0,2078.0,2078.0,2078.0,2070.0,2078.0,2078.0,2078.0,2078.0,2078.0,2078.0,2078.0,2078.0,2076.0,2104.0,2068.0,2104.0,2104.0,2104.0,2104.0,2104.0,2090.0,2072.0,2096.0,2096.0,2096.0,2088.0,1024.0,1024.0,1024.0,1024.0,1024.0,1024.0,1024.0,1024.0,1024.0,1024.0,1024.0,1024.0,1024.0,1024.0,1024.0,1024.0,1024.0,1024.0,1024.0,1024.0,1024.0,1024.0,1024.0,1024.0,1024.0,1024.0,1024.0,1024.0,1024.0,1024.0,1024.0,1024.0,1024.0,1024.0,1024.0,1024.0,1024.0,1024.0,1024.0,1024.0,1024.0,1024.0,1024.0,1024.0,1024.0,1024.0,1024.0,1024.0,1024.0,1024.0,1024.0,1024.0,1024.0,1024.0,1024.0,1024.0,1024.0,1024.0,1024.0,1024.0,1024.0,1024.0,1024.0,1024.0,1024.0,1024.0,1024.0,1024.0,1024.0,1024.0,1024.0,1024.0,1024.0,1024.0,1024.0,1024.0,1024.0,1024.0,1024.0,1024.0,1024.0,1024.0,1024.0,1024.0,1024.0,1024.0,1024.0,1024.0,1024.0,1024.0,1024.0,1024.0,1024.0,1024.0,1024.0,1024.0,1024.0,1024.0,1024.0,1024.0,1024.0,1024.0,1024.0,1024.0,1024.0,1024.0,1024.0,1024.0,1024.0,1024.0,1024.0,1024.0,1024.0,1024.0,1024.0,1024.0,1024.0,1024.0,1024.0,1024.0,1024.0,1024.0,1024.0,1024.0,1024.0,1024.0,1024.0,1024.0,0.0,0.0,131072.0,256.0,0.0
183,0,1,695,695,4194304,256,0,0,12,4,32,64,"void at::native::vectorized_elementwise_kernel<4, at::native::FillFunctor<int>, std::array<char*, 1ul> >(int, at::native::FillFunctor<int>, std::array<char*, 1ul>)",158974837181595,158974837223611,184,121,818835.0,1184.0,7922.0,0.0,131072.0,917504.0,65536.0,0.0,555636476.0,555636476.0,0.0,0.0,0.0,10992956.0,1835120.0,0.0,80.0,0.0,0.0,0.0,0.0,0.0,0.0,100.0,80.0,80.0,1.0,80.0,80.0,0.0,0.0,0.0,100.0,80.0,80.0,80.0,80.0,0.0,0.0,1.0,1.0,0.0,80.0,0.0,0.0,0.0,80.0,0.0,0.0,0.0,0.0,1.0,1.0,0.0,0.0,80.0,0.0,0.0,0.0,0.0,0.0,0.0,100.0,80.0,80.0,0.0,80.0,80.0,0.0,0.0,0.0,100.0,80.0,80.0,80.0,80.0,100.0,0.0,1.0,1.0,0.0,80.0,0.0,0.0,0.0,0.0,1.0,80.0,1.0,0.0,80.0,0.0,0.0,0.0,0.0,0.0,0.0,100.0,80.0,80.0,80.0,80.0,80.0,0.0,1.0,1.0,0.0,80.0,0.0,80.0,0.0,0.0,0.0,0.0,0.0,100.0,80.0,80.0,80.0,80.0,80.0,0.0,0.0,0.0,100.0,80.0,80.0,80.0,80.0,0.0,1.0,0.0,1.0,0.0,80.0,0.0,0.0,0.0,0.0,1.0,1.0,0.0,1.0,32768.0,32768.0,32768.0,32768.0,32768.0,32768.0,32768.0,32768.0,32768.0,32768.0,32768.0,32768.0,32768.0,32768.0,32768.0,32768.0,32768.0,32768.0,32768.0,32768.0,32768.0,32768.0,32768.0,32768.0,32768.0,32768.0,32768.0,32768.0,32768.0,32768.0,32768.0,32768.0,32768.0,32768.0,32768.0,32768.0,32768.0,32768.0,32768.0,32768.0,32768.0,32768.0,32768.0,32768.0,32768.0,32768.0,32768.0,32768.0,32768.0,32768.0,32768.0,32768.0,32768.0,32768.0,32768.0,32768.0,32768.0,32768.0,32768.0,32768.0,32768.0,32768.0,32768.0,32768.0,32768.0,32768.0,32768.0,32768.0,32768.0,32768.0,32768.0,32768.0,32768.0,32768.0,32768.0,32768.0,32768.0,32768.0,32768.0,32768.0,32768.0,32768.0,32768.0,32768.0,32768.0,32768.0,32768.0,32768.0,32768.0,32768.0,32768.0,32768.0,32768.0,32768.0,32768.0,32768.0,32768.0,32768.0,32768.0,32768.0,32768.0,32768.0,32768.0,32768.0,32768.0,32768.0,32768.0,32768.0,32768.0,32768.0,32768.0,32768.0,32768.0,32768.0,32768.0,32768.0,32768.0,32768.0,32768.0,32768.0,32768.0,32768.0,32768.0,32768.0,32768.0,32768.0,32768.0,32768.0,0.0,0.0,4194304.0,16377.0,0.0
184,0,1,695,695,32768,512,0,0,108,4,48,64,matmulbias_kernel,158974837647211,158974837673230,185,196,550720.0,1184.0,608.0,0.0,8704.0,150016.0,0.0,0.0,48262492.0,48262492.0,1048576.0,0.0,0.0,4710460.0,0.0,2078.0,2096.0,2096.0,2096.0,2084.0,2074.0,2074.0,2074.0,2074.0,2074.0,2074.0,2104.0,2074.0,2074.0,2074.0,2074.0,2074.0,2074.0,2074.0,2074.0,2074.0,2074.0,2104.0,2072.0,2096.0,2096.0,2096.0,2096.0,2096.0,2096.0,2084.0,2104.0,2104.0,2104.0,2090.0,2076.0,2104.0,2104.0,2104.0,2078.0,2104.0,2104.0,2104.0,2090.0,2078.0,2078.0,2078.0,2078.0,2078.0,2078.0,2078.0,2078.0,2078.0,2078.0,2078.0,2078.0,2078.0,2078.0,2078.0,2078.0,2078.0,2078.0,2076.0,2104.0,2104.0,2104.0,2104.0,2104.0,2104.0,2090.0,2076.0,2104.0,2078.0,2104.0,2104.0,2104.0,2104.0,2104.0,2090.0,2078.0,2078.0,2078.0,2078.0,2078.0,2078.0,2078.0,2078.0,2078.0,2072.0,2096.0,2096.0,2096.0,2096.0,2096.0,2078.0,2096.0,2084.0,2074.0,2074.0,2074.0,2074.0,2074.0,2074.0,2074.0,2074.0,2078.0,2082.0,2082.0,2082.0,2082.0,2082.0,2082.0,2082.0,2082.0,2080.0,2112.0,2076.0,2112.0,2112.0,2112.0,2112.0,2112.0,2096.0,2072.0,2096.0,2096.0,2096.0,2104.0,1024.0,1024.0,1024.0,1024.0,1024.0,1024.0,1024.0,1024.0,1024.0,1024.0,1024.0,1024.0,1024.0,1024.0,1024.0,1024.0,1024.0,1024.0,1024.0,1024.0,1024.0,1024.0,1024.0,1024.0,1024.0,1024.0,1024.0,1024.0,1024.0,1024.0,1024.0,1024.0,1024.0,1024.0,1024.0,1024.0,1024.0,1024.0,1024.0,1024.0,1024.0,1024.0,1024.0,1024.0,1024.0,1024.0,1024.0,1024.0,1024.0,1024.0,1024.0,1024.0,1024.0,1024.0,1024.0,1024.0,1024.0,1024.0,1024.0,1024.0,1024.0,1024.0,1024.0,1024.0,1024.0,1024.0,1024.0,1024.0,1024.0,1024.0,1024.0,1024.0,1024.0,1024.0,1024.0,1024.0,1024.0,1024.0,1024.0,1024.0,1024.0,1024.0,1024.0,1024.0,1024.0,1024.0,1024.0,1024.0,1024.0,1024.0,1024.0,1024.0,1024.0,1024.0,1024.0,1024.0,1024.0,1024.0,1024.0,1024.0,1024.0,1024.0,1024.0,1024.0,1024.0,1024.0,1024.0,1024.0,1024.0,1024.0,1024.0,1024.0,1024.0,1024.0,1024.0,1024.0,1024.0,1024.0,1024.0,1024.0,1024.0,1024.0,1024.0,1024.0,1024.0,1024.0,1024.0,1024.0,0.0,0.0,131072.0,256.0,0.0
185,0,1,695,695,4194304,256,0,0,12,4,32,64,"void at::native::vectorized_elementwise_kernel<4, at::native::FillFunctor<int>, std::array<char*, 1ul> >(int, at::native::FillFunctor<int>, std::array<char*, 1ul>)",158974838098874,158974838141451,186,121,827631.0,1184.0,8824.0,0.0,131072.0,917504.0,65536.0,0.0,559262655.0,559262655.0,0.0,0.0,0.0,11079977.0,1835120.0,0.0,80.0,0.0,0.0,0.0,0.0,0.0,20.0,81.0,80.0,80.0,1.0,80.0,80.0,0.0,0.0,20.0,81.0,80.0,80.0,80.0,80.0,0.0,0.0,0.0,1.0,0.0,80.0,0.0,0.0,0.0,80.0,0.0,0.0,0.0,0.0,0.0,1.0,0.0,0.0,80.0,0.0,0.0,0.0,0.0,0.0,20.0,81.0,80.0,80.0,20.0,80.0,80.0,0.0,0.0,20.0,81.0,80.0,80.0,80.0,80.0,81.0,0.0,0.0,1.0,0.0,80.0,0.0,0.0,0.0,0.0,0.0,80.0,1.0,0.0,80.0,0.0,0.0,0.0,0.0,0.0,20.0,81.0,80.0,80.0,80.0,80.0,80.0,0.0,0.0,1.0,0.0,80.0,0.0,80.0,0.0,0.0,0.0,0.0,20.0,81.0,80.0,80.0,80.0,80.0,80.0,0.0,0.0,20.0,81.0,80.0,80.0,80.0,80.0,0.0,0.0,0.0,1.0,0.0,80.0,0.0,0.0,0.0,0.0,0.0,1.0,0.0,0.0,32768.0,32768.0,32768.0,32768.0,32768.0,32768.0,32768.0,32768.0,32768.0,32768.0,32768.0,32768.0,32768.0,32768.0,32768.0,32768.0,32768.0,32768.0,32768.0,32768.0,32768.0,32768.0,32768.0,32768.0,32768.0,32768.0,32768.0,32768.0,32768.0,32768.0,32768.0,32768.0,32768.0,32768.0,32768.0,32768.0,32768.0,32768.0,32768.0,32768.0,32768.0,32768.0,32768.0,32768.0,32768.0,32768.0,32768.0,32768.0,32768.0,32768.0,32768.0,32768.0,32768.0,32768.0,32768.0,32768.0,32768.0,32768.0,32768.0,32768.0,32768.0,32768.0,32768.0,32768.0,32768.0,32768.0,32768.0,32768.0,32768.0,32768.0,32768.0,32768.0,32768.0,32768.0,32768.0,32768.0,32768.0,32768.0,32768.0,32768.0,32768.0,32768.0,32768.0,32768.0,32768.0,32768.0,32768.0,32768.0,32768.0,32768.0,32768.0,32768.0,32768.0,32768.0,32768.0,32768.0,32768.0,32768.0,32768.0,32768.0,32768.0,32768.0,32768.0,32768.0,32768.0,32768.0,32768.0,32768.0,32768.0,32768.0,32768.0,32768.0,32768.0,32768.0,32768.0,32768.0,32768.0,32768.0,32768.0,32768.0,32768.0,32768.0,32768.0,32768.0,32768.0,32768.0,32768.0,32768.0,0.0,0.0,4194304.0,16372.0,0.0
186,0,1,695,695,32768,512,0,0,108,4,48,64,matmulbias_kernel,158974838571666,158974838597484,187,196,538497.0,1184.0,686.0,0.0,8704.0,150016.0,0.0,0.0,46699417.0,46699417.0,1048576.0,0.0,0.0,4621391.0,0.0,2074.0,2112.0,2112.0,2112.0,2096.0,2082.0,2082.0,2082.0,2082.0,2082.0,2082.0,2096.0,2082.0,2082.0,2078.0,2078.0,2078.0,2078.0,2078.0,2078.0,2078.0,2078.0,2096.0,2076.0,2104.0,2104.0,2104.0,2104.0,2104.0,2104.0,2090.0,2096.0,2096.0,2096.0,2084.0,2076.0,2104.0,2104.0,2104.0,2074.0,2104.0,2104.0,2104.0,2090.0,2078.0,2078.0,2078.0,2078.0,2078.0,2078.0,2074.0,2078.0,2078.0,2074.0,2074.0,2074.0,2074.0,2074.0,2074.0,2074.0,2074.0,2074.0,2072.0,2096.0,2096.0,2096.0,2096.0,2096.0,2096.0,2084.0,2072.0,2096.0,2074.0,2096.0,2096.0,2096.0,2096.0,2096.0,2084.0,2074.0,2074.0,2074.0,2074.0,2074.0,2074.0,2074.0,2074.0,2074.0,2068.0,2088.0,2088.0,2088.0,2088.0,2088.0,2074.0,2088.0,2078.0,2070.0,2070.0,2070.0,2070.0,2070.0,2070.0,2070.0,2070.0,2074.0,2074.0,2074.0,2074.0,2074.0,2074.0,2074.0,2074.0,2074.0,2072.0,2096.0,2072.0,2096.0,2096.0,2096.0,2096.0,2096.0,2084.0,2080.0,2112.0,2112.0,2112.0,2096.0,1024.0,1024.0,1024.0,1024.0,1024.0,1024.0,1024.0,1024.0,1024.0,1024.0,1024.0,1024.0,1024.0,1024.0,1024.0,1024.0,1024.0,1024.0,1024.0,1024.0,1024.0,1024.0,1024.0,1024.0,1024.0,1024.0,1024.0,1024.0,1024.0,1024.0,1024.0,1024.0,1024.0,1024.0,1024.0,1024.0,1024.0,1024.0,1024.0,1024.0,1024.0,1024.0,1024.0,1024.0,1024.0,1024.0,1024.0,1024.0,1024.0,1024.0,1024.0,1024.0,1024.0,1024.0,1024.0,1024.0,1024.0,1024.0,1024.0,1024.0,1024.0,1024.0,1024.0,1024.0,1024.0,1024.0,1024.0,1024.0,1024.0,1024.0,1024.0,1024.0,1024.0,1024.0,1024.0,1024.0,1024.0,1024.0,1024.0,1024.0,1024.0,1024.0,1024.0,1024.0,1024.0,1024.0,1024.0,1024.0,1024.0,1024.0,1024.0,1024.0,1024.0,1024.0,1024.0,1024.0,1024.0,1024.0,1024.0,1024.0,1024.0,1024.0,1024.0,1024.0,1024.0,1024.0,1024.0,1024.0,1024.0,1024.0,1024.0,1024.0,1024.0,1024.0,1024.0,1024.0,1024.0,1024.0,1024.0,1024.0,1024.0,1024.0,1024.0,1024.0,1024.0,1024.0,1024.0,1024.0,0.0,0.0,131072.0,256.0,0.0
187,0,1,695,695,4194304,256,0,0,12,4,32,64,"void at::native::vectorized_elementwise_kernel<4, at::native::FillFunctor<int>, std::array<char*, 1ul> >(int, at::native::FillFunctor<int>, std::array<char*, 1ul>)",158974839029103,158974839071679,188,121,818142.0,1184.0,8482.0,0.0,131072.0,917504.0,65536.0,0.0,555121141.0,555121141.0,0.0,0.0,0.0,11011674.0,1835105.0,0.0,80.0,0.0,0.0,0.0,0.0,21.0,0.0,80.0,80.0,80.0,1.0,80.0,80.0,0.0,21.0,0.0,80.0,80.0,80.0,80.0,80.0,0.0,0.0,0.0,1.0,0.0,80.0,0.0,0.0,0.0,80.0,0.0,0.0,0.0,0.0,0.0,1.0,0.0,21.0,80.0,0.0,0.0,0.0,0.0,21.0,0.0,80.0,80.0,80.0,0.0,80.0,80.0,0.0,21.0,0.0,80.0,80.0,80.0,80.0,80.0,80.0,0.0,0.0,1.0,0.0,80.0,0.0,0.0,0.0,0.0,0.0,80.0,1.0,0.0,80.0,0.0,0.0,0.0,0.0,21.0,0.0,80.0,80.0,80.0,80.0,80.0,80.0,0.0,0.0,1.0,0.0,80.0,0.0,80.0,0.0,0.0,0.0,21.0,0.0,80.0,80.0,80.0,80.0,80.0,80.0,0.0,21.0,0.0,80.0,80.0,80.0,80.0,80.0,0.0,0.0,0.0,1.0,0.0,80.0,0.0,0.0,0.0,0.0,0.0,1.0,0.0,0.0,32768.0,32768.0,32768.0,32768.0,32768.0,32768.0,32768.0,32768.0,32768.0,32768.0,32768.0,32768.0,32768.0,32768.0,32768.0,32768.0,32768.0,32768.0,32768.0,32768.0,32768.0,32768.0,32768.0,32768.0,32768.0,32768.0,32768.0,32768.0,32768.0,32768.0,32768.0,32768.0,32768.0,32768.0,32768.0,32768.0,32768.0,32768.0,32768.0,32768.0,32768.0,32768.0,32768.0,32768.0,32768.0,32768.0,32768.0,32768.0,32768.0,32768.0,32768.0,32768.0,32768.0,32768.0,32768.0,32768.0,32768.0,32768.0,32768.0,32768.0,32768.0,32768.0,32768.0,32768.0,32768.0,32768.0,32768.0,32768.0,32768.0,32768.0,32768.0,32768.0,32768.0,32768.0,32768.0,32768.0,32768.0,32768.0,32768.0,32768.0,32768.0,32768.0,32768.0,32768.0,32768.0,32768.0,32768.0,32768.0,32768.0,32768.0,32768.0,32768.0,32768.0,32768.0,32768.0,32768.0,32768.0,32768.0,32768.0,32768.0,32768.0,32768.0,32768.0,32768.0,32768.0,32768.0,32768.0,32768.0,32768.0,32768.0,32768.0,32768.0,32768.0,32768.0,32768.0,32768.0,32768.0,32768.0,32768.0,32768.0,32768.0,32768.0,32768.0,32768.0,32768.0,32768.0,32768.0,32768.0,0.0,0.0,4194304.0,16378.0,0.0
188,0,1,695,695,32768,512,0,0,108,4,48,64,matmulbias_kernel,158974839491150,158974839517009,189,196,554725.0,1184.0,608.0,0.0,8704.0,150016.0,0.0,0.0,46937113.0,46937113.0,1048576.0,0.0,0.0,4641258.0,0.0,2074.0,2096.0,2096.0,2096.0,2084.0,2074.0,2074.0,2074.0,2074.0,2074.0,2074.0,2096.0,2074.0,2074.0,2074.0,2074.0,2074.0,2074.0,2074.0,2074.0,2074.0,2074.0,2096.0,2072.0,2096.0,2096.0,2096.0,2096.0,2096.0,2096.0,2084.0,2096.0,2096.0,2096.0,2084.0,2076.0,2104.0,2104.0,2104.0,2074.0,2104.0,2104.0,2104.0,2090.0,2078.0,2078.0,2078.0,2078.0,2078.0,2078.0,2074.0,2078.0,2078.0,2074.0,2074.0,2074.0,2074.0,2074.0,2074.0,2074.0,2074.0,2074.0,2072.0,2096.0,2096.0,2096.0,2096.0,2096.0,2096.0,2084.0,2072.0,2096.0,2074.0,2096.0,2096.0,2096.0,2096.0,2096.0,2084.0,2074.0,2074.0,2074.0,2074.0,2074.0,2074.0,2074.0,2074.0,2074.0,2076.0,2104.0,2104.0,2104.0,2104.0,2104.0,2074.0,2104.0,2090.0,2078.0,2078.0,2078.0,2078.0,2078.0,2078.0,2078.0,2078.0,2074.0,2074.0,2074.0,2074.0,2074.0,2074.0,2074.0,2074.0,2074.0,2072.0,2096.0,2072.0,2096.0,2096.0,2096.0,2096.0,2096.0,2084.0,2072.0,2096.0,2096.0,2096.0,2096.0,1024.0,1024.0,1024.0,1024.0,1024.0,1024.0,1024.0,1024.0,1024.0,1024.0,1024.0,1024.0,1024.0,1024.0,1024.0,1024.0,1024.0,1024.0,1024.0,1024.0,1024.0,1024.0,1024.0,1024.0,1024.0,1024.0,1024.0,1024.0,1024.0,1024.0,1024.0,1024.0,1024.0,1024.0,1024.0,1024.0,1024.0,1024.0,1024.0,1024.0,1024.0,1024.0,1024.0,1024.0,1024.0,1024.0,1024.0,1024.0,1024.0,1024.0,1024.0,1024.0,1024.0,1024.0,1024.0,1024.0,1024.0,1024.0,1024.0,1024.0,1024.0,1024.0,1024.0,1024.0,1024.0,1024.0,1024.0,1024.0,1024.0,1024.0,1024.0,1024.0,1024.0,1024.0,1024.0,1024.0,1024.0,1024.0,1024.0,1024.0,1024.0,1024.0,1024.0,1024.0,1024.0,1024.0,1024.0,1024.0,1024.0,1024.0,1024.0,1024.0,1024.0,1024.0,1024.0,1024.0,1024.0,1024.0,1024.0,1024.0,1024.0,1024.0,1024.0,1024.0,1024.0,1024.0,1024.0,1024.0,1024.0,1024.0,1024.0,1024.0,1024.0,1024.0,1024.0,1024.0,1024.0,1024.0,1024.0,1024.0,1024.0,1024.0,1024.0,1024.0,1024.0,1024.0,1024.0,1024.0,0.0,0.0,131072.0,256.0,0.0
189,0,1,695,695,4194304,256,0,0,12,4,32,64,"void at::native::vectorized_elementwise_kernel<4, at::native::FillFunctor<int>, std::array<char*, 1ul> >(int, at::native::FillFunctor<int>, std::array<char*, 1ul>)",158974839941531,158974839984107,190,121,819705.0,1184.0,8906.0,0.0,131072.0,917504.0,65536.0,0.0,556159975.0,556159975.0,0.0,0.0,0.0,11010481.0,1835120.0,20.0,80.0,0.0,0.0,0.0,20.0,0.0,0.0,80.0,80.0,80.0,1.0,80.0,81.0,20.0,0.0,0.0,80.0,80.0,80.0,80.0,81.0,0.0,0.0,0.0,1.0,0.0,80.0,0.0,0.0,0.0,80.0,0.0,0.0,0.0,0.0,0.0,1.0,0.0,0.0,80.0,0.0,0.0,0.0,20.0,0.0,0.0,80.0,80.0,80.0,0.0,80.0,81.0,20.0,0.0,0.0,80.0,80.0,80.0,80.0,81.0,80.0,0.0,0.0,1.0,0.0,80.0,0.0,0.0,0.0,0.0,0.0,80.0,1.0,0.0,80.0,0.0,0.0,0.0,20.0,0.0,0.0,80.0,80.0,80.0,80.0,80.0,81.0,0.0,0.0,1.0,0.0,80.0,0.0,80.0,0.0,0.0,20.0,0.0,0.0,80.0,80.0,80.0,80.0,81.0,81.0,20.0,0.0,0.0,80.0,80.0,80.0,80.0,81.0,0.0,0.0,0.0,1.0,0.0,80.0,0.0,0.0,0.0,0.0,0.0,1.0,0.0,0.0,32768.0,32768.0,32768.0,32768.0,32768.0,32768.0,32768.0,32768.0,32768.0,32768.0,32768.0,32768.0,32768.0,32768.0,32768.0,32768.0,32768.0,32768.0,32768.0,32768.0,32768.0,32768.0,32768.0,32768.0,32768.0,32768.0,32768.0,32768.0,32768.0,32768.0,32768.0,32768.0,32768.0,32768.0,32768.0,32768.0,32768.0,32768.0,32768.0,32768.0,32768.0,32768.0,32768.0,32768.0,32768.0,32768.0,32768.0,32768.0,32768.0,32768.0,32768.0,32768.0,32768.0,32768.0,32768.0,32768.0,32768.0,32768.0,32768.0,32768.0,32768.0,32768.0,32768.0,32768.0,32768.0,32768.0,32768.0,32768.0,32768.0,32768.0,32768.0,32768.0,32768.0,32768.0,32768.0,32768.0,32768.0,32768.0,32768.0,32768.0,32768.0,32768.0,32768.0,32768.0,32768.0,32768.0,32768.0,32768.0,32768.0,32768.0,32768.0,32768.0,32768.0,32768.0,32768.0,32768.0,32768.0,32768.0,32768.0,32768.0,32768.0,32768.0,32768.0,32768.0,32768.0,32768.0,32768.0,32768.0,32768.0,32768.0,32768.0,32768.0,32768.0,32768.0,32768.0,32768.0,32768.0,32768.0,32768.0,32768.0,32768.0,32768.0,32768.0,32768.0,32768.0,32768.0,32768.0,32768.0,0.0,0.0,4194304.0,16380.0,0.0
190,0,1,695,695,32768,512,0,0,108,4,48,64,matmulbias_kernel,158974840419975,158974840445753,191,196,551480.0,1273.0,608.0,0.0,8704.0,150016.0,0.0,0.0,46586665.0,46586665.0,1048576.0,0.0,0.0,4634068.0,0.0,2078.0,2088.0,2088.0,2088.0,2078.0,2070.0,2070.0,2070.0,2070.0,2070.0,2070.0,2104.0,2070.0,2070.0,2082.0,2082.0,2082.0,2082.0,2082.0,2082.0,2082.0,2082.0,2104.0,2080.0,2112.0,2112.0,2112.0,2112.0,2112.0,2112.0,2096.0,2104.0,2104.0,2104.0,2090.0,2064.0,2080.0,2080.0,2080.0,2078.0,2080.0,2080.0,2080.0,2072.0,2066.0,2066.0,2066.0,2066.0,2066.0,2066.0,2078.0,2066.0,2066.0,2074.0,2074.0,2074.0,2074.0,2074.0,2074.0,2074.0,2074.0,2078.0,2072.0,2096.0,2096.0,2096.0,2096.0,2096.0,2096.0,2084.0,2068.0,2088.0,2078.0,2088.0,2088.0,2088.0,2088.0,2088.0,2078.0,2070.0,2070.0,2070.0,2070.0,2078.0,2070.0,2070.0,2070.0,2070.0,2072.0,2096.0,2096.0,2096.0,2096.0,2096.0,2078.0,2096.0,2084.0,2074.0,2074.0,2074.0,2074.0,2074.0,2074.0,2074.0,2074.0,2078.0,2078.0,2078.0,2078.0,2078.0,2078.0,2078.0,2078.0,2078.0,2076.0,2104.0,2076.0,2104.0,2104.0,2104.0,2104.0,2104.0,2090.0,2068.0,2088.0,2088.0,2088.0,2104.0,1024.0,1024.0,1024.0,1024.0,1024.0,1024.0,1024.0,1024.0,1024.0,1024.0,1024.0,1024.0,1024.0,1024.0,1024.0,1024.0,1024.0,1024.0,1024.0,1024.0,1024.0,1024.0,1024.0,1024.0,1024.0,1024.0,1024.0,1024.0,1024.0,1024.0,1024.0,1024.0,1024.0,1024.0,1024.0,1024.0,1024.0,1024.0,1024.0,1024.0,1024.0,1024.0,1024.0,1024.0,1024.0,1024.0,1024.0,1024.0,1024.0,1024.0,1024.0,1024.0,1024.0,1024.0,1024.0,1024.0,1024.0,1024.0,1024.0,1024.0,1024.0,1024.0,1024.0,1024.0,1024.0,1024.0,1024.0,1024.0,1024.0,1024.0,1024.0,1024.0,1024.0,1024.0,1024.0,1024.0,1024.0,1024.0,1024.0,1024.0,1024.0,1024.0,1024.0,1024.0,1024.0,1024.0,1024.0,1024.0,1024.0,1024.0,1024.0,1024.0,1024.0,1024.0,1024.0,1024.0,1024.0,1024.0,1024.0,1024.0,1024.0,1024.0,1024.0,1024.0,1024.0,1024.0,1024.0,1024.0,1024.0,1024.0,1024.0,1024.0,1024.0,1024.0,1024.0,1024.0,1024.0,1024.0,1024.0,1024.0,1024.0,1024.0,1024.0,1024.0,1024.0,1024.0,1024.0,1024.0,0.0,0.0,131072.0,256.0,0.0
191,0,1,695,695,4194304,256,0,0,12,4,32,64,"void at::native::vectorized_elementwise_kernel<4, at::native::FillFunctor<int>, std::array<char*, 1ul> >(int, at::native::FillFunctor<int>, std::array<char*, 1ul>)",158974840867469,158974840909484,192,121,813459.0,1184.0,8666.0,0.0,131072.0,917504.0,65536.0,0.0,556509021.0,556509021.0,0.0,0.0,0.0,11024622.0,1835120.0,0.0,80.0,0.0,0.0,0.0,0.0,0.0,0.0,80.0,80.0,81.0,1.0,80.0,80.0,0.0,0.0,0.0,80.0,80.0,81.0,80.0,80.0,20.0,0.0,0.0,1.0,20.0,80.0,0.0,0.0,0.0,80.0,0.0,0.0,0.0,0.0,0.0,1.0,20.0,0.0,80.0,0.0,0.0,0.0,0.0,0.0,0.0,80.0,80.0,81.0,0.0,80.0,80.0,0.0,0.0,0.0,80.0,80.0,81.0,80.0,80.0,80.0,0.0,0.0,1.0,20.0,80.0,0.0,0.0,0.0,0.0,0.0,80.0,1.0,20.0,80.0,0.0,0.0,0.0,0.0,0.0,0.0,80.0,81.0,80.0,81.0,80.0,80.0,0.0,0.0,1.0,20.0,80.0,0.0,80.0,0.0,0.0,0.0,0.0,0.0,80.0,80.0,81.0,80.0,80.0,80.0,0.0,0.0,0.0,80.0,80.0,81.0,80.0,80.0,0.0,0.0,0.0,1.0,20.0,80.0,0.0,0.0,0.0,0.0,0.0,1.0,20.0,0.0,32768.0,32768.0,32768.0,32768.0,32768.0,32768.0,32768.0,32768.0,32768.0,32768.0,32768.0,32768.0,32768.0,32768.0,32768.0,32768.0,32768.0,32768.0,32768.0,32768.0,32768.0,32768.0,32768.0,32768.0,32768.0,32768.0,32768.0,32768.0,32768.0,32768.0,32768.0,32768.0,32768.0,32768.0,32768.0,32768.0,32768.0,32768.0,32768.0,32768.0,32768.0,32768.0,32768.0,32768.0,32768.0,32768.0,32768.0,32768.0,32768.0,32768.0,32768.0,32768.0,32768.0,32768.0,32768.0,32768.0,32768.0,32768.0,32768.0,32768.0,32768.0,32768.0,32768.0,32768.0,32768.0,32768.0,32768.0,32768.0,32768.0,32768.0,32768.0,32768.0,32768.0,32768.0,32768.0,32768.0,32768.0,32768.0,32768.0,32768.0,32768.0,32768.0,32768.0,32768.0,32768.0,32768.0,32768.0,32768.0,32768.0,32768.0,32768.0,32768.0,32768.0,32768.0,32768.0,32768.0,32768.0,32768.0,32768.0,32768.0,32768.0,32768.0,32768.0,32768.0,32768.0,32768.0,32768.0,32768.0,32768.0,32768.0,32768.0,32768.0,32768.0,32768.0,32768.0,32768.0,32768.0,32768.0,32768.0,32768.0,32768.0,32768.0,32768.0,32768.0,32768.0,32768.0,32768.0,32768.0,0.0,0.0,4194304.0,16377.0,0.0
192,0,1,695,695,32768,512,0,0,108,4,48,64,matmulbias_kernel,158974841343749,158974841369647,193,196,549571.0,1184.0,608.0,0.0,8704.0,150016.0,0.0,0.0,47659652.0,47659652.0,1048576.0,0.0,0.0,4722575.0,0.0,2082.0,2096.0,2096.0,2096.0,2084.0,2074.0,2074.0,2074.0,2074.0,2074.0,2074.0,2112.0,2074.0,2074.0,2078.0,2078.0,2078.0,2078.0,2078.0,2078.0,2078.0,2078.0,2112.0,2076.0,2104.0,2104.0,2104.0,2104.0,2104.0,2104.0,2090.0,2112.0,2112.0,2112.0,2096.0,2072.0,2096.0,2096.0,2096.0,2082.0,2096.0,2096.0,2096.0,2084.0,2074.0,2074.0,2074.0,2074.0,2074.0,2074.0,2082.0,2074.0,2074.0,2078.0,2078.0,2078.0,2078.0,2078.0,2078.0,2078.0,2078.0,2082.0,2076.0,2104.0,2104.0,2104.0,2104.0,2104.0,2104.0,2090.0,2076.0,2104.0,2082.0,2104.0,2104.0,2104.0,2104.0,2104.0,2090.0,2078.0,2078.0,2078.0,2078.0,2082.0,2078.0,2078.0,2078.0,2078.0,2076.0,2104.0,2104.0,2104.0,2104.0,2104.0,2082.0,2104.0,2090.0,2078.0,2078.0,2078.0,2078.0,2078.0,2078.0,2078.0,2078.0,2082.0,2078.0,2078.0,2078.0,2078.0,2078.0,2078.0,2078.0,2078.0,2076.0,2104.0,2080.0,2104.0,2104.0,2104.0,2104.0,2104.0,2090.0,2072.0,2096.0,2096.0,2096.0,2112.0,1024.0,1024.0,1024.0,1024.0,1024.0,1024.0,1024.0,1024.0,1024.0,1024.0,1024.0,1024.0,1024.0,1024.0,1024.0,1024.0,1024.0,1024.0,1024.0,1024.0,1024.0,1024.0,1024.0,1024.0,1024.0,1024.0,1024.0,1024.0,1024.0,1024.0,1024.0,1024.0,1024.0,1024.0,1024.0,1024.0,1024.0,1024.0,1024.0,1024.0,1024.0,1024.0,1024.0,1024.0,1024.0,1024.0,1024.0,1024.0,1024.0,1024.0,1024.0,1024.0,1024.0,1024.0,1024.0,1024.0,1024.0,1024.0,1024.0,1024.0,1024.0,1024.0,1024.0,1024.0,1024.0,1024.0,1024.0,1024.0,1024.0,1024.0,1024.0,1024.0,1024.0,1024.0,1024.0,1024.0,1024.0,1024.0,1024.0,1024.0,1024.0,1024.0,1024.0,1024.0,1024.0,1024.0,1024.0,1024.0,1024.0,1024.0,1024.0,1024.0,1024.0,1024.0,1024.0,1024.0,1024.0,1024.0,1024.0,1024.0,1024.0,1024.0,1024.0,1024.0,1024.0,1024.0,1024.0,1024.0,1024.0,1024.0,1024.0,1024.0,1024.0,1024.0,1024.0,1024.0,1024.0,1024.0,1024.0,1024.0,1024.0,1024.0,1024.0,1024.0,1024.0,1024.0,1024.0,1024.0,0.0,0.0,131072.0,256.0,0.0
193,0,1,695,695,4194304,256,0,0,12,4,32,64,"void at::native::vectorized_elementwise_kernel<4, at::native::FillFunctor<int>, std::array<char*, 1ul> >(int, at::native::FillFunctor<int>, std::array<char*, 1ul>)",158974841800384,158974841842800,194,121,829881.0,1184.0,8840.0,0.0,131072.0,917504.0,65536.0,0.0,556113578.0,556113578.0,0.0,0.0,0.0,11024474.0,1835120.0,0.0,80.0,0.0,0.0,1.0,0.0,0.0,0.0,80.0,80.0,80.0,21.0,80.0,80.0,0.0,0.0,0.0,80.0,80.0,80.0,80.0,80.0,0.0,0.0,0.0,21.0,0.0,80.0,0.0,0.0,1.0,80.0,0.0,0.0,1.0,0.0,0.0,21.0,0.0,0.0,80.0,0.0,0.0,1.0,0.0,0.0,0.0,80.0,80.0,80.0,0.0,80.0,80.0,0.0,0.0,0.0,80.0,80.0,80.0,80.0,80.0,80.0,0.0,0.0,21.0,0.0,80.0,0.0,0.0,1.0,0.0,0.0,80.0,21.0,0.0,80.0,0.0,0.0,1.0,0.0,0.0,0.0,80.0,80.0,80.0,80.0,80.0,80.0,0.0,0.0,21.0,0.0,80.0,0.0,80.0,0.0,1.0,0.0,0.0,0.0,80.0,80.0,80.0,80.0,80.0,80.0,0.0,0.0,0.0,80.0,80.0,80.0,80.0,80.0,0.0,0.0,0.0,21.0,0.0,80.0,0.0,0.0,1.0,0.0,0.0,21.0,0.0,0.0,32768.0,32768.0,32768.0,32768.0,32768.0,32768.0,32768.0,32768.0,32768.0,32768.0,32768.0,32768.0,32768.0,32768.0,32768.0,32768.0,32768.0,32768.0,32768.0,32768.0,32768.0,32768.0,32768.0,32768.0,32768.0,32768.0,32768.0,32768.0,32768.0,32768.0,32768.0,32768.0,32768.0,32768.0,32768.0,32768.0,32768.0,32768.0,32768.0,32768.0,32768.0,32768.0,32768.0,32768.0,32768.0,32768.0,32768.0,32768.0,32768.0,32768.0,32768.0,32768.0,32768.0,32768.0,32768.0,32768.0,32768.0,32768.0,32768.0,32768.0,32768.0,32768.0,32768.0,32768.0,32768.0,32768.0,32768.0,32768.0,32768.0,32768.0,32768.0,32768.0,32768.0,32768.0,32768.0,32768.0,32768.0,32768.0,32768.0,32768.0,32768.0,32768.0,32768.0,32768.0,32768.0,32768.0,32768.0,32768.0,32768.0,32768.0,32768.0,32768.0,32768.0,32768.0,32768.0,32768.0,32768.0,32768.0,32768.0,32768.0,32768.0,32768.0,32768.0,32768.0,32768.0,32768.0,32768.0,32768.0,32768.0,32768.0,32768.0,32768.0,32768.0,32768.0,32768.0,32768.0,32768.0,32768.0,32768.0,32768.0,32768.0,32768.0,32768.0,32768.0,32768.0,32768.0,32768.0,32768.0,0.0,0.0,4194304.0,16381.0,0.0
194,0,1,695,695,32768,512,0,0,108,4,48,64,matmulbias_kernel,158974842278828,158974842304406,195,196,550237.0,1184.0,608.0,0.0,8704.0,150016.0,0.0,0.0,45830469.0,45830469.0,1048576.0,0.0,0.0,4589936.0,0.0,2070.0,2096.0,2096.0,2096.0,2084.0,2074.0,2074.0,2074.0,2074.0,2074.0,2074.0,2088.0,2074.0,2074.0,2078.0,2078.0,2078.0,2078.0,2078.0,2078.0,2078.0,2078.0,2088.0,2076.0,2104.0,2104.0,2104.0,2104.0,2104.0,2104.0,2090.0,2088.0,2088.0,2088.0,2078.0,2072.0,2096.0,2096.0,2096.0,2070.0,2096.0,2096.0,2096.0,2084.0,2074.0,2074.0,2074.0,2074.0,2074.0,2074.0,2070.0,2074.0,2074.0,2066.0,2066.0,2066.0,2066.0,2066.0,2066.0,2066.0,2066.0,2070.0,2064.0,2080.0,2080.0,2080.0,2080.0,2080.0,2080.0,2072.0,2076.0,2104.0,2070.0,2104.0,2104.0,2104.0,2104.0,2104.0,2090.0,2078.0,2078.0,2078.0,2078.0,2070.0,2078.0,2078.0,2078.0,2078.0,2072.0,2096.0,2096.0,2096.0,2096.0,2096.0,2070.0,2096.0,2084.0,2074.0,2074.0,2074.0,2074.0,2074.0,2074.0,2074.0,2074.0,2070.0,2070.0,2070.0,2070.0,2070.0,2070.0,2070.0,2070.0,2070.0,2068.0,2088.0,2068.0,2088.0,2088.0,2088.0,2088.0,2088.0,2078.0,2072.0,2096.0,2096.0,2096.0,2088.0,1024.0,1024.0,1024.0,1024.0,1024.0,1024.0,1024.0,1024.0,1024.0,1024.0,1024.0,1024.0,1024.0,1024.0,1024.0,1024.0,1024.0,1024.0,1024.0,1024.0,1024.0,1024.0,1024.0,1024.0,1024.0,1024.0,1024.0,1024.0,1024.0,1024.0,1024.0,1024.0,1024.0,1024.0,1024.0,1024.0,1024.0,1024.0,1024.0,1024.0,1024.0,1024.0,1024.0,1024.0,1024.0,1024.0,1024.0,1024.0,1024.0,1024.0,1024.0,1024.0,1024.0,1024.0,1024.0,1024.0,1024.0,1024.0,1024.0,1024.0,1024.0,1024.0,1024.0,1024.0,1024.0,1024.0,1024.0,1024.0,1024.0,1024.0,1024.0,1024.0,1024.0,1024.0,1024.0,1024.0,1024.0,1024.0,1024.0,1024.0,1024.0,1024.0,1024.0,1024.0,1024.0,1024.0,1024.0,1024.0,1024.0,1024.0,1024.0,1024.0,1024.0,1024.0,1024.0,1024.0,1024.0,1024.0,1024.0,1024.0,1024.0,1024.0,1024.0,1024.0,1024.0,1024.0,1024.0,1024.0,1024.0,1024.0,1024.0,1024.0,1024.0,1024.0,1024.0,1024.0,1024.0,1024.0,1024.0,1024.0,1024.0,1024.0,1024.0,1024.0,1024.0,1024.0,1024.0,1024.0,0.0,0.0,131072.0,256.0,0.0
195,0,1,695,695,4194304,256,0,0,12,4,32,64,"void at::native::vectorized_elementwise_kernel<4, at::native::FillFunctor<int>, std::array<char*, 1ul> >(int, at::native::FillFunctor<int>, std::array<char*, 1ul>)",158974842739111,158974842781247,196,121,821998.0,1184.0,9453.0,0.0,131072.0,917504.0,65536.0,0.0,555704096.0,555704096.0,0.0,0.0,0.0,11008145.0,1835120.0,0.0,80.0,1.0,0.0,0.0,0.0,0.0,0.0,80.0,80.0,80.0,1.0,80.0,80.0,0.0,0.0,0.0,80.0,80.0,80.0,80.0,80.0,0.0,0.0,20.0,1.0,0.0,80.0,1.0,0.0,0.0,80.0,1.0,0.0,0.0,0.0,20.0,1.0,0.0,0.0,80.0,1.0,0.0,0.0,0.0,0.0,0.0,80.0,80.0,80.0,0.0,80.0,80.0,0.0,0.0,0.0,80.0,80.0,80.0,80.0,80.0,80.0,0.0,20.0,1.0,0.0,80.0,1.0,0.0,0.0,0.0,20.0,80.0,1.0,0.0,80.0,1.0,0.0,0.0,0.0,0.0,0.0,80.0,80.0,80.0,80.0,80.0,80.0,0.0,20.0,1.0,0.0,80.0,1.0,80.0,0.0,0.0,0.0,0.0,0.0,80.0,80.0,80.0,80.0,80.0,80.0,0.0,0.0,0.0,80.0,80.0,80.0,80.0,80.0,0.0,20.0,0.0,1.0,0.0,80.0,1.0,0.0,0.0,0.0,20.0,1.0,0.0,20.0,32768.0,32768.0,32768.0,32768.0,32768.0,32768.0,32768.0,32768.0,32768.0,32768.0,32768.0,32768.0,32768.0,32768.0,32768.0,32768.0,32768.0,32768.0,32768.0,32768.0,32768.0,32768.0,32768.0,32768.0,32768.0,32768.0,32768.0,32768.0,32768.0,32768.0,32768.0,32768.0,32768.0,32768.0,32768.0,32768.0,32768.0,32768.0,32768.0,32768.0,32768.0,32768.0,32768.0,32768.0,32768.0,32768.0,32768.0,32768.0,32768.0,32768.0,32768.0,32768.0,32768.0,32768.0,32768.0,32768.0,32768.0,32768.0,32768.0,32768.0,32768.0,32768.0,32768.0,32768.0,32768.0,32768.0,32768.0,32768.0,32768.0,32768.0,32768.0,32768.0,32768.0,32768.0,32768.0,32768.0,32768.0,32768.0,32768.0,32768.0,32768.0,32768.0,32768.0,32768.0,32768.0,32768.0,32768.0,32768.0,32768.0,32768.0,32768.0,32768.0,32768.0,32768.0,32768.0,32768.0,32768.0,32768.0,32768.0,32768.0,32768.0,32768.0,32768.0,32768.0,32768.0,32768.0,32768.0,32768.0,32768.0,32768.0,32768.0,32768.0,32768.0,32768.0,32768.0,32768.0,32768.0,32768.0,32768.0,32768.0,32768.0,32768.0,32768.0,32768.0,32768.0,32768.0,32768.0,32768.0,0.0,0.0,4194304.0,16377.0,0.0
196,0,1,695,695,32768,512,0,0,108,4,48,64,matmulbias_kernel,158974843207292,158974843233271,197,196,566277.0,1184.0,608.0,0.0,8704.0,150016.0,0.0,0.0,46503642.0,46503642.0,1048576.0,0.0,0.0,4608220.0,0.0,2074.0,2088.0,2088.0,2088.0,2078.0,2070.0,2070.0,2070.0,2070.0,2070.0,2070.0,2096.0,2070.0,2070.0,2078.0,2078.0,2078.0,2078.0,2078.0,2078.0,2078.0,2078.0,2096.0,2076.0,2104.0,2104.0,2104.0,2104.0,2104.0,2104.0,2090.0,2096.0,2096.0,2096.0,2084.0,2072.0,2096.0,2096.0,2096.0,2074.0,2096.0,2096.0,2096.0,2084.0,2074.0,2074.0,2074.0,2074.0,2074.0,2074.0,2074.0,2074.0,2074.0,2078.0,2078.0,2078.0,2078.0,2078.0,2078.0,2078.0,2078.0,2074.0,2076.0,2104.0,2104.0,2104.0,2104.0,2104.0,2104.0,2090.0,2068.0,2088.0,2074.0,2088.0,2088.0,2088.0,2088.0,2088.0,2078.0,2070.0,2070.0,2070.0,2070.0,2074.0,2070.0,2070.0,2070.0,2070.0,2068.0,2088.0,2088.0,2088.0,2088.0,2088.0,2074.0,2088.0,2078.0,2070.0,2070.0,2070.0,2070.0,2070.0,2070.0,2070.0,2070.0,2074.0,2074.0,2074.0,2074.0,2074.0,2074.0,2074.0,2074.0,2074.0,2072.0,2096.0,2072.0,2096.0,2096.0,2096.0,2096.0,2096.0,2084.0,2068.0,2088.0,2088.0,2088.0,2096.0,1024.0,1024.0,1024.0,1024.0,1024.0,1024.0,1024.0,1024.0,1024.0,1024.0,1024.0,1024.0,1024.0,1024.0,1024.0,1024.0,1024.0,1024.0,1024.0,1024.0,1024.0,1024.0,1024.0,1024.0,1024.0,1024.0,1024.0,1024.0,1024.0,1024.0,1024.0,1024.0,1024.0,1024.0,1024.0,1024.0,1024.0,1024.0,1024.0,1024.0,1024.0,1024.0,1024.0,1024.0,1024.0,1024.0,1024.0,1024.0,1024.0,1024.0,1024.0,1024.0,1024.0,1024.0,1024.0,1024.0,1024.0,1024.0,1024.0,1024.0,1024.0,1024.0,1024.0,1024.0,1024.0,1024.0,1024.0,1024.0,1024.0,1024.0,1024.0,1024.0,1024.0,1024.0,1024.0,1024.0,1024.0,1024.0,1024.0,1024.0,1024.0,1024.0,1024.0,1024.0,1024.0,1024.0,1024.0,1024.0,1024.0,1024.0,1024.0,1024.0,1024.0,1024.0,1024.0,1024.0,1024.0,1024.0,1024.0,1024.0,1024.0,1024.0,1024.0,1024.0,1024.0,1024.0,1024.0,1024.0,1024.0,1024.0,1024.0,1024.0,1024.0,1024.0,1024.0,1024.0,1024.0,1024.0,1024.0,1024.0,1024.0,1024.0,1024.0,1024.0,1024.0,1024.0,1024.0,1024.0,0.0,0.0,131072.0,256.0,0.0
197,0,1,695,695,4194304,256,0,0,12,4,32,64,"void at::native::vectorized_elementwise_kernel<4, at::native::FillFunctor<int>, std::array<char*, 1ul> >(int, at::native::FillFunctor<int>, std::array<char*, 1ul>)",158974843654907,158974843697163,198,121,821894.0,1184.0,9028.0,0.0,131072.0,917504.0,65536.0,0.0,555024132.0,555024132.0,0.0,0.0,0.0,10981118.0,1835120.0,0.0,80.0,0.0,0.0,0.0,0.0,0.0,0.0,80.0,80.0,80.0,1.0,80.0,80.0,0.0,0.0,0.0,80.0,80.0,80.0,80.0,80.0,1.0,20.0,0.0,1.0,1.0,80.0,0.0,0.0,0.0,80.0,0.0,0.0,0.0,20.0,0.0,1.0,1.0,0.0,80.0,0.0,0.0,0.0,0.0,0.0,0.0,80.0,80.0,80.0,0.0,80.0,80.0,0.0,0.0,0.0,80.0,80.0,80.0,80.0,80.0,80.0,20.0,0.0,1.0,1.0,80.0,0.0,0.0,0.0,20.0,0.0,80.0,1.0,1.0,80.0,0.0,0.0,0.0,0.0,0.0,0.0,80.0,80.0,80.0,80.0,80.0,80.0,20.0,0.0,1.0,1.0,80.0,0.0,80.0,0.0,0.0,0.0,0.0,0.0,80.0,80.0,80.0,80.0,80.0,80.0,0.0,0.0,0.0,80.0,80.0,80.0,80.0,80.0,20.0,0.0,20.0,1.0,1.0,80.0,0.0,0.0,0.0,20.0,0.0,1.0,1.0,0.0,32768.0,32768.0,32768.0,32768.0,32768.0,32768.0,32768.0,32768.0,32768.0,32768.0,32768.0,32768.0,32768.0,32768.0,32768.0,32768.0,32768.0,32768.0,32768.0,32768.0,32768.0,32768.0,32768.0,32768.0,32768.0,32768.0,32768.0,32768.0,32768.0,32768.0,32768.0,32768.0,32768.0,32768.0,32768.0,32768.0,32768.0,32768.0,32768.0,32768.0,32768.0,32768.0,32768.0,32768.0,32768.0,32768.0,32768.0,32768.0,32768.0,32768.0,32768.0,32768.0,32768.0,32768.0,32768.0,32768.0,32768.0,32768.0,32768.0,32768.0,32768.0,32768.0,32768.0,32768.0,32768.0,32768.0,32768.0,32768.0,32768.0,32768.0,32768.0,32768.0,32768.0,32768.0,32768.0,32768.0,32768.0,32768.0,32768.0,32768.0,32768.0,32768.0,32768.0,32768.0,32768.0,32768.0,32768.0,32768.0,32768.0,32768.0,32768.0,32768.0,32768.0,32768.0,32768.0,32768.0,32768.0,32768.0,32768.0,32768.0,32768.0,32768.0,32768.0,32768.0,32768.0,32768.0,32768.0,32768.0,32768.0,32768.0,32768.0,32768.0,32768.0,32768.0,32768.0,32768.0,32768.0,32768.0,32768.0,32768.0,32768.0,32768.0,32768.0,32768.0,32768.0,32768.0,32768.0,32768.0,0.0,0.0,4194304.0,16382.0,0.0
198,0,1,695,695,32768,512,0,0,108,4,48,64,matmulbias_kernel,158974844123208,158974844148947,199,196,550413.0,1273.0,608.0,0.0,8704.0,150016.0,0.0,0.0,46360252.0,46360252.0,1048576.0,0.0,0.0,4644493.0,0.0,2070.0,2096.0,2096.0,2096.0,2084.0,2074.0,2074.0,2074.0,2074.0,2074.0,2074.0,2088.0,2074.0,2074.0,2074.0,2074.0,2074.0,2074.0,2074.0,2074.0,2074.0,2074.0,2088.0,2072.0,2096.0,2096.0,2096.0,2096.0,2096.0,2096.0,2084.0,2088.0,2088.0,2088.0,2078.0,2076.0,2104.0,2104.0,2104.0,2070.0,2104.0,2104.0,2104.0,2090.0,2078.0,2078.0,2078.0,2078.0,2078.0,2078.0,2070.0,2078.0,2078.0,2074.0,2074.0,2074.0,2074.0,2074.0,2074.0,2074.0,2074.0,2070.0,2072.0,2096.0,2096.0,2096.0,2096.0,2096.0,2096.0,2084.0,2076.0,2104.0,2070.0,2104.0,2104.0,2104.0,2104.0,2104.0,2090.0,2078.0,2078.0,2078.0,2078.0,2070.0,2078.0,2078.0,2078.0,2078.0,2072.0,2096.0,2096.0,2096.0,2096.0,2096.0,2070.0,2096.0,2084.0,2074.0,2074.0,2074.0,2074.0,2074.0,2074.0,2074.0,2074.0,2070.0,2078.0,2078.0,2078.0,2078.0,2078.0,2078.0,2078.0,2078.0,2076.0,2104.0,2068.0,2104.0,2104.0,2104.0,2104.0,2104.0,2090.0,2072.0,2096.0,2096.0,2096.0,2088.0,1024.0,1024.0,1024.0,1024.0,1024.0,1024.0,1024.0,1024.0,1024.0,1024.0,1024.0,1024.0,1024.0,1024.0,1024.0,1024.0,1024.0,1024.0,1024.0,1024.0,1024.0,1024.0,1024.0,1024.0,1024.0,1024.0,1024.0,1024.0,1024.0,1024.0,1024.0,1024.0,1024.0,1024.0,1024.0,1024.0,1024.0,1024.0,1024.0,1024.0,1024.0,1024.0,1024.0,1024.0,1024.0,1024.0,1024.0,1024.0,1024.0,1024.0,1024.0,1024.0,1024.0,1024.0,1024.0,1024.0,1024.0,1024.0,1024.0,1024.0,1024.0,1024.0,1024.0,1024.0,1024.0,1024.0,1024.0,1024.0,1024.0,1024.0,1024.0,1024.0,1024.0,1024.0,1024.0,1024.0,1024.0,1024.0,1024.0,1024.0,1024.0,1024.0,1024.0,1024.0,1024.0,1024.0,1024.0,1024.0,1024.0,1024.0,1024.0,1024.0,1024.0,1024.0,1024.0,1024.0,1024.0,1024.0,1024.0,1024.0,1024.0,1024.0,1024.0,1024.0,1024.0,1024.0,1024.0,1024.0,1024.0,1024.0,1024.0,1024.0,1024.0,1024.0,1024.0,1024.0,1024.0,1024.0,1024.0,1024.0,1024.0,1024.0,1024.0,1024.0,1024.0,1024.0,1024.0,1024.0,0.0,0.0,131072.0,256.0,0.0
199,0,1,695,695,4194304,256,0,0,12,4,32,64,"void at::native::vectorized_elementwise_kernel<4, at::native::FillFunctor<int>, std::array<char*, 1ul> >(int, at::native::FillFunctor<int>, std::array<char*, 1ul>)",158974844578239,158974844620656,200,121,814952.0,1184.0,8021.0,0.0,131072.0,917504.0,65536.0,0.0,557760369.0,557760369.0,0.0,0.0,0.0,11033921.0,1835120.0,0.0,80.0,0.0,0.0,20.0,0.0,0.0,0.0,80.0,80.0,80.0,1.0,80.0,80.0,0.0,0.0,0.0,80.0,80.0,80.0,80.0,80.0,0.0,0.0,1.0,1.0,0.0,80.0,0.0,0.0,20.0,80.0,0.0,0.0,20.0,0.0,1.0,1.0,0.0,0.0,80.0,0.0,0.0,20.0,0.0,0.0,0.0,80.0,80.0,80.0,0.0,80.0,80.0,0.0,0.0,0.0,80.0,80.0,80.0,80.0,80.0,80.0,0.0,1.0,1.0,0.0,80.0,0.0,0.0,20.0,0.0,1.0,80.0,1.0,0.0,80.0,0.0,0.0,20.0,0.0,0.0,0.0,80.0,80.0,80.0,80.0,80.0,80.0,0.0,1.0,1.0,0.0,80.0,0.0,80.0,0.0,20.0,0.0,0.0,0.0,80.0,80.0,80.0,80.0,80.0,80.0,0.0,0.0,0.0,80.0,80.0,80.0,80.0,80.0,0.0,1.0,0.0,1.0,0.0,80.0,0.0,0.0,20.0,0.0,1.0,1.0,0.0,1.0,32768.0,32768.0,32768.0,32768.0,32768.0,32768.0,32768.0,32768.0,32768.0,32768.0,32768.0,32768.0,32768.0,32768.0,32768.0,32768.0,32768.0,32768.0,32768.0,32768.0,32768.0,32768.0,32768.0,32768.0,32768.0,32768.0,32768.0,32768.0,32768.0,32768.0,32768.0,32768.0,32768.0,32768.0,32768.0,32768.0,32768.0,32768.0,32768.0,32768.0,32768.0,32768.0,32768.0,32768.0,32768.0,32768.0,32768.0,32768.0,32768.0,32768.0,32768.0,32768.0,32768.0,32768.0,32768.0,32768.0,32768.0,32768.0,32768.0,32768.0,32768.0,32768.0,32768.0,32768.0,32768.0,32768.0,32768.0,32768.0,32768.0,32768.0,32768.0,32768.0,32768.0,32768.0,32768.0,32768.0,32768.0,32768.0,32768.0,32768.0,32768.0,32768.0,32768.0,32768.0,32768.0,32768.0,32768.0,32768.0,32768.0,32768.0,32768.0,32768.0,32768.0,32768.0,32768.0,32768.0,32768.0,32768.0,32768.0,32768.0,32768.0,32768.0,32768.0,32768.0,32768.0,32768.0,32768.0,32768.0,32768.0,32768.0,32768.0,32768.0,32768.0,32768.0,32768.0,32768.0,32768.0,32768.0,32768.0,32768.0,32768.0,32768.0,32768.0,32768.0,32768.0,32768.0,32768.0,32768.0,0.0,0.0,4194304.0,16376.0,0.0
200,0,1,695,695,32768,512,0,0,108,4,48,64,matmulbias_kernel,158974845059370,158974845084988,201,196,543295.0,1184.0,608.0,0.0,8704.0,150016.0,0.0,0.0,46886616.0,46886616.0,1048576.0,0.0,0.0,4593620.0,0.0,2074.0,2096.0,2096.0,2096.0,2084.0,2074.0,2074.0,2074.0,2074.0,2074.0,2074.0,2096.0,2074.0,2074.0,2070.0,2070.0,2070.0,2070.0,2070.0,2070.0,2070.0,2070.0,2096.0,2068.0,2088.0,2088.0,2088.0,2088.0,2088.0,2088.0,2078.0,2096.0,2096.0,2096.0,2084.0,2072.0,2096.0,2096.0,2096.0,2074.0,2096.0,2096.0,2096.0,2084.0,2074.0,2074.0,2074.0,2074.0,2074.0,2074.0,2074.0,2074.0,2074.0,2078.0,2078.0,2078.0,2078.0,2078.0,2078.0,2078.0,2078.0,2074.0,2076.0,2104.0,2104.0,2104.0,2104.0,2104.0,2104.0,2090.0,2068.0,2088.0,2074.0,2088.0,2088.0,2088.0,2088.0,2088.0,2078.0,2070.0,2070.0,2070.0,2070.0,2074.0,2070.0,2070.0,2070.0,2070.0,2076.0,2104.0,2104.0,2104.0,2104.0,2104.0,2074.0,2104.0,2090.0,2078.0,2078.0,2078.0,2078.0,2078.0,2078.0,2078.0,2078.0,2074.0,2074.0,2074.0,2074.0,2074.0,2074.0,2074.0,2074.0,2074.0,2072.0,2096.0,2072.0,2096.0,2096.0,2096.0,2096.0,2096.0,2084.0,2072.0,2096.0,2096.0,2096.0,2096.0,1024.0,1024.0,1024.0,1024.0,1024.0,1024.0,1024.0,1024.0,1024.0,1024.0,1024.0,1024.0,1024.0,1024.0,1024.0,1024.0,1024.0,1024.0,1024.0,1024.0,1024.0,1024.0,1024.0,1024.0,1024.0,1024.0,1024.0,1024.0,1024.0,1024.0,1024.0,1024.0,1024.0,1024.0,1024.0,1024.0,1024.0,1024.0,1024.0,1024.0,1024.0,1024.0,1024.0,1024.0,1024.0,1024.0,1024.0,1024.0,1024.0,1024.0,1024.0,1024.0,1024.0,1024.0,1024.0,1024.0,1024.0,1024.0,1024.0,1024.0,1024.0,1024.0,1024.0,1024.0,1024.0,1024.0,1024.0,1024.0,1024.0,1024.0,1024.0,1024.0,1024.0,1024.0,1024.0,1024.0,1024.0,1024.0,1024.0,1024.0,1024.0,1024.0,1024.0,1024.0,1024.0,1024.0,1024.0,1024.0,1024.0,1024.0,1024.0,1024.0,1024.0,1024.0,1024.0,1024.0,1024.0,1024.0,1024.0,1024.0,1024.0,1024.0,1024.0,1024.0,1024.0,1024.0,1024.0,1024.0,1024.0,1024.0,1024.0,1024.0,1024.0,1024.0,1024.0,1024.0,1024.0,1024.0,1024.0,1024.0,1024.0,1024.0,1024.0,1024.0,1024.0,1024.0,1024.0,1024.0,0.0,0.0,131072.0,256.0,0.0
201,0,1,695,695,4194304,256,0,0,12,4,32,64,"void at::native::vectorized_elementwise_kernel<4, at::native::FillFunctor<int>, std::array<char*, 1ul> >(int, at::native::FillFunctor<int>, std::array<char*, 1ul>)",158974845522139,158974845564194,202,121,814981.0,1184.0,8789.0,0.0,131072.0,917504.0,65536.0,0.0,557311344.0,557311344.0,0.0,0.0,0.0,11035590.0,1835103.0,0.0,80.0,0.0,20.0,0.0,0.0,0.0,0.0,81.0,80.0,80.0,1.0,80.0,80.0,0.0,0.0,0.0,81.0,80.0,80.0,80.0,80.0,0.0,0.0,0.0,1.0,0.0,80.0,0.0,20.0,0.0,80.0,0.0,20.0,0.0,0.0,0.0,1.0,0.0,0.0,80.0,0.0,20.0,0.0,0.0,0.0,0.0,81.0,80.0,80.0,0.0,80.0,80.0,0.0,0.0,0.0,81.0,80.0,80.0,80.0,80.0,81.0,0.0,0.0,1.0,0.0,80.0,0.0,20.0,0.0,0.0,0.0,80.0,1.0,0.0,80.0,0.0,20.0,0.0,0.0,0.0,0.0,81.0,80.0,80.0,80.0,80.0,80.0,0.0,0.0,1.0,0.0,80.0,0.0,80.0,20.0,0.0,0.0,0.0,0.0,81.0,80.0,80.0,80.0,80.0,80.0,0.0,0.0,0.0,81.0,80.0,80.0,80.0,80.0,0.0,0.0,0.0,1.0,0.0,80.0,0.0,20.0,0.0,0.0,0.0,1.0,0.0,0.0,32768.0,32768.0,32768.0,32768.0,32768.0,32768.0,32768.0,32768.0,32768.0,32768.0,32768.0,32768.0,32768.0,32768.0,32768.0,32768.0,32768.0,32768.0,32768.0,32768.0,32768.0,32768.0,32768.0,32768.0,32768.0,32768.0,32768.0,32768.0,32768.0,32768.0,32768.0,32768.0,32768.0,32768.0,32768.0,32768.0,32768.0,32768.0,32768.0,32768.0,32768.0,32768.0,32768.0,32768.0,32768.0,32768.0,32768.0,32768.0,32768.0,32768.0,32768.0,32768.0,32768.0,32768.0,32768.0,32768.0,32768.0,32768.0,32768.0,32768.0,32768.0,32768.0,32768.0,32768.0,32768.0,32768.0,32768.0,32768.0,32768.0,32768.0,32768.0,32768.0,32768.0,32768.0,32768.0,32768.0,32768.0,32768.0,32768.0,32768.0,32768.0,32768.0,32768.0,32768.0,32768.0,32768.0,32768.0,32768.0,32768.0,32768.0,32768.0,32768.0,32768.0,32768.0,32768.0,32768.0,32768.0,32768.0,32768.0,32768.0,32768.0,32768.0,32768.0,32768.0,32768.0,32768.0,32768.0,32768.0,32768.0,32768.0,32768.0,32768.0,32768.0,32768.0,32768.0,32768.0,32768.0,32768.0,32768.0,32768.0,32768.0,32768.0,32768.0,32768.0,32768.0,32768.0,32768.0,32768.0,0.0,0.0,4194304.0,16375.0,0.0
202,0,1,695,695,32768,512,0,0,108,4,48,64,matmulbias_kernel,158974845988115,158974846013532,203,196,543656.0,1184.0,608.0,0.0,8704.0,150016.0,0.0,0.0,45932469.0,45932469.0,1048576.0,0.0,0.0,4588747.0,0.0,2074.0,2088.0,2088.0,2088.0,2078.0,2070.0,2070.0,2070.0,2070.0,2070.0,2070.0,2096.0,2070.0,2070.0,2078.0,2078.0,2078.0,2078.0,2078.0,2078.0,2078.0,2078.0,2096.0,2076.0,2104.0,2104.0,2104.0,2104.0,2104.0,2104.0,2090.0,2096.0,2096.0,2096.0,2084.0,2072.0,2096.0,2096.0,2096.0,2074.0,2096.0,2096.0,2096.0,2084.0,2074.0,2074.0,2074.0,2074.0,2074.0,2074.0,2074.0,2074.0,2074.0,2074.0,2074.0,2074.0,2074.0,2074.0,2074.0,2074.0,2074.0,2074.0,2072.0,2096.0,2096.0,2096.0,2096.0,2096.0,2096.0,2084.0,2076.0,2104.0,2074.0,2104.0,2104.0,2104.0,2104.0,2104.0,2090.0,2078.0,2078.0,2078.0,2078.0,2074.0,2078.0,2078.0,2078.0,2078.0,2080.0,2112.0,2112.0,2112.0,2112.0,2112.0,2074.0,2112.0,2096.0,2082.0,2082.0,2082.0,2082.0,2082.0,2082.0,2082.0,2082.0,2074.0,2074.0,2074.0,2074.0,2074.0,2074.0,2074.0,2074.0,2074.0,2072.0,2096.0,2072.0,2096.0,2096.0,2096.0,2096.0,2096.0,2084.0,2068.0,2088.0,2088.0,2088.0,2096.0,1024.0,1024.0,1024.0,1024.0,1024.0,1024.0,1024.0,1024.0,1024.0,1024.0,1024.0,1024.0,1024.0,1024.0,1024.0,1024.0,1024.0,1024.0,1024.0,1024.0,1024.0,1024.0,1024.0,1024.0,1024.0,1024.0,1024.0,1024.0,1024.0,1024.0,1024.0,1024.0,1024.0,1024.0,1024.0,1024.0,1024.0,1024.0,1024.0,1024.0,1024.0,1024.0,1024.0,1024.0,1024.0,1024.0,1024.0,1024.0,1024.0,1024.0,1024.0,1024.0,1024.0,1024.0,1024.0,1024.0,1024.0,1024.0,1024.0,1024.0,1024.0,1024.0,1024.0,1024.0,1024.0,1024.0,1024.0,1024.0,1024.0,1024.0,1024.0,1024.0,1024.0,1024.0,1024.0,1024.0,1024.0,1024.0,1024.0,1024.0,1024.0,1024.0,1024.0,1024.0,1024.0,1024.0,1024.0,1024.0,1024.0,1024.0,1024.0,1024.0,1024.0,1024.0,1024.0,1024.0,1024.0,1024.0,1024.0,1024.0,1024.0,1024.0,1024.0,1024.0,1024.0,1024.0,1024.0,1024.0,1024.0,1024.0,1024.0,1024.0,1024.0,1024.0,1024.0,1024.0,1024.0,1024.0,1024.0,1024.0,1024.0,1024.0,1024.0,1024.0,1024.0,1024.0,1024.0,1024.0,0.0,0.0,131072.0,256.0,0.0
203,0,1,695,695,4194304,256,0,0,12,4,32,64,"void at::native::vectorized_elementwise_kernel<4, at::native::FillFunctor<int>, std::array<char*, 1ul> >(int, at::native::FillFunctor<int>, std::array<char*, 1ul>)",158974846454452,158974846496587,204,121,822729.0,1184.0,8576.0,0.0,131072.0,917504.0,65536.0,0.0,555599143.0,555599143.0,0.0,0.0,0.0,11000684.0,1835120.0,0.0,80.0,20.0,0.0,0.0,0.0,1.0,0.0,80.0,80.0,80.0,1.0,80.0,80.0,0.0,1.0,0.0,80.0,80.0,80.0,80.0,80.0,0.0,0.0,0.0,1.0,0.0,80.0,20.0,0.0,0.0,80.0,20.0,0.0,0.0,0.0,0.0,1.0,0.0,1.0,80.0,20.0,0.0,0.0,0.0,1.0,0.0,80.0,80.0,80.0,0.0,80.0,80.0,0.0,1.0,0.0,80.0,80.0,80.0,80.0,80.0,80.0,0.0,0.0,1.0,0.0,80.0,20.0,0.0,0.0,0.0,0.0,80.0,1.0,0.0,80.0,20.0,0.0,0.0,0.0,1.0,0.0,80.0,80.0,80.0,80.0,80.0,80.0,0.0,0.0,1.0,0.0,80.0,20.0,80.0,0.0,0.0,0.0,1.0,0.0,80.0,80.0,80.0,80.0,80.0,80.0,0.0,1.0,0.0,80.0,80.0,80.0,80.0,80.0,0.0,0.0,0.0,1.0,0.0,80.0,20.0,0.0,0.0,0.0,0.0,1.0,0.0,0.0,32768.0,32768.0,32768.0,32768.0,32768.0,32768.0,32768.0,32768.0,32768.0,32768.0,32768.0,32768.0,32768.0,32768.0,32768.0,32768.0,32768.0,32768.0,32768.0,32768.0,32768.0,32768.0,32768.0,32768.0,32768.0,32768.0,32768.0,32768.0,32768.0,32768.0,32768.0,32768.0,32768.0,32768.0,32768.0,32768.0,32768.0,32768.0,32768.0,32768.0,32768.0,32768.0,32768.0,32768.0,32768.0,32768.0,32768.0,32768.0,32768.0,32768.0,32768.0,32768.0,32768.0,32768.0,32768.0,32768.0,32768.0,32768.0,32768.0,32768.0,32768.0,32768.0,32768.0,32768.0,32768.0,32768.0,32768.0,32768.0,32768.0,32768.0,32768.0,32768.0,32768.0,32768.0,32768.0,32768.0,32768.0,32768.0,32768.0,32768.0,32768.0,32768.0,32768.0,32768.0,32768.0,32768.0,32768.0,32768.0,32768.0,32768.0,32768.0,32768.0,32768.0,32768.0,32768.0,32768.0,32768.0,32768.0,32768.0,32768.0,32768.0,32768.0,32768.0,32768.0,32768.0,32768.0,32768.0,32768.0,32768.0,32768.0,32768.0,32768.0,32768.0,32768.0,32768.0,32768.0,32768.0,32768.0,32768.0,32768.0,32768.0,32768.0,32768.0,32768.0,32768.0,32768.0,32768.0,32768.0,0.0,0.0,4194304.0,16379.0,0.0
204,0,1,695,695,32768,512,0,0,108,4,48,64,matmulbias_kernel,158974846925399,158974846951178,205,196,541706.0,1184.0,608.0,0.0,8704.0,150016.0,0.0,0.0,46904121.0,46904121.0,1048576.0,0.0,0.0,4649049.0,0.0,2074.0,2104.0,2104.0,2104.0,2090.0,2078.0,2078.0,2078.0,2078.0,2078.0,2078.0,2096.0,2078.0,2078.0,2078.0,2078.0,2078.0,2078.0,2078.0,2078.0,2078.0,2078.0,2096.0,2076.0,2104.0,2104.0,2104.0,2104.0,2104.0,2104.0,2090.0,2096.0,2096.0,2096.0,2084.0,2072.0,2096.0,2096.0,2096.0,2074.0,2096.0,2096.0,2096.0,2084.0,2074.0,2074.0,2074.0,2074.0,2074.0,2074.0,2074.0,2074.0,2074.0,2070.0,2070.0,2070.0,2070.0,2070.0,2070.0,2070.0,2070.0,2074.0,2068.0,2088.0,2088.0,2088.0,2088.0,2088.0,2088.0,2078.0,2072.0,2096.0,2074.0,2096.0,2096.0,2096.0,2096.0,2096.0,2084.0,2074.0,2074.0,2074.0,2074.0,2074.0,2074.0,2074.0,2074.0,2074.0,2072.0,2096.0,2096.0,2096.0,2096.0,2096.0,2074.0,2096.0,2084.0,2074.0,2074.0,2074.0,2074.0,2074.0,2074.0,2074.0,2074.0,2074.0,2082.0,2082.0,2082.0,2082.0,2082.0,2082.0,2082.0,2082.0,2080.0,2112.0,2072.0,2112.0,2112.0,2112.0,2112.0,2112.0,2096.0,2076.0,2104.0,2104.0,2104.0,2096.0,1024.0,1024.0,1024.0,1024.0,1024.0,1024.0,1024.0,1024.0,1024.0,1024.0,1024.0,1024.0,1024.0,1024.0,1024.0,1024.0,1024.0,1024.0,1024.0,1024.0,1024.0,1024.0,1024.0,1024.0,1024.0,1024.0,1024.0,1024.0,1024.0,1024.0,1024.0,1024.0,1024.0,1024.0,1024.0,1024.0,1024.0,1024.0,1024.0,1024.0,1024.0,1024.0,1024.0,1024.0,1024.0,1024.0,1024.0,1024.0,1024.0,1024.0,1024.0,1024.0,1024.0,1024.0,1024.0,1024.0,1024.0,1024.0,1024.0,1024.0,1024.0,1024.0,1024.0,1024.0,1024.0,1024.0,1024.0,1024.0,1024.0,1024.0,1024.0,1024.0,1024.0,1024.0,1024.0,1024.0,1024.0,1024.0,1024.0,1024.0,1024.0,1024.0,1024.0,1024.0,1024.0,1024.0,1024.0,1024.0,1024.0,1024.0,1024.0,1024.0,1024.0,1024.0,1024.0,1024.0,1024.0,1024.0,1024.0,1024.0,1024.0,1024.0,1024.0,1024.0,1024.0,1024.0,1024.0,1024.0,1024.0,1024.0,1024.0,1024.0,1024.0,1024.0,1024.0,1024.0,1024.0,1024.0,1024.0,1024.0,1024.0,1024.0,1024.0,1024.0,1024.0,1024.0,1024.0,1024.0,0.0,0.0,131072.0,256.0,0.0
205,0,1,695,695,4194304,256,0,0,12,4,32,64,"void at::native::vectorized_elementwise_kernel<4, at::native::FillFunctor<int>, std::array<char*, 1ul> >(int, at::native::FillFunctor<int>, std::array<char*, 1ul>)",158974847359583,158974847401839,206,121,826005.0,1184.0,7958.0,0.0,131072.0,917504.0,65536.0,0.0,557944562.0,557944562.0,0.0,0.0,0.0,11038875.0,1835120.0,0.0,100.0,0.0,0.0,0.0,0.0,0.0,0.0,80.0,80.0,80.0,1.0,80.0,81.0,0.0,0.0,0.0,80.0,80.0,80.0,80.0,81.0,0.0,0.0,0.0,1.0,0.0,100.0,0.0,0.0,0.0,100.0,0.0,0.0,0.0,0.0,0.0,1.0,0.0,0.0,100.0,0.0,0.0,0.0,0.0,0.0,0.0,80.0,80.0,80.0,0.0,80.0,81.0,0.0,0.0,0.0,80.0,80.0,80.0,80.0,81.0,80.0,0.0,0.0,1.0,0.0,100.0,0.0,0.0,0.0,0.0,0.0,80.0,1.0,0.0,100.0,0.0,0.0,0.0,0.0,0.0,0.0,80.0,80.0,80.0,80.0,80.0,81.0,0.0,0.0,1.0,0.0,100.0,0.0,80.0,0.0,0.0,0.0,0.0,0.0,80.0,80.0,80.0,80.0,81.0,81.0,0.0,0.0,0.0,80.0,80.0,80.0,80.0,81.0,0.0,0.0,0.0,1.0,0.0,100.0,0.0,0.0,0.0,0.0,0.0,1.0,0.0,0.0,32768.0,32768.0,32768.0,32768.0,32768.0,32768.0,32768.0,32768.0,32768.0,32768.0,32768.0,32768.0,32768.0,32768.0,32768.0,32768.0,32768.0,32768.0,32768.0,32768.0,32768.0,32768.0,32768.0,32768.0,32768.0,32768.0,32768.0,32768.0,32768.0,32768.0,32768.0,32768.0,32768.0,32768.0,32768.0,32768.0,32768.0,32768.0,32768.0,32768.0,32768.0,32768.0,32768.0,32768.0,32768.0,32768.0,32768.0,32768.0,32768.0,32768.0,32768.0,32768.0,32768.0,32768.0,32768.0,32768.0,32768.0,32768.0,32768.0,32768.0,32768.0,32768.0,32768.0,32768.0,32768.0,32768.0,32768.0,32768.0,32768.0,32768.0,32768.0,32768.0,32768.0,32768.0,32768.0,32768.0,32768.0,32768.0,32768.0,32768.0,32768.0,32768.0,32768.0,32768.0,32768.0,32768.0,32768.0,32768.0,32768.0,32768.0,32768.0,32768.0,32768.0,32768.0,32768.0,32768.0,32768.0,32768.0,32768.0,32768.0,32768.0,32768.0,32768.0,32768.0,32768.0,32768.0,32768.0,32768.0,32768.0,32768.0,32768.0,32768.0,32768.0,32768.0,32768.0,32768.0,32768.0,32768.0,32768.0,32768.0,32768.0,32768.0,32768.0,32768.0,32768.0,32768.0,32768.0,32768.0,0.0,0.0,4194304.0,16379.0,0.0
206,0,1,695,695,32768,512,0,0,108,4,48,64,matmulbias_kernel,158974847838549,158974847864367,207,196,562686.0,1184.0,8293.0,0.0,8704.0,150016.0,0.0,0.0,46930218.0,46930218.0,1048576.0,0.0,0.0,4645807.0,0.0,2075.0,2112.0,2112.0,2112.0,2097.0,2083.0,2082.0,2082.0,2082.0,2082.0,2082.0,2096.0,2082.0,2082.0,2079.0,2078.0,2078.0,2078.0,2078.0,2078.0,2078.0,2078.0,2096.0,2076.0,2104.0,2104.0,2104.0,2104.0,2104.0,2104.0,2091.0,2096.0,2096.0,2096.0,2085.0,2072.0,2096.0,2096.0,2096.0,2074.0,2096.0,2096.0,2096.0,2085.0,2075.0,2074.0,2074.0,2074.0,2074.0,2074.0,2074.0,2074.0,2074.0,2079.0,2078.0,2078.0,2078.0,2078.0,2078.0,2078.0,2078.0,2074.0,2076.0,2104.0,2104.0,2104.0,2104.0,2104.0,2104.0,2091.0,2072.0,2096.0,2074.0,2096.0,2096.0,2096.0,2096.0,2096.0,2085.0,2075.0,2074.0,2074.0,2074.0,2074.0,2074.0,2074.0,2074.0,2074.0,2068.0,2088.0,2088.0,2088.0,2088.0,2088.0,2074.0,2088.0,2079.0,2071.0,2070.0,2070.0,2070.0,2070.0,2070.0,2070.0,2070.0,2074.0,2079.0,2078.0,2078.0,2078.0,2078.0,2078.0,2078.0,2078.0,2076.0,2104.0,2072.0,2104.0,2104.0,2104.0,2104.0,2104.0,2091.0,2080.0,2112.0,2112.0,2112.0,2096.0,1024.0,1024.0,1024.0,1024.0,1024.0,1024.0,1024.0,1024.0,1024.0,1024.0,1024.0,1024.0,1024.0,1024.0,1024.0,1024.0,1024.0,1024.0,1024.0,1024.0,1024.0,1024.0,1024.0,1024.0,1024.0,1024.0,1024.0,1024.0,1024.0,1024.0,1024.0,1024.0,1024.0,1024.0,1024.0,1024.0,1024.0,1024.0,1024.0,1024.0,1024.0,1024.0,1024.0,1024.0,1024.0,1024.0,1024.0,1024.0,1024.0,1024.0,1024.0,1024.0,1024.0,1024.0,1024.0,1024.0,1024.0,1024.0,1024.0,1024.0,1024.0,1024.0,1024.0,1024.0,1024.0,1024.0,1024.0,1024.0,1024.0,1024.0,1024.0,1024.0,1024.0,1024.0,1024.0,1024.0,1024.0,1024.0,1024.0,1024.0,1024.0,1024.0,1024.0,1024.0,1024.0,1024.0,1024.0,1024.0,1024.0,1024.0,1024.0,1024.0,1024.0,1024.0,1024.0,1024.0,1024.0,1024.0,1024.0,1024.0,1024.0,1024.0,1024.0,1024.0,1024.0,1024.0,1024.0,1024.0,1024.0,1024.0,1024.0,1024.0,1024.0,1024.0,1024.0,1024.0,1024.0,1024.0,1024.0,1024.0,1024.0,1024.0,1024.0,1024.0,1024.0,1024.0,1024.0,1024.0,0.0,0.0,131072.0,256.0,0.0
207,0,1,695,695,4194304,256,0,0,12,4,32,64,"void at::native::vectorized_elementwise_kernel<4, at::native::FillFunctor<int>, std::array<char*, 1ul> >(int, at::native::FillFunctor<int>, std::array<char*, 1ul>)",158974848310178,158974848352594,208,121,831708.0,1184.0,8963.0,0.0,131072.0,917504.0,65536.0,0.0,556352250.0,556352250.0,0.0,0.0,0.0,11021373.0,1835120.0,0.0,80.0,0.0,0.0,0.0,0.0,0.0,0.0,80.0,80.0,81.0,1.0,80.0,100.0,0.0,0.0,0.0,80.0,80.0,81.0,80.0,100.0,0.0,0.0,0.0,1.0,0.0,80.0,0.0,0.0,0.0,80.0,0.0,0.0,0.0,0.0,0.0,1.0,0.0,0.0,80.0,0.0,0.0,0.0,0.0,0.0,0.0,80.0,80.0,81.0,0.0,80.0,100.0,0.0,0.0,0.0,80.0,80.0,81.0,80.0,100.0,80.0,0.0,0.0,1.0,0.0,80.0,0.0,0.0,0.0,0.0,0.0,80.0,1.0,0.0,80.0,0.0,0.0,0.0,0.0,0.0,0.0,80.0,81.0,80.0,81.0,80.0,100.0,0.0,0.0,1.0,0.0,80.0,0.0,80.0,0.0,0.0,0.0,0.0,0.0,80.0,80.0,81.0,80.0,100.0,100.0,0.0,0.0,0.0,80.0,80.0,81.0,80.0,100.0,0.0,0.0,0.0,1.0,0.0,80.0,0.0,0.0,0.0,0.0,0.0,1.0,0.0,0.0,32768.0,32768.0,32768.0,32768.0,32768.0,32768.0,32768.0,32768.0,32768.0,32768.0,32768.0,32768.0,32768.0,32768.0,32768.0,32768.0,32768.0,32768.0,32768.0,32768.0,32768.0,32768.0,32768.0,32768.0,32768.0,32768.0,32768.0,32768.0,32768.0,32768.0,32768.0,32768.0,32768.0,32768.0,32768.0,32768.0,32768.0,32768.0,32768.0,32768.0,32768.0,32768.0,32768.0,32768.0,32768.0,32768.0,32768.0,32768.0,32768.0,32768.0,32768.0,32768.0,32768.0,32768.0,32768.0,32768.0,32768.0,32768.0,32768.0,32768.0,32768.0,32768.0,32768.0,32768.0,32768.0,32768.0,32768.0,32768.0,32768.0,32768.0,32768.0,32768.0,32768.0,32768.0,32768.0,32768.0,32768.0,32768.0,32768.0,32768.0,32768.0,32768.0,32768.0,32768.0,32768.0,32768.0,32768.0,32768.0,32768.0,32768.0,32768.0,32768.0,32768.0,32768.0,32768.0,32768.0,32768.0,32768.0,32768.0,32768.0,32768.0,32768.0,32768.0,32768.0,32768.0,32768.0,32768.0,32768.0,32768.0,32768.0,32768.0,32768.0,32768.0,32768.0,32768.0,32768.0,32768.0,32768.0,32768.0,32768.0,32768.0,32768.0,32768.0,32768.0,32768.0,32768.0,32768.0,32768.0,0.0,0.0,4194304.0,16377.0,0.0
208,0,1,695,695,32768,512,0,0,108,4,48,64,matmulbias_kernel,158974848793313,158974848818931,209,196,548262.0,1184.0,608.0,0.0,8704.0,150016.0,0.0,0.0,46894089.0,46894089.0,1048576.0,0.0,0.0,4663248.0,0.0,2074.0,2096.0,2096.0,2096.0,2084.0,2074.0,2074.0,2074.0,2074.0,2074.0,2074.0,2096.0,2074.0,2074.0,2074.0,2074.0,2074.0,2074.0,2074.0,2074.0,2074.0,2074.0,2096.0,2072.0,2096.0,2096.0,2096.0,2096.0,2096.0,2096.0,2084.0,2096.0,2096.0,2096.0,2084.0,2076.0,2104.0,2104.0,2104.0,2074.0,2104.0,2104.0,2104.0,2090.0,2078.0,2078.0,2078.0,2078.0,2078.0,2078.0,2074.0,2078.0,2078.0,2070.0,2070.0,2070.0,2070.0,2070.0,2070.0,2070.0,2070.0,2074.0,2068.0,2088.0,2088.0,2088.0,2088.0,2088.0,2088.0,2078.0,2068.0,2088.0,2074.0,2088.0,2088.0,2088.0,2088.0,2088.0,2078.0,2070.0,2070.0,2070.0,2070.0,2074.0,2070.0,2070.0,2070.0,2070.0,2076.0,2104.0,2104.0,2104.0,2104.0,2104.0,2074.0,2104.0,2090.0,2078.0,2078.0,2078.0,2078.0,2078.0,2078.0,2078.0,2078.0,2074.0,2070.0,2070.0,2070.0,2070.0,2070.0,2070.0,2070.0,2070.0,2068.0,2088.0,2072.0,2088.0,2088.0,2088.0,2088.0,2088.0,2078.0,2072.0,2096.0,2096.0,2096.0,2096.0,1024.0,1024.0,1024.0,1024.0,1024.0,1024.0,1024.0,1024.0,1024.0,1024.0,1024.0,1024.0,1024.0,1024.0,1024.0,1024.0,1024.0,1024.0,1024.0,1024.0,1024.0,1024.0,1024.0,1024.0,1024.0,1024.0,1024.0,1024.0,1024.0,1024.0,1024.0,1024.0,1024.0,1024.0,1024.0,1024.0,1024.0,1024.0,1024.0,1024.0,1024.0,1024.0,1024.0,1024.0,1024.0,1024.0,1024.0,1024.0,1024.0,1024.0,1024.0,1024.0,1024.0,1024.0,1024.0,1024.0,1024.0,1024.0,1024.0,1024.0,1024.0,1024.0,1024.0,1024.0,1024.0,1024.0,1024.0,1024.0,1024.0,1024.0,1024.0,1024.0,1024.0,1024.0,1024.0,1024.0,1024.0,1024.0,1024.0,1024.0,1024.0,1024.0,1024.0,1024.0,1024.0,1024.0,1024.0,1024.0,1024.0,1024.0,1024.0,1024.0,1024.0,1024.0,1024.0,1024.0,1024.0,1024.0,1024.0,1024.0,1024.0,1024.0,1024.0,1024.0,1024.0,1024.0,1024.0,1024.0,1024.0,1024.0,1024.0,1024.0,1024.0,1024.0,1024.0,1024.0,1024.0,1024.0,1024.0,1024.0,1024.0,1024.0,1024.0,1024.0,1024.0,1024.0,1024.0,1024.0,0.0,0.0,131072.0,256.0,0.0
209,0,1,695,695,4194304,256,0,0,12,4,32,64,"void at::native::vectorized_elementwise_kernel<4, at::native::FillFunctor<int>, std::array<char*, 1ul> >(int, at::native::FillFunctor<int>, std::array<char*, 1ul>)",158974849254358,158974849296253,210,121,809807.0,1184.0,8656.0,0.0,131072.0,917504.0,65536.0,0.0,553511774.0,553511774.0,0.0,0.0,0.0,10953221.0,1835120.0,0.0,80.0,0.0,0.0,0.0,0.0,0.0,0.0,80.0,80.0,80.0,2.0,100.0,80.0,0.0,0.0,0.0,80.0,80.0,80.0,100.0,80.0,0.0,0.0,0.0,2.0,0.0,80.0,0.0,0.0,0.0,80.0,0.0,0.0,0.0,0.0,0.0,2.0,0.0,0.0,80.0,0.0,0.0,0.0,0.0,0.0,0.0,80.0,80.0,80.0,0.0,100.0,80.0,0.0,0.0,0.0,80.0,80.0,80.0,100.0,80.0,80.0,0.0,0.0,2.0,0.0,80.0,0.0,0.0,0.0,0.0,0.0,80.0,2.0,0.0,80.0,0.0,0.0,0.0,0.0,0.0,0.0,80.0,80.0,80.0,80.0,100.0,80.0,0.0,0.0,2.0,0.0,80.0,0.0,100.0,0.0,0.0,0.0,0.0,0.0,80.0,80.0,80.0,100.0,80.0,80.0,0.0,0.0,0.0,80.0,80.0,80.0,100.0,80.0,0.0,0.0,0.0,2.0,0.0,80.0,0.0,0.0,0.0,0.0,0.0,2.0,0.0,0.0,32768.0,32768.0,32768.0,32768.0,32768.0,32768.0,32768.0,32768.0,32768.0,32768.0,32768.0,32768.0,32768.0,32768.0,32768.0,32768.0,32768.0,32768.0,32768.0,32768.0,32768.0,32768.0,32768.0,32768.0,32768.0,32768.0,32768.0,32768.0,32768.0,32768.0,32768.0,32768.0,32768.0,32768.0,32768.0,32768.0,32768.0,32768.0,32768.0,32768.0,32768.0,32768.0,32768.0,32768.0,32768.0,32768.0,32768.0,32768.0,32768.0,32768.0,32768.0,32768.0,32768.0,32768.0,32768.0,32768.0,32768.0,32768.0,32768.0,32768.0,32768.0,32768.0,32768.0,32768.0,32768.0,32768.0,32768.0,32768.0,32768.0,32768.0,32768.0,32768.0,32768.0,32768.0,32768.0,32768.0,32768.0,32768.0,32768.0,32768.0,32768.0,32768.0,32768.0,32768.0,32768.0,32768.0,32768.0,32768.0,32768.0,32768.0,32768.0,32768.0,32768.0,32768.0,32768.0,32768.0,32768.0,32768.0,32768.0,32768.0,32768.0,32768.0,32768.0,32768.0,32768.0,32768.0,32768.0,32768.0,32768.0,32768.0,32768.0,32768.0,32768.0,32768.0,32768.0,32768.0,32768.0,32768.0,32768.0,32768.0,32768.0,32768.0,32768.0,32768.0,32768.0,32768.0,32768.0,32768.0,0.0,0.0,4194304.0,16377.0,0.0
210,0,1,695,695,32768,512,0,0,108,4,48,64,matmulbias_kernel,158974849722619,158974849748437,211,196,555634.0,1184.0,608.0,0.0,8704.0,150016.0,0.0,0.0,46951689.0,46951689.0,1048576.0,0.0,0.0,4694615.0,0.0,2070.0,2088.0,2088.0,2088.0,2078.0,2070.0,2070.0,2070.0,2070.0,2070.0,2070.0,2088.0,2070.0,2070.0,2070.0,2070.0,2070.0,2070.0,2070.0,2070.0,2070.0,2070.0,2088.0,2068.0,2088.0,2088.0,2088.0,2088.0,2088.0,2088.0,2078.0,2088.0,2088.0,2088.0,2078.0,2068.0,2088.0,2088.0,2088.0,2070.0,2088.0,2088.0,2088.0,2078.0,2070.0,2070.0,2070.0,2070.0,2070.0,2070.0,2070.0,2070.0,2070.0,2078.0,2078.0,2078.0,2078.0,2078.0,2078.0,2078.0,2078.0,2070.0,2076.0,2104.0,2104.0,2104.0,2104.0,2104.0,2104.0,2090.0,2068.0,2088.0,2070.0,2088.0,2088.0,2088.0,2088.0,2088.0,2078.0,2070.0,2070.0,2070.0,2070.0,2070.0,2070.0,2070.0,2070.0,2070.0,2072.0,2096.0,2096.0,2096.0,2096.0,2096.0,2070.0,2096.0,2084.0,2074.0,2074.0,2074.0,2074.0,2074.0,2074.0,2074.0,2074.0,2070.0,2066.0,2066.0,2066.0,2066.0,2066.0,2066.0,2066.0,2066.0,2064.0,2080.0,2068.0,2080.0,2080.0,2080.0,2080.0,2080.0,2072.0,2068.0,2088.0,2088.0,2088.0,2088.0,1024.0,1024.0,1024.0,1024.0,1024.0,1024.0,1024.0,1024.0,1024.0,1024.0,1024.0,1024.0,1024.0,1024.0,1024.0,1024.0,1024.0,1024.0,1024.0,1024.0,1024.0,1024.0,1024.0,1024.0,1024.0,1024.0,1024.0,1024.0,1024.0,1024.0,1024.0,1024.0,1024.0,1024.0,1024.0,1024.0,1024.0,1024.0,1024.0,1024.0,1024.0,1024.0,1024.0,1024.0,1024.0,1024.0,1024.0,1024.0,1024.0,1024.0,1024.0,1024.0,1024.0,1024.0,1024.0,1024.0,1024.0,1024.0,1024.0,1024.0,1024.0,1024.0,1024.0,1024.0,1024.0,1024.0,1024.0,1024.0,1024.0,1024.0,1024.0,1024.0,1024.0,1024.0,1024.0,1024.0,1024.0,1024.0,1024.0,1024.0,1024.0,1024.0,1024.0,1024.0,1024.0,1024.0,1024.0,1024.0,1024.0,1024.0,1024.0,1024.0,1024.0,1024.0,1024.0,1024.0,1024.0,1024.0,1024.0,1024.0,1024.0,1024.0,1024.0,1024.0,1024.0,1024.0,1024.0,1024.0,1024.0,1024.0,1024.0,1024.0,1024.0,1024.0,1024.0,1024.0,1024.0,1024.0,1024.0,1024.0,1024.0,1024.0,1024.0,1024.0,1024.0,1024.0,1024.0,1024.0,0.0,0.0,131072.0,256.0,0.0
211,0,1,695,695,4194304,256,0,0,12,4,32,64,"void at::native::vectorized_elementwise_kernel<4, at::native::FillFunctor<int>, std::array<char*, 1ul> >(int, at::native::FillFunctor<int>, std::array<char*, 1ul>)",158974850170153,158974850212569,212,121,846710.0,1184.0,8658.0,0.0,131072.0,917504.0,65536.0,0.0,556685659.0,556685659.0,0.0,0.0,0.0,11029535.0,1835120.0,0.0,80.0,0.0,0.0,0.0,0.0,0.0,0.0,80.0,80.0,100.0,1.0,80.0,80.0,0.0,0.0,0.0,80.0,80.0,100.0,80.0,80.0,0.0,1.0,0.0,1.0,0.0,80.0,0.0,0.0,0.0,80.0,0.0,0.0,0.0,1.0,0.0,1.0,0.0,0.0,80.0,0.0,0.0,0.0,0.0,0.0,0.0,80.0,80.0,100.0,0.0,80.0,80.0,0.0,0.0,0.0,80.0,80.0,100.0,80.0,80.0,80.0,1.0,0.0,1.0,0.0,80.0,0.0,0.0,0.0,1.0,0.0,80.0,1.0,0.0,80.0,0.0,0.0,0.0,0.0,0.0,0.0,80.0,100.0,80.0,100.0,80.0,80.0,1.0,0.0,1.0,0.0,80.0,0.0,80.0,0.0,0.0,0.0,0.0,0.0,80.0,80.0,100.0,80.0,80.0,80.0,0.0,0.0,0.0,80.0,80.0,100.0,80.0,80.0,1.0,0.0,1.0,1.0,0.0,80.0,0.0,0.0,0.0,1.0,0.0,1.0,0.0,0.0,32768.0,32768.0,32768.0,32768.0,32768.0,32768.0,32768.0,32768.0,32768.0,32768.0,32768.0,32768.0,32768.0,32768.0,32768.0,32768.0,32768.0,32768.0,32768.0,32768.0,32768.0,32768.0,32768.0,32768.0,32768.0,32768.0,32768.0,32768.0,32768.0,32768.0,32768.0,32768.0,32768.0,32768.0,32768.0,32768.0,32768.0,32768.0,32768.0,32768.0,32768.0,32768.0,32768.0,32768.0,32768.0,32768.0,32768.0,32768.0,32768.0,32768.0,32768.0,32768.0,32768.0,32768.0,32768.0,32768.0,32768.0,32768.0,32768.0,32768.0,32768.0,32768.0,32768.0,32768.0,32768.0,32768.0,32768.0,32768.0,32768.0,32768.0,32768.0,32768.0,32768.0,32768.0,32768.0,32768.0,32768.0,32768.0,32768.0,32768.0,32768.0,32768.0,32768.0,32768.0,32768.0,32768.0,32768.0,32768.0,32768.0,32768.0,32768.0,32768.0,32768.0,32768.0,32768.0,32768.0,32768.0,32768.0,32768.0,32768.0,32768.0,32768.0,32768.0,32768.0,32768.0,32768.0,32768.0,32768.0,32768.0,32768.0,32768.0,32768.0,32768.0,32768.0,32768.0,32768.0,32768.0,32768.0,32768.0,32768.0,32768.0,32768.0,32768.0,32768.0,32768.0,32768.0,32768.0,32768.0,0.0,0.0,4194304.0,16379.0,0.0
212,0,1,695,695,32768,512,0,0,108,4,48,64,matmulbias_kernel,158974850653008,158974850678706,213,196,553577.0,1184.0,608.0,0.0,8704.0,150016.0,0.0,0.0,45983541.0,45983541.0,1048576.0,0.0,0.0,4607640.0,0.0,2074.0,2104.0,2104.0,2104.0,2090.0,2078.0,2078.0,2078.0,2078.0,2078.0,2078.0,2096.0,2078.0,2078.0,2070.0,2070.0,2070.0,2070.0,2070.0,2070.0,2070.0,2070.0,2096.0,2068.0,2088.0,2088.0,2088.0,2088.0,2088.0,2088.0,2078.0,2096.0,2096.0,2096.0,2084.0,2076.0,2104.0,2104.0,2104.0,2074.0,2104.0,2104.0,2104.0,2090.0,2078.0,2078.0,2078.0,2078.0,2078.0,2078.0,2074.0,2078.0,2078.0,2074.0,2074.0,2074.0,2074.0,2074.0,2074.0,2074.0,2074.0,2074.0,2072.0,2096.0,2096.0,2096.0,2096.0,2096.0,2096.0,2084.0,2072.0,2096.0,2074.0,2096.0,2096.0,2096.0,2096.0,2096.0,2084.0,2074.0,2074.0,2074.0,2074.0,2074.0,2074.0,2074.0,2074.0,2074.0,2080.0,2112.0,2112.0,2112.0,2112.0,2112.0,2074.0,2112.0,2096.0,2082.0,2082.0,2082.0,2082.0,2082.0,2082.0,2082.0,2082.0,2074.0,2070.0,2070.0,2070.0,2070.0,2070.0,2070.0,2070.0,2070.0,2068.0,2088.0,2072.0,2088.0,2088.0,2088.0,2088.0,2088.0,2078.0,2076.0,2104.0,2104.0,2104.0,2096.0,1024.0,1024.0,1024.0,1024.0,1024.0,1024.0,1024.0,1024.0,1024.0,1024.0,1024.0,1024.0,1024.0,1024.0,1024.0,1024.0,1024.0,1024.0,1024.0,1024.0,1024.0,1024.0,1024.0,1024.0,1024.0,1024.0,1024.0,1024.0,1024.0,1024.0,1024.0,1024.0,1024.0,1024.0,1024.0,1024.0,1024.0,1024.0,1024.0,1024.0,1024.0,1024.0,1024.0,1024.0,1024.0,1024.0,1024.0,1024.0,1024.0,1024.0,1024.0,1024.0,1024.0,1024.0,1024.0,1024.0,1024.0,1024.0,1024.0,1024.0,1024.0,1024.0,1024.0,1024.0,1024.0,1024.0,1024.0,1024.0,1024.0,1024.0,1024.0,1024.0,1024.0,1024.0,1024.0,1024.0,1024.0,1024.0,1024.0,1024.0,1024.0,1024.0,1024.0,1024.0,1024.0,1024.0,1024.0,1024.0,1024.0,1024.0,1024.0,1024.0,1024.0,1024.0,1024.0,1024.0,1024.0,1024.0,1024.0,1024.0,1024.0,1024.0,1024.0,1024.0,1024.0,1024.0,1024.0,1024.0,1024.0,1024.0,1024.0,1024.0,1024.0,1024.0,1024.0,1024.0,1024.0,1024.0,1024.0,1024.0,1024.0,1024.0,1024.0,1024.0,1024.0,1024.0,1024.0,1024.0,0.0,0.0,131072.0,256.0,0.0
213,0,1,695,695,4194304,256,0,0,12,4,32,64,"void at::native::vectorized_elementwise_kernel<4, at::native::FillFunctor<int>, std::array<char*, 1ul> >(int, at::native::FillFunctor<int>, std::array<char*, 1ul>)",158974851109843,158974851151978,214,121,820054.0,1184.0,608.0,0.0,131072.0,917504.0,65536.0,0.0,556085562.0,556085562.0,0.0,0.0,0.0,11025940.0,1835120.0,0.0,80.0,0.0,0.0,0.0,0.0,0.0,0.0,80.0,100.0,80.0,0.0,80.0,80.0,0.0,0.0,0.0,80.0,100.0,80.0,80.0,80.0,0.0,0.0,0.0,0.0,0.0,80.0,0.0,0.0,0.0,80.0,0.0,0.0,0.0,0.0,0.0,0.0,0.0,0.0,80.0,0.0,0.0,0.0,0.0,0.0,0.0,80.0,100.0,80.0,0.0,80.0,80.0,0.0,0.0,0.0,80.0,100.0,80.0,80.0,80.0,80.0,0.0,0.0,0.0,0.0,80.0,0.0,0.0,0.0,0.0,0.0,100.0,0.0,0.0,80.0,0.0,0.0,0.0,0.0,0.0,0.0,80.0,80.0,100.0,80.0,80.0,80.0,0.0,0.0,0.0,0.0,80.0,0.0,80.0,0.0,0.0,0.0,0.0,0.0,80.0,100.0,80.0,80.0,80.0,80.0,0.0,0.0,0.0,80.0,100.0,80.0,80.0,80.0,0.0,0.0,0.0,0.0,0.0,80.0,0.0,0.0,0.0,0.0,0.0,0.0,0.0,0.0,32768.0,32768.0,32768.0,32768.0,32768.0,32768.0,32768.0,32768.0,32768.0,32768.0,32768.0,32768.0,32768.0,32768.0,32768.0,32768.0,32768.0,32768.0,32768.0,32768.0,32768.0,32768.0,32768.0,32768.0,32768.0,32768.0,32768.0,32768.0,32768.0,32768.0,32768.0,32768.0,32768.0,32768.0,32768.0,32768.0,32768.0,32768.0,32768.0,32768.0,32768.0,32768.0,32768.0,32768.0,32768.0,32768.0,32768.0,32768.0,32768.0,32768.0,32768.0,32768.0,32768.0,32768.0,32768.0,32768.0,32768.0,32768.0,32768.0,32768.0,32768.0,32768.0,32768.0,32768.0,32768.0,32768.0,32768.0,32768.0,32768.0,32768.0,32768.0,32768.0,32768.0,32768.0,32768.0,32768.0,32768.0,32768.0,32768.0,32768.0,32768.0,32768.0,32768.0,32768.0,32768.0,32768.0,32768.0,32768.0,32768.0,32768.0,32768.0,32768.0,32768.0,32768.0,32768.0,32768.0,32768.0,32768.0,32768.0,32768.0,32768.0,32768.0,32768.0,32768.0,32768.0,32768.0,32768.0,32768.0,32768.0,32768.0,32768.0,32768.0,32768.0,32768.0,32768.0,32768.0,32768.0,32768.0,32768.0,32768.0,32768.0,32768.0,32768.0,32768.0,32768.0,32768.0,32768.0,32768.0,0.0,0.0,4194304.0,16376.0,0.0
214,0,1,695,695,32768,512,0,0,108,4,48,64,matmulbias_kernel,158974851586684,158974851612382,215,196,549753.0,1184.0,8635.0,0.0,8704.0,150016.0,0.0,0.0,46720810.0,46720810.0,1048576.0,0.0,0.0,4636908.0,0.0,2078.0,2088.0,2088.0,2089.0,2078.0,2070.0,2070.0,2070.0,2070.0,2070.0,2070.0,2105.0,2070.0,2070.0,2074.0,2074.0,2074.0,2074.0,2074.0,2074.0,2074.0,2074.0,2104.0,2072.0,2096.0,2097.0,2096.0,2096.0,2096.0,2097.0,2084.0,2104.0,2104.0,2105.0,2090.0,2064.0,2080.0,2081.0,2080.0,2078.0,2080.0,2080.0,2081.0,2072.0,2066.0,2066.0,2066.0,2066.0,2066.0,2066.0,2078.0,2066.0,2066.0,2070.0,2070.0,2070.0,2070.0,2070.0,2070.0,2070.0,2070.0,2078.0,2068.0,2088.0,2089.0,2088.0,2088.0,2088.0,2089.0,2078.0,2076.0,2104.0,2078.0,2105.0,2104.0,2104.0,2104.0,2105.0,2090.0,2078.0,2078.0,2078.0,2078.0,2078.0,2078.0,2078.0,2078.0,2078.0,2072.0,2096.0,2097.0,2096.0,2096.0,2096.0,2078.0,2097.0,2084.0,2074.0,2074.0,2074.0,2074.0,2074.0,2074.0,2074.0,2074.0,2078.0,2078.0,2078.0,2078.0,2078.0,2078.0,2078.0,2078.0,2078.0,2076.0,2104.0,2076.0,2105.0,2104.0,2104.0,2104.0,2105.0,2090.0,2068.0,2088.0,2089.0,2088.0,2104.0,1024.0,1024.0,1024.0,1024.0,1024.0,1024.0,1024.0,1024.0,1024.0,1024.0,1024.0,1024.0,1024.0,1024.0,1024.0,1024.0,1024.0,1024.0,1024.0,1024.0,1024.0,1024.0,1024.0,1024.0,1024.0,1024.0,1024.0,1024.0,1024.0,1024.0,1024.0,1024.0,1024.0,1024.0,1024.0,1024.0,1024.0,1024.0,1024.0,1024.0,1024.0,1024.0,1024.0,1024.0,1024.0,1024.0,1024.0,1024.0,1024.0,1024.0,1024.0,1024.0,1024.0,1024.0,1024.0,1024.0,1024.0,1024.0,1024.0,1024.0,1024.0,1024.0,1024.0,1024.0,1024.0,1024.0,1024.0,1024.0,1024.0,1024.0,1024.0,1024.0,1024.0,1024.0,1024.0,1024.0,1024.0,1024.0,1024.0,1024.0,1024.0,1024.0,1024.0,1024.0,1024.0,1024.0,1024.0,1024.0,1024.0,1024.0,1024.0,1024.0,1024.0,1024.0,1024.0,1024.0,1024.0,1024.0,1024.0,1024.0,1024.0,1024.0,1024.0,1024.0,1024.0,1024.0,1024.0,1024.0,1024.0,1024.0,1024.0,1024.0,1024.0,1024.0,1024.0,1024.0,1024.0,1024.0,1024.0,1024.0,1024.0,1024.0,1024.0,1024.0,1024.0,1024.0,1024.0,1024.0,0.0,0.0,131072.0,256.0,0.0
215,0,1,695,695,4194304,256,0,0,12,4,32,64,"void at::native::vectorized_elementwise_kernel<4, at::native::FillFunctor<int>, std::array<char*, 1ul> >(int, at::native::FillFunctor<int>, std::array<char*, 1ul>)",158974852050856,158974852092510,216,121,812762.0,1184.0,8337.0,0.0,131072.0,917504.0,65536.0,0.0,553108499.0,553108499.0,0.0,0.0,0.0,10966543.0,1835120.0,0.0,80.0,0.0,0.0,1.0,0.0,0.0,0.0,100.0,80.0,81.0,0.0,80.0,80.0,0.0,0.0,0.0,100.0,80.0,81.0,80.0,80.0,0.0,0.0,0.0,0.0,0.0,80.0,0.0,0.0,1.0,80.0,0.0,0.0,1.0,0.0,0.0,0.0,0.0,0.0,80.0,0.0,0.0,1.0,0.0,0.0,0.0,100.0,80.0,81.0,0.0,80.0,80.0,0.0,0.0,0.0,100.0,80.0,81.0,80.0,80.0,100.0,0.0,0.0,0.0,0.0,80.0,0.0,0.0,1.0,0.0,0.0,80.0,0.0,0.0,80.0,0.0,0.0,1.0,0.0,0.0,0.0,100.0,81.0,80.0,81.0,80.0,80.0,0.0,0.0,0.0,0.0,80.0,0.0,80.0,0.0,1.0,0.0,0.0,0.0,100.0,80.0,81.0,80.0,80.0,80.0,0.0,0.0,0.0,100.0,80.0,81.0,80.0,80.0,0.0,0.0,0.0,0.0,0.0,80.0,0.0,0.0,1.0,0.0,0.0,0.0,0.0,0.0,32768.0,32768.0,32768.0,32768.0,32768.0,32768.0,32768.0,32768.0,32768.0,32768.0,32768.0,32768.0,32768.0,32768.0,32768.0,32768.0,32768.0,32768.0,32768.0,32768.0,32768.0,32768.0,32768.0,32768.0,32768.0,32768.0,32768.0,32768.0,32768.0,32768.0,32768.0,32768.0,32768.0,32768.0,32768.0,32768.0,32768.0,32768.0,32768.0,32768.0,32768.0,32768.0,32768.0,32768.0,32768.0,32768.0,32768.0,32768.0,32768.0,32768.0,32768.0,32768.0,32768.0,32768.0,32768.0,32768.0,32768.0,32768.0,32768.0,32768.0,32768.0,32768.0,32768.0,32768.0,32768.0,32768.0,32768.0,32768.0,32768.0,32768.0,32768.0,32768.0,32768.0,32768.0,32768.0,32768.0,32768.0,32768.0,32768.0,32768.0,32768.0,32768.0,32768.0,32768.0,32768.0,32768.0,32768.0,32768.0,32768.0,32768.0,32768.0,32768.0,32768.0,32768.0,32768.0,32768.0,32768.0,32768.0,32768.0,32768.0,32768.0,32768.0,32768.0,32768.0,32768.0,32768.0,32768.0,32768.0,32768.0,32768.0,32768.0,32768.0,32768.0,32768.0,32768.0,32768.0,32768.0,32768.0,32768.0,32768.0,32768.0,32768.0,32768.0,32768.0,32768.0,32768.0,32768.0,32768.0,0.0,0.0,4194304.0,16372.0,0.0
216,0,1,695,695,32768,512,0,0,108,4,48,64,matmulbias_kernel,158974852522645,158974852548383,217,196,559580.0,1184.0,8596.0,0.0,8704.0,150016.0,0.0,0.0,46587409.0,46587409.0,1048576.0,0.0,0.0,4616393.0,0.0,2074.0,2113.0,2112.0,2112.0,2096.0,2082.0,2082.0,2082.0,2082.0,2082.0,2082.0,2097.0,2082.0,2082.0,2066.0,2066.0,2066.0,2066.0,2066.0,2066.0,2066.0,2066.0,2096.0,2064.0,2080.0,2081.0,2080.0,2081.0,2080.0,2080.0,2072.0,2097.0,2096.0,2096.0,2084.0,2072.0,2096.0,2097.0,2096.0,2074.0,2097.0,2096.0,2096.0,2084.0,2074.0,2074.0,2074.0,2074.0,2074.0,2074.0,2074.0,2074.0,2074.0,2078.0,2078.0,2078.0,2078.0,2078.0,2078.0,2078.0,2078.0,2074.0,2076.0,2104.0,2105.0,2104.0,2105.0,2104.0,2104.0,2090.0,2072.0,2096.0,2074.0,2097.0,2096.0,2097.0,2096.0,2096.0,2084.0,2074.0,2074.0,2074.0,2074.0,2074.0,2074.0,2074.0,2074.0,2074.0,2076.0,2104.0,2105.0,2104.0,2105.0,2104.0,2074.0,2104.0,2090.0,2078.0,2078.0,2078.0,2078.0,2078.0,2078.0,2078.0,2078.0,2074.0,2070.0,2070.0,2070.0,2070.0,2070.0,2070.0,2070.0,2070.0,2068.0,2088.0,2072.0,2089.0,2088.0,2089.0,2088.0,2088.0,2078.0,2080.0,2112.0,2113.0,2112.0,2096.0,1024.0,1024.0,1024.0,1024.0,1024.0,1024.0,1024.0,1024.0,1024.0,1024.0,1024.0,1024.0,1024.0,1024.0,1024.0,1024.0,1024.0,1024.0,1024.0,1024.0,1024.0,1024.0,1024.0,1024.0,1024.0,1024.0,1024.0,1024.0,1024.0,1024.0,1024.0,1024.0,1024.0,1024.0,1024.0,1024.0,1024.0,1024.0,1024.0,1024.0,1024.0,1024.0,1024.0,1024.0,1024.0,1024.0,1024.0,1024.0,1024.0,1024.0,1024.0,1024.0,1024.0,1024.0,1024.0,1024.0,1024.0,1024.0,1024.0,1024.0,1024.0,1024.0,1024.0,1024.0,1024.0,1024.0,1024.0,1024.0,1024.0,1024.0,1024.0,1024.0,1024.0,1024.0,1024.0,1024.0,1024.0,1024.0,1024.0,1024.0,1024.0,1024.0,1024.0,1024.0,1024.0,1024.0,1024.0,1024.0,1024.0,1024.0,1024.0,1024.0,1024.0,1024.0,1024.0,1024.0,1024.0,1024.0,1024.0,1024.0,1024.0,1024.0,1024.0,1024.0,1024.0,1024.0,1024.0,1024.0,1024.0,1024.0,1024.0,1024.0,1024.0,1024.0,1024.0,1024.0,1024.0,1024.0,1024.0,1024.0,1024.0,1024.0,1024.0,1024.0,1024.0,1024.0,1024.0,1024.0,0.0,0.0,131072.0,256.0,0.0
217,0,1,695,695,4194304,256,0,0,12,4,32,64,"void at::native::vectorized_elementwise_kernel<4, at::native::FillFunctor<int>, std::array<char*, 1ul> >(int, at::native::FillFunctor<int>, std::array<char*, 1ul>)",158974852989463,158974853031959,218,121,821383.0,1184.0,608.0,0.0,131072.0,917504.0,65536.0,0.0,559550180.0,559550180.0,0.0,0.0,0.0,11069616.0,1835120.0,0.0,80.0,0.0,0.0,0.0,0.0,0.0,20.0,80.0,80.0,80.0,0.0,80.0,80.0,0.0,0.0,20.0,80.0,80.0,80.0,80.0,80.0,0.0,0.0,0.0,0.0,0.0,80.0,0.0,0.0,0.0,80.0,0.0,0.0,0.0,0.0,0.0,0.0,0.0,0.0,80.0,0.0,0.0,0.0,0.0,0.0,20.0,80.0,80.0,80.0,20.0,80.0,80.0,0.0,0.0,20.0,80.0,80.0,80.0,80.0,80.0,80.0,0.0,0.0,0.0,0.0,80.0,0.0,0.0,0.0,0.0,0.0,80.0,0.0,0.0,80.0,0.0,0.0,0.0,0.0,0.0,20.0,80.0,80.0,80.0,80.0,80.0,80.0,0.0,0.0,0.0,0.0,80.0,0.0,80.0,0.0,0.0,0.0,0.0,20.0,80.0,80.0,80.0,80.0,80.0,80.0,0.0,0.0,20.0,80.0,80.0,80.0,80.0,80.0,0.0,0.0,0.0,0.0,0.0,80.0,0.0,0.0,0.0,0.0,0.0,0.0,0.0,0.0,32768.0,32768.0,32768.0,32768.0,32768.0,32768.0,32768.0,32768.0,32768.0,32768.0,32768.0,32768.0,32768.0,32768.0,32768.0,32768.0,32768.0,32768.0,32768.0,32768.0,32768.0,32768.0,32768.0,32768.0,32768.0,32768.0,32768.0,32768.0,32768.0,32768.0,32768.0,32768.0,32768.0,32768.0,32768.0,32768.0,32768.0,32768.0,32768.0,32768.0,32768.0,32768.0,32768.0,32768.0,32768.0,32768.0,32768.0,32768.0,32768.0,32768.0,32768.0,32768.0,32768.0,32768.0,32768.0,32768.0,32768.0,32768.0,32768.0,32768.0,32768.0,32768.0,32768.0,32768.0,32768.0,32768.0,32768.0,32768.0,32768.0,32768.0,32768.0,32768.0,32768.0,32768.0,32768.0,32768.0,32768.0,32768.0,32768.0,32768.0,32768.0,32768.0,32768.0,32768.0,32768.0,32768.0,32768.0,32768.0,32768.0,32768.0,32768.0,32768.0,32768.0,32768.0,32768.0,32768.0,32768.0,32768.0,32768.0,32768.0,32768.0,32768.0,32768.0,32768.0,32768.0,32768.0,32768.0,32768.0,32768.0,32768.0,32768.0,32768.0,32768.0,32768.0,32768.0,32768.0,32768.0,32768.0,32768.0,32768.0,32768.0,32768.0,32768.0,32768.0,32768.0,32768.0,32768.0,32768.0,0.0,0.0,4194304.0,16374.0,0.0
218,0,1,695,695,32768,512,0,0,108,4,48,64,matmulbias_kernel,158974853451029,158974853476647,219,196,540119.0,1184.0,8982.0,0.0,8704.0,150016.0,0.0,0.0,45808407.0,45808407.0,1048576.0,0.0,0.0,4563242.0,0.0,2070.0,2080.0,2080.0,2080.0,2072.0,2066.0,2066.0,2066.0,2066.0,2066.0,2066.0,2089.0,2067.0,2066.0,2070.0,2070.0,2070.0,2070.0,2070.0,2070.0,2071.0,2070.0,2088.0,2068.0,2088.0,2089.0,2088.0,2088.0,2088.0,2088.0,2078.0,2088.0,2088.0,2088.0,2078.0,2080.0,2112.0,2113.0,2112.0,2070.0,2112.0,2112.0,2112.0,2096.0,2082.0,2082.0,2082.0,2082.0,2082.0,2082.0,2070.0,2083.0,2082.0,2078.0,2078.0,2078.0,2078.0,2078.0,2078.0,2079.0,2078.0,2070.0,2076.0,2104.0,2105.0,2104.0,2104.0,2104.0,2104.0,2090.0,2068.0,2088.0,2070.0,2089.0,2088.0,2088.0,2088.0,2088.0,2078.0,2070.0,2070.0,2070.0,2070.0,2070.0,2070.0,2070.0,2071.0,2070.0,2076.0,2104.0,2105.0,2104.0,2104.0,2104.0,2071.0,2104.0,2090.0,2078.0,2078.0,2078.0,2078.0,2078.0,2078.0,2079.0,2078.0,2070.0,2074.0,2074.0,2074.0,2074.0,2074.0,2074.0,2075.0,2074.0,2072.0,2096.0,2068.0,2097.0,2096.0,2096.0,2096.0,2096.0,2084.0,2064.0,2080.0,2081.0,2080.0,2088.0,1024.0,1024.0,1024.0,1024.0,1024.0,1024.0,1024.0,1024.0,1024.0,1024.0,1024.0,1024.0,1024.0,1024.0,1024.0,1024.0,1024.0,1024.0,1024.0,1024.0,1024.0,1024.0,1024.0,1024.0,1024.0,1024.0,1024.0,1024.0,1024.0,1024.0,1024.0,1024.0,1024.0,1024.0,1024.0,1024.0,1024.0,1024.0,1024.0,1024.0,1024.0,1024.0,1024.0,1024.0,1024.0,1024.0,1024.0,1024.0,1024.0,1024.0,1024.0,1024.0,1024.0,1024.0,1024.0,1024.0,1024.0,1024.0,1024.0,1024.0,1024.0,1024.0,1024.0,1024.0,1024.0,1024.0,1024.0,1024.0,1024.0,1024.0,1024.0,1024.0,1024.0,1024.0,1024.0,1024.0,1024.0,1024.0,1024.0,1024.0,1024.0,1024.0,1024.0,1024.0,1024.0,1024.0,1024.0,1024.0,1024.0,1024.0,1024.0,1024.0,1024.0,1024.0,1024.0,1024.0,1024.0,1024.0,1024.0,1024.0,1024.0,1024.0,1024.0,1024.0,1024.0,1024.0,1024.0,1024.0,1024.0,1024.0,1024.0,1024.0,1024.0,1024.0,1024.0,1024.0,1024.0,1024.0,1024.0,1024.0,1024.0,1024.0,1024.0,1024.0,1024.0,1024.0,1024.0,1024.0,0.0,0.0,131072.0,256.0,0.0
219,0,1,695,695,4194304,256,0,0,12,4,32,64,"void at::native::vectorized_elementwise_kernel<4, at::native::FillFunctor<int>, std::array<char*, 1ul> >(int, at::native::FillFunctor<int>, std::array<char*, 1ul>)",158974853911593,158974853953688,220,121,822157.0,1184.0,8267.0,0.0,131072.0,917504.0,65536.0,0.0,555421032.0,555421032.0,0.0,0.0,0.0,11014259.0,1835120.0,0.0,80.0,0.0,0.0,1.0,0.0,20.0,0.0,80.0,80.0,80.0,0.0,80.0,81.0,0.0,20.0,0.0,80.0,80.0,80.0,80.0,81.0,0.0,0.0,0.0,0.0,0.0,80.0,0.0,0.0,1.0,80.0,0.0,0.0,1.0,0.0,0.0,0.0,0.0,20.0,80.0,0.0,0.0,1.0,0.0,20.0,0.0,80.0,80.0,80.0,0.0,80.0,81.0,0.0,20.0,0.0,80.0,80.0,80.0,80.0,81.0,80.0,0.0,0.0,0.0,0.0,80.0,0.0,0.0,1.0,0.0,0.0,80.0,0.0,0.0,80.0,0.0,0.0,1.0,0.0,20.0,0.0,80.0,80.0,80.0,80.0,80.0,81.0,0.0,0.0,0.0,0.0,80.0,0.0,80.0,0.0,1.0,0.0,20.0,0.0,80.0,80.0,80.0,80.0,81.0,81.0,0.0,20.0,0.0,80.0,80.0,80.0,80.0,81.0,0.0,0.0,0.0,0.0,0.0,80.0,0.0,0.0,1.0,0.0,0.0,0.0,0.0,0.0,32768.0,32768.0,32768.0,32768.0,32768.0,32768.0,32768.0,32768.0,32768.0,32768.0,32768.0,32768.0,32768.0,32768.0,32768.0,32768.0,32768.0,32768.0,32768.0,32768.0,32768.0,32768.0,32768.0,32768.0,32768.0,32768.0,32768.0,32768.0,32768.0,32768.0,32768.0,32768.0,32768.0,32768.0,32768.0,32768.0,32768.0,32768.0,32768.0,32768.0,32768.0,32768.0,32768.0,32768.0,32768.0,32768.0,32768.0,32768.0,32768.0,32768.0,32768.0,32768.0,32768.0,32768.0,32768.0,32768.0,32768.0,32768.0,32768.0,32768.0,32768.0,32768.0,32768.0,32768.0,32768.0,32768.0,32768.0,32768.0,32768.0,32768.0,32768.0,32768.0,32768.0,32768.0,32768.0,32768.0,32768.0,32768.0,32768.0,32768.0,32768.0,32768.0,32768.0,32768.0,32768.0,32768.0,32768.0,32768.0,32768.0,32768.0,32768.0,32768.0,32768.0,32768.0,32768.0,32768.0,32768.0,32768.0,32768.0,32768.0,32768.0,32768.0,32768.0,32768.0,32768.0,32768.0,32768.0,32768.0,32768.0,32768.0,32768.0,32768.0,32768.0,32768.0,32768.0,32768.0,32768.0,32768.0,32768.0,32768.0,32768.0,32768.0,32768.0,32768.0,32768.0,32768.0,32768.0,32768.0,0.0,0.0,4194304.0,16377.0,0.0
220,0,1,695,695,32768,512,0,0,108,4,48,64,matmulbias_kernel,158974854389155,158974854414934,221,196,544634.0,1184.0,9199.0,0.0,8704.0,150016.0,0.0,0.0,46523083.0,46523083.0,1048576.0,0.0,0.0,4645693.0,0.0,2074.0,2088.0,2088.0,2088.0,2078.0,2070.0,2070.0,2070.0,2070.0,2071.0,2070.0,2097.0,2070.0,2070.0,2074.0,2074.0,2074.0,2074.0,2075.0,2074.0,2074.0,2074.0,2096.0,2072.0,2096.0,2097.0,2096.0,2096.0,2096.0,2096.0,2084.0,2096.0,2096.0,2096.0,2084.0,2072.0,2096.0,2097.0,2096.0,2074.0,2096.0,2096.0,2096.0,2084.0,2074.0,2074.0,2074.0,2074.0,2075.0,2074.0,2074.0,2074.0,2074.0,2070.0,2070.0,2070.0,2070.0,2071.0,2070.0,2070.0,2070.0,2074.0,2068.0,2088.0,2089.0,2088.0,2088.0,2088.0,2088.0,2078.0,2076.0,2104.0,2075.0,2105.0,2104.0,2104.0,2104.0,2104.0,2090.0,2078.0,2078.0,2078.0,2078.0,2074.0,2079.0,2078.0,2078.0,2078.0,2068.0,2088.0,2089.0,2088.0,2088.0,2088.0,2074.0,2088.0,2078.0,2070.0,2070.0,2070.0,2070.0,2071.0,2070.0,2070.0,2070.0,2074.0,2078.0,2078.0,2078.0,2078.0,2079.0,2078.0,2078.0,2078.0,2076.0,2104.0,2072.0,2105.0,2104.0,2104.0,2104.0,2104.0,2090.0,2068.0,2088.0,2089.0,2088.0,2096.0,1024.0,1024.0,1024.0,1024.0,1024.0,1024.0,1024.0,1024.0,1024.0,1024.0,1024.0,1024.0,1024.0,1024.0,1024.0,1024.0,1024.0,1024.0,1024.0,1024.0,1024.0,1024.0,1024.0,1024.0,1024.0,1024.0,1024.0,1024.0,1024.0,1024.0,1024.0,1024.0,1024.0,1024.0,1024.0,1024.0,1024.0,1024.0,1024.0,1024.0,1024.0,1024.0,1024.0,1024.0,1024.0,1024.0,1024.0,1024.0,1024.0,1024.0,1024.0,1024.0,1024.0,1024.0,1024.0,1024.0,1024.0,1024.0,1024.0,1024.0,1024.0,1024.0,1024.0,1024.0,1024.0,1024.0,1024.0,1024.0,1024.0,1024.0,1024.0,1024.0,1024.0,1024.0,1024.0,1024.0,1024.0,1024.0,1024.0,1024.0,1024.0,1024.0,1024.0,1024.0,1024.0,1024.0,1024.0,1024.0,1024.0,1024.0,1024.0,1024.0,1024.0,1024.0,1024.0,1024.0,1024.0,1024.0,1024.0,1024.0,1024.0,1024.0,1024.0,1024.0,1024.0,1024.0,1024.0,1024.0,1024.0,1024.0,1024.0,1024.0,1024.0,1024.0,1024.0,1024.0,1024.0,1024.0,1024.0,1024.0,1024.0,1024.0,1024.0,1024.0,1024.0,1024.0,1024.0,1024.0,0.0,0.0,131072.0,256.0,0.0
221,0,1,695,695,4194304,256,0,0,12,4,32,64,"void at::native::vectorized_elementwise_kernel<4, at::native::FillFunctor<int>, std::array<char*, 1ul> >(int, at::native::FillFunctor<int>, std::array<char*, 1ul>)",158974854842984,158974854885079,222,121,826857.0,1184.0,608.0,0.0,131072.0,917504.0,65536.0,0.0,555963891.0,555963891.0,0.0,0.0,0.0,10998773.0,1835120.0,20.0,80.0,0.0,0.0,0.0,20.0,0.0,0.0,80.0,80.0,80.0,0.0,80.0,80.0,20.0,0.0,0.0,80.0,80.0,80.0,80.0,80.0,0.0,0.0,0.0,0.0,0.0,80.0,0.0,0.0,0.0,80.0,0.0,0.0,0.0,0.0,0.0,0.0,0.0,0.0,80.0,0.0,0.0,0.0,20.0,0.0,0.0,80.0,80.0,80.0,0.0,80.0,80.0,20.0,0.0,0.0,80.0,80.0,80.0,80.0,80.0,80.0,0.0,0.0,0.0,0.0,80.0,0.0,0.0,0.0,0.0,0.0,80.0,0.0,0.0,80.0,0.0,0.0,0.0,20.0,0.0,0.0,80.0,80.0,80.0,80.0,80.0,80.0,0.0,0.0,0.0,0.0,80.0,0.0,80.0,0.0,0.0,20.0,0.0,0.0,80.0,80.0,80.0,80.0,80.0,80.0,20.0,0.0,0.0,80.0,80.0,80.0,80.0,80.0,0.0,0.0,0.0,0.0,0.0,80.0,0.0,0.0,0.0,0.0,0.0,0.0,0.0,0.0,32768.0,32768.0,32768.0,32768.0,32768.0,32768.0,32768.0,32768.0,32768.0,32768.0,32768.0,32768.0,32768.0,32768.0,32768.0,32768.0,32768.0,32768.0,32768.0,32768.0,32768.0,32768.0,32768.0,32768.0,32768.0,32768.0,32768.0,32768.0,32768.0,32768.0,32768.0,32768.0,32768.0,32768.0,32768.0,32768.0,32768.0,32768.0,32768.0,32768.0,32768.0,32768.0,32768.0,32768.0,32768.0,32768.0,32768.0,32768.0,32768.0,32768.0,32768.0,32768.0,32768.0,32768.0,32768.0,32768.0,32768.0,32768.0,32768.0,32768.0,32768.0,32768.0,32768.0,32768.0,32768.0,32768.0,32768.0,32768.0,32768.0,32768.0,32768.0,32768.0,32768.0,32768.0,32768.0,32768.0,32768.0,32768.0,32768.0,32768.0,32768.0,32768.0,32768.0,32768.0,32768.0,32768.0,32768.0,32768.0,32768.0,32768.0,32768.0,32768.0,32768.0,32768.0,32768.0,32768.0,32768.0,32768.0,32768.0,32768.0,32768.0,32768.0,32768.0,32768.0,32768.0,32768.0,32768.0,32768.0,32768.0,32768.0,32768.0,32768.0,32768.0,32768.0,32768.0,32768.0,32768.0,32768.0,32768.0,32768.0,32768.0,32768.0,32768.0,32768.0,32768.0,32768.0,32768.0,32768.0,0.0,0.0,4194304.0,16376.0,0.0
222,0,1,695,695,32768,512,0,0,108,4,48,64,matmulbias_kernel,158974855314533,158974855340512,223,196,560724.0,1184.0,9052.0,0.0,8704.0,150016.0,0.0,0.0,47915185.0,47915185.0,1048576.0,0.0,0.0,4814965.0,0.0,2070.0,2096.0,2096.0,2096.0,2084.0,2074.0,2074.0,2075.0,2074.0,2074.0,2074.0,2089.0,2074.0,2074.0,2074.0,2074.0,2075.0,2074.0,2074.0,2074.0,2074.0,2074.0,2088.0,2072.0,2096.0,2097.0,2096.0,2096.0,2096.0,2096.0,2084.0,2088.0,2088.0,2088.0,2078.0,2068.0,2088.0,2089.0,2088.0,2070.0,2088.0,2088.0,2088.0,2078.0,2070.0,2070.0,2071.0,2070.0,2070.0,2070.0,2071.0,2070.0,2070.0,2070.0,2070.0,2071.0,2070.0,2070.0,2070.0,2070.0,2070.0,2070.0,2068.0,2088.0,2089.0,2088.0,2088.0,2088.0,2088.0,2078.0,2064.0,2080.0,2070.0,2081.0,2080.0,2080.0,2080.0,2080.0,2072.0,2066.0,2066.0,2067.0,2066.0,2070.0,2066.0,2066.0,2066.0,2066.0,2076.0,2104.0,2105.0,2104.0,2104.0,2104.0,2070.0,2104.0,2090.0,2078.0,2078.0,2079.0,2078.0,2078.0,2078.0,2078.0,2078.0,2070.0,2082.0,2082.0,2083.0,2082.0,2082.0,2082.0,2082.0,2082.0,2080.0,2112.0,2068.0,2113.0,2112.0,2112.0,2112.0,2112.0,2096.0,2072.0,2096.0,2097.0,2096.0,2088.0,1024.0,1024.0,1024.0,1024.0,1024.0,1024.0,1024.0,1024.0,1024.0,1024.0,1024.0,1024.0,1024.0,1024.0,1024.0,1024.0,1024.0,1024.0,1024.0,1024.0,1024.0,1024.0,1024.0,1024.0,1024.0,1024.0,1024.0,1024.0,1024.0,1024.0,1024.0,1024.0,1024.0,1024.0,1024.0,1024.0,1024.0,1024.0,1024.0,1024.0,1024.0,1024.0,1024.0,1024.0,1024.0,1024.0,1024.0,1024.0,1024.0,1024.0,1024.0,1024.0,1024.0,1024.0,1024.0,1024.0,1024.0,1024.0,1024.0,1024.0,1024.0,1024.0,1024.0,1024.0,1024.0,1024.0,1024.0,1024.0,1024.0,1024.0,1024.0,1024.0,1024.0,1024.0,1024.0,1024.0,1024.0,1024.0,1024.0,1024.0,1024.0,1024.0,1024.0,1024.0,1024.0,1024.0,1024.0,1024.0,1024.0,1024.0,1024.0,1024.0,1024.0,1024.0,1024.0,1024.0,1024.0,1024.0,1024.0,1024.0,1024.0,1024.0,1024.0,1024.0,1024.0,1024.0,1024.0,1024.0,1024.0,1024.0,1024.0,1024.0,1024.0,1024.0,1024.0,1024.0,1024.0,1024.0,1024.0,1024.0,1024.0,1024.0,1024.0,1024.0,1024.0,1024.0,1024.0,1024.0,0.0,0.0,131072.0,256.0,0.0
223,0,1,695,695,4194304,256,0,0,12,4,32,64,"void at::native::vectorized_elementwise_kernel<4, at::native::FillFunctor<int>, std::array<char*, 1ul> >(int, at::native::FillFunctor<int>, std::array<char*, 1ul>)",158974855783275,158974855825851,224,121,830486.0,1184.0,608.0,0.0,131072.0,917504.0,65536.0,0.0,556674275.0,556674275.0,0.0,0.0,0.0,11029593.0,1835120.0,0.0,80.0,0.0,0.0,0.0,0.0,0.0,0.0,80.0,80.0,80.0,0.0,80.0,80.0,0.0,0.0,0.0,80.0,80.0,80.0,80.0,80.0,20.0,0.0,0.0,0.0,20.0,80.0,0.0,0.0,0.0,80.0,0.0,0.0,0.0,0.0,0.0,0.0,20.0,0.0,80.0,0.0,0.0,0.0,0.0,0.0,0.0,80.0,80.0,80.0,0.0,80.0,80.0,0.0,0.0,0.0,80.0,80.0,80.0,80.0,80.0,80.0,0.0,0.0,0.0,20.0,80.0,0.0,0.0,0.0,0.0,0.0,80.0,0.0,20.0,80.0,0.0,0.0,0.0,0.0,0.0,0.0,80.0,80.0,80.0,80.0,80.0,80.0,0.0,0.0,0.0,20.0,80.0,0.0,80.0,0.0,0.0,0.0,0.0,0.0,80.0,80.0,80.0,80.0,80.0,80.0,0.0,0.0,0.0,80.0,80.0,80.0,80.0,80.0,0.0,0.0,0.0,0.0,20.0,80.0,0.0,0.0,0.0,0.0,0.0,0.0,20.0,0.0,32768.0,32768.0,32768.0,32768.0,32768.0,32768.0,32768.0,32768.0,32768.0,32768.0,32768.0,32768.0,32768.0,32768.0,32768.0,32768.0,32768.0,32768.0,32768.0,32768.0,32768.0,32768.0,32768.0,32768.0,32768.0,32768.0,32768.0,32768.0,32768.0,32768.0,32768.0,32768.0,32768.0,32768.0,32768.0,32768.0,32768.0,32768.0,32768.0,32768.0,32768.0,32768.0,32768.0,32768.0,32768.0,32768.0,32768.0,32768.0,32768.0,32768.0,32768.0,32768.0,32768.0,32768.0,32768.0,32768.0,32768.0,32768.0,32768.0,32768.0,32768.0,32768.0,32768.0,32768.0,32768.0,32768.0,32768.0,32768.0,32768.0,32768.0,32768.0,32768.0,32768.0,32768.0,32768.0,32768.0,32768.0,32768.0,32768.0,32768.0,32768.0,32768.0,32768.0,32768.0,32768.0,32768.0,32768.0,32768.0,32768.0,32768.0,32768.0,32768.0,32768.0,32768.0,32768.0,32768.0,32768.0,32768.0,32768.0,32768.0,32768.0,32768.0,32768.0,32768.0,32768.0,32768.0,32768.0,32768.0,32768.0,32768.0,32768.0,32768.0,32768.0,32768.0,32768.0,32768.0,32768.0,32768.0,32768.0,32768.0,32768.0,32768.0,32768.0,32768.0,32768.0,32768.0,32768.0,32768.0,0.0,0.0,4194304.0,16372.0,0.0
224,0,1,695,695,32768,512,0,0,108,4,48,64,matmulbias_kernel,158974856264005,158974856289743,225,196,560332.0,1184.0,9219.0,0.0,8704.0,150016.0,0.0,0.0,46402579.0,46402579.0,1048576.0,0.0,0.0,4645101.0,0.0,2079.0,2096.0,2096.0,2096.0,2084.0,2075.0,2074.0,2074.0,2074.0,2074.0,2074.0,2105.0,2074.0,2074.0,2071.0,2070.0,2070.0,2070.0,2070.0,2070.0,2070.0,2070.0,2104.0,2068.0,2088.0,2089.0,2088.0,2088.0,2088.0,2088.0,2078.0,2104.0,2104.0,2104.0,2090.0,2072.0,2096.0,2097.0,2096.0,2078.0,2096.0,2096.0,2096.0,2084.0,2075.0,2074.0,2074.0,2074.0,2074.0,2074.0,2078.0,2074.0,2074.0,2071.0,2070.0,2070.0,2070.0,2070.0,2070.0,2070.0,2070.0,2078.0,2068.0,2088.0,2089.0,2088.0,2088.0,2088.0,2088.0,2078.0,2072.0,2096.0,2078.0,2097.0,2096.0,2096.0,2096.0,2096.0,2084.0,2075.0,2074.0,2074.0,2074.0,2078.0,2074.0,2074.0,2074.0,2074.0,2072.0,2096.0,2097.0,2096.0,2096.0,2096.0,2078.0,2096.0,2084.0,2075.0,2074.0,2074.0,2074.0,2074.0,2074.0,2074.0,2074.0,2078.0,2079.0,2078.0,2078.0,2078.0,2078.0,2078.0,2078.0,2078.0,2076.0,2104.0,2076.0,2105.0,2104.0,2104.0,2104.0,2104.0,2090.0,2072.0,2096.0,2097.0,2096.0,2104.0,1024.0,1024.0,1024.0,1024.0,1024.0,1024.0,1024.0,1024.0,1024.0,1024.0,1024.0,1024.0,1024.0,1024.0,1024.0,1024.0,1024.0,1024.0,1024.0,1024.0,1024.0,1024.0,1024.0,1024.0,1024.0,1024.0,1024.0,1024.0,1024.0,1024.0,1024.0,1024.0,1024.0,1024.0,1024.0,1024.0,1024.0,1024.0,1024.0,1024.0,1024.0,1024.0,1024.0,1024.0,1024.0,1024.0,1024.0,1024.0,1024.0,1024.0,1024.0,1024.0,1024.0,1024.0,1024.0,1024.0,1024.0,1024.0,1024.0,1024.0,1024.0,1024.0,1024.0,1024.0,1024.0,1024.0,1024.0,1024.0,1024.0,1024.0,1024.0,1024.0,1024.0,1024.0,1024.0,1024.0,1024.0,1024.0,1024.0,1024.0,1024.0,1024.0,1024.0,1024.0,1024.0,1024.0,1024.0,1024.0,1024.0,1024.0,1024.0,1024.0,1024.0,1024.0,1024.0,1024.0,1024.0,1024.0,1024.0,1024.0,1024.0,1024.0,1024.0,1024.0,1024.0,1024.0,1024.0,1024.0,1024.0,1024.0,1024.0,1024.0,1024.0,1024.0,1024.0,1024.0,1024.0,1024.0,1024.0,1024.0,1024.0,1024.0,1024.0,1024.0,1024.0,1024.0,1024.0,1024.0,0.0,0.0,131072.0,256.0,0.0
225,0,1,695,695,4194304,256,0,0,12,4,32,64,"void at::native::vectorized_elementwise_kernel<4, at::native::FillFunctor<int>, std::array<char*, 1ul> >(int, at::native::FillFunctor<int>, std::array<char*, 1ul>)",158974856726613,158974856769149,226,121,826213.0,1184.0,608.0,0.0,131072.0,917504.0,65536.0,0.0,558112020.0,558112020.0,0.0,0.0,0.0,11075080.0,1835120.0,0.0,80.0,0.0,0.0,0.0,0.0,0.0,0.0,80.0,80.0,80.0,20.0,80.0,80.0,0.0,0.0,0.0,80.0,80.0,80.0,80.0,80.0,0.0,0.0,0.0,20.0,0.0,80.0,0.0,0.0,0.0,80.0,0.0,0.0,0.0,0.0,0.0,20.0,0.0,0.0,80.0,0.0,0.0,0.0,0.0,0.0,0.0,80.0,80.0,80.0,0.0,80.0,80.0,0.0,0.0,0.0,80.0,80.0,80.0,80.0,80.0,80.0,0.0,0.0,20.0,0.0,80.0,0.0,0.0,0.0,0.0,0.0,80.0,20.0,0.0,80.0,0.0,0.0,0.0,0.0,0.0,0.0,80.0,80.0,80.0,80.0,80.0,80.0,0.0,0.0,20.0,0.0,80.0,0.0,80.0,0.0,0.0,0.0,0.0,0.0,80.0,80.0,80.0,80.0,80.0,80.0,0.0,0.0,0.0,80.0,80.0,80.0,80.0,80.0,0.0,0.0,0.0,20.0,0.0,80.0,0.0,0.0,0.0,0.0,0.0,20.0,0.0,0.0,32768.0,32768.0,32768.0,32768.0,32768.0,32768.0,32768.0,32768.0,32768.0,32768.0,32768.0,32768.0,32768.0,32768.0,32768.0,32768.0,32768.0,32768.0,32768.0,32768.0,32768.0,32768.0,32768.0,32768.0,32768.0,32768.0,32768.0,32768.0,32768.0,32768.0,32768.0,32768.0,32768.0,32768.0,32768.0,32768.0,32768.0,32768.0,32768.0,32768.0,32768.0,32768.0,32768.0,32768.0,32768.0,32768.0,32768.0,32768.0,32768.0,32768.0,32768.0,32768.0,32768.0,32768.0,32768.0,32768.0,32768.0,32768.0,32768.0,32768.0,32768.0,32768.0,32768.0,32768.0,32768.0,32768.0,32768.0,32768.0,32768.0,32768.0,32768.0,32768.0,32768.0,32768.0,32768.0,32768.0,32768.0,32768.0,32768.0,32768.0,32768.0,32768.0,32768.0,32768.0,32768.0,32768.0,32768.0,32768.0,32768.0,32768.0,32768.0,32768.0,32768.0,32768.0,32768.0,32768.0,32768.0,32768.0,32768.0,32768.0,32768.0,32768.0,32768.0,32768.0,32768.0,32768.0,32768.0,32768.0,32768.0,32768.0,32768.0,32768.0,32768.0,32768.0,32768.0,32768.0,32768.0,32768.0,32768.0,32768.0,32768.0,32768.0,32768.0,32768.0,32768.0,32768.0,32768.0,32768.0,0.0,0.0,4194304.0,16379.0,0.0
226,0,1,695,695,32768,512,0,0,108,4,48,64,matmulbias_kernel,158974857206902,158974857232600,227,196,550880.0,1184.0,8578.0,0.0,8704.0,150016.0,0.0,0.0,46583792.0,46583792.0,1048576.0,0.0,0.0,4622560.0,0.0,2078.0,2096.0,2096.0,2096.0,2084.0,2074.0,2074.0,2074.0,2074.0,2074.0,2074.0,2106.0,2074.0,2074.0,2070.0,2070.0,2070.0,2070.0,2070.0,2070.0,2070.0,2070.0,2104.0,2068.0,2088.0,2090.0,2088.0,2088.0,2088.0,2088.0,2078.0,2104.0,2104.0,2104.0,2090.0,2076.0,2104.0,2106.0,2104.0,2078.0,2104.0,2104.0,2104.0,2090.0,2078.0,2078.0,2078.0,2078.0,2078.0,2078.0,2078.0,2078.0,2078.0,2078.0,2078.0,2078.0,2078.0,2078.0,2078.0,2078.0,2078.0,2078.0,2076.0,2104.0,2106.0,2104.0,2104.0,2104.0,2104.0,2090.0,2072.0,2096.0,2078.0,2098.0,2096.0,2096.0,2096.0,2096.0,2084.0,2074.0,2074.0,2074.0,2074.0,2078.0,2074.0,2074.0,2074.0,2074.0,2080.0,2112.0,2114.0,2112.0,2112.0,2112.0,2078.0,2112.0,2096.0,2082.0,2082.0,2082.0,2082.0,2082.0,2082.0,2082.0,2082.0,2078.0,2074.0,2074.0,2074.0,2074.0,2074.0,2074.0,2074.0,2074.0,2072.0,2096.0,2076.0,2098.0,2096.0,2096.0,2096.0,2096.0,2084.0,2072.0,2096.0,2098.0,2096.0,2104.0,1024.0,1024.0,1024.0,1024.0,1024.0,1024.0,1024.0,1024.0,1024.0,1024.0,1024.0,1024.0,1024.0,1024.0,1024.0,1024.0,1024.0,1024.0,1024.0,1024.0,1024.0,1024.0,1024.0,1024.0,1024.0,1024.0,1024.0,1024.0,1024.0,1024.0,1024.0,1024.0,1024.0,1024.0,1024.0,1024.0,1024.0,1024.0,1024.0,1024.0,1024.0,1024.0,1024.0,1024.0,1024.0,1024.0,1024.0,1024.0,1024.0,1024.0,1024.0,1024.0,1024.0,1024.0,1024.0,1024.0,1024.0,1024.0,1024.0,1024.0,1024.0,1024.0,1024.0,1024.0,1024.0,1024.0,1024.0,1024.0,1024.0,1024.0,1024.0,1024.0,1024.0,1024.0,1024.0,1024.0,1024.0,1024.0,1024.0,1024.0,1024.0,1024.0,1024.0,1024.0,1024.0,1024.0,1024.0,1024.0,1024.0,1024.0,1024.0,1024.0,1024.0,1024.0,1024.0,1024.0,1024.0,1024.0,1024.0,1024.0,1024.0,1024.0,1024.0,1024.0,1024.0,1024.0,1024.0,1024.0,1024.0,1024.0,1024.0,1024.0,1024.0,1024.0,1024.0,1024.0,1024.0,1024.0,1024.0,1024.0,1024.0,1024.0,1024.0,1024.0,1024.0,1024.0,1024.0,1024.0,0.0,0.0,131072.0,256.0,0.0
227,0,1,695,695,4194304,256,0,0,12,4,32,64,"void at::native::vectorized_elementwise_kernel<4, at::native::FillFunctor<int>, std::array<char*, 1ul> >(int, at::native::FillFunctor<int>, std::array<char*, 1ul>)",158974857662935,158974857705031,228,121,807602.0,1184.0,608.0,0.0,131072.0,917504.0,65536.0,0.0,553474950.0,553474950.0,0.0,0.0,0.0,10956367.0,1835120.0,0.0,80.0,0.0,0.0,0.0,0.0,0.0,0.0,80.0,80.0,80.0,0.0,80.0,80.0,0.0,0.0,0.0,80.0,80.0,80.0,80.0,80.0,0.0,0.0,20.0,0.0,0.0,80.0,0.0,0.0,0.0,80.0,0.0,0.0,0.0,0.0,20.0,0.0,0.0,0.0,80.0,0.0,0.0,0.0,0.0,0.0,0.0,80.0,80.0,80.0,0.0,80.0,80.0,0.0,0.0,0.0,80.0,80.0,80.0,80.0,80.0,80.0,0.0,20.0,0.0,0.0,80.0,0.0,0.0,0.0,0.0,20.0,80.0,0.0,0.0,80.0,0.0,0.0,0.0,0.0,0.0,0.0,80.0,80.0,80.0,80.0,80.0,80.0,0.0,20.0,0.0,0.0,80.0,0.0,80.0,0.0,0.0,0.0,0.0,0.0,80.0,80.0,80.0,80.0,80.0,80.0,0.0,0.0,0.0,80.0,80.0,80.0,80.0,80.0,0.0,20.0,0.0,0.0,0.0,80.0,0.0,0.0,0.0,0.0,20.0,0.0,0.0,20.0,32768.0,32768.0,32768.0,32768.0,32768.0,32768.0,32768.0,32768.0,32768.0,32768.0,32768.0,32768.0,32768.0,32768.0,32768.0,32768.0,32768.0,32768.0,32768.0,32768.0,32768.0,32768.0,32768.0,32768.0,32768.0,32768.0,32768.0,32768.0,32768.0,32768.0,32768.0,32768.0,32768.0,32768.0,32768.0,32768.0,32768.0,32768.0,32768.0,32768.0,32768.0,32768.0,32768.0,32768.0,32768.0,32768.0,32768.0,32768.0,32768.0,32768.0,32768.0,32768.0,32768.0,32768.0,32768.0,32768.0,32768.0,32768.0,32768.0,32768.0,32768.0,32768.0,32768.0,32768.0,32768.0,32768.0,32768.0,32768.0,32768.0,32768.0,32768.0,32768.0,32768.0,32768.0,32768.0,32768.0,32768.0,32768.0,32768.0,32768.0,32768.0,32768.0,32768.0,32768.0,32768.0,32768.0,32768.0,32768.0,32768.0,32768.0,32768.0,32768.0,32768.0,32768.0,32768.0,32768.0,32768.0,32768.0,32768.0,32768.0,32768.0,32768.0,32768.0,32768.0,32768.0,32768.0,32768.0,32768.0,32768.0,32768.0,32768.0,32768.0,32768.0,32768.0,32768.0,32768.0,32768.0,32768.0,32768.0,32768.0,32768.0,32768.0,32768.0,32768.0,32768.0,32768.0,32768.0,32768.0,0.0,0.0,4194304.0,16378.0,0.0
228,0,1,695,695,32768,512,0,0,108,4,48,64,matmulbias_kernel,158974858136929,158974858162387,229,196,552073.0,1184.0,8605.0,0.0,8704.0,150016.0,0.0,0.0,46506585.0,46506585.0,1048576.0,0.0,0.0,4603346.0,0.0,2074.0,2080.0,2080.0,2080.0,2072.0,2066.0,2066.0,2066.0,2066.0,2066.0,2066.0,2097.0,2066.0,2066.0,2078.0,2078.0,2078.0,2078.0,2078.0,2078.0,2078.0,2078.0,2096.0,2077.0,2104.0,2105.0,2104.0,2104.0,2104.0,2104.0,2090.0,2096.0,2096.0,2096.0,2084.0,2081.0,2112.0,2113.0,2112.0,2074.0,2112.0,2112.0,2112.0,2096.0,2082.0,2082.0,2082.0,2082.0,2082.0,2082.0,2074.0,2082.0,2082.0,2074.0,2074.0,2074.0,2074.0,2074.0,2074.0,2074.0,2074.0,2074.0,2073.0,2096.0,2097.0,2096.0,2096.0,2096.0,2096.0,2084.0,2077.0,2104.0,2074.0,2105.0,2104.0,2104.0,2104.0,2104.0,2090.0,2078.0,2078.0,2078.0,2078.0,2074.0,2078.0,2078.0,2078.0,2078.0,2073.0,2096.0,2097.0,2096.0,2096.0,2096.0,2074.0,2096.0,2084.0,2074.0,2074.0,2074.0,2074.0,2074.0,2074.0,2074.0,2074.0,2074.0,2066.0,2066.0,2066.0,2066.0,2066.0,2066.0,2066.0,2066.0,2065.0,2080.0,2073.0,2081.0,2080.0,2080.0,2080.0,2080.0,2072.0,2065.0,2080.0,2081.0,2080.0,2096.0,1024.0,1024.0,1024.0,1024.0,1024.0,1024.0,1024.0,1024.0,1024.0,1024.0,1024.0,1024.0,1024.0,1024.0,1024.0,1024.0,1024.0,1024.0,1024.0,1024.0,1024.0,1024.0,1024.0,1024.0,1024.0,1024.0,1024.0,1024.0,1024.0,1024.0,1024.0,1024.0,1024.0,1024.0,1024.0,1024.0,1024.0,1024.0,1024.0,1024.0,1024.0,1024.0,1024.0,1024.0,1024.0,1024.0,1024.0,1024.0,1024.0,1024.0,1024.0,1024.0,1024.0,1024.0,1024.0,1024.0,1024.0,1024.0,1024.0,1024.0,1024.0,1024.0,1024.0,1024.0,1024.0,1024.0,1024.0,1024.0,1024.0,1024.0,1024.0,1024.0,1024.0,1024.0,1024.0,1024.0,1024.0,1024.0,1024.0,1024.0,1024.0,1024.0,1024.0,1024.0,1024.0,1024.0,1024.0,1024.0,1024.0,1024.0,1024.0,1024.0,1024.0,1024.0,1024.0,1024.0,1024.0,1024.0,1024.0,1024.0,1024.0,1024.0,1024.0,1024.0,1024.0,1024.0,1024.0,1024.0,1024.0,1024.0,1024.0,1024.0,1024.0,1024.0,1024.0,1024.0,1024.0,1024.0,1024.0,1024.0,1024.0,1024.0,1024.0,1024.0,1024.0,1024.0,1024.0,1024.0,0.0,0.0,131072.0,256.0,0.0
229,0,1,695,695,4194304,256,0,0,12,4,32,64,"void at::native::vectorized_elementwise_kernel<4, at::native::FillFunctor<int>, std::array<char*, 1ul> >(int, at::native::FillFunctor<int>, std::array<char*, 1ul>)",158974858587831,158974858630007,230,121,821624.0,1184.0,608.0,0.0,131072.0,917504.0,65536.0,0.0,554962738.0,554962738.0,0.0,0.0,0.0,10992042.0,1835120.0,0.0,80.0,0.0,0.0,0.0,0.0,0.0,0.0,80.0,80.0,80.0,0.0,80.0,80.0,0.0,0.0,0.0,80.0,80.0,80.0,80.0,80.0,0.0,20.0,0.0,0.0,0.0,80.0,0.0,0.0,0.0,80.0,0.0,0.0,0.0,20.0,0.0,0.0,0.0,0.0,80.0,0.0,0.0,0.0,0.0,0.0,0.0,80.0,80.0,80.0,0.0,80.0,80.0,0.0,0.0,0.0,80.0,80.0,80.0,80.0,80.0,80.0,20.0,0.0,0.0,0.0,80.0,0.0,0.0,0.0,20.0,0.0,80.0,0.0,0.0,80.0,0.0,0.0,0.0,0.0,0.0,0.0,80.0,80.0,80.0,80.0,80.0,80.0,20.0,0.0,0.0,0.0,80.0,0.0,80.0,0.0,0.0,0.0,0.0,0.0,80.0,80.0,80.0,80.0,80.0,80.0,0.0,0.0,0.0,80.0,80.0,80.0,80.0,80.0,20.0,0.0,20.0,0.0,0.0,80.0,0.0,0.0,0.0,20.0,0.0,0.0,0.0,0.0,32768.0,32768.0,32768.0,32768.0,32768.0,32768.0,32768.0,32768.0,32768.0,32768.0,32768.0,32768.0,32768.0,32768.0,32768.0,32768.0,32768.0,32768.0,32768.0,32768.0,32768.0,32768.0,32768.0,32768.0,32768.0,32768.0,32768.0,32768.0,32768.0,32768.0,32768.0,32768.0,32768.0,32768.0,32768.0,32768.0,32768.0,32768.0,32768.0,32768.0,32768.0,32768.0,32768.0,32768.0,32768.0,32768.0,32768.0,32768.0,32768.0,32768.0,32768.0,32768.0,32768.0,32768.0,32768.0,32768.0,32768.0,32768.0,32768.0,32768.0,32768.0,32768.0,32768.0,32768.0,32768.0,32768.0,32768.0,32768.0,32768.0,32768.0,32768.0,32768.0,32768.0,32768.0,32768.0,32768.0,32768.0,32768.0,32768.0,32768.0,32768.0,32768.0,32768.0,32768.0,32768.0,32768.0,32768.0,32768.0,32768.0,32768.0,32768.0,32768.0,32768.0,32768.0,32768.0,32768.0,32768.0,32768.0,32768.0,32768.0,32768.0,32768.0,32768.0,32768.0,32768.0,32768.0,32768.0,32768.0,32768.0,32768.0,32768.0,32768.0,32768.0,32768.0,32768.0,32768.0,32768.0,32768.0,32768.0,32768.0,32768.0,32768.0,32768.0,32768.0,32768.0,32768.0,32768.0,32768.0,0.0,0.0,4194304.0,16372.0,0.0
230,0,1,695,695,32768,512,0,0,108,4,48,64,matmulbias_kernel,158974859055571,158974859081430,231,196,556925.0,1273.0,9028.0,0.0,8704.0,150016.0,0.0,0.0,46988953.0,46988953.0,1048576.0,0.0,0.0,4627870.0,0.0,2070.0,2112.0,2112.0,2113.0,2096.0,2082.0,2082.0,2082.0,2082.0,2082.0,2082.0,2089.0,2082.0,2082.0,2074.0,2074.0,2074.0,2074.0,2074.0,2074.0,2074.0,2074.0,2088.0,2072.0,2096.0,2097.0,2096.0,2096.0,2096.0,2097.0,2084.0,2088.0,2088.0,2089.0,2078.0,2076.0,2104.0,2105.0,2104.0,2070.0,2104.0,2104.0,2105.0,2090.0,2078.0,2078.0,2078.0,2078.0,2078.0,2078.0,2070.0,2078.0,2078.0,2070.0,2070.0,2070.0,2070.0,2070.0,2070.0,2070.0,2070.0,2070.0,2068.0,2088.0,2089.0,2088.0,2088.0,2088.0,2089.0,2078.0,2068.0,2088.0,2070.0,2089.0,2088.0,2088.0,2088.0,2089.0,2078.0,2070.0,2070.0,2070.0,2070.0,2070.0,2070.0,2070.0,2070.0,2070.0,2076.0,2104.0,2105.0,2104.0,2104.0,2104.0,2070.0,2105.0,2090.0,2078.0,2078.0,2078.0,2078.0,2078.0,2078.0,2078.0,2078.0,2070.0,2074.0,2074.0,2074.0,2074.0,2074.0,2074.0,2074.0,2074.0,2072.0,2096.0,2068.0,2097.0,2096.0,2096.0,2096.0,2097.0,2084.0,2080.0,2112.0,2113.0,2112.0,2088.0,1024.0,1024.0,1024.0,1024.0,1024.0,1024.0,1024.0,1024.0,1024.0,1024.0,1024.0,1024.0,1024.0,1024.0,1024.0,1024.0,1024.0,1024.0,1024.0,1024.0,1024.0,1024.0,1024.0,1024.0,1024.0,1024.0,1024.0,1024.0,1024.0,1024.0,1024.0,1024.0,1024.0,1024.0,1024.0,1024.0,1024.0,1024.0,1024.0,1024.0,1024.0,1024.0,1024.0,1024.0,1024.0,1024.0,1024.0,1024.0,1024.0,1024.0,1024.0,1024.0,1024.0,1024.0,1024.0,1024.0,1024.0,1024.0,1024.0,1024.0,1024.0,1024.0,1024.0,1024.0,1024.0,1024.0,1024.0,1024.0,1024.0,1024.0,1024.0,1024.0,1024.0,1024.0,1024.0,1024.0,1024.0,1024.0,1024.0,1024.0,1024.0,1024.0,1024.0,1024.0,1024.0,1024.0,1024.0,1024.0,1024.0,1024.0,1024.0,1024.0,1024.0,1024.0,1024.0,1024.0,1024.0,1024.0,1024.0,1024.0,1024.0,1024.0,1024.0,1024.0,1024.0,1024.0,1024.0,1024.0,1024.0,1024.0,1024.0,1024.0,1024.0,1024.0,1024.0,1024.0,1024.0,1024.0,1024.0,1024.0,1024.0,1024.0,1024.0,1024.0,1024.0,1024.0,1024.0,1024.0,0.0,0.0,131072.0,256.0,0.0
231,0,1,695,695,4194304,256,0,0,12,4,32,64,"void at::native::vectorized_elementwise_kernel<4, at::native::FillFunctor<int>, std::array<char*, 1ul> >(int, at::native::FillFunctor<int>, std::array<char*, 1ul>)",158974859516416,158974859558632,232,121,819204.0,1184.0,608.0,0.0,131072.0,917504.0,65536.0,0.0,556145922.0,556145922.0,0.0,0.0,0.0,11027526.0,1835120.0,0.0,80.0,0.0,0.0,20.0,0.0,0.0,0.0,80.0,80.0,80.0,0.0,80.0,80.0,0.0,0.0,0.0,80.0,80.0,80.0,80.0,80.0,0.0,0.0,0.0,0.0,0.0,80.0,0.0,0.0,20.0,80.0,0.0,0.0,20.0,0.0,0.0,0.0,0.0,0.0,80.0,0.0,0.0,20.0,0.0,0.0,0.0,80.0,80.0,80.0,0.0,80.0,80.0,0.0,0.0,0.0,80.0,80.0,80.0,80.0,80.0,80.0,0.0,0.0,0.0,0.0,80.0,0.0,0.0,20.0,0.0,0.0,80.0,0.0,0.0,80.0,0.0,0.0,20.0,0.0,0.0,0.0,80.0,80.0,80.0,80.0,80.0,80.0,0.0,0.0,0.0,0.0,80.0,0.0,80.0,0.0,20.0,0.0,0.0,0.0,80.0,80.0,80.0,80.0,80.0,80.0,0.0,0.0,0.0,80.0,80.0,80.0,80.0,80.0,0.0,0.0,0.0,0.0,0.0,80.0,0.0,0.0,20.0,0.0,0.0,0.0,0.0,0.0,32768.0,32768.0,32768.0,32768.0,32768.0,32768.0,32768.0,32768.0,32768.0,32768.0,32768.0,32768.0,32768.0,32768.0,32768.0,32768.0,32768.0,32768.0,32768.0,32768.0,32768.0,32768.0,32768.0,32768.0,32768.0,32768.0,32768.0,32768.0,32768.0,32768.0,32768.0,32768.0,32768.0,32768.0,32768.0,32768.0,32768.0,32768.0,32768.0,32768.0,32768.0,32768.0,32768.0,32768.0,32768.0,32768.0,32768.0,32768.0,32768.0,32768.0,32768.0,32768.0,32768.0,32768.0,32768.0,32768.0,32768.0,32768.0,32768.0,32768.0,32768.0,32768.0,32768.0,32768.0,32768.0,32768.0,32768.0,32768.0,32768.0,32768.0,32768.0,32768.0,32768.0,32768.0,32768.0,32768.0,32768.0,32768.0,32768.0,32768.0,32768.0,32768.0,32768.0,32768.0,32768.0,32768.0,32768.0,32768.0,32768.0,32768.0,32768.0,32768.0,32768.0,32768.0,32768.0,32768.0,32768.0,32768.0,32768.0,32768.0,32768.0,32768.0,32768.0,32768.0,32768.0,32768.0,32768.0,32768.0,32768.0,32768.0,32768.0,32768.0,32768.0,32768.0,32768.0,32768.0,32768.0,32768.0,32768.0,32768.0,32768.0,32768.0,32768.0,32768.0,32768.0,32768.0,32768.0,32768.0,0.0,0.0,4194304.0,16375.0,0.0
232,0,1,695,695,32768,512,0,0,108,4,48,64,matmulbias_kernel,158974859982953,158974860008491,233,196,550722.0,1184.0,8159.0,0.0,8704.0,150016.0,0.0,0.0,46232958.0,46232958.0,1048576.0,0.0,0.0,4665365.0,0.0,2082.0,2097.0,2096.0,2096.0,2084.0,2074.0,2074.0,2074.0,2074.0,2074.0,2074.0,2113.0,2074.0,2074.0,2074.0,2074.0,2074.0,2074.0,2074.0,2074.0,2074.0,2074.0,2112.0,2072.0,2096.0,2097.0,2096.0,2097.0,2096.0,2096.0,2084.0,2113.0,2112.0,2112.0,2096.0,2080.0,2112.0,2113.0,2112.0,2082.0,2113.0,2112.0,2112.0,2096.0,2082.0,2082.0,2082.0,2082.0,2082.0,2082.0,2082.0,2082.0,2082.0,2074.0,2074.0,2074.0,2074.0,2074.0,2074.0,2074.0,2074.0,2082.0,2072.0,2096.0,2097.0,2096.0,2097.0,2096.0,2096.0,2084.0,2080.0,2112.0,2082.0,2113.0,2112.0,2113.0,2112.0,2112.0,2096.0,2082.0,2082.0,2082.0,2082.0,2082.0,2082.0,2082.0,2082.0,2082.0,2072.0,2096.0,2097.0,2096.0,2097.0,2096.0,2082.0,2096.0,2084.0,2074.0,2074.0,2074.0,2074.0,2074.0,2074.0,2074.0,2074.0,2082.0,2074.0,2074.0,2074.0,2074.0,2074.0,2074.0,2074.0,2074.0,2072.0,2096.0,2080.0,2097.0,2096.0,2097.0,2096.0,2096.0,2084.0,2072.0,2096.0,2097.0,2096.0,2112.0,1024.0,1024.0,1024.0,1024.0,1024.0,1024.0,1024.0,1024.0,1024.0,1024.0,1024.0,1024.0,1024.0,1024.0,1024.0,1024.0,1024.0,1024.0,1024.0,1024.0,1024.0,1024.0,1024.0,1024.0,1024.0,1024.0,1024.0,1024.0,1024.0,1024.0,1024.0,1024.0,1024.0,1024.0,1024.0,1024.0,1024.0,1024.0,1024.0,1024.0,1024.0,1024.0,1024.0,1024.0,1024.0,1024.0,1024.0,1024.0,1024.0,1024.0,1024.0,1024.0,1024.0,1024.0,1024.0,1024.0,1024.0,1024.0,1024.0,1024.0,1024.0,1024.0,1024.0,1024.0,1024.0,1024.0,1024.0,1024.0,1024.0,1024.0,1024.0,1024.0,1024.0,1024.0,1024.0,1024.0,1024.0,1024.0,1024.0,1024.0,1024.0,1024.0,1024.0,1024.0,1024.0,1024.0,1024.0,1024.0,1024.0,1024.0,1024.0,1024.0,1024.0,1024.0,1024.0,1024.0,1024.0,1024.0,1024.0,1024.0,1024.0,1024.0,1024.0,1024.0,1024.0,1024.0,1024.0,1024.0,1024.0,1024.0,1024.0,1024.0,1024.0,1024.0,1024.0,1024.0,1024.0,1024.0,1024.0,1024.0,1024.0,1024.0,1024.0,1024.0,1024.0,1024.0,1024.0,1024.0,0.0,0.0,131072.0,256.0,0.0
233,0,1,695,695,4194304,256,0,0,12,4,32,64,"void at::native::vectorized_elementwise_kernel<4, at::native::FillFunctor<int>, std::array<char*, 1ul> >(int, at::native::FillFunctor<int>, std::array<char*, 1ul>)",158974860444199,158974860486334,234,121,820136.0,1184.0,608.0,0.0,131072.0,917504.0,65536.0,0.0,554394631.0,554394631.0,0.0,0.0,0.0,10980509.0,1835120.0,0.0,80.0,0.0,20.0,0.0,0.0,0.0,0.0,80.0,80.0,80.0,0.0,80.0,80.0,0.0,0.0,0.0,80.0,80.0,80.0,80.0,80.0,0.0,0.0,0.0,0.0,0.0,80.0,0.0,20.0,0.0,80.0,0.0,20.0,0.0,0.0,0.0,0.0,0.0,0.0,80.0,0.0,20.0,0.0,0.0,0.0,0.0,80.0,80.0,80.0,0.0,80.0,80.0,0.0,0.0,0.0,80.0,80.0,80.0,80.0,80.0,80.0,0.0,0.0,0.0,0.0,80.0,0.0,20.0,0.0,0.0,0.0,80.0,0.0,0.0,80.0,0.0,20.0,0.0,0.0,0.0,0.0,80.0,80.0,80.0,80.0,80.0,80.0,0.0,0.0,0.0,0.0,80.0,0.0,80.0,20.0,0.0,0.0,0.0,0.0,80.0,80.0,80.0,80.0,80.0,80.0,0.0,0.0,0.0,80.0,80.0,80.0,80.0,80.0,0.0,0.0,0.0,0.0,0.0,80.0,0.0,20.0,0.0,0.0,0.0,0.0,0.0,0.0,32768.0,32768.0,32768.0,32768.0,32768.0,32768.0,32768.0,32768.0,32768.0,32768.0,32768.0,32768.0,32768.0,32768.0,32768.0,32768.0,32768.0,32768.0,32768.0,32768.0,32768.0,32768.0,32768.0,32768.0,32768.0,32768.0,32768.0,32768.0,32768.0,32768.0,32768.0,32768.0,32768.0,32768.0,32768.0,32768.0,32768.0,32768.0,32768.0,32768.0,32768.0,32768.0,32768.0,32768.0,32768.0,32768.0,32768.0,32768.0,32768.0,32768.0,32768.0,32768.0,32768.0,32768.0,32768.0,32768.0,32768.0,32768.0,32768.0,32768.0,32768.0,32768.0,32768.0,32768.0,32768.0,32768.0,32768.0,32768.0,32768.0,32768.0,32768.0,32768.0,32768.0,32768.0,32768.0,32768.0,32768.0,32768.0,32768.0,32768.0,32768.0,32768.0,32768.0,32768.0,32768.0,32768.0,32768.0,32768.0,32768.0,32768.0,32768.0,32768.0,32768.0,32768.0,32768.0,32768.0,32768.0,32768.0,32768.0,32768.0,32768.0,32768.0,32768.0,32768.0,32768.0,32768.0,32768.0,32768.0,32768.0,32768.0,32768.0,32768.0,32768.0,32768.0,32768.0,32768.0,32768.0,32768.0,32768.0,32768.0,32768.0,32768.0,32768.0,32768.0,32768.0,32768.0,32768.0,32768.0,0.0,0.0,4194304.0,16373.0,0.0
234,0,1,695,695,32768,512,0,0,108,4,48,64,matmulbias_kernel,158974860916790,158974860942328,235,196,554534.0,1184.0,8928.0,0.0,8704.0,150016.0,0.0,0.0,46265941.0,46265941.0,1048576.0,0.0,0.0,4614617.0,0.0,2082.0,2088.0,2088.0,2088.0,2078.0,2070.0,2070.0,2070.0,2070.0,2070.0,2070.0,2113.0,2071.0,2070.0,2078.0,2078.0,2078.0,2078.0,2078.0,2078.0,2079.0,2078.0,2112.0,2076.0,2104.0,2105.0,2104.0,2104.0,2104.0,2104.0,2090.0,2112.0,2112.0,2112.0,2096.0,2068.0,2088.0,2089.0,2088.0,2082.0,2088.0,2088.0,2088.0,2078.0,2070.0,2070.0,2070.0,2070.0,2070.0,2070.0,2082.0,2071.0,2070.0,2070.0,2070.0,2070.0,2070.0,2070.0,2070.0,2071.0,2070.0,2082.0,2068.0,2088.0,2089.0,2088.0,2088.0,2088.0,2088.0,2078.0,2080.0,2112.0,2082.0,2113.0,2112.0,2112.0,2112.0,2112.0,2096.0,2082.0,2082.0,2082.0,2082.0,2082.0,2082.0,2082.0,2083.0,2082.0,2072.0,2096.0,2097.0,2096.0,2096.0,2096.0,2083.0,2096.0,2084.0,2074.0,2074.0,2074.0,2074.0,2074.0,2074.0,2075.0,2074.0,2082.0,2070.0,2070.0,2070.0,2070.0,2070.0,2070.0,2071.0,2070.0,2068.0,2088.0,2080.0,2089.0,2088.0,2088.0,2088.0,2088.0,2078.0,2068.0,2088.0,2089.0,2088.0,2112.0,1024.0,1024.0,1024.0,1024.0,1024.0,1024.0,1024.0,1024.0,1024.0,1024.0,1024.0,1024.0,1024.0,1024.0,1024.0,1024.0,1024.0,1024.0,1024.0,1024.0,1024.0,1024.0,1024.0,1024.0,1024.0,1024.0,1024.0,1024.0,1024.0,1024.0,1024.0,1024.0,1024.0,1024.0,1024.0,1024.0,1024.0,1024.0,1024.0,1024.0,1024.0,1024.0,1024.0,1024.0,1024.0,1024.0,1024.0,1024.0,1024.0,1024.0,1024.0,1024.0,1024.0,1024.0,1024.0,1024.0,1024.0,1024.0,1024.0,1024.0,1024.0,1024.0,1024.0,1024.0,1024.0,1024.0,1024.0,1024.0,1024.0,1024.0,1024.0,1024.0,1024.0,1024.0,1024.0,1024.0,1024.0,1024.0,1024.0,1024.0,1024.0,1024.0,1024.0,1024.0,1024.0,1024.0,1024.0,1024.0,1024.0,1024.0,1024.0,1024.0,1024.0,1024.0,1024.0,1024.0,1024.0,1024.0,1024.0,1024.0,1024.0,1024.0,1024.0,1024.0,1024.0,1024.0,1024.0,1024.0,1024.0,1024.0,1024.0,1024.0,1024.0,1024.0,1024.0,1024.0,1024.0,1024.0,1024.0,1024.0,1024.0,1024.0,1024.0,1024.0,1024.0,1024.0,1024.0,1024.0,0.0,0.0,131072.0,256.0,0.0
235,0,1,695,695,4194304,256,0,0,12,4,32,64,"void at::native::vectorized_elementwise_kernel<4, at::native::FillFunctor<int>, std::array<char*, 1ul> >(int, at::native::FillFunctor<int>, std::array<char*, 1ul>)",158974861363282,158974861405738,236,121,828409.0,1184.0,608.0,0.0,131072.0,917504.0,65536.0,0.0,555998832.0,555998832.0,0.0,0.0,0.0,11010716.0,1835120.0,0.0,80.0,20.0,0.0,0.0,0.0,0.0,0.0,80.0,80.0,80.0,0.0,80.0,80.0,0.0,0.0,0.0,80.0,80.0,80.0,80.0,80.0,0.0,0.0,0.0,0.0,0.0,80.0,20.0,0.0,0.0,80.0,20.0,0.0,0.0,0.0,0.0,0.0,0.0,0.0,80.0,20.0,0.0,0.0,0.0,0.0,0.0,80.0,80.0,80.0,0.0,80.0,80.0,0.0,0.0,0.0,80.0,80.0,80.0,80.0,80.0,80.0,0.0,0.0,0.0,0.0,80.0,20.0,0.0,0.0,0.0,0.0,80.0,0.0,0.0,80.0,20.0,0.0,0.0,0.0,0.0,0.0,80.0,80.0,80.0,80.0,80.0,80.0,0.0,0.0,0.0,0.0,80.0,20.0,80.0,0.0,0.0,0.0,0.0,0.0,80.0,80.0,80.0,80.0,80.0,80.0,0.0,0.0,0.0,80.0,80.0,80.0,80.0,80.0,0.0,0.0,0.0,0.0,0.0,80.0,20.0,0.0,0.0,0.0,0.0,0.0,0.0,0.0,32768.0,32768.0,32768.0,32768.0,32768.0,32768.0,32768.0,32768.0,32768.0,32768.0,32768.0,32768.0,32768.0,32768.0,32768.0,32768.0,32768.0,32768.0,32768.0,32768.0,32768.0,32768.0,32768.0,32768.0,32768.0,32768.0,32768.0,32768.0,32768.0,32768.0,32768.0,32768.0,32768.0,32768.0,32768.0,32768.0,32768.0,32768.0,32768.0,32768.0,32768.0,32768.0,32768.0,32768.0,32768.0,32768.0,32768.0,32768.0,32768.0,32768.0,32768.0,32768.0,32768.0,32768.0,32768.0,32768.0,32768.0,32768.0,32768.0,32768.0,32768.0,32768.0,32768.0,32768.0,32768.0,32768.0,32768.0,32768.0,32768.0,32768.0,32768.0,32768.0,32768.0,32768.0,32768.0,32768.0,32768.0,32768.0,32768.0,32768.0,32768.0,32768.0,32768.0,32768.0,32768.0,32768.0,32768.0,32768.0,32768.0,32768.0,32768.0,32768.0,32768.0,32768.0,32768.0,32768.0,32768.0,32768.0,32768.0,32768.0,32768.0,32768.0,32768.0,32768.0,32768.0,32768.0,32768.0,32768.0,32768.0,32768.0,32768.0,32768.0,32768.0,32768.0,32768.0,32768.0,32768.0,32768.0,32768.0,32768.0,32768.0,32768.0,32768.0,32768.0,32768.0,32768.0,32768.0,32768.0,0.0,0.0,4194304.0,16376.0,0.0
236,0,1,695,695,32768,512,0,0,108,4,48,64,matmulbias_kernel,158974861828015,158974861854034,237,196,558100.0,1184.0,8431.0,0.0,8704.0,150016.0,0.0,0.0,47778765.0,47778765.0,1048576.0,0.0,0.0,4736706.0,0.0,2074.0,2088.0,2088.0,2088.0,2078.0,2070.0,2070.0,2070.0,2070.0,2071.0,2070.0,2097.0,2070.0,2070.0,2070.0,2070.0,2070.0,2070.0,2071.0,2070.0,2070.0,2070.0,2096.0,2068.0,2088.0,2089.0,2088.0,2088.0,2088.0,2088.0,2078.0,2096.0,2096.0,2096.0,2084.0,2068.0,2088.0,2089.0,2088.0,2074.0,2088.0,2088.0,2088.0,2078.0,2070.0,2070.0,2070.0,2070.0,2071.0,2070.0,2074.0,2070.0,2070.0,2070.0,2070.0,2070.0,2070.0,2071.0,2070.0,2070.0,2070.0,2074.0,2068.0,2088.0,2089.0,2088.0,2088.0,2088.0,2088.0,2078.0,2072.0,2096.0,2075.0,2097.0,2096.0,2096.0,2096.0,2096.0,2084.0,2074.0,2074.0,2074.0,2074.0,2074.0,2075.0,2074.0,2074.0,2074.0,2076.0,2104.0,2105.0,2104.0,2104.0,2104.0,2074.0,2104.0,2090.0,2078.0,2078.0,2078.0,2078.0,2079.0,2078.0,2078.0,2078.0,2074.0,2074.0,2074.0,2074.0,2074.0,2075.0,2074.0,2074.0,2074.0,2072.0,2096.0,2072.0,2097.0,2096.0,2096.0,2096.0,2096.0,2084.0,2068.0,2088.0,2089.0,2088.0,2096.0,1024.0,1024.0,1024.0,1024.0,1024.0,1024.0,1024.0,1024.0,1024.0,1024.0,1024.0,1024.0,1024.0,1024.0,1024.0,1024.0,1024.0,1024.0,1024.0,1024.0,1024.0,1024.0,1024.0,1024.0,1024.0,1024.0,1024.0,1024.0,1024.0,1024.0,1024.0,1024.0,1024.0,1024.0,1024.0,1024.0,1024.0,1024.0,1024.0,1024.0,1024.0,1024.0,1024.0,1024.0,1024.0,1024.0,1024.0,1024.0,1024.0,1024.0,1024.0,1024.0,1024.0,1024.0,1024.0,1024.0,1024.0,1024.0,1024.0,1024.0,1024.0,1024.0,1024.0,1024.0,1024.0,1024.0,1024.0,1024.0,1024.0,1024.0,1024.0,1024.0,1024.0,1024.0,1024.0,1024.0,1024.0,1024.0,1024.0,1024.0,1024.0,1024.0,1024.0,1024.0,1024.0,1024.0,1024.0,1024.0,1024.0,1024.0,1024.0,1024.0,1024.0,1024.0,1024.0,1024.0,1024.0,1024.0,1024.0,1024.0,1024.0,1024.0,1024.0,1024.0,1024.0,1024.0,1024.0,1024.0,1024.0,1024.0,1024.0,1024.0,1024.0,1024.0,1024.0,1024.0,1024.0,1024.0,1024.0,1024.0,1024.0,1024.0,1024.0,1024.0,1024.0,1024.0,1024.0,1024.0,0.0,0.0,131072.0,256.0,0.0
237,0,1,695,695,4194304,256,0,0,12,4,32,64,"void at::native::vectorized_elementwise_kernel<4, at::native::FillFunctor<int>, std::array<char*, 1ul> >(int, at::native::FillFunctor<int>, std::array<char*, 1ul>)",158974862268173,158974862310188,238,121,812210.0,1184.0,608.0,0.0,131072.0,917504.0,65536.0,0.0,555151760.0,555151760.0,0.0,0.0,0.0,10983095.0,1835120.0,0.0,100.0,0.0,0.0,0.0,0.0,0.0,0.0,80.0,80.0,80.0,0.0,80.0,80.0,0.0,0.0,0.0,80.0,80.0,80.0,80.0,80.0,0.0,0.0,0.0,0.0,0.0,100.0,0.0,0.0,0.0,100.0,0.0,0.0,0.0,0.0,0.0,0.0,0.0,0.0,100.0,0.0,0.0,0.0,0.0,0.0,0.0,80.0,80.0,80.0,0.0,80.0,80.0,0.0,0.0,0.0,80.0,80.0,80.0,80.0,80.0,80.0,0.0,0.0,0.0,0.0,100.0,0.0,0.0,0.0,0.0,0.0,80.0,0.0,0.0,100.0,0.0,0.0,0.0,0.0,0.0,0.0,80.0,80.0,80.0,80.0,80.0,80.0,0.0,0.0,0.0,0.0,100.0,0.0,80.0,0.0,0.0,0.0,0.0,0.0,80.0,80.0,80.0,80.0,80.0,80.0,0.0,0.0,0.0,80.0,80.0,80.0,80.0,80.0,0.0,0.0,0.0,0.0,0.0,100.0,0.0,0.0,0.0,0.0,0.0,0.0,0.0,0.0,32768.0,32768.0,32768.0,32768.0,32768.0,32768.0,32768.0,32768.0,32768.0,32768.0,32768.0,32768.0,32768.0,32768.0,32768.0,32768.0,32768.0,32768.0,32768.0,32768.0,32768.0,32768.0,32768.0,32768.0,32768.0,32768.0,32768.0,32768.0,32768.0,32768.0,32768.0,32768.0,32768.0,32768.0,32768.0,32768.0,32768.0,32768.0,32768.0,32768.0,32768.0,32768.0,32768.0,32768.0,32768.0,32768.0,32768.0,32768.0,32768.0,32768.0,32768.0,32768.0,32768.0,32768.0,32768.0,32768.0,32768.0,32768.0,32768.0,32768.0,32768.0,32768.0,32768.0,32768.0,32768.0,32768.0,32768.0,32768.0,32768.0,32768.0,32768.0,32768.0,32768.0,32768.0,32768.0,32768.0,32768.0,32768.0,32768.0,32768.0,32768.0,32768.0,32768.0,32768.0,32768.0,32768.0,32768.0,32768.0,32768.0,32768.0,32768.0,32768.0,32768.0,32768.0,32768.0,32768.0,32768.0,32768.0,32768.0,32768.0,32768.0,32768.0,32768.0,32768.0,32768.0,32768.0,32768.0,32768.0,32768.0,32768.0,32768.0,32768.0,32768.0,32768.0,32768.0,32768.0,32768.0,32768.0,32768.0,32768.0,32768.0,32768.0,32768.0,32768.0,32768.0,32768.0,32768.0,32768.0,0.0,0.0,4194304.0,16379.0,0.0
238,0,1,695,695,32768,512,0,0,108,4,48,64,matmulbias_kernel,158974862744252,158974862769990,239,196,554272.0,1184.0,8952.0,0.0,8704.0,150016.0,0.0,0.0,46301715.0,46301715.0,1048576.0,0.0,0.0,4660880.0,0.0,2074.0,2096.0,2096.0,2096.0,2084.0,2074.0,2074.0,2075.0,2074.0,2074.0,2074.0,2097.0,2074.0,2074.0,2074.0,2074.0,2075.0,2074.0,2074.0,2074.0,2074.0,2074.0,2096.0,2072.0,2096.0,2097.0,2096.0,2096.0,2096.0,2096.0,2084.0,2096.0,2096.0,2096.0,2084.0,2072.0,2096.0,2097.0,2096.0,2074.0,2096.0,2096.0,2096.0,2084.0,2074.0,2074.0,2075.0,2074.0,2074.0,2074.0,2075.0,2074.0,2074.0,2070.0,2070.0,2071.0,2070.0,2070.0,2070.0,2070.0,2070.0,2074.0,2068.0,2088.0,2089.0,2088.0,2088.0,2088.0,2088.0,2078.0,2068.0,2088.0,2074.0,2089.0,2088.0,2088.0,2088.0,2088.0,2078.0,2070.0,2070.0,2071.0,2070.0,2074.0,2070.0,2070.0,2070.0,2070.0,2072.0,2096.0,2097.0,2096.0,2096.0,2096.0,2074.0,2096.0,2084.0,2074.0,2074.0,2075.0,2074.0,2074.0,2074.0,2074.0,2074.0,2074.0,2074.0,2074.0,2075.0,2074.0,2074.0,2074.0,2074.0,2074.0,2072.0,2096.0,2072.0,2097.0,2096.0,2096.0,2096.0,2096.0,2084.0,2072.0,2096.0,2097.0,2096.0,2096.0,1024.0,1024.0,1024.0,1024.0,1024.0,1024.0,1024.0,1024.0,1024.0,1024.0,1024.0,1024.0,1024.0,1024.0,1024.0,1024.0,1024.0,1024.0,1024.0,1024.0,1024.0,1024.0,1024.0,1024.0,1024.0,1024.0,1024.0,1024.0,1024.0,1024.0,1024.0,1024.0,1024.0,1024.0,1024.0,1024.0,1024.0,1024.0,1024.0,1024.0,1024.0,1024.0,1024.0,1024.0,1024.0,1024.0,1024.0,1024.0,1024.0,1024.0,1024.0,1024.0,1024.0,1024.0,1024.0,1024.0,1024.0,1024.0,1024.0,1024.0,1024.0,1024.0,1024.0,1024.0,1024.0,1024.0,1024.0,1024.0,1024.0,1024.0,1024.0,1024.0,1024.0,1024.0,1024.0,1024.0,1024.0,1024.0,1024.0,1024.0,1024.0,1024.0,1024.0,1024.0,1024.0,1024.0,1024.0,1024.0,1024.0,1024.0,1024.0,1024.0,1024.0,1024.0,1024.0,1024.0,1024.0,1024.0,1024.0,1024.0,1024.0,1024.0,1024.0,1024.0,1024.0,1024.0,1024.0,1024.0,1024.0,1024.0,1024.0,1024.0,1024.0,1024.0,1024.0,1024.0,1024.0,1024.0,1024.0,1024.0,1024.0,1024.0,1024.0,1024.0,1024.0,1024.0,1024.0,1024.0,0.0,0.0,131072.0,256.0,0.0
239,0,1,695,695,4194304,256,0,0,12,4,32,64,"void at::native::vectorized_elementwise_kernel<4, at::native::FillFunctor<int>, std::array<char*, 1ul> >(int, at::native::FillFunctor<int>, std::array<char*, 1ul>)",158974863196757,158974863238973,240,121,833525.0,1184.0,608.0,0.0,131072.0,917504.0,65536.0,0.0,554795055.0,554795055.0,0.0,0.0,0.0,10998512.0,1835120.0,0.0,80.0,0.0,0.0,0.0,0.0,0.0,0.0,80.0,80.0,80.0,0.0,80.0,100.0,0.0,0.0,0.0,80.0,80.0,80.0,80.0,100.0,0.0,0.0,0.0,0.0,0.0,80.0,0.0,0.0,0.0,80.0,0.0,0.0,0.0,0.0,0.0,0.0,0.0,0.0,80.0,0.0,0.0,0.0,0.0,0.0,0.0,80.0,80.0,80.0,0.0,80.0,100.0,0.0,0.0,0.0,80.0,80.0,80.0,80.0,100.0,80.0,0.0,0.0,0.0,0.0,80.0,0.0,0.0,0.0,0.0,0.0,80.0,0.0,0.0,80.0,0.0,0.0,0.0,0.0,0.0,0.0,80.0,80.0,80.0,80.0,80.0,100.0,0.0,0.0,0.0,0.0,80.0,0.0,80.0,0.0,0.0,0.0,0.0,0.0,80.0,80.0,80.0,80.0,100.0,100.0,0.0,0.0,0.0,80.0,80.0,80.0,80.0,100.0,0.0,0.0,0.0,0.0,0.0,80.0,0.0,0.0,0.0,0.0,0.0,0.0,0.0,0.0,32768.0,32768.0,32768.0,32768.0,32768.0,32768.0,32768.0,32768.0,32768.0,32768.0,32768.0,32768.0,32768.0,32768.0,32768.0,32768.0,32768.0,32768.0,32768.0,32768.0,32768.0,32768.0,32768.0,32768.0,32768.0,32768.0,32768.0,32768.0,32768.0,32768.0,32768.0,32768.0,32768.0,32768.0,32768.0,32768.0,32768.0,32768.0,32768.0,32768.0,32768.0,32768.0,32768.0,32768.0,32768.0,32768.0,32768.0,32768.0,32768.0,32768.0,32768.0,32768.0,32768.0,32768.0,32768.0,32768.0,32768.0,32768.0,32768.0,32768.0,32768.0,32768.0,32768.0,32768.0,32768.0,32768.0,32768.0,32768.0,32768.0,32768.0,32768.0,32768.0,32768.0,32768.0,32768.0,32768.0,32768.0,32768.0,32768.0,32768.0,32768.0,32768.0,32768.0,32768.0,32768.0,32768.0,32768.0,32768.0,32768.0,32768.0,32768.0,32768.0,32768.0,32768.0,32768.0,32768.0,32768.0,32768.0,32768.0,32768.0,32768.0,32768.0,32768.0,32768.0,32768.0,32768.0,32768.0,32768.0,32768.0,32768.0,32768.0,32768.0,32768.0,32768.0,32768.0,32768.0,32768.0,32768.0,32768.0,32768.0,32768.0,32768.0,32768.0,32768.0,32768.0,32768.0,32768.0,32768.0,0.0,0.0,4194304.0,16377.0,0.0
240,0,1,695,695,32768,512,0,0,108,4,48,64,matmulbias_kernel,158974863660288,158974863685786,241,196,549158.0,1184.0,8988.0,0.0,8704.0,150016.0,0.0,0.0,45330112.0,45330112.0,1048576.0,0.0,0.0,4631007.0,0.0,2079.0,2104.0,2104.0,2104.0,2090.0,2079.0,2078.0,2078.0,2078.0,2078.0,2078.0,2105.0,2078.0,2078.0,2075.0,2074.0,2074.0,2074.0,2074.0,2074.0,2074.0,2074.0,2104.0,2072.0,2096.0,2097.0,2096.0,2096.0,2096.0,2096.0,2084.0,2104.0,2104.0,2104.0,2090.0,2072.0,2096.0,2097.0,2096.0,2078.0,2096.0,2096.0,2096.0,2084.0,2075.0,2074.0,2074.0,2074.0,2074.0,2074.0,2078.0,2074.0,2074.0,2071.0,2070.0,2070.0,2070.0,2070.0,2070.0,2070.0,2070.0,2078.0,2068.0,2088.0,2089.0,2088.0,2088.0,2088.0,2088.0,2078.0,2076.0,2104.0,2078.0,2105.0,2104.0,2104.0,2104.0,2104.0,2090.0,2079.0,2078.0,2078.0,2078.0,2078.0,2078.0,2078.0,2078.0,2078.0,2072.0,2096.0,2097.0,2096.0,2096.0,2096.0,2078.0,2096.0,2084.0,2075.0,2074.0,2074.0,2074.0,2074.0,2074.0,2074.0,2074.0,2078.0,2071.0,2070.0,2070.0,2070.0,2070.0,2070.0,2070.0,2070.0,2068.0,2088.0,2076.0,2089.0,2088.0,2088.0,2088.0,2088.0,2078.0,2076.0,2104.0,2105.0,2104.0,2104.0,1024.0,1024.0,1024.0,1024.0,1024.0,1024.0,1024.0,1024.0,1024.0,1024.0,1024.0,1024.0,1024.0,1024.0,1024.0,1024.0,1024.0,1024.0,1024.0,1024.0,1024.0,1024.0,1024.0,1024.0,1024.0,1024.0,1024.0,1024.0,1024.0,1024.0,1024.0,1024.0,1024.0,1024.0,1024.0,1024.0,1024.0,1024.0,1024.0,1024.0,1024.0,1024.0,1024.0,1024.0,1024.0,1024.0,1024.0,1024.0,1024.0,1024.0,1024.0,1024.0,1024.0,1024.0,1024.0,1024.0,1024.0,1024.0,1024.0,1024.0,1024.0,1024.0,1024.0,1024.0,1024.0,1024.0,1024.0,1024.0,1024.0,1024.0,1024.0,1024.0,1024.0,1024.0,1024.0,1024.0,1024.0,1024.0,1024.0,1024.0,1024.0,1024.0,1024.0,1024.0,1024.0,1024.0,1024.0,1024.0,1024.0,1024.0,1024.0,1024.0,1024.0,1024.0,1024.0,1024.0,1024.0,1024.0,1024.0,1024.0,1024.0,1024.0,1024.0,1024.0,1024.0,1024.0,1024.0,1024.0,1024.0,1024.0,1024.0,1024.0,1024.0,1024.0,1024.0,1024.0,1024.0,1024.0,1024.0,1024.0,1024.0,1024.0,1024.0,1024.0,1024.0,1024.0,1024.0,1024.0,0.0,0.0,131072.0,256.0,0.0
241,0,1,695,695,4194304,256,0,0,12,4,32,64,"void at::native::vectorized_elementwise_kernel<4, at::native::FillFunctor<int>, std::array<char*, 1ul> >(int, at::native::FillFunctor<int>, std::array<char*, 1ul>)",158974864117444,158974864159539,242,121,810808.0,1184.0,608.0,0.0,131072.0,917504.0,65536.0,0.0,557772046.0,557772046.0,0.0,0.0,0.0,11062306.0,1835120.0,0.0,80.0,0.0,0.0,0.0,0.0,0.0,0.0,80.0,80.0,80.0,0.0,100.0,80.0,0.0,0.0,0.0,80.0,80.0,80.0,100.0,80.0,0.0,0.0,0.0,0.0,0.0,80.0,0.0,0.0,0.0,80.0,0.0,0.0,0.0,0.0,0.0,0.0,0.0,0.0,80.0,0.0,0.0,0.0,0.0,0.0,0.0,80.0,80.0,80.0,0.0,100.0,80.0,0.0,0.0,0.0,80.0,80.0,80.0,100.0,80.0,80.0,0.0,0.0,0.0,0.0,80.0,0.0,0.0,0.0,0.0,0.0,80.0,0.0,0.0,80.0,0.0,0.0,0.0,0.0,0.0,0.0,80.0,80.0,80.0,80.0,100.0,80.0,0.0,0.0,0.0,0.0,80.0,0.0,100.0,0.0,0.0,0.0,0.0,0.0,80.0,80.0,80.0,100.0,80.0,80.0,0.0,0.0,0.0,80.0,80.0,80.0,100.0,80.0,0.0,0.0,0.0,0.0,0.0,80.0,0.0,0.0,0.0,0.0,0.0,0.0,0.0,0.0,32768.0,32768.0,32768.0,32768.0,32768.0,32768.0,32768.0,32768.0,32768.0,32768.0,32768.0,32768.0,32768.0,32768.0,32768.0,32768.0,32768.0,32768.0,32768.0,32768.0,32768.0,32768.0,32768.0,32768.0,32768.0,32768.0,32768.0,32768.0,32768.0,32768.0,32768.0,32768.0,32768.0,32768.0,32768.0,32768.0,32768.0,32768.0,32768.0,32768.0,32768.0,32768.0,32768.0,32768.0,32768.0,32768.0,32768.0,32768.0,32768.0,32768.0,32768.0,32768.0,32768.0,32768.0,32768.0,32768.0,32768.0,32768.0,32768.0,32768.0,32768.0,32768.0,32768.0,32768.0,32768.0,32768.0,32768.0,32768.0,32768.0,32768.0,32768.0,32768.0,32768.0,32768.0,32768.0,32768.0,32768.0,32768.0,32768.0,32768.0,32768.0,32768.0,32768.0,32768.0,32768.0,32768.0,32768.0,32768.0,32768.0,32768.0,32768.0,32768.0,32768.0,32768.0,32768.0,32768.0,32768.0,32768.0,32768.0,32768.0,32768.0,32768.0,32768.0,32768.0,32768.0,32768.0,32768.0,32768.0,32768.0,32768.0,32768.0,32768.0,32768.0,32768.0,32768.0,32768.0,32768.0,32768.0,32768.0,32768.0,32768.0,32768.0,32768.0,32768.0,32768.0,32768.0,32768.0,32768.0,0.0,0.0,4194304.0,16378.0,0.0
242,0,1,695,695,32768,512,0,0,108,4,48,64,matmulbias_kernel,158974864577206,158974864602864,243,196,549577.0,1184.0,8177.0,0.0,8704.0,150016.0,0.0,0.0,46640365.0,46640365.0,1048576.0,0.0,0.0,4662727.0,0.0,2070.0,2097.0,2096.0,2096.0,2084.0,2074.0,2074.0,2074.0,2074.0,2074.0,2074.0,2089.0,2074.0,2074.0,2074.0,2074.0,2074.0,2074.0,2074.0,2074.0,2074.0,2074.0,2088.0,2072.0,2096.0,2097.0,2096.0,2097.0,2096.0,2096.0,2084.0,2089.0,2088.0,2088.0,2078.0,2076.0,2104.0,2105.0,2104.0,2070.0,2105.0,2104.0,2104.0,2090.0,2078.0,2078.0,2078.0,2078.0,2078.0,2078.0,2070.0,2078.0,2078.0,2074.0,2074.0,2074.0,2074.0,2074.0,2074.0,2074.0,2074.0,2070.0,2072.0,2096.0,2097.0,2096.0,2097.0,2096.0,2096.0,2084.0,2080.0,2112.0,2070.0,2113.0,2112.0,2113.0,2112.0,2112.0,2096.0,2082.0,2082.0,2082.0,2082.0,2070.0,2082.0,2082.0,2082.0,2082.0,2076.0,2104.0,2105.0,2104.0,2105.0,2104.0,2070.0,2104.0,2090.0,2078.0,2078.0,2078.0,2078.0,2078.0,2078.0,2078.0,2078.0,2070.0,2070.0,2070.0,2070.0,2070.0,2070.0,2070.0,2070.0,2070.0,2068.0,2088.0,2068.0,2089.0,2088.0,2089.0,2088.0,2088.0,2078.0,2072.0,2096.0,2097.0,2096.0,2088.0,1024.0,1024.0,1024.0,1024.0,1024.0,1024.0,1024.0,1024.0,1024.0,1024.0,1024.0,1024.0,1024.0,1024.0,1024.0,1024.0,1024.0,1024.0,1024.0,1024.0,1024.0,1024.0,1024.0,1024.0,1024.0,1024.0,1024.0,1024.0,1024.0,1024.0,1024.0,1024.0,1024.0,1024.0,1024.0,1024.0,1024.0,1024.0,1024.0,1024.0,1024.0,1024.0,1024.0,1024.0,1024.0,1024.0,1024.0,1024.0,1024.0,1024.0,1024.0,1024.0,1024.0,1024.0,1024.0,1024.0,1024.0,1024.0,1024.0,1024.0,1024.0,1024.0,1024.0,1024.0,1024.0,1024.0,1024.0,1024.0,1024.0,1024.0,1024.0,1024.0,1024.0,1024.0,1024.0,1024.0,1024.0,1024.0,1024.0,1024.0,1024.0,1024.0,1024.0,1024.0,1024.0,1024.0,1024.0,1024.0,1024.0,1024.0,1024.0,1024.0,1024.0,1024.0,1024.0,1024.0,1024.0,1024.0,1024.0,1024.0,1024.0,1024.0,1024.0,1024.0,1024.0,1024.0,1024.0,1024.0,1024.0,1024.0,1024.0,1024.0,1024.0,1024.0,1024.0,1024.0,1024.0,1024.0,1024.0,1024.0,1024.0,1024.0,1024.0,1024.0,1024.0,1024.0,1024.0,1024.0,0.0,0.0,131072.0,256.0,0.0
243,0,1,695,695,4194304,256,0,0,12,4,32,64,"void at::native::vectorized_elementwise_kernel<4, at::native::FillFunctor<int>, std::array<char*, 1ul> >(int, at::native::FillFunctor<int>, std::array<char*, 1ul>)",158974865032117,158974865074333,244,121,819663.0,1184.0,608.0,0.0,131072.0,917504.0,65536.0,0.0,556696988.0,556696988.0,0.0,0.0,0.0,11019950.0,1835120.0,0.0,80.0,0.0,0.0,0.0,0.0,0.0,0.0,80.0,80.0,100.0,0.0,80.0,80.0,0.0,0.0,0.0,80.0,80.0,100.0,80.0,80.0,0.0,0.0,0.0,0.0,0.0,80.0,0.0,0.0,0.0,80.0,0.0,0.0,0.0,0.0,0.0,0.0,0.0,0.0,80.0,0.0,0.0,0.0,0.0,0.0,0.0,80.0,80.0,100.0,0.0,80.0,80.0,0.0,0.0,0.0,80.0,80.0,100.0,80.0,80.0,80.0,0.0,0.0,0.0,0.0,80.0,0.0,0.0,0.0,0.0,0.0,80.0,0.0,0.0,80.0,0.0,0.0,0.0,0.0,0.0,0.0,80.0,100.0,80.0,100.0,80.0,80.0,0.0,0.0,0.0,0.0,80.0,0.0,80.0,0.0,0.0,0.0,0.0,0.0,80.0,80.0,100.0,80.0,80.0,80.0,0.0,0.0,0.0,80.0,80.0,100.0,80.0,80.0,0.0,0.0,0.0,0.0,0.0,80.0,0.0,0.0,0.0,0.0,0.0,0.0,0.0,0.0,32768.0,32768.0,32768.0,32768.0,32768.0,32768.0,32768.0,32768.0,32768.0,32768.0,32768.0,32768.0,32768.0,32768.0,32768.0,32768.0,32768.0,32768.0,32768.0,32768.0,32768.0,32768.0,32768.0,32768.0,32768.0,32768.0,32768.0,32768.0,32768.0,32768.0,32768.0,32768.0,32768.0,32768.0,32768.0,32768.0,32768.0,32768.0,32768.0,32768.0,32768.0,32768.0,32768.0,32768.0,32768.0,32768.0,32768.0,32768.0,32768.0,32768.0,32768.0,32768.0,32768.0,32768.0,32768.0,32768.0,32768.0,32768.0,32768.0,32768.0,32768.0,32768.0,32768.0,32768.0,32768.0,32768.0,32768.0,32768.0,32768.0,32768.0,32768.0,32768.0,32768.0,32768.0,32768.0,32768.0,32768.0,32768.0,32768.0,32768.0,32768.0,32768.0,32768.0,32768.0,32768.0,32768.0,32768.0,32768.0,32768.0,32768.0,32768.0,32768.0,32768.0,32768.0,32768.0,32768.0,32768.0,32768.0,32768.0,32768.0,32768.0,32768.0,32768.0,32768.0,32768.0,32768.0,32768.0,32768.0,32768.0,32768.0,32768.0,32768.0,32768.0,32768.0,32768.0,32768.0,32768.0,32768.0,32768.0,32768.0,32768.0,32768.0,32768.0,32768.0,32768.0,32768.0,32768.0,32768.0,0.0,0.0,4194304.0,16379.0,0.0
244,0,1,695,695,32768,512,0,0,108,4,48,64,matmulbias_kernel,158974865501140,158974865527039,245,196,558277.0,1184.0,8317.0,0.0,8704.0,150016.0,0.0,0.0,47071947.0,47071947.0,1048576.0,0.0,0.0,4601801.0,0.0,2078.0,2088.0,2088.0,2089.0,2078.0,2070.0,2070.0,2070.0,2070.0,2070.0,2070.0,2105.0,2070.0,2070.0,2082.0,2082.0,2082.0,2082.0,2082.0,2082.0,2082.0,2082.0,2104.0,2080.0,2112.0,2113.0,2112.0,2112.0,2112.0,2113.0,2096.0,2104.0,2104.0,2105.0,2090.0,2076.0,2104.0,2105.0,2104.0,2078.0,2104.0,2104.0,2105.0,2090.0,2078.0,2078.0,2078.0,2078.0,2078.0,2078.0,2078.0,2078.0,2078.0,2074.0,2074.0,2074.0,2074.0,2074.0,2074.0,2074.0,2074.0,2078.0,2072.0,2096.0,2097.0,2096.0,2096.0,2096.0,2097.0,2084.0,2072.0,2096.0,2078.0,2097.0,2096.0,2096.0,2096.0,2097.0,2084.0,2074.0,2074.0,2074.0,2074.0,2078.0,2074.0,2074.0,2074.0,2074.0,2068.0,2088.0,2089.0,2088.0,2088.0,2088.0,2078.0,2089.0,2078.0,2070.0,2070.0,2070.0,2070.0,2070.0,2070.0,2070.0,2070.0,2078.0,2070.0,2070.0,2070.0,2070.0,2070.0,2070.0,2070.0,2070.0,2068.0,2088.0,2076.0,2089.0,2088.0,2088.0,2088.0,2089.0,2078.0,2068.0,2088.0,2089.0,2088.0,2104.0,1024.0,1024.0,1024.0,1024.0,1024.0,1024.0,1024.0,1024.0,1024.0,1024.0,1024.0,1024.0,1024.0,1024.0,1024.0,1024.0,1024.0,1024.0,1024.0,1024.0,1024.0,1024.0,1024.0,1024.0,1024.0,1024.0,1024.0,1024.0,1024.0,1024.0,1024.0,1024.0,1024.0,1024.0,1024.0,1024.0,1024.0,1024.0,1024.0,1024.0,1024.0,1024.0,1024.0,1024.0,1024.0,1024.0,1024.0,1024.0,1024.0,1024.0,1024.0,1024.0,1024.0,1024.0,1024.0,1024.0,1024.0,1024.0,1024.0,1024.0,1024.0,1024.0,1024.0,1024.0,1024.0,1024.0,1024.0,1024.0,1024.0,1024.0,1024.0,1024.0,1024.0,1024.0,1024.0,1024.0,1024.0,1024.0,1024.0,1024.0,1024.0,1024.0,1024.0,1024.0,1024.0,1024.0,1024.0,1024.0,1024.0,1024.0,1024.0,1024.0,1024.0,1024.0,1024.0,1024.0,1024.0,1024.0,1024.0,1024.0,1024.0,1024.0,1024.0,1024.0,1024.0,1024.0,1024.0,1024.0,1024.0,1024.0,1024.0,1024.0,1024.0,1024.0,1024.0,1024.0,1024.0,1024.0,1024.0,1024.0,1024.0,1024.0,1024.0,1024.0,1024.0,1024.0,1024.0,1024.0,0.0,0.0,131072.0,256.0,0.0
245,0,1,695,695,4194304,256,0,0,12,4,32,64,"void at::native::vectorized_elementwise_kernel<4, at::native::FillFunctor<int>, std::array<char*, 1ul> >(int, at::native::FillFunctor<int>, std::array<char*, 1ul>)",158974865949316,158974865991371,246,121,818267.0,1184.0,608.0,0.0,131072.0,917504.0,65536.0,0.0,555612913.0,555612913.0,0.0,0.0,0.0,11005612.0,1835120.0,0.0,80.0,0.0,0.0,0.0,0.0,0.0,0.0,80.0,100.0,80.0,0.0,80.0,80.0,0.0,0.0,0.0,80.0,100.0,80.0,80.0,80.0,0.0,0.0,0.0,0.0,0.0,80.0,0.0,0.0,0.0,80.0,0.0,0.0,0.0,0.0,0.0,0.0,0.0,0.0,80.0,0.0,0.0,0.0,0.0,0.0,0.0,80.0,100.0,80.0,0.0,80.0,80.0,0.0,0.0,0.0,80.0,100.0,80.0,80.0,80.0,80.0,0.0,0.0,0.0,0.0,80.0,0.0,0.0,0.0,0.0,0.0,100.0,0.0,0.0,80.0,0.0,0.0,0.0,0.0,0.0,0.0,80.0,80.0,100.0,80.0,80.0,80.0,0.0,0.0,0.0,0.0,80.0,0.0,80.0,0.0,0.0,0.0,0.0,0.0,80.0,100.0,80.0,80.0,80.0,80.0,0.0,0.0,0.0,80.0,100.0,80.0,80.0,80.0,0.0,0.0,0.0,0.0,0.0,80.0,0.0,0.0,0.0,0.0,0.0,0.0,0.0,0.0,32768.0,32768.0,32768.0,32768.0,32768.0,32768.0,32768.0,32768.0,32768.0,32768.0,32768.0,32768.0,32768.0,32768.0,32768.0,32768.0,32768.0,32768.0,32768.0,32768.0,32768.0,32768.0,32768.0,32768.0,32768.0,32768.0,32768.0,32768.0,32768.0,32768.0,32768.0,32768.0,32768.0,32768.0,32768.0,32768.0,32768.0,32768.0,32768.0,32768.0,32768.0,32768.0,32768.0,32768.0,32768.0,32768.0,32768.0,32768.0,32768.0,32768.0,32768.0,32768.0,32768.0,32768.0,32768.0,32768.0,32768.0,32768.0,32768.0,32768.0,32768.0,32768.0,32768.0,32768.0,32768.0,32768.0,32768.0,32768.0,32768.0,32768.0,32768.0,32768.0,32768.0,32768.0,32768.0,32768.0,32768.0,32768.0,32768.0,32768.0,32768.0,32768.0,32768.0,32768.0,32768.0,32768.0,32768.0,32768.0,32768.0,32768.0,32768.0,32768.0,32768.0,32768.0,32768.0,32768.0,32768.0,32768.0,32768.0,32768.0,32768.0,32768.0,32768.0,32768.0,32768.0,32768.0,32768.0,32768.0,32768.0,32768.0,32768.0,32768.0,32768.0,32768.0,32768.0,32768.0,32768.0,32768.0,32768.0,32768.0,32768.0,32768.0,32768.0,32768.0,32768.0,32768.0,32768.0,32768.0,0.0,0.0,4194304.0,16378.0,0.0
246,0,1,695,695,32768,512,0,0,108,4,48,64,matmulbias_kernel,158974866411844,158974866437462,247,196,550502.0,1273.0,8404.0,0.0,8704.0,150016.0,0.0,0.0,46103709.0,46103709.0,1048576.0,0.0,0.0,4610410.0,0.0,2070.0,2088.0,2088.0,2088.0,2078.0,2070.0,2070.0,2070.0,2070.0,2070.0,2070.0,2089.0,2070.0,2070.0,2074.0,2074.0,2074.0,2074.0,2074.0,2074.0,2074.0,2074.0,2088.0,2073.0,2096.0,2097.0,2096.0,2096.0,2096.0,2096.0,2084.0,2088.0,2088.0,2088.0,2078.0,2073.0,2096.0,2097.0,2096.0,2070.0,2096.0,2096.0,2096.0,2084.0,2074.0,2074.0,2074.0,2074.0,2074.0,2074.0,2070.0,2074.0,2074.0,2074.0,2074.0,2074.0,2074.0,2074.0,2074.0,2074.0,2074.0,2070.0,2073.0,2096.0,2097.0,2096.0,2096.0,2096.0,2096.0,2084.0,2077.0,2104.0,2070.0,2105.0,2104.0,2104.0,2104.0,2104.0,2090.0,2078.0,2078.0,2078.0,2078.0,2070.0,2078.0,2078.0,2078.0,2078.0,2073.0,2096.0,2097.0,2096.0,2096.0,2096.0,2070.0,2096.0,2084.0,2074.0,2074.0,2074.0,2074.0,2074.0,2074.0,2074.0,2074.0,2070.0,2074.0,2074.0,2074.0,2074.0,2074.0,2074.0,2074.0,2074.0,2073.0,2096.0,2069.0,2097.0,2096.0,2096.0,2096.0,2096.0,2084.0,2069.0,2088.0,2089.0,2088.0,2088.0,1024.0,1024.0,1024.0,1024.0,1024.0,1024.0,1024.0,1024.0,1024.0,1024.0,1024.0,1024.0,1024.0,1024.0,1024.0,1024.0,1024.0,1024.0,1024.0,1024.0,1024.0,1024.0,1024.0,1024.0,1024.0,1024.0,1024.0,1024.0,1024.0,1024.0,1024.0,1024.0,1024.0,1024.0,1024.0,1024.0,1024.0,1024.0,1024.0,1024.0,1024.0,1024.0,1024.0,1024.0,1024.0,1024.0,1024.0,1024.0,1024.0,1024.0,1024.0,1024.0,1024.0,1024.0,1024.0,1024.0,1024.0,1024.0,1024.0,1024.0,1024.0,1024.0,1024.0,1024.0,1024.0,1024.0,1024.0,1024.0,1024.0,1024.0,1024.0,1024.0,1024.0,1024.0,1024.0,1024.0,1024.0,1024.0,1024.0,1024.0,1024.0,1024.0,1024.0,1024.0,1024.0,1024.0,1024.0,1024.0,1024.0,1024.0,1024.0,1024.0,1024.0,1024.0,1024.0,1024.0,1024.0,1024.0,1024.0,1024.0,1024.0,1024.0,1024.0,1024.0,1024.0,1024.0,1024.0,1024.0,1024.0,1024.0,1024.0,1024.0,1024.0,1024.0,1024.0,1024.0,1024.0,1024.0,1024.0,1024.0,1024.0,1024.0,1024.0,1024.0,1024.0,1024.0,1024.0,1024.0,0.0,0.0,131072.0,256.0,0.0
247,0,1,695,695,4194304,256,0,0,12,4,32,64,"void at::native::vectorized_elementwise_kernel<4, at::native::FillFunctor<int>, std::array<char*, 1ul> >(int, at::native::FillFunctor<int>, std::array<char*, 1ul>)",158974866851360,158974866893696,248,121,822710.0,1184.0,608.0,0.0,131072.0,917504.0,65536.0,0.0,557133058.0,557133058.0,0.0,0.0,0.0,11049497.0,1835120.0,0.0,80.0,0.0,0.0,0.0,0.0,0.0,0.0,100.0,80.0,80.0,0.0,80.0,80.0,0.0,0.0,0.0,100.0,80.0,80.0,80.0,80.0,0.0,0.0,0.0,0.0,0.0,80.0,0.0,0.0,0.0,80.0,0.0,0.0,0.0,0.0,0.0,0.0,0.0,0.0,80.0,0.0,0.0,0.0,0.0,0.0,0.0,100.0,80.0,80.0,0.0,80.0,80.0,0.0,0.0,0.0,100.0,80.0,80.0,80.0,80.0,100.0,0.0,0.0,0.0,0.0,80.0,0.0,0.0,0.0,0.0,0.0,80.0,0.0,0.0,80.0,0.0,0.0,0.0,0.0,0.0,0.0,100.0,80.0,80.0,80.0,80.0,80.0,0.0,0.0,0.0,0.0,80.0,0.0,80.0,0.0,0.0,0.0,0.0,0.0,100.0,80.0,80.0,80.0,80.0,80.0,0.0,0.0,0.0,100.0,80.0,80.0,80.0,80.0,0.0,0.0,0.0,0.0,0.0,80.0,0.0,0.0,0.0,0.0,0.0,0.0,0.0,0.0,32768.0,32768.0,32768.0,32768.0,32768.0,32768.0,32768.0,32768.0,32768.0,32768.0,32768.0,32768.0,32768.0,32768.0,32768.0,32768.0,32768.0,32768.0,32768.0,32768.0,32768.0,32768.0,32768.0,32768.0,32768.0,32768.0,32768.0,32768.0,32768.0,32768.0,32768.0,32768.0,32768.0,32768.0,32768.0,32768.0,32768.0,32768.0,32768.0,32768.0,32768.0,32768.0,32768.0,32768.0,32768.0,32768.0,32768.0,32768.0,32768.0,32768.0,32768.0,32768.0,32768.0,32768.0,32768.0,32768.0,32768.0,32768.0,32768.0,32768.0,32768.0,32768.0,32768.0,32768.0,32768.0,32768.0,32768.0,32768.0,32768.0,32768.0,32768.0,32768.0,32768.0,32768.0,32768.0,32768.0,32768.0,32768.0,32768.0,32768.0,32768.0,32768.0,32768.0,32768.0,32768.0,32768.0,32768.0,32768.0,32768.0,32768.0,32768.0,32768.0,32768.0,32768.0,32768.0,32768.0,32768.0,32768.0,32768.0,32768.0,32768.0,32768.0,32768.0,32768.0,32768.0,32768.0,32768.0,32768.0,32768.0,32768.0,32768.0,32768.0,32768.0,32768.0,32768.0,32768.0,32768.0,32768.0,32768.0,32768.0,32768.0,32768.0,32768.0,32768.0,32768.0,32768.0,32768.0,32768.0,0.0,0.0,4194304.0,16377.0,0.0
248,0,1,695,695,32768,512,0,0,108,4,48,64,matmulbias_kernel,158974867322708,158974867348286,249,196,557955.0,1184.0,9222.0,0.0,8704.0,150016.0,0.0,0.0,45741707.0,45741707.0,1048576.0,0.0,0.0,4602915.0,0.0,2074.0,2080.0,2080.0,2080.0,2072.0,2066.0,2066.0,2066.0,2066.0,2066.0,2066.0,2098.0,2066.0,2066.0,2074.0,2074.0,2074.0,2074.0,2074.0,2074.0,2074.0,2074.0,2096.0,2072.0,2096.0,2098.0,2096.0,2096.0,2096.0,2096.0,2084.0,2096.0,2096.0,2096.0,2084.0,2068.0,2088.0,2090.0,2088.0,2074.0,2088.0,2088.0,2088.0,2078.0,2070.0,2070.0,2070.0,2070.0,2070.0,2070.0,2074.0,2070.0,2070.0,2074.0,2074.0,2074.0,2074.0,2074.0,2074.0,2074.0,2074.0,2074.0,2072.0,2096.0,2098.0,2096.0,2096.0,2096.0,2096.0,2084.0,2072.0,2096.0,2074.0,2098.0,2096.0,2096.0,2096.0,2096.0,2084.0,2074.0,2074.0,2074.0,2074.0,2074.0,2074.0,2074.0,2074.0,2074.0,2076.0,2104.0,2106.0,2104.0,2104.0,2104.0,2074.0,2104.0,2090.0,2078.0,2078.0,2078.0,2078.0,2078.0,2078.0,2078.0,2078.0,2074.0,2078.0,2078.0,2078.0,2078.0,2078.0,2078.0,2078.0,2078.0,2076.0,2104.0,2072.0,2106.0,2104.0,2104.0,2104.0,2104.0,2090.0,2064.0,2080.0,2082.0,2080.0,2096.0,1024.0,1024.0,1024.0,1024.0,1024.0,1024.0,1024.0,1024.0,1024.0,1024.0,1024.0,1024.0,1024.0,1024.0,1024.0,1024.0,1024.0,1024.0,1024.0,1024.0,1024.0,1024.0,1024.0,1024.0,1024.0,1024.0,1024.0,1024.0,1024.0,1024.0,1024.0,1024.0,1024.0,1024.0,1024.0,1024.0,1024.0,1024.0,1024.0,1024.0,1024.0,1024.0,1024.0,1024.0,1024.0,1024.0,1024.0,1024.0,1024.0,1024.0,1024.0,1024.0,1024.0,1024.0,1024.0,1024.0,1024.0,1024.0,1024.0,1024.0,1024.0,1024.0,1024.0,1024.0,1024.0,1024.0,1024.0,1024.0,1024.0,1024.0,1024.0,1024.0,1024.0,1024.0,1024.0,1024.0,1024.0,1024.0,1024.0,1024.0,1024.0,1024.0,1024.0,1024.0,1024.0,1024.0,1024.0,1024.0,1024.0,1024.0,1024.0,1024.0,1024.0,1024.0,1024.0,1024.0,1024.0,1024.0,1024.0,1024.0,1024.0,1024.0,1024.0,1024.0,1024.0,1024.0,1024.0,1024.0,1024.0,1024.0,1024.0,1024.0,1024.0,1024.0,1024.0,1024.0,1024.0,1024.0,1024.0,1024.0,1024.0,1024.0,1024.0,1024.0,1024.0,1024.0,1024.0,1024.0,0.0,0.0,131072.0,256.0,0.0
249,0,1,695,695,4194304,256,0,0,12,4,32,64,"void at::native::vectorized_elementwise_kernel<4, at::native::FillFunctor<int>, std::array<char*, 1ul> >(int, at::native::FillFunctor<int>, std::array<char*, 1ul>)",158974867772368,158974867814784,250,121,835451.0,1184.0,10442.0,0.0,131072.0,917504.0,65536.0,0.0,560343656.0,560343656.0,0.0,0.0,0.0,11094250.0,1835120.0,0.0,80.0,0.0,0.0,1.0,0.0,1.0,20.0,80.0,80.0,80.0,0.0,80.0,80.0,0.0,1.0,20.0,80.0,80.0,80.0,80.0,80.0,0.0,0.0,0.0,0.0,0.0,80.0,0.0,0.0,1.0,80.0,0.0,0.0,1.0,0.0,0.0,0.0,0.0,1.0,80.0,0.0,0.0,1.0,0.0,1.0,20.0,80.0,80.0,80.0,20.0,80.0,80.0,0.0,1.0,20.0,80.0,80.0,80.0,80.0,80.0,80.0,0.0,0.0,0.0,0.0,80.0,0.0,0.0,1.0,0.0,0.0,80.0,0.0,0.0,80.0,0.0,0.0,1.0,0.0,1.0,20.0,80.0,80.0,80.0,80.0,80.0,80.0,0.0,0.0,0.0,0.0,80.0,0.0,80.0,0.0,1.0,0.0,1.0,20.0,80.0,80.0,80.0,80.0,80.0,80.0,0.0,1.0,20.0,80.0,80.0,80.0,80.0,80.0,0.0,0.0,0.0,0.0,0.0,80.0,0.0,0.0,1.0,0.0,0.0,0.0,0.0,0.0,32768.0,32768.0,32768.0,32768.0,32768.0,32768.0,32768.0,32768.0,32768.0,32768.0,32768.0,32768.0,32768.0,32768.0,32768.0,32768.0,32768.0,32768.0,32768.0,32768.0,32768.0,32768.0,32768.0,32768.0,32768.0,32768.0,32768.0,32768.0,32768.0,32768.0,32768.0,32768.0,32768.0,32768.0,32768.0,32768.0,32768.0,32768.0,32768.0,32768.0,32768.0,32768.0,32768.0,32768.0,32768.0,32768.0,32768.0,32768.0,32768.0,32768.0,32768.0,32768.0,32768.0,32768.0,32768.0,32768.0,32768.0,32768.0,32768.0,32768.0,32768.0,32768.0,32768.0,32768.0,32768.0,32768.0,32768.0,32768.0,32768.0,32768.0,32768.0,32768.0,32768.0,32768.0,32768.0,32768.0,32768.0,32768.0,32768.0,32768.0,32768.0,32768.0,32768.0,32768.0,32768.0,32768.0,32768.0,32768.0,32768.0,32768.0,32768.0,32768.0,32768.0,32768.0,32768.0,32768.0,32768.0,32768.0,32768.0,32768.0,32768.0,32768.0,32768.0,32768.0,32768.0,32768.0,32768.0,32768.0,32768.0,32768.0,32768.0,32768.0,32768.0,32768.0,32768.0,32768.0,32768.0,32768.0,32768.0,32768.0,32768.0,32768.0,32768.0,32768.0,32768.0,32768.0,32768.0,32768.0,0.0,0.0,4194304.0,16379.0,0.0
250,0,1,695,695,32768,512,0,0,108,4,48,64,matmulbias_kernel,158974868229524,158974868255502,251,196,561684.0,1184.0,8189.0,0.0,8704.0,150016.0,0.0,0.0,47121488.0,47121488.0,1048576.0,0.0,0.0,4663632.0,0.0,2079.0,2088.0,2088.0,2088.0,2078.0,2071.0,2070.0,2070.0,2070.0,2070.0,2070.0,2105.0,2070.0,2070.0,2079.0,2078.0,2078.0,2078.0,2078.0,2078.0,2078.0,2078.0,2104.0,2076.0,2104.0,2105.0,2104.0,2104.0,2104.0,2104.0,2090.0,2104.0,2104.0,2104.0,2090.0,2076.0,2104.0,2105.0,2104.0,2078.0,2104.0,2104.0,2104.0,2090.0,2079.0,2078.0,2078.0,2078.0,2078.0,2078.0,2078.0,2078.0,2078.0,2079.0,2078.0,2078.0,2078.0,2078.0,2078.0,2078.0,2078.0,2078.0,2076.0,2104.0,2105.0,2104.0,2104.0,2104.0,2104.0,2090.0,2076.0,2104.0,2078.0,2105.0,2104.0,2104.0,2104.0,2104.0,2090.0,2079.0,2078.0,2078.0,2078.0,2078.0,2078.0,2078.0,2078.0,2078.0,2072.0,2096.0,2097.0,2096.0,2096.0,2096.0,2078.0,2096.0,2084.0,2075.0,2074.0,2074.0,2074.0,2074.0,2074.0,2074.0,2074.0,2078.0,2067.0,2066.0,2066.0,2066.0,2066.0,2066.0,2066.0,2066.0,2064.0,2080.0,2076.0,2081.0,2080.0,2080.0,2080.0,2080.0,2072.0,2068.0,2088.0,2089.0,2088.0,2104.0,1024.0,1024.0,1024.0,1024.0,1024.0,1024.0,1024.0,1024.0,1024.0,1024.0,1024.0,1024.0,1024.0,1024.0,1024.0,1024.0,1024.0,1024.0,1024.0,1024.0,1024.0,1024.0,1024.0,1024.0,1024.0,1024.0,1024.0,1024.0,1024.0,1024.0,1024.0,1024.0,1024.0,1024.0,1024.0,1024.0,1024.0,1024.0,1024.0,1024.0,1024.0,1024.0,1024.0,1024.0,1024.0,1024.0,1024.0,1024.0,1024.0,1024.0,1024.0,1024.0,1024.0,1024.0,1024.0,1024.0,1024.0,1024.0,1024.0,1024.0,1024.0,1024.0,1024.0,1024.0,1024.0,1024.0,1024.0,1024.0,1024.0,1024.0,1024.0,1024.0,1024.0,1024.0,1024.0,1024.0,1024.0,1024.0,1024.0,1024.0,1024.0,1024.0,1024.0,1024.0,1024.0,1024.0,1024.0,1024.0,1024.0,1024.0,1024.0,1024.0,1024.0,1024.0,1024.0,1024.0,1024.0,1024.0,1024.0,1024.0,1024.0,1024.0,1024.0,1024.0,1024.0,1024.0,1024.0,1024.0,1024.0,1024.0,1024.0,1024.0,1024.0,1024.0,1024.0,1024.0,1024.0,1024.0,1024.0,1024.0,1024.0,1024.0,1024.0,1024.0,1024.0,1024.0,1024.0,1024.0,0.0,0.0,131072.0,256.0,0.0
251,0,1,695,695,4194304,256,0,0,12,4,32,64,"void at::native::vectorized_elementwise_kernel<4, at::native::FillFunctor<int>, std::array<char*, 1ul> >(int, at::native::FillFunctor<int>, std::array<char*, 1ul>)",158974868690889,158974868733185,252,121,819813.0,1135.0,608.0,0.0,131072.0,917504.0,65536.0,0.0,555559375.0,555559375.0,0.0,0.0,0.0,11003090.0,1835120.0,0.0,80.0,0.0,0.0,0.0,0.0,20.0,0.0,80.0,80.0,80.0,0.0,80.0,80.0,0.0,20.0,0.0,80.0,80.0,80.0,80.0,80.0,0.0,0.0,0.0,0.0,0.0,80.0,0.0,0.0,0.0,80.0,0.0,0.0,0.0,0.0,0.0,0.0,0.0,20.0,80.0,0.0,0.0,0.0,0.0,20.0,0.0,80.0,80.0,80.0,0.0,80.0,80.0,0.0,20.0,0.0,80.0,80.0,80.0,80.0,80.0,80.0,0.0,0.0,0.0,0.0,80.0,0.0,0.0,0.0,0.0,0.0,80.0,0.0,0.0,80.0,0.0,0.0,0.0,0.0,20.0,0.0,80.0,80.0,80.0,80.0,80.0,80.0,0.0,0.0,0.0,0.0,80.0,0.0,80.0,0.0,0.0,0.0,20.0,0.0,80.0,80.0,80.0,80.0,80.0,80.0,0.0,20.0,0.0,80.0,80.0,80.0,80.0,80.0,0.0,0.0,0.0,0.0,0.0,80.0,0.0,0.0,0.0,0.0,0.0,0.0,0.0,0.0,32768.0,32768.0,32768.0,32768.0,32768.0,32768.0,32768.0,32768.0,32768.0,32768.0,32768.0,32768.0,32768.0,32768.0,32768.0,32768.0,32768.0,32768.0,32768.0,32768.0,32768.0,32768.0,32768.0,32768.0,32768.0,32768.0,32768.0,32768.0,32768.0,32768.0,32768.0,32768.0,32768.0,32768.0,32768.0,32768.0,32768.0,32768.0,32768.0,32768.0,32768.0,32768.0,32768.0,32768.0,32768.0,32768.0,32768.0,32768.0,32768.0,32768.0,32768.0,32768.0,32768.0,32768.0,32768.0,32768.0,32768.0,32768.0,32768.0,32768.0,32768.0,32768.0,32768.0,32768.0,32768.0,32768.0,32768.0,32768.0,32768.0,32768.0,32768.0,32768.0,32768.0,32768.0,32768.0,32768.0,32768.0,32768.0,32768.0,32768.0,32768.0,32768.0,32768.0,32768.0,32768.0,32768.0,32768.0,32768.0,32768.0,32768.0,32768.0,32768.0,32768.0,32768.0,32768.0,32768.0,32768.0,32768.0,32768.0,32768.0,32768.0,32768.0,32768.0,32768.0,32768.0,32768.0,32768.0,32768.0,32768.0,32768.0,32768.0,32768.0,32768.0,32768.0,32768.0,32768.0,32768.0,32768.0,32768.0,32768.0,32768.0,32768.0,32768.0,32768.0,32768.0,32768.0,32768.0,32768.0,0.0,0.0,4194304.0,16372.0,0.0
252,0,1,695,695,32768,512,0,0,108,4,48,64,matmulbias_kernel,158974869145520,158974869171379,253,196,552013.0,1184.0,8512.0,0.0,8704.0,150016.0,0.0,0.0,47568559.0,47568559.0,1048576.0,0.0,0.0,4723267.0,0.0,2074.0,2088.0,2088.0,2088.0,2078.0,2070.0,2070.0,2071.0,2070.0,2070.0,2070.0,2097.0,2070.0,2070.0,2070.0,2070.0,2071.0,2070.0,2070.0,2070.0,2070.0,2070.0,2096.0,2068.0,2088.0,2089.0,2088.0,2088.0,2088.0,2088.0,2078.0,2096.0,2096.0,2096.0,2084.0,2080.0,2112.0,2113.0,2112.0,2074.0,2112.0,2112.0,2112.0,2096.0,2082.0,2082.0,2083.0,2082.0,2082.0,2082.0,2075.0,2082.0,2082.0,2074.0,2074.0,2075.0,2074.0,2074.0,2074.0,2074.0,2074.0,2074.0,2072.0,2096.0,2097.0,2096.0,2096.0,2096.0,2096.0,2084.0,2072.0,2096.0,2074.0,2097.0,2096.0,2096.0,2096.0,2096.0,2084.0,2074.0,2074.0,2075.0,2074.0,2074.0,2074.0,2074.0,2074.0,2074.0,2072.0,2096.0,2097.0,2096.0,2096.0,2096.0,2074.0,2096.0,2084.0,2074.0,2074.0,2075.0,2074.0,2074.0,2074.0,2074.0,2074.0,2074.0,2070.0,2070.0,2071.0,2070.0,2070.0,2070.0,2070.0,2070.0,2068.0,2088.0,2072.0,2089.0,2088.0,2088.0,2088.0,2088.0,2078.0,2068.0,2088.0,2089.0,2088.0,2096.0,1024.0,1024.0,1024.0,1024.0,1024.0,1024.0,1024.0,1024.0,1024.0,1024.0,1024.0,1024.0,1024.0,1024.0,1024.0,1024.0,1024.0,1024.0,1024.0,1024.0,1024.0,1024.0,1024.0,1024.0,1024.0,1024.0,1024.0,1024.0,1024.0,1024.0,1024.0,1024.0,1024.0,1024.0,1024.0,1024.0,1024.0,1024.0,1024.0,1024.0,1024.0,1024.0,1024.0,1024.0,1024.0,1024.0,1024.0,1024.0,1024.0,1024.0,1024.0,1024.0,1024.0,1024.0,1024.0,1024.0,1024.0,1024.0,1024.0,1024.0,1024.0,1024.0,1024.0,1024.0,1024.0,1024.0,1024.0,1024.0,1024.0,1024.0,1024.0,1024.0,1024.0,1024.0,1024.0,1024.0,1024.0,1024.0,1024.0,1024.0,1024.0,1024.0,1024.0,1024.0,1024.0,1024.0,1024.0,1024.0,1024.0,1024.0,1024.0,1024.0,1024.0,1024.0,1024.0,1024.0,1024.0,1024.0,1024.0,1024.0,1024.0,1024.0,1024.0,1024.0,1024.0,1024.0,1024.0,1024.0,1024.0,1024.0,1024.0,1024.0,1024.0,1024.0,1024.0,1024.0,1024.0,1024.0,1024.0,1024.0,1024.0,1024.0,1024.0,1024.0,1024.0,1024.0,1024.0,1024.0,0.0,0.0,131072.0,256.0,0.0
253,0,1,695,695,4194304,256,0,0,12,4,32,64,"void at::native::vectorized_elementwise_kernel<4, at::native::FillFunctor<int>, std::array<char*, 1ul> >(int, at::native::FillFunctor<int>, std::array<char*, 1ul>)",158974869592615,158974869635231,254,121,821739.0,1184.0,608.0,0.0,131072.0,917504.0,65536.0,0.0,558676873.0,558676873.0,0.0,0.0,0.0,11056249.0,1835120.0,20.0,80.0,0.0,0.0,0.0,20.0,0.0,0.0,80.0,80.0,80.0,0.0,80.0,80.0,20.0,0.0,0.0,80.0,80.0,80.0,80.0,80.0,0.0,0.0,0.0,0.0,0.0,80.0,0.0,0.0,0.0,80.0,0.0,0.0,0.0,0.0,0.0,0.0,0.0,0.0,80.0,0.0,0.0,0.0,20.0,0.0,0.0,80.0,80.0,80.0,0.0,80.0,80.0,20.0,0.0,0.0,80.0,80.0,80.0,80.0,80.0,80.0,0.0,0.0,0.0,0.0,80.0,0.0,0.0,0.0,0.0,0.0,80.0,0.0,0.0,80.0,0.0,0.0,0.0,20.0,0.0,0.0,80.0,80.0,80.0,80.0,80.0,80.0,0.0,0.0,0.0,0.0,80.0,0.0,80.0,0.0,0.0,20.0,0.0,0.0,80.0,80.0,80.0,80.0,80.0,80.0,20.0,0.0,0.0,80.0,80.0,80.0,80.0,80.0,0.0,0.0,0.0,0.0,0.0,80.0,0.0,0.0,0.0,0.0,0.0,0.0,0.0,0.0,32768.0,32768.0,32768.0,32768.0,32768.0,32768.0,32768.0,32768.0,32768.0,32768.0,32768.0,32768.0,32768.0,32768.0,32768.0,32768.0,32768.0,32768.0,32768.0,32768.0,32768.0,32768.0,32768.0,32768.0,32768.0,32768.0,32768.0,32768.0,32768.0,32768.0,32768.0,32768.0,32768.0,32768.0,32768.0,32768.0,32768.0,32768.0,32768.0,32768.0,32768.0,32768.0,32768.0,32768.0,32768.0,32768.0,32768.0,32768.0,32768.0,32768.0,32768.0,32768.0,32768.0,32768.0,32768.0,32768.0,32768.0,32768.0,32768.0,32768.0,32768.0,32768.0,32768.0,32768.0,32768.0,32768.0,32768.0,32768.0,32768.0,32768.0,32768.0,32768.0,32768.0,32768.0,32768.0,32768.0,32768.0,32768.0,32768.0,32768.0,32768.0,32768.0,32768.0,32768.0,32768.0,32768.0,32768.0,32768.0,32768.0,32768.0,32768.0,32768.0,32768.0,32768.0,32768.0,32768.0,32768.0,32768.0,32768.0,32768.0,32768.0,32768.0,32768.0,32768.0,32768.0,32768.0,32768.0,32768.0,32768.0,32768.0,32768.0,32768.0,32768.0,32768.0,32768.0,32768.0,32768.0,32768.0,32768.0,32768.0,32768.0,32768.0,32768.0,32768.0,32768.0,32768.0,32768.0,32768.0,0.0,0.0,4194304.0,16381.0,0.0
254,0,1,695,695,32768,512,0,0,108,4,48,64,matmulbias_kernel,158974870054983,158974870080521,255,196,537047.0,1273.0,9641.0,0.0,8704.0,150016.0,0.0,0.0,47002030.0,47002030.0,1048576.0,0.0,0.0,4596435.0,0.0,2074.0,2088.0,2088.0,2088.0,2078.0,2070.0,2070.0,2070.0,2070.0,2071.0,2070.0,2097.0,2070.0,2070.0,2078.0,2078.0,2078.0,2078.0,2079.0,2078.0,2078.0,2078.0,2096.0,2076.0,2104.0,2105.0,2104.0,2104.0,2104.0,2104.0,2090.0,2096.0,2096.0,2096.0,2084.0,2076.0,2104.0,2105.0,2104.0,2074.0,2104.0,2104.0,2104.0,2090.0,2078.0,2078.0,2078.0,2078.0,2079.0,2078.0,2074.0,2078.0,2078.0,2074.0,2074.0,2074.0,2074.0,2075.0,2074.0,2074.0,2074.0,2074.0,2072.0,2096.0,2097.0,2096.0,2096.0,2096.0,2096.0,2084.0,2072.0,2096.0,2075.0,2097.0,2096.0,2096.0,2096.0,2096.0,2084.0,2074.0,2074.0,2074.0,2074.0,2074.0,2075.0,2074.0,2074.0,2074.0,2076.0,2104.0,2105.0,2104.0,2104.0,2104.0,2074.0,2104.0,2090.0,2078.0,2078.0,2078.0,2078.0,2079.0,2078.0,2078.0,2078.0,2074.0,2070.0,2070.0,2070.0,2070.0,2071.0,2070.0,2070.0,2070.0,2068.0,2088.0,2072.0,2089.0,2088.0,2088.0,2088.0,2088.0,2078.0,2068.0,2088.0,2089.0,2088.0,2096.0,1024.0,1024.0,1024.0,1024.0,1024.0,1024.0,1024.0,1024.0,1024.0,1024.0,1024.0,1024.0,1024.0,1024.0,1024.0,1024.0,1024.0,1024.0,1024.0,1024.0,1024.0,1024.0,1024.0,1024.0,1024.0,1024.0,1024.0,1024.0,1024.0,1024.0,1024.0,1024.0,1024.0,1024.0,1024.0,1024.0,1024.0,1024.0,1024.0,1024.0,1024.0,1024.0,1024.0,1024.0,1024.0,1024.0,1024.0,1024.0,1024.0,1024.0,1024.0,1024.0,1024.0,1024.0,1024.0,1024.0,1024.0,1024.0,1024.0,1024.0,1024.0,1024.0,1024.0,1024.0,1024.0,1024.0,1024.0,1024.0,1024.0,1024.0,1024.0,1024.0,1024.0,1024.0,1024.0,1024.0,1024.0,1024.0,1024.0,1024.0,1024.0,1024.0,1024.0,1024.0,1024.0,1024.0,1024.0,1024.0,1024.0,1024.0,1024.0,1024.0,1024.0,1024.0,1024.0,1024.0,1024.0,1024.0,1024.0,1024.0,1024.0,1024.0,1024.0,1024.0,1024.0,1024.0,1024.0,1024.0,1024.0,1024.0,1024.0,1024.0,1024.0,1024.0,1024.0,1024.0,1024.0,1024.0,1024.0,1024.0,1024.0,1024.0,1024.0,1024.0,1024.0,1024.0,1024.0,1024.0,0.0,0.0,131072.0,256.0,0.0
255,0,1,695,695,4194304,256,0,0,12,4,32,64,"void at::native::vectorized_elementwise_kernel<4, at::native::FillFunctor<int>, std::array<char*, 1ul> >(int, at::native::FillFunctor<int>, std::array<char*, 1ul>)",158974870495663,158974870537799,256,121,812530.0,1184.0,608.0,0.0,131072.0,917504.0,65536.0,0.0,555938002.0,555938002.0,0.0,0.0,0.0,11013941.0,1835120.0,0.0,80.0,0.0,0.0,0.0,0.0,0.0,0.0,80.0,80.0,80.0,0.0,80.0,80.0,0.0,0.0,0.0,80.0,80.0,80.0,80.0,80.0,20.0,0.0,0.0,0.0,20.0,80.0,0.0,0.0,0.0,80.0,0.0,0.0,0.0,0.0,0.0,0.0,20.0,0.0,80.0,0.0,0.0,0.0,0.0,0.0,0.0,80.0,80.0,80.0,0.0,80.0,80.0,0.0,0.0,0.0,80.0,80.0,80.0,80.0,80.0,80.0,0.0,0.0,0.0,20.0,80.0,0.0,0.0,0.0,0.0,0.0,80.0,0.0,20.0,80.0,0.0,0.0,0.0,0.0,0.0,0.0,80.0,80.0,80.0,80.0,80.0,80.0,0.0,0.0,0.0,20.0,80.0,0.0,80.0,0.0,0.0,0.0,0.0,0.0,80.0,80.0,80.0,80.0,80.0,80.0,0.0,0.0,0.0,80.0,80.0,80.0,80.0,80.0,0.0,0.0,0.0,0.0,20.0,80.0,0.0,0.0,0.0,0.0,0.0,0.0,20.0,0.0,32768.0,32768.0,32768.0,32768.0,32768.0,32768.0,32768.0,32768.0,32768.0,32768.0,32768.0,32768.0,32768.0,32768.0,32768.0,32768.0,32768.0,32768.0,32768.0,32768.0,32768.0,32768.0,32768.0,32768.0,32768.0,32768.0,32768.0,32768.0,32768.0,32768.0,32768.0,32768.0,32768.0,32768.0,32768.0,32768.0,32768.0,32768.0,32768.0,32768.0,32768.0,32768.0,32768.0,32768.0,32768.0,32768.0,32768.0,32768.0,32768.0,32768.0,32768.0,32768.0,32768.0,32768.0,32768.0,32768.0,32768.0,32768.0,32768.0,32768.0,32768.0,32768.0,32768.0,32768.0,32768.0,32768.0,32768.0,32768.0,32768.0,32768.0,32768.0,32768.0,32768.0,32768.0,32768.0,32768.0,32768.0,32768.0,32768.0,32768.0,32768.0,32768.0,32768.0,32768.0,32768.0,32768.0,32768.0,32768.0,32768.0,32768.0,32768.0,32768.0,32768.0,32768.0,32768.0,32768.0,32768.0,32768.0,32768.0,32768.0,32768.0,32768.0,32768.0,32768.0,32768.0,32768.0,32768.0,32768.0,32768.0,32768.0,32768.0,32768.0,32768.0,32768.0,32768.0,32768.0,32768.0,32768.0,32768.0,32768.0,32768.0,32768.0,32768.0,32768.0,32768.0,32768.0,32768.0,32768.0,0.0,0.0,4194304.0,16370.0,0.0
256,0,1,695,695,32768,512,0,0,108,4,48,64,matmulbias_kernel,158974870948811,158974870974229,257,196,540413.0,1184.0,7926.0,0.0,8704.0,150016.0,0.0,0.0,45701562.0,45701562.0,1048576.0,0.0,0.0,4580160.0,0.0,2070.0,2088.0,2088.0,2088.0,2079.0,2070.0,2070.0,2070.0,2071.0,2070.0,2070.0,2088.0,2070.0,2070.0,2078.0,2078.0,2078.0,2079.0,2078.0,2078.0,2078.0,2078.0,2088.0,2076.0,2104.0,2104.0,2104.0,2104.0,2104.0,2104.0,2091.0,2088.0,2088.0,2088.0,2079.0,2068.0,2088.0,2088.0,2088.0,2070.0,2088.0,2088.0,2088.0,2079.0,2070.0,2070.0,2070.0,2071.0,2070.0,2070.0,2070.0,2070.0,2070.0,2082.0,2082.0,2082.0,2083.0,2082.0,2082.0,2082.0,2082.0,2071.0,2080.0,2112.0,2112.0,2112.0,2112.0,2112.0,2112.0,2097.0,2076.0,2104.0,2070.0,2104.0,2104.0,2104.0,2104.0,2104.0,2091.0,2078.0,2078.0,2078.0,2079.0,2070.0,2078.0,2078.0,2078.0,2078.0,2076.0,2104.0,2104.0,2104.0,2104.0,2104.0,2070.0,2104.0,2091.0,2078.0,2078.0,2078.0,2079.0,2078.0,2078.0,2078.0,2078.0,2070.0,2082.0,2082.0,2082.0,2083.0,2082.0,2082.0,2082.0,2082.0,2080.0,2112.0,2068.0,2112.0,2112.0,2112.0,2112.0,2112.0,2097.0,2068.0,2088.0,2088.0,2088.0,2088.0,1024.0,1024.0,1024.0,1024.0,1024.0,1024.0,1024.0,1024.0,1024.0,1024.0,1024.0,1024.0,1024.0,1024.0,1024.0,1024.0,1024.0,1024.0,1024.0,1024.0,1024.0,1024.0,1024.0,1024.0,1024.0,1024.0,1024.0,1024.0,1024.0,1024.0,1024.0,1024.0,1024.0,1024.0,1024.0,1024.0,1024.0,1024.0,1024.0,1024.0,1024.0,1024.0,1024.0,1024.0,1024.0,1024.0,1024.0,1024.0,1024.0,1024.0,1024.0,1024.0,1024.0,1024.0,1024.0,1024.0,1024.0,1024.0,1024.0,1024.0,1024.0,1024.0,1024.0,1024.0,1024.0,1024.0,1024.0,1024.0,1024.0,1024.0,1024.0,1024.0,1024.0,1024.0,1024.0,1024.0,1024.0,1024.0,1024.0,1024.0,1024.0,1024.0,1024.0,1024.0,1024.0,1024.0,1024.0,1024.0,1024.0,1024.0,1024.0,1024.0,1024.0,1024.0,1024.0,1024.0,1024.0,1024.0,1024.0,1024.0,1024.0,1024.0,1024.0,1024.0,1024.0,1024.0,1024.0,1024.0,1024.0,1024.0,1024.0,1024.0,1024.0,1024.0,1024.0,1024.0,1024.0,1024.0,1024.0,1024.0,1024.0,1024.0,1024.0,1024.0,1024.0,1024.0,1024.0,1024.0,0.0,0.0,131072.0,256.0,0.0
257,0,1,695,695,4194304,256,0,0,12,4,32,64,"void at::native::vectorized_elementwise_kernel<4, at::native::FillFunctor<int>, std::array<char*, 1ul> >(int, at::native::FillFunctor<int>, std::array<char*, 1ul>)",158974871396226,158974871438362,258,121,823160.0,1184.0,7968.0,0.0,131072.0,917504.0,65536.0,0.0,556935312.0,556935312.0,0.0,0.0,0.0,11044292.0,1835120.0,0.0,80.0,0.0,0.0,0.0,0.0,0.0,0.0,80.0,80.0,80.0,21.0,81.0,80.0,0.0,0.0,0.0,80.0,80.0,80.0,81.0,80.0,0.0,0.0,0.0,21.0,0.0,80.0,0.0,0.0,0.0,80.0,0.0,0.0,0.0,0.0,0.0,21.0,0.0,0.0,80.0,0.0,0.0,0.0,0.0,0.0,0.0,80.0,80.0,80.0,0.0,81.0,80.0,0.0,0.0,0.0,80.0,80.0,80.0,81.0,80.0,80.0,0.0,0.0,21.0,0.0,80.0,0.0,0.0,0.0,0.0,0.0,80.0,21.0,0.0,80.0,0.0,0.0,0.0,0.0,0.0,0.0,80.0,80.0,80.0,80.0,81.0,80.0,0.0,0.0,21.0,0.0,80.0,0.0,81.0,0.0,0.0,0.0,0.0,0.0,80.0,80.0,80.0,81.0,80.0,80.0,0.0,0.0,0.0,80.0,80.0,80.0,81.0,80.0,0.0,0.0,0.0,21.0,0.0,80.0,0.0,0.0,0.0,0.0,0.0,21.0,0.0,0.0,32768.0,32768.0,32768.0,32768.0,32768.0,32768.0,32768.0,32768.0,32768.0,32768.0,32768.0,32768.0,32768.0,32768.0,32768.0,32768.0,32768.0,32768.0,32768.0,32768.0,32768.0,32768.0,32768.0,32768.0,32768.0,32768.0,32768.0,32768.0,32768.0,32768.0,32768.0,32768.0,32768.0,32768.0,32768.0,32768.0,32768.0,32768.0,32768.0,32768.0,32768.0,32768.0,32768.0,32768.0,32768.0,32768.0,32768.0,32768.0,32768.0,32768.0,32768.0,32768.0,32768.0,32768.0,32768.0,32768.0,32768.0,32768.0,32768.0,32768.0,32768.0,32768.0,32768.0,32768.0,32768.0,32768.0,32768.0,32768.0,32768.0,32768.0,32768.0,32768.0,32768.0,32768.0,32768.0,32768.0,32768.0,32768.0,32768.0,32768.0,32768.0,32768.0,32768.0,32768.0,32768.0,32768.0,32768.0,32768.0,32768.0,32768.0,32768.0,32768.0,32768.0,32768.0,32768.0,32768.0,32768.0,32768.0,32768.0,32768.0,32768.0,32768.0,32768.0,32768.0,32768.0,32768.0,32768.0,32768.0,32768.0,32768.0,32768.0,32768.0,32768.0,32768.0,32768.0,32768.0,32768.0,32768.0,32768.0,32768.0,32768.0,32768.0,32768.0,32768.0,32768.0,32768.0,32768.0,32768.0,0.0,0.0,4194304.0,16377.0,0.0
258,0,1,695,695,32768,512,0,0,108,4,48,64,matmulbias_kernel,158974871855949,158974871881447,259,196,528605.0,1184.0,608.0,0.0,8704.0,150016.0,0.0,0.0,45848407.0,45848407.0,1048576.0,0.0,0.0,4605684.0,0.0,2074.0,2088.0,2088.0,2088.0,2078.0,2070.0,2070.0,2070.0,2070.0,2070.0,2070.0,2096.0,2070.0,2070.0,2074.0,2074.0,2074.0,2074.0,2074.0,2074.0,2074.0,2074.0,2096.0,2072.0,2096.0,2096.0,2096.0,2096.0,2096.0,2096.0,2084.0,2096.0,2096.0,2096.0,2084.0,2076.0,2104.0,2104.0,2104.0,2074.0,2104.0,2104.0,2104.0,2090.0,2078.0,2078.0,2078.0,2078.0,2078.0,2078.0,2074.0,2078.0,2078.0,2074.0,2074.0,2074.0,2074.0,2074.0,2074.0,2074.0,2074.0,2074.0,2072.0,2096.0,2096.0,2096.0,2096.0,2096.0,2096.0,2084.0,2072.0,2096.0,2074.0,2096.0,2096.0,2096.0,2096.0,2096.0,2084.0,2074.0,2074.0,2074.0,2074.0,2074.0,2074.0,2074.0,2074.0,2074.0,2072.0,2096.0,2096.0,2096.0,2096.0,2096.0,2074.0,2096.0,2084.0,2074.0,2074.0,2074.0,2074.0,2074.0,2074.0,2074.0,2074.0,2074.0,2070.0,2070.0,2070.0,2070.0,2070.0,2070.0,2070.0,2070.0,2068.0,2088.0,2072.0,2088.0,2088.0,2088.0,2088.0,2088.0,2078.0,2068.0,2088.0,2088.0,2088.0,2096.0,1024.0,1024.0,1024.0,1024.0,1024.0,1024.0,1024.0,1024.0,1024.0,1024.0,1024.0,1024.0,1024.0,1024.0,1024.0,1024.0,1024.0,1024.0,1024.0,1024.0,1024.0,1024.0,1024.0,1024.0,1024.0,1024.0,1024.0,1024.0,1024.0,1024.0,1024.0,1024.0,1024.0,1024.0,1024.0,1024.0,1024.0,1024.0,1024.0,1024.0,1024.0,1024.0,1024.0,1024.0,1024.0,1024.0,1024.0,1024.0,1024.0,1024.0,1024.0,1024.0,1024.0,1024.0,1024.0,1024.0,1024.0,1024.0,1024.0,1024.0,1024.0,1024.0,1024.0,1024.0,1024.0,1024.0,1024.0,1024.0,1024.0,1024.0,1024.0,1024.0,1024.0,1024.0,1024.0,1024.0,1024.0,1024.0,1024.0,1024.0,1024.0,1024.0,1024.0,1024.0,1024.0,1024.0,1024.0,1024.0,1024.0,1024.0,1024.0,1024.0,1024.0,1024.0,1024.0,1024.0,1024.0,1024.0,1024.0,1024.0,1024.0,1024.0,1024.0,1024.0,1024.0,1024.0,1024.0,1024.0,1024.0,1024.0,1024.0,1024.0,1024.0,1024.0,1024.0,1024.0,1024.0,1024.0,1024.0,1024.0,1024.0,1024.0,1024.0,1024.0,1024.0,1024.0,1024.0,1024.0,0.0,0.0,131072.0,256.0,0.0
259,0,1,695,695,4194304,256,0,0,12,4,32,64,"void at::native::vectorized_elementwise_kernel<4, at::native::FillFunctor<int>, std::array<char*, 1ul> >(int, at::native::FillFunctor<int>, std::array<char*, 1ul>)",158974872307012,158974872349348,260,121,820880.0,1184.0,8615.0,0.0,131072.0,917504.0,65536.0,0.0,557677760.0,557677760.0,0.0,0.0,0.0,11039327.0,1835120.0,0.0,81.0,0.0,0.0,0.0,0.0,0.0,0.0,80.0,80.0,80.0,1.0,80.0,80.0,0.0,0.0,0.0,80.0,80.0,80.0,80.0,80.0,0.0,0.0,20.0,1.0,0.0,81.0,0.0,0.0,0.0,81.0,0.0,0.0,0.0,0.0,20.0,1.0,0.0,0.0,81.0,0.0,0.0,0.0,0.0,0.0,0.0,80.0,80.0,80.0,0.0,80.0,80.0,0.0,0.0,0.0,80.0,80.0,80.0,80.0,80.0,80.0,0.0,20.0,1.0,0.0,81.0,0.0,0.0,0.0,0.0,20.0,80.0,1.0,0.0,81.0,0.0,0.0,0.0,0.0,0.0,0.0,80.0,80.0,80.0,80.0,80.0,80.0,0.0,20.0,1.0,0.0,81.0,0.0,80.0,0.0,0.0,0.0,0.0,0.0,80.0,80.0,80.0,80.0,80.0,80.0,0.0,0.0,0.0,80.0,80.0,80.0,80.0,80.0,0.0,20.0,0.0,1.0,0.0,81.0,0.0,0.0,0.0,0.0,20.0,1.0,0.0,20.0,32768.0,32768.0,32768.0,32768.0,32768.0,32768.0,32768.0,32768.0,32768.0,32768.0,32768.0,32768.0,32768.0,32768.0,32768.0,32768.0,32768.0,32768.0,32768.0,32768.0,32768.0,32768.0,32768.0,32768.0,32768.0,32768.0,32768.0,32768.0,32768.0,32768.0,32768.0,32768.0,32768.0,32768.0,32768.0,32768.0,32768.0,32768.0,32768.0,32768.0,32768.0,32768.0,32768.0,32768.0,32768.0,32768.0,32768.0,32768.0,32768.0,32768.0,32768.0,32768.0,32768.0,32768.0,32768.0,32768.0,32768.0,32768.0,32768.0,32768.0,32768.0,32768.0,32768.0,32768.0,32768.0,32768.0,32768.0,32768.0,32768.0,32768.0,32768.0,32768.0,32768.0,32768.0,32768.0,32768.0,32768.0,32768.0,32768.0,32768.0,32768.0,32768.0,32768.0,32768.0,32768.0,32768.0,32768.0,32768.0,32768.0,32768.0,32768.0,32768.0,32768.0,32768.0,32768.0,32768.0,32768.0,32768.0,32768.0,32768.0,32768.0,32768.0,32768.0,32768.0,32768.0,32768.0,32768.0,32768.0,32768.0,32768.0,32768.0,32768.0,32768.0,32768.0,32768.0,32768.0,32768.0,32768.0,32768.0,32768.0,32768.0,32768.0,32768.0,32768.0,32768.0,32768.0,32768.0,32768.0,0.0,0.0,4194304.0,16377.0,0.0
260,0,1,695,695,32768,512,0,0,108,4,48,64,matmulbias_kernel,158974872757955,158974872783573,261,196,548027.0,1184.0,7938.0,0.0,8704.0,150016.0,0.0,0.0,46450872.0,46450872.0,1048576.0,0.0,0.0,4631178.0,0.0,2078.0,2096.0,2096.0,2096.0,2085.0,2074.0,2075.0,2074.0,2074.0,2074.0,2074.0,2104.0,2074.0,2074.0,2074.0,2075.0,2074.0,2074.0,2074.0,2074.0,2074.0,2074.0,2104.0,2072.0,2096.0,2096.0,2096.0,2096.0,2096.0,2096.0,2085.0,2104.0,2104.0,2104.0,2091.0,2072.0,2096.0,2096.0,2096.0,2079.0,2096.0,2096.0,2096.0,2085.0,2074.0,2075.0,2074.0,2074.0,2074.0,2074.0,2078.0,2074.0,2074.0,2074.0,2075.0,2074.0,2074.0,2074.0,2074.0,2074.0,2074.0,2078.0,2072.0,2096.0,2096.0,2096.0,2096.0,2096.0,2096.0,2085.0,2072.0,2096.0,2078.0,2096.0,2096.0,2096.0,2096.0,2096.0,2085.0,2074.0,2075.0,2074.0,2074.0,2078.0,2074.0,2074.0,2074.0,2074.0,2076.0,2104.0,2104.0,2104.0,2104.0,2104.0,2078.0,2104.0,2091.0,2078.0,2079.0,2078.0,2078.0,2078.0,2078.0,2078.0,2078.0,2078.0,2070.0,2071.0,2070.0,2070.0,2070.0,2070.0,2070.0,2070.0,2068.0,2088.0,2076.0,2088.0,2088.0,2088.0,2088.0,2088.0,2079.0,2072.0,2096.0,2096.0,2096.0,2104.0,1024.0,1024.0,1024.0,1024.0,1024.0,1024.0,1024.0,1024.0,1024.0,1024.0,1024.0,1024.0,1024.0,1024.0,1024.0,1024.0,1024.0,1024.0,1024.0,1024.0,1024.0,1024.0,1024.0,1024.0,1024.0,1024.0,1024.0,1024.0,1024.0,1024.0,1024.0,1024.0,1024.0,1024.0,1024.0,1024.0,1024.0,1024.0,1024.0,1024.0,1024.0,1024.0,1024.0,1024.0,1024.0,1024.0,1024.0,1024.0,1024.0,1024.0,1024.0,1024.0,1024.0,1024.0,1024.0,1024.0,1024.0,1024.0,1024.0,1024.0,1024.0,1024.0,1024.0,1024.0,1024.0,1024.0,1024.0,1024.0,1024.0,1024.0,1024.0,1024.0,1024.0,1024.0,1024.0,1024.0,1024.0,1024.0,1024.0,1024.0,1024.0,1024.0,1024.0,1024.0,1024.0,1024.0,1024.0,1024.0,1024.0,1024.0,1024.0,1024.0,1024.0,1024.0,1024.0,1024.0,1024.0,1024.0,1024.0,1024.0,1024.0,1024.0,1024.0,1024.0,1024.0,1024.0,1024.0,1024.0,1024.0,1024.0,1024.0,1024.0,1024.0,1024.0,1024.0,1024.0,1024.0,1024.0,1024.0,1024.0,1024.0,1024.0,1024.0,1024.0,1024.0,1024.0,1024.0,1024.0,0.0,0.0,131072.0,256.0,0.0
261,0,1,695,695,4194304,256,0,0,12,4,32,64,"void at::native::vectorized_elementwise_kernel<4, at::native::FillFunctor<int>, std::array<char*, 1ul> >(int, at::native::FillFunctor<int>, std::array<char*, 1ul>)",158974873206813,158974873249149,262,121,904471.0,1184.0,7971.0,0.0,131072.0,917504.0,65536.0,0.0,556147773.0,556147773.0,0.0,0.0,0.0,11023098.0,1835120.0,0.0,80.0,0.0,1.0,0.0,0.0,0.0,0.0,80.0,80.0,80.0,1.0,80.0,80.0,0.0,0.0,0.0,80.0,80.0,80.0,80.0,80.0,0.0,20.0,0.0,1.0,0.0,80.0,0.0,1.0,0.0,80.0,0.0,1.0,0.0,20.0,0.0,1.0,0.0,0.0,80.0,0.0,1.0,0.0,0.0,0.0,0.0,80.0,80.0,80.0,0.0,80.0,80.0,0.0,0.0,0.0,80.0,80.0,80.0,80.0,80.0,80.0,20.0,0.0,1.0,0.0,80.0,0.0,1.0,0.0,20.0,0.0,80.0,1.0,0.0,80.0,0.0,1.0,0.0,0.0,0.0,0.0,80.0,80.0,80.0,80.0,80.0,80.0,20.0,0.0,1.0,0.0,80.0,0.0,80.0,1.0,0.0,0.0,0.0,0.0,80.0,80.0,80.0,80.0,80.0,80.0,0.0,0.0,0.0,80.0,80.0,80.0,80.0,80.0,20.0,0.0,20.0,1.0,0.0,80.0,0.0,1.0,0.0,20.0,0.0,1.0,0.0,0.0,32768.0,32768.0,32768.0,32768.0,32768.0,32768.0,32768.0,32768.0,32768.0,32768.0,32768.0,32768.0,32768.0,32768.0,32768.0,32768.0,32768.0,32768.0,32768.0,32768.0,32768.0,32768.0,32768.0,32768.0,32768.0,32768.0,32768.0,32768.0,32768.0,32768.0,32768.0,32768.0,32768.0,32768.0,32768.0,32768.0,32768.0,32768.0,32768.0,32768.0,32768.0,32768.0,32768.0,32768.0,32768.0,32768.0,32768.0,32768.0,32768.0,32768.0,32768.0,32768.0,32768.0,32768.0,32768.0,32768.0,32768.0,32768.0,32768.0,32768.0,32768.0,32768.0,32768.0,32768.0,32768.0,32768.0,32768.0,32768.0,32768.0,32768.0,32768.0,32768.0,32768.0,32768.0,32768.0,32768.0,32768.0,32768.0,32768.0,32768.0,32768.0,32768.0,32768.0,32768.0,32768.0,32768.0,32768.0,32768.0,32768.0,32768.0,32768.0,32768.0,32768.0,32768.0,32768.0,32768.0,32768.0,32768.0,32768.0,32768.0,32768.0,32768.0,32768.0,32768.0,32768.0,32768.0,32768.0,32768.0,32768.0,32768.0,32768.0,32768.0,32768.0,32768.0,32768.0,32768.0,32768.0,32768.0,32768.0,32768.0,32768.0,32768.0,32768.0,32768.0,32768.0,32768.0,32768.0,32768.0,0.0,0.0,4194304.0,16376.0,0.0
262,0,1,695,695,32768,512,0,0,108,4,48,64,matmulbias_kernel,158974873674073,158974873699852,263,196,542531.0,1273.0,608.0,0.0,8704.0,150016.0,0.0,0.0,46581373.0,46581373.0,1048576.0,0.0,0.0,4611679.0,0.0,2070.0,2096.0,2096.0,2096.0,2084.0,2074.0,2074.0,2074.0,2074.0,2074.0,2074.0,2088.0,2074.0,2074.0,2066.0,2066.0,2066.0,2066.0,2066.0,2066.0,2066.0,2066.0,2088.0,2064.0,2080.0,2080.0,2080.0,2080.0,2080.0,2080.0,2072.0,2088.0,2088.0,2088.0,2078.0,2072.0,2096.0,2096.0,2096.0,2070.0,2096.0,2096.0,2096.0,2084.0,2074.0,2074.0,2074.0,2074.0,2074.0,2074.0,2070.0,2074.0,2074.0,2078.0,2078.0,2078.0,2078.0,2078.0,2078.0,2078.0,2078.0,2070.0,2076.0,2104.0,2104.0,2104.0,2104.0,2104.0,2104.0,2090.0,2080.0,2112.0,2070.0,2112.0,2112.0,2112.0,2112.0,2112.0,2096.0,2082.0,2082.0,2082.0,2082.0,2070.0,2082.0,2082.0,2082.0,2082.0,2076.0,2104.0,2104.0,2104.0,2104.0,2104.0,2070.0,2104.0,2090.0,2078.0,2078.0,2078.0,2078.0,2078.0,2078.0,2078.0,2078.0,2070.0,2074.0,2074.0,2074.0,2074.0,2074.0,2074.0,2074.0,2074.0,2072.0,2096.0,2068.0,2096.0,2096.0,2096.0,2096.0,2096.0,2084.0,2072.0,2096.0,2096.0,2096.0,2088.0,1024.0,1024.0,1024.0,1024.0,1024.0,1024.0,1024.0,1024.0,1024.0,1024.0,1024.0,1024.0,1024.0,1024.0,1024.0,1024.0,1024.0,1024.0,1024.0,1024.0,1024.0,1024.0,1024.0,1024.0,1024.0,1024.0,1024.0,1024.0,1024.0,1024.0,1024.0,1024.0,1024.0,1024.0,1024.0,1024.0,1024.0,1024.0,1024.0,1024.0,1024.0,1024.0,1024.0,1024.0,1024.0,1024.0,1024.0,1024.0,1024.0,1024.0,1024.0,1024.0,1024.0,1024.0,1024.0,1024.0,1024.0,1024.0,1024.0,1024.0,1024.0,1024.0,1024.0,1024.0,1024.0,1024.0,1024.0,1024.0,1024.0,1024.0,1024.0,1024.0,1024.0,1024.0,1024.0,1024.0,1024.0,1024.0,1024.0,1024.0,1024.0,1024.0,1024.0,1024.0,1024.0,1024.0,1024.0,1024.0,1024.0,1024.0,1024.0,1024.0,1024.0,1024.0,1024.0,1024.0,1024.0,1024.0,1024.0,1024.0,1024.0,1024.0,1024.0,1024.0,1024.0,1024.0,1024.0,1024.0,1024.0,1024.0,1024.0,1024.0,1024.0,1024.0,1024.0,1024.0,1024.0,1024.0,1024.0,1024.0,1024.0,1024.0,1024.0,1024.0,1024.0,1024.0,1024.0,1024.0,0.0,0.0,131072.0,256.0,0.0
263,0,1,695,695,4194304,256,0,0,12,4,32,64,"void at::native::vectorized_elementwise_kernel<4, at::native::FillFunctor<int>, std::array<char*, 1ul> >(int, at::native::FillFunctor<int>, std::array<char*, 1ul>)",158974874125898,158974874168555,264,121,829823.0,1184.0,8695.0,0.0,131072.0,917504.0,65536.0,0.0,556236738.0,556236738.0,0.0,0.0,0.0,11003193.0,1835120.0,0.0,80.0,0.0,0.0,20.0,0.0,0.0,0.0,80.0,80.0,80.0,1.0,80.0,80.0,0.0,0.0,0.0,80.0,80.0,80.0,80.0,80.0,0.0,1.0,0.0,1.0,0.0,80.0,0.0,0.0,20.0,80.0,0.0,0.0,20.0,1.0,0.0,1.0,0.0,0.0,80.0,0.0,0.0,20.0,0.0,0.0,0.0,80.0,80.0,80.0,0.0,80.0,80.0,0.0,0.0,0.0,80.0,80.0,80.0,80.0,80.0,80.0,1.0,0.0,1.0,0.0,80.0,0.0,0.0,20.0,1.0,0.0,80.0,1.0,0.0,80.0,0.0,0.0,20.0,0.0,0.0,0.0,80.0,80.0,80.0,80.0,80.0,80.0,1.0,0.0,1.0,0.0,80.0,0.0,80.0,0.0,20.0,0.0,0.0,0.0,80.0,80.0,80.0,80.0,80.0,80.0,0.0,0.0,0.0,80.0,80.0,80.0,80.0,80.0,1.0,0.0,1.0,1.0,0.0,80.0,0.0,0.0,20.0,1.0,0.0,1.0,0.0,0.0,32768.0,32768.0,32768.0,32768.0,32768.0,32768.0,32768.0,32768.0,32768.0,32768.0,32768.0,32768.0,32768.0,32768.0,32768.0,32768.0,32768.0,32768.0,32768.0,32768.0,32768.0,32768.0,32768.0,32768.0,32768.0,32768.0,32768.0,32768.0,32768.0,32768.0,32768.0,32768.0,32768.0,32768.0,32768.0,32768.0,32768.0,32768.0,32768.0,32768.0,32768.0,32768.0,32768.0,32768.0,32768.0,32768.0,32768.0,32768.0,32768.0,32768.0,32768.0,32768.0,32768.0,32768.0,32768.0,32768.0,32768.0,32768.0,32768.0,32768.0,32768.0,32768.0,32768.0,32768.0,32768.0,32768.0,32768.0,32768.0,32768.0,32768.0,32768.0,32768.0,32768.0,32768.0,32768.0,32768.0,32768.0,32768.0,32768.0,32768.0,32768.0,32768.0,32768.0,32768.0,32768.0,32768.0,32768.0,32768.0,32768.0,32768.0,32768.0,32768.0,32768.0,32768.0,32768.0,32768.0,32768.0,32768.0,32768.0,32768.0,32768.0,32768.0,32768.0,32768.0,32768.0,32768.0,32768.0,32768.0,32768.0,32768.0,32768.0,32768.0,32768.0,32768.0,32768.0,32768.0,32768.0,32768.0,32768.0,32768.0,32768.0,32768.0,32768.0,32768.0,32768.0,32768.0,32768.0,32768.0,0.0,0.0,4194304.0,16376.0,0.0
264,0,1,695,695,32768,512,0,0,108,4,48,64,matmulbias_kernel,158974874588868,158974874614807,265,196,556468.0,1184.0,8461.0,0.0,8704.0,150016.0,0.0,0.0,47627485.0,47627485.0,1048576.0,0.0,0.0,4722535.0,0.0,2078.0,2112.0,2112.0,2112.0,2097.0,2082.0,2082.0,2082.0,2083.0,2082.0,2082.0,2104.0,2082.0,2082.0,2070.0,2070.0,2070.0,2071.0,2070.0,2070.0,2070.0,2070.0,2104.0,2068.0,2088.0,2088.0,2088.0,2088.0,2088.0,2088.0,2079.0,2104.0,2104.0,2104.0,2091.0,2064.0,2080.0,2080.0,2080.0,2078.0,2080.0,2080.0,2080.0,2073.0,2066.0,2066.0,2066.0,2067.0,2066.0,2066.0,2078.0,2066.0,2066.0,2070.0,2070.0,2070.0,2071.0,2070.0,2070.0,2070.0,2070.0,2079.0,2068.0,2088.0,2088.0,2088.0,2088.0,2088.0,2088.0,2079.0,2072.0,2096.0,2078.0,2096.0,2096.0,2096.0,2096.0,2096.0,2085.0,2074.0,2074.0,2074.0,2075.0,2078.0,2074.0,2074.0,2074.0,2074.0,2072.0,2096.0,2096.0,2096.0,2096.0,2096.0,2078.0,2096.0,2085.0,2074.0,2074.0,2074.0,2075.0,2074.0,2074.0,2074.0,2074.0,2078.0,2082.0,2082.0,2082.0,2083.0,2082.0,2082.0,2082.0,2082.0,2080.0,2112.0,2076.0,2112.0,2112.0,2112.0,2112.0,2112.0,2097.0,2080.0,2112.0,2112.0,2112.0,2104.0,1024.0,1024.0,1024.0,1024.0,1024.0,1024.0,1024.0,1024.0,1024.0,1024.0,1024.0,1024.0,1024.0,1024.0,1024.0,1024.0,1024.0,1024.0,1024.0,1024.0,1024.0,1024.0,1024.0,1024.0,1024.0,1024.0,1024.0,1024.0,1024.0,1024.0,1024.0,1024.0,1024.0,1024.0,1024.0,1024.0,1024.0,1024.0,1024.0,1024.0,1024.0,1024.0,1024.0,1024.0,1024.0,1024.0,1024.0,1024.0,1024.0,1024.0,1024.0,1024.0,1024.0,1024.0,1024.0,1024.0,1024.0,1024.0,1024.0,1024.0,1024.0,1024.0,1024.0,1024.0,1024.0,1024.0,1024.0,1024.0,1024.0,1024.0,1024.0,1024.0,1024.0,1024.0,1024.0,1024.0,1024.0,1024.0,1024.0,1024.0,1024.0,1024.0,1024.0,1024.0,1024.0,1024.0,1024.0,1024.0,1024.0,1024.0,1024.0,1024.0,1024.0,1024.0,1024.0,1024.0,1024.0,1024.0,1024.0,1024.0,1024.0,1024.0,1024.0,1024.0,1024.0,1024.0,1024.0,1024.0,1024.0,1024.0,1024.0,1024.0,1024.0,1024.0,1024.0,1024.0,1024.0,1024.0,1024.0,1024.0,1024.0,1024.0,1024.0,1024.0,1024.0,1024.0,1024.0,1024.0,0.0,0.0,131072.0,256.0,0.0
265,0,1,695,695,4194304,256,0,0,12,4,32,64,"void at::native::vectorized_elementwise_kernel<4, at::native::FillFunctor<int>, std::array<char*, 1ul> >(int, at::native::FillFunctor<int>, std::array<char*, 1ul>)",158974875028666,158974875070721,266,121,820785.0,1184.0,8410.0,0.0,131072.0,917504.0,65536.0,0.0,555048248.0,555048248.0,0.0,0.0,0.0,10975162.0,1835120.0,0.0,80.0,0.0,20.0,0.0,0.0,0.0,0.0,80.0,80.0,80.0,2.0,80.0,80.0,0.0,0.0,0.0,80.0,80.0,80.0,80.0,80.0,0.0,0.0,0.0,2.0,0.0,80.0,0.0,20.0,0.0,80.0,0.0,20.0,0.0,0.0,0.0,2.0,0.0,0.0,80.0,0.0,20.0,0.0,0.0,0.0,0.0,80.0,80.0,80.0,0.0,80.0,80.0,0.0,0.0,0.0,80.0,80.0,80.0,80.0,80.0,80.0,0.0,0.0,2.0,0.0,80.0,0.0,20.0,0.0,0.0,0.0,80.0,2.0,0.0,80.0,0.0,20.0,0.0,0.0,0.0,0.0,80.0,80.0,80.0,80.0,80.0,80.0,0.0,0.0,2.0,0.0,80.0,0.0,80.0,20.0,0.0,0.0,0.0,0.0,80.0,80.0,80.0,80.0,80.0,80.0,0.0,0.0,0.0,80.0,80.0,80.0,80.0,80.0,0.0,0.0,0.0,2.0,0.0,80.0,0.0,20.0,0.0,0.0,0.0,2.0,0.0,0.0,32768.0,32768.0,32768.0,32768.0,32768.0,32768.0,32768.0,32768.0,32768.0,32768.0,32768.0,32768.0,32768.0,32768.0,32768.0,32768.0,32768.0,32768.0,32768.0,32768.0,32768.0,32768.0,32768.0,32768.0,32768.0,32768.0,32768.0,32768.0,32768.0,32768.0,32768.0,32768.0,32768.0,32768.0,32768.0,32768.0,32768.0,32768.0,32768.0,32768.0,32768.0,32768.0,32768.0,32768.0,32768.0,32768.0,32768.0,32768.0,32768.0,32768.0,32768.0,32768.0,32768.0,32768.0,32768.0,32768.0,32768.0,32768.0,32768.0,32768.0,32768.0,32768.0,32768.0,32768.0,32768.0,32768.0,32768.0,32768.0,32768.0,32768.0,32768.0,32768.0,32768.0,32768.0,32768.0,32768.0,32768.0,32768.0,32768.0,32768.0,32768.0,32768.0,32768.0,32768.0,32768.0,32768.0,32768.0,32768.0,32768.0,32768.0,32768.0,32768.0,32768.0,32768.0,32768.0,32768.0,32768.0,32768.0,32768.0,32768.0,32768.0,32768.0,32768.0,32768.0,32768.0,32768.0,32768.0,32768.0,32768.0,32768.0,32768.0,32768.0,32768.0,32768.0,32768.0,32768.0,32768.0,32768.0,32768.0,32768.0,32768.0,32768.0,32768.0,32768.0,32768.0,32768.0,32768.0,32768.0,0.0,0.0,4194304.0,16381.0,0.0
266,0,1,695,695,32768,512,0,0,108,4,48,64,matmulbias_kernel,158974875479248,158974875505187,267,196,560287.0,1184.0,608.0,0.0,8704.0,150016.0,0.0,0.0,46979656.0,46979656.0,1048576.0,0.0,0.0,4690694.0,0.0,2078.0,2112.0,2112.0,2112.0,2096.0,2082.0,2082.0,2082.0,2082.0,2082.0,2082.0,2104.0,2082.0,2082.0,2074.0,2074.0,2074.0,2074.0,2074.0,2074.0,2074.0,2074.0,2104.0,2072.0,2096.0,2096.0,2096.0,2096.0,2096.0,2096.0,2084.0,2104.0,2104.0,2104.0,2090.0,2068.0,2088.0,2088.0,2088.0,2078.0,2088.0,2088.0,2088.0,2078.0,2070.0,2070.0,2070.0,2070.0,2070.0,2070.0,2078.0,2070.0,2070.0,2066.0,2066.0,2066.0,2066.0,2066.0,2066.0,2066.0,2066.0,2078.0,2064.0,2080.0,2080.0,2080.0,2080.0,2080.0,2080.0,2072.0,2068.0,2088.0,2078.0,2088.0,2088.0,2088.0,2088.0,2088.0,2078.0,2070.0,2070.0,2070.0,2070.0,2078.0,2070.0,2070.0,2070.0,2070.0,2072.0,2096.0,2096.0,2096.0,2096.0,2096.0,2078.0,2096.0,2084.0,2074.0,2074.0,2074.0,2074.0,2074.0,2074.0,2074.0,2074.0,2078.0,2082.0,2082.0,2082.0,2082.0,2082.0,2082.0,2082.0,2082.0,2080.0,2112.0,2076.0,2112.0,2112.0,2112.0,2112.0,2112.0,2096.0,2080.0,2112.0,2112.0,2112.0,2104.0,1024.0,1024.0,1024.0,1024.0,1024.0,1024.0,1024.0,1024.0,1024.0,1024.0,1024.0,1024.0,1024.0,1024.0,1024.0,1024.0,1024.0,1024.0,1024.0,1024.0,1024.0,1024.0,1024.0,1024.0,1024.0,1024.0,1024.0,1024.0,1024.0,1024.0,1024.0,1024.0,1024.0,1024.0,1024.0,1024.0,1024.0,1024.0,1024.0,1024.0,1024.0,1024.0,1024.0,1024.0,1024.0,1024.0,1024.0,1024.0,1024.0,1024.0,1024.0,1024.0,1024.0,1024.0,1024.0,1024.0,1024.0,1024.0,1024.0,1024.0,1024.0,1024.0,1024.0,1024.0,1024.0,1024.0,1024.0,1024.0,1024.0,1024.0,1024.0,1024.0,1024.0,1024.0,1024.0,1024.0,1024.0,1024.0,1024.0,1024.0,1024.0,1024.0,1024.0,1024.0,1024.0,1024.0,1024.0,1024.0,1024.0,1024.0,1024.0,1024.0,1024.0,1024.0,1024.0,1024.0,1024.0,1024.0,1024.0,1024.0,1024.0,1024.0,1024.0,1024.0,1024.0,1024.0,1024.0,1024.0,1024.0,1024.0,1024.0,1024.0,1024.0,1024.0,1024.0,1024.0,1024.0,1024.0,1024.0,1024.0,1024.0,1024.0,1024.0,1024.0,1024.0,1024.0,1024.0,1024.0,0.0,0.0,131072.0,256.0,0.0
267,0,1,695,695,4194304,256,0,0,12,4,32,64,"void at::native::vectorized_elementwise_kernel<4, at::native::FillFunctor<int>, std::array<char*, 1ul> >(int, at::native::FillFunctor<int>, std::array<char*, 1ul>)",158974875931274,158974875973529,268,121,813379.0,1184.0,8185.0,0.0,131072.0,917504.0,65536.0,0.0,554823976.0,554823976.0,0.0,0.0,0.0,10986018.0,1835120.0,1.0,80.0,20.0,0.0,0.0,1.0,0.0,0.0,80.0,80.0,80.0,1.0,80.0,80.0,1.0,0.0,0.0,80.0,80.0,80.0,80.0,80.0,0.0,0.0,0.0,1.0,0.0,80.0,20.0,0.0,0.0,80.0,20.0,0.0,0.0,0.0,0.0,1.0,0.0,0.0,80.0,20.0,0.0,0.0,1.0,0.0,0.0,80.0,80.0,80.0,0.0,80.0,80.0,1.0,0.0,0.0,80.0,80.0,80.0,80.0,80.0,80.0,0.0,0.0,1.0,0.0,80.0,20.0,0.0,0.0,0.0,0.0,80.0,1.0,0.0,80.0,20.0,0.0,0.0,1.0,0.0,0.0,80.0,80.0,80.0,80.0,80.0,80.0,0.0,0.0,1.0,0.0,80.0,20.0,80.0,0.0,0.0,1.0,0.0,0.0,80.0,80.0,80.0,80.0,80.0,80.0,1.0,0.0,0.0,80.0,80.0,80.0,80.0,80.0,0.0,0.0,0.0,1.0,0.0,80.0,20.0,0.0,0.0,0.0,0.0,1.0,0.0,0.0,32768.0,32768.0,32768.0,32768.0,32768.0,32768.0,32768.0,32768.0,32768.0,32768.0,32768.0,32768.0,32768.0,32768.0,32768.0,32768.0,32768.0,32768.0,32768.0,32768.0,32768.0,32768.0,32768.0,32768.0,32768.0,32768.0,32768.0,32768.0,32768.0,32768.0,32768.0,32768.0,32768.0,32768.0,32768.0,32768.0,32768.0,32768.0,32768.0,32768.0,32768.0,32768.0,32768.0,32768.0,32768.0,32768.0,32768.0,32768.0,32768.0,32768.0,32768.0,32768.0,32768.0,32768.0,32768.0,32768.0,32768.0,32768.0,32768.0,32768.0,32768.0,32768.0,32768.0,32768.0,32768.0,32768.0,32768.0,32768.0,32768.0,32768.0,32768.0,32768.0,32768.0,32768.0,32768.0,32768.0,32768.0,32768.0,32768.0,32768.0,32768.0,32768.0,32768.0,32768.0,32768.0,32768.0,32768.0,32768.0,32768.0,32768.0,32768.0,32768.0,32768.0,32768.0,32768.0,32768.0,32768.0,32768.0,32768.0,32768.0,32768.0,32768.0,32768.0,32768.0,32768.0,32768.0,32768.0,32768.0,32768.0,32768.0,32768.0,32768.0,32768.0,32768.0,32768.0,32768.0,32768.0,32768.0,32768.0,32768.0,32768.0,32768.0,32768.0,32768.0,32768.0,32768.0,32768.0,32768.0,0.0,0.0,4194304.0,16378.0,0.0
268,0,1,695,695,32768,512,0,0,108,4,48,64,matmulbias_kernel,158974876398734,158974876424673,269,196,560616.0,1184.0,8075.0,0.0,8704.0,150016.0,0.0,0.0,47315974.0,47315974.0,1048576.0,0.0,0.0,4692311.0,0.0,2070.0,2088.0,2088.0,2088.0,2079.0,2070.0,2071.0,2070.0,2070.0,2070.0,2070.0,2088.0,2070.0,2070.0,2078.0,2079.0,2078.0,2078.0,2078.0,2078.0,2078.0,2078.0,2088.0,2076.0,2104.0,2104.0,2104.0,2104.0,2104.0,2104.0,2091.0,2088.0,2088.0,2088.0,2079.0,2080.0,2112.0,2112.0,2112.0,2071.0,2112.0,2112.0,2112.0,2097.0,2082.0,2083.0,2082.0,2082.0,2082.0,2082.0,2070.0,2082.0,2082.0,2074.0,2075.0,2074.0,2074.0,2074.0,2074.0,2074.0,2074.0,2070.0,2072.0,2096.0,2096.0,2096.0,2096.0,2096.0,2096.0,2085.0,2072.0,2096.0,2070.0,2096.0,2096.0,2096.0,2096.0,2096.0,2085.0,2074.0,2075.0,2074.0,2074.0,2070.0,2074.0,2074.0,2074.0,2074.0,2080.0,2112.0,2112.0,2112.0,2112.0,2112.0,2070.0,2112.0,2097.0,2082.0,2083.0,2082.0,2082.0,2082.0,2082.0,2082.0,2082.0,2070.0,2078.0,2079.0,2078.0,2078.0,2078.0,2078.0,2078.0,2078.0,2076.0,2104.0,2068.0,2104.0,2104.0,2104.0,2104.0,2104.0,2091.0,2068.0,2088.0,2088.0,2088.0,2088.0,1024.0,1024.0,1024.0,1024.0,1024.0,1024.0,1024.0,1024.0,1024.0,1024.0,1024.0,1024.0,1024.0,1024.0,1024.0,1024.0,1024.0,1024.0,1024.0,1024.0,1024.0,1024.0,1024.0,1024.0,1024.0,1024.0,1024.0,1024.0,1024.0,1024.0,1024.0,1024.0,1024.0,1024.0,1024.0,1024.0,1024.0,1024.0,1024.0,1024.0,1024.0,1024.0,1024.0,1024.0,1024.0,1024.0,1024.0,1024.0,1024.0,1024.0,1024.0,1024.0,1024.0,1024.0,1024.0,1024.0,1024.0,1024.0,1024.0,1024.0,1024.0,1024.0,1024.0,1024.0,1024.0,1024.0,1024.0,1024.0,1024.0,1024.0,1024.0,1024.0,1024.0,1024.0,1024.0,1024.0,1024.0,1024.0,1024.0,1024.0,1024.0,1024.0,1024.0,1024.0,1024.0,1024.0,1024.0,1024.0,1024.0,1024.0,1024.0,1024.0,1024.0,1024.0,1024.0,1024.0,1024.0,1024.0,1024.0,1024.0,1024.0,1024.0,1024.0,1024.0,1024.0,1024.0,1024.0,1024.0,1024.0,1024.0,1024.0,1024.0,1024.0,1024.0,1024.0,1024.0,1024.0,1024.0,1024.0,1024.0,1024.0,1024.0,1024.0,1024.0,1024.0,1024.0,1024.0,1024.0,0.0,0.0,131072.0,256.0,0.0
269,0,1,695,695,4194304,256,0,0,12,4,32,64,"void at::native::vectorized_elementwise_kernel<4, at::native::FillFunctor<int>, std::array<char*, 1ul> >(int, at::native::FillFunctor<int>, std::array<char*, 1ul>)",158974876834162,158974876876217,270,121,822526.0,1184.0,8767.0,0.0,131072.0,917504.0,65536.0,0.0,554045331.0,554045331.0,0.0,0.0,0.0,10971677.0,1835120.0,0.0,100.0,0.0,0.0,0.0,0.0,0.0,1.0,80.0,80.0,80.0,1.0,80.0,80.0,0.0,0.0,1.0,80.0,80.0,80.0,80.0,80.0,0.0,0.0,0.0,1.0,0.0,100.0,0.0,0.0,0.0,100.0,0.0,0.0,0.0,0.0,0.0,1.0,0.0,0.0,100.0,0.0,0.0,0.0,0.0,0.0,1.0,80.0,80.0,80.0,1.0,80.0,80.0,0.0,0.0,1.0,80.0,80.0,80.0,80.0,80.0,80.0,0.0,0.0,1.0,0.0,100.0,0.0,0.0,0.0,0.0,0.0,80.0,1.0,0.0,100.0,0.0,0.0,0.0,0.0,0.0,1.0,80.0,80.0,80.0,80.0,80.0,80.0,0.0,0.0,1.0,0.0,100.0,0.0,80.0,0.0,0.0,0.0,0.0,1.0,80.0,80.0,80.0,80.0,80.0,80.0,0.0,0.0,1.0,80.0,80.0,80.0,80.0,80.0,0.0,0.0,0.0,1.0,0.0,100.0,0.0,0.0,0.0,0.0,0.0,1.0,0.0,0.0,32768.0,32768.0,32768.0,32768.0,32768.0,32768.0,32768.0,32768.0,32768.0,32768.0,32768.0,32768.0,32768.0,32768.0,32768.0,32768.0,32768.0,32768.0,32768.0,32768.0,32768.0,32768.0,32768.0,32768.0,32768.0,32768.0,32768.0,32768.0,32768.0,32768.0,32768.0,32768.0,32768.0,32768.0,32768.0,32768.0,32768.0,32768.0,32768.0,32768.0,32768.0,32768.0,32768.0,32768.0,32768.0,32768.0,32768.0,32768.0,32768.0,32768.0,32768.0,32768.0,32768.0,32768.0,32768.0,32768.0,32768.0,32768.0,32768.0,32768.0,32768.0,32768.0,32768.0,32768.0,32768.0,32768.0,32768.0,32768.0,32768.0,32768.0,32768.0,32768.0,32768.0,32768.0,32768.0,32768.0,32768.0,32768.0,32768.0,32768.0,32768.0,32768.0,32768.0,32768.0,32768.0,32768.0,32768.0,32768.0,32768.0,32768.0,32768.0,32768.0,32768.0,32768.0,32768.0,32768.0,32768.0,32768.0,32768.0,32768.0,32768.0,32768.0,32768.0,32768.0,32768.0,32768.0,32768.0,32768.0,32768.0,32768.0,32768.0,32768.0,32768.0,32768.0,32768.0,32768.0,32768.0,32768.0,32768.0,32768.0,32768.0,32768.0,32768.0,32768.0,32768.0,32768.0,32768.0,32768.0,0.0,0.0,4194304.0,16381.0,0.0
270,0,1,695,695,32768,512,0,0,108,4,48,64,matmulbias_kernel,158974877296972,158974877322830,271,196,561513.0,1184.0,608.0,0.0,8704.0,150016.0,0.0,0.0,46837810.0,46837810.0,1048576.0,0.0,0.0,4613456.0,0.0,2074.0,2096.0,2096.0,2096.0,2084.0,2074.0,2074.0,2074.0,2074.0,2074.0,2074.0,2096.0,2074.0,2074.0,2078.0,2078.0,2078.0,2078.0,2078.0,2078.0,2078.0,2078.0,2096.0,2076.0,2104.0,2104.0,2104.0,2104.0,2104.0,2104.0,2090.0,2096.0,2096.0,2096.0,2084.0,2072.0,2096.0,2096.0,2096.0,2074.0,2096.0,2096.0,2096.0,2084.0,2074.0,2074.0,2074.0,2074.0,2074.0,2074.0,2074.0,2074.0,2074.0,2074.0,2074.0,2074.0,2074.0,2074.0,2074.0,2074.0,2074.0,2074.0,2072.0,2096.0,2096.0,2096.0,2096.0,2096.0,2096.0,2084.0,2072.0,2096.0,2074.0,2096.0,2096.0,2096.0,2096.0,2096.0,2084.0,2074.0,2074.0,2074.0,2074.0,2074.0,2074.0,2074.0,2074.0,2074.0,2072.0,2096.0,2096.0,2096.0,2096.0,2096.0,2074.0,2096.0,2084.0,2074.0,2074.0,2074.0,2074.0,2074.0,2074.0,2074.0,2074.0,2074.0,2078.0,2078.0,2078.0,2078.0,2078.0,2078.0,2078.0,2078.0,2076.0,2104.0,2072.0,2104.0,2104.0,2104.0,2104.0,2104.0,2090.0,2072.0,2096.0,2096.0,2096.0,2096.0,1024.0,1024.0,1024.0,1024.0,1024.0,1024.0,1024.0,1024.0,1024.0,1024.0,1024.0,1024.0,1024.0,1024.0,1024.0,1024.0,1024.0,1024.0,1024.0,1024.0,1024.0,1024.0,1024.0,1024.0,1024.0,1024.0,1024.0,1024.0,1024.0,1024.0,1024.0,1024.0,1024.0,1024.0,1024.0,1024.0,1024.0,1024.0,1024.0,1024.0,1024.0,1024.0,1024.0,1024.0,1024.0,1024.0,1024.0,1024.0,1024.0,1024.0,1024.0,1024.0,1024.0,1024.0,1024.0,1024.0,1024.0,1024.0,1024.0,1024.0,1024.0,1024.0,1024.0,1024.0,1024.0,1024.0,1024.0,1024.0,1024.0,1024.0,1024.0,1024.0,1024.0,1024.0,1024.0,1024.0,1024.0,1024.0,1024.0,1024.0,1024.0,1024.0,1024.0,1024.0,1024.0,1024.0,1024.0,1024.0,1024.0,1024.0,1024.0,1024.0,1024.0,1024.0,1024.0,1024.0,1024.0,1024.0,1024.0,1024.0,1024.0,1024.0,1024.0,1024.0,1024.0,1024.0,1024.0,1024.0,1024.0,1024.0,1024.0,1024.0,1024.0,1024.0,1024.0,1024.0,1024.0,1024.0,1024.0,1024.0,1024.0,1024.0,1024.0,1024.0,1024.0,1024.0,1024.0,1024.0,0.0,0.0,131072.0,256.0,0.0
271,0,1,695,695,4194304,256,0,0,12,4,32,64,"void at::native::vectorized_elementwise_kernel<4, at::native::FillFunctor<int>, std::array<char*, 1ul> >(int, at::native::FillFunctor<int>, std::array<char*, 1ul>)",158974877736248,158974877778865,272,121,832269.0,1184.0,8881.0,0.0,131072.0,917504.0,65536.0,0.0,556560783.0,556560783.0,0.0,0.0,0.0,11011702.0,1835120.0,0.0,80.0,0.0,0.0,0.0,0.0,0.0,0.0,80.0,81.0,80.0,1.0,80.0,100.0,0.0,0.0,0.0,80.0,81.0,80.0,80.0,100.0,0.0,0.0,0.0,1.0,0.0,80.0,0.0,0.0,0.0,80.0,0.0,0.0,0.0,0.0,0.0,1.0,0.0,0.0,80.0,0.0,0.0,0.0,0.0,0.0,0.0,80.0,81.0,80.0,0.0,80.0,100.0,0.0,0.0,0.0,80.0,81.0,80.0,80.0,100.0,80.0,0.0,0.0,1.0,0.0,80.0,0.0,0.0,0.0,0.0,0.0,81.0,1.0,0.0,80.0,0.0,0.0,0.0,0.0,0.0,0.0,80.0,80.0,81.0,80.0,80.0,100.0,0.0,0.0,1.0,0.0,80.0,0.0,80.0,0.0,0.0,0.0,0.0,0.0,80.0,81.0,80.0,80.0,100.0,100.0,0.0,0.0,0.0,80.0,81.0,80.0,80.0,100.0,0.0,0.0,0.0,1.0,0.0,80.0,0.0,0.0,0.0,0.0,0.0,1.0,0.0,0.0,32768.0,32768.0,32768.0,32768.0,32768.0,32768.0,32768.0,32768.0,32768.0,32768.0,32768.0,32768.0,32768.0,32768.0,32768.0,32768.0,32768.0,32768.0,32768.0,32768.0,32768.0,32768.0,32768.0,32768.0,32768.0,32768.0,32768.0,32768.0,32768.0,32768.0,32768.0,32768.0,32768.0,32768.0,32768.0,32768.0,32768.0,32768.0,32768.0,32768.0,32768.0,32768.0,32768.0,32768.0,32768.0,32768.0,32768.0,32768.0,32768.0,32768.0,32768.0,32768.0,32768.0,32768.0,32768.0,32768.0,32768.0,32768.0,32768.0,32768.0,32768.0,32768.0,32768.0,32768.0,32768.0,32768.0,32768.0,32768.0,32768.0,32768.0,32768.0,32768.0,32768.0,32768.0,32768.0,32768.0,32768.0,32768.0,32768.0,32768.0,32768.0,32768.0,32768.0,32768.0,32768.0,32768.0,32768.0,32768.0,32768.0,32768.0,32768.0,32768.0,32768.0,32768.0,32768.0,32768.0,32768.0,32768.0,32768.0,32768.0,32768.0,32768.0,32768.0,32768.0,32768.0,32768.0,32768.0,32768.0,32768.0,32768.0,32768.0,32768.0,32768.0,32768.0,32768.0,32768.0,32768.0,32768.0,32768.0,32768.0,32768.0,32768.0,32768.0,32768.0,32768.0,32768.0,32768.0,32768.0,0.0,0.0,4194304.0,16378.0,0.0
272,0,1,695,695,32768,512,0,0,108,4,48,64,matmulbias_kernel,158974878201143,158974878226921,273,196,557760.0,1184.0,8695.0,0.0,8704.0,150016.0,0.0,0.0,47076696.0,47076696.0,1048576.0,0.0,0.0,4678795.0,0.0,2078.0,2096.0,2096.0,2096.0,2085.0,2074.0,2074.0,2074.0,2074.0,2074.0,2074.0,2104.0,2074.0,2075.0,2078.0,2078.0,2078.0,2078.0,2078.0,2078.0,2078.0,2079.0,2104.0,2076.0,2104.0,2104.0,2104.0,2104.0,2104.0,2104.0,2091.0,2104.0,2104.0,2104.0,2091.0,2076.0,2104.0,2104.0,2104.0,2078.0,2104.0,2104.0,2104.0,2091.0,2078.0,2078.0,2078.0,2078.0,2078.0,2078.0,2078.0,2078.0,2079.0,2066.0,2066.0,2066.0,2066.0,2066.0,2066.0,2066.0,2067.0,2078.0,2064.0,2080.0,2080.0,2080.0,2080.0,2080.0,2080.0,2073.0,2068.0,2088.0,2078.0,2088.0,2088.0,2088.0,2088.0,2088.0,2079.0,2070.0,2070.0,2070.0,2070.0,2078.0,2070.0,2070.0,2070.0,2071.0,2072.0,2096.0,2096.0,2096.0,2096.0,2096.0,2078.0,2096.0,2085.0,2074.0,2074.0,2074.0,2074.0,2074.0,2074.0,2074.0,2075.0,2079.0,2082.0,2082.0,2082.0,2082.0,2082.0,2082.0,2082.0,2083.0,2080.0,2112.0,2076.0,2112.0,2112.0,2112.0,2112.0,2112.0,2097.0,2072.0,2096.0,2096.0,2096.0,2104.0,1024.0,1024.0,1024.0,1024.0,1024.0,1024.0,1024.0,1024.0,1024.0,1024.0,1024.0,1024.0,1024.0,1024.0,1024.0,1024.0,1024.0,1024.0,1024.0,1024.0,1024.0,1024.0,1024.0,1024.0,1024.0,1024.0,1024.0,1024.0,1024.0,1024.0,1024.0,1024.0,1024.0,1024.0,1024.0,1024.0,1024.0,1024.0,1024.0,1024.0,1024.0,1024.0,1024.0,1024.0,1024.0,1024.0,1024.0,1024.0,1024.0,1024.0,1024.0,1024.0,1024.0,1024.0,1024.0,1024.0,1024.0,1024.0,1024.0,1024.0,1024.0,1024.0,1024.0,1024.0,1024.0,1024.0,1024.0,1024.0,1024.0,1024.0,1024.0,1024.0,1024.0,1024.0,1024.0,1024.0,1024.0,1024.0,1024.0,1024.0,1024.0,1024.0,1024.0,1024.0,1024.0,1024.0,1024.0,1024.0,1024.0,1024.0,1024.0,1024.0,1024.0,1024.0,1024.0,1024.0,1024.0,1024.0,1024.0,1024.0,1024.0,1024.0,1024.0,1024.0,1024.0,1024.0,1024.0,1024.0,1024.0,1024.0,1024.0,1024.0,1024.0,1024.0,1024.0,1024.0,1024.0,1024.0,1024.0,1024.0,1024.0,1024.0,1024.0,1024.0,1024.0,1024.0,1024.0,1024.0,0.0,0.0,131072.0,256.0,0.0
273,0,1,695,695,4194304,256,0,0,12,4,32,64,"void at::native::vectorized_elementwise_kernel<4, at::native::FillFunctor<int>, std::array<char*, 1ul> >(int, at::native::FillFunctor<int>, std::array<char*, 1ul>)",158974878643907,158974878685882,274,121,815319.0,1184.0,10515.0,0.0,131072.0,917504.0,65536.0,0.0,555089801.0,555089801.0,0.0,0.0,0.0,10984468.0,1835120.0,1.0,80.0,0.0,0.0,0.0,1.0,0.0,0.0,80.0,80.0,80.0,0.0,100.0,80.0,1.0,0.0,0.0,80.0,80.0,80.0,100.0,80.0,0.0,1.0,0.0,0.0,0.0,80.0,0.0,0.0,0.0,80.0,0.0,0.0,0.0,1.0,0.0,0.0,0.0,0.0,80.0,0.0,0.0,0.0,1.0,0.0,0.0,80.0,80.0,80.0,0.0,100.0,80.0,1.0,0.0,0.0,80.0,80.0,80.0,100.0,80.0,80.0,1.0,0.0,0.0,0.0,80.0,0.0,0.0,0.0,1.0,0.0,80.0,0.0,0.0,80.0,0.0,0.0,0.0,1.0,0.0,0.0,80.0,80.0,80.0,80.0,100.0,80.0,1.0,0.0,0.0,0.0,80.0,0.0,100.0,0.0,0.0,1.0,0.0,0.0,80.0,80.0,80.0,100.0,80.0,80.0,1.0,0.0,0.0,80.0,80.0,80.0,100.0,80.0,1.0,0.0,1.0,0.0,0.0,80.0,0.0,0.0,0.0,1.0,0.0,0.0,0.0,0.0,32768.0,32768.0,32768.0,32768.0,32768.0,32768.0,32768.0,32768.0,32768.0,32768.0,32768.0,32768.0,32768.0,32768.0,32768.0,32768.0,32768.0,32768.0,32768.0,32768.0,32768.0,32768.0,32768.0,32768.0,32768.0,32768.0,32768.0,32768.0,32768.0,32768.0,32768.0,32768.0,32768.0,32768.0,32768.0,32768.0,32768.0,32768.0,32768.0,32768.0,32768.0,32768.0,32768.0,32768.0,32768.0,32768.0,32768.0,32768.0,32768.0,32768.0,32768.0,32768.0,32768.0,32768.0,32768.0,32768.0,32768.0,32768.0,32768.0,32768.0,32768.0,32768.0,32768.0,32768.0,32768.0,32768.0,32768.0,32768.0,32768.0,32768.0,32768.0,32768.0,32768.0,32768.0,32768.0,32768.0,32768.0,32768.0,32768.0,32768.0,32768.0,32768.0,32768.0,32768.0,32768.0,32768.0,32768.0,32768.0,32768.0,32768.0,32768.0,32768.0,32768.0,32768.0,32768.0,32768.0,32768.0,32768.0,32768.0,32768.0,32768.0,32768.0,32768.0,32768.0,32768.0,32768.0,32768.0,32768.0,32768.0,32768.0,32768.0,32768.0,32768.0,32768.0,32768.0,32768.0,32768.0,32768.0,32768.0,32768.0,32768.0,32768.0,32768.0,32768.0,32768.0,32768.0,32768.0,32768.0,0.0,0.0,4194304.0,16377.0,0.0
274,0,1,695,695,32768,512,0,0,108,4,48,64,matmulbias_kernel,158974879093928,158974879119706,275,196,551121.0,1184.0,608.0,0.0,8704.0,150016.0,0.0,0.0,46877008.0,46877008.0,1048576.0,0.0,0.0,4667989.0,0.0,2078.0,2088.0,2088.0,2088.0,2078.0,2070.0,2070.0,2070.0,2070.0,2070.0,2070.0,2104.0,2070.0,2070.0,2074.0,2074.0,2074.0,2074.0,2074.0,2074.0,2074.0,2074.0,2104.0,2072.0,2096.0,2096.0,2096.0,2096.0,2096.0,2096.0,2084.0,2104.0,2104.0,2104.0,2090.0,2064.0,2080.0,2080.0,2080.0,2078.0,2080.0,2080.0,2080.0,2072.0,2066.0,2066.0,2066.0,2066.0,2066.0,2066.0,2078.0,2066.0,2066.0,2074.0,2074.0,2074.0,2074.0,2074.0,2074.0,2074.0,2074.0,2078.0,2072.0,2096.0,2096.0,2096.0,2096.0,2096.0,2096.0,2084.0,2068.0,2088.0,2078.0,2088.0,2088.0,2088.0,2088.0,2088.0,2078.0,2070.0,2070.0,2070.0,2070.0,2078.0,2070.0,2070.0,2070.0,2070.0,2076.0,2104.0,2104.0,2104.0,2104.0,2104.0,2078.0,2104.0,2090.0,2078.0,2078.0,2078.0,2078.0,2078.0,2078.0,2078.0,2078.0,2078.0,2066.0,2066.0,2066.0,2066.0,2066.0,2066.0,2066.0,2066.0,2064.0,2080.0,2076.0,2080.0,2080.0,2080.0,2080.0,2080.0,2072.0,2068.0,2088.0,2088.0,2088.0,2104.0,1024.0,1024.0,1024.0,1024.0,1024.0,1024.0,1024.0,1024.0,1024.0,1024.0,1024.0,1024.0,1024.0,1024.0,1024.0,1024.0,1024.0,1024.0,1024.0,1024.0,1024.0,1024.0,1024.0,1024.0,1024.0,1024.0,1024.0,1024.0,1024.0,1024.0,1024.0,1024.0,1024.0,1024.0,1024.0,1024.0,1024.0,1024.0,1024.0,1024.0,1024.0,1024.0,1024.0,1024.0,1024.0,1024.0,1024.0,1024.0,1024.0,1024.0,1024.0,1024.0,1024.0,1024.0,1024.0,1024.0,1024.0,1024.0,1024.0,1024.0,1024.0,1024.0,1024.0,1024.0,1024.0,1024.0,1024.0,1024.0,1024.0,1024.0,1024.0,1024.0,1024.0,1024.0,1024.0,1024.0,1024.0,1024.0,1024.0,1024.0,1024.0,1024.0,1024.0,1024.0,1024.0,1024.0,1024.0,1024.0,1024.0,1024.0,1024.0,1024.0,1024.0,1024.0,1024.0,1024.0,1024.0,1024.0,1024.0,1024.0,1024.0,1024.0,1024.0,1024.0,1024.0,1024.0,1024.0,1024.0,1024.0,1024.0,1024.0,1024.0,1024.0,1024.0,1024.0,1024.0,1024.0,1024.0,1024.0,1024.0,1024.0,1024.0,1024.0,1024.0,1024.0,1024.0,1024.0,1024.0,0.0,0.0,131072.0,256.0,0.0
275,0,1,695,695,4194304,256,0,0,12,4,32,64,"void at::native::vectorized_elementwise_kernel<4, at::native::FillFunctor<int>, std::array<char*, 1ul> >(int, at::native::FillFunctor<int>, std::array<char*, 1ul>)",158974879526148,158974879568164,276,121,820347.0,1184.0,7867.0,0.0,131072.0,917504.0,65536.0,0.0,554347714.0,554347714.0,0.0,0.0,0.0,10958971.0,1835120.0,0.0,80.0,0.0,0.0,0.0,0.0,0.0,1.0,80.0,80.0,100.0,0.0,80.0,80.0,0.0,0.0,1.0,80.0,80.0,100.0,80.0,80.0,0.0,1.0,0.0,0.0,0.0,80.0,0.0,0.0,0.0,80.0,0.0,0.0,0.0,1.0,0.0,0.0,0.0,0.0,80.0,0.0,0.0,0.0,0.0,0.0,1.0,80.0,80.0,100.0,1.0,80.0,80.0,0.0,0.0,1.0,80.0,80.0,100.0,80.0,80.0,80.0,1.0,0.0,0.0,0.0,80.0,0.0,0.0,0.0,1.0,0.0,80.0,0.0,0.0,80.0,0.0,0.0,0.0,0.0,0.0,1.0,80.0,100.0,80.0,100.0,80.0,80.0,1.0,0.0,0.0,0.0,80.0,0.0,80.0,0.0,0.0,0.0,0.0,1.0,80.0,80.0,100.0,80.0,80.0,80.0,0.0,0.0,1.0,80.0,80.0,100.0,80.0,80.0,1.0,0.0,1.0,0.0,0.0,80.0,0.0,0.0,0.0,1.0,0.0,0.0,0.0,0.0,32768.0,32768.0,32768.0,32768.0,32768.0,32768.0,32768.0,32768.0,32768.0,32768.0,32768.0,32768.0,32768.0,32768.0,32768.0,32768.0,32768.0,32768.0,32768.0,32768.0,32768.0,32768.0,32768.0,32768.0,32768.0,32768.0,32768.0,32768.0,32768.0,32768.0,32768.0,32768.0,32768.0,32768.0,32768.0,32768.0,32768.0,32768.0,32768.0,32768.0,32768.0,32768.0,32768.0,32768.0,32768.0,32768.0,32768.0,32768.0,32768.0,32768.0,32768.0,32768.0,32768.0,32768.0,32768.0,32768.0,32768.0,32768.0,32768.0,32768.0,32768.0,32768.0,32768.0,32768.0,32768.0,32768.0,32768.0,32768.0,32768.0,32768.0,32768.0,32768.0,32768.0,32768.0,32768.0,32768.0,32768.0,32768.0,32768.0,32768.0,32768.0,32768.0,32768.0,32768.0,32768.0,32768.0,32768.0,32768.0,32768.0,32768.0,32768.0,32768.0,32768.0,32768.0,32768.0,32768.0,32768.0,32768.0,32768.0,32768.0,32768.0,32768.0,32768.0,32768.0,32768.0,32768.0,32768.0,32768.0,32768.0,32768.0,32768.0,32768.0,32768.0,32768.0,32768.0,32768.0,32768.0,32768.0,32768.0,32768.0,32768.0,32768.0,32768.0,32768.0,32768.0,32768.0,32768.0,32768.0,0.0,0.0,4194304.0,16380.0,0.0
276,0,1,695,695,32768,512,0,0,108,4,48,64,matmulbias_kernel,158974879984669,158974880010648,277,196,549594.0,1184.0,608.0,0.0,8704.0,150016.0,0.0,0.0,47558650.0,47558650.0,1048576.0,0.0,0.0,4738320.0,0.0,2070.0,2104.0,2104.0,2104.0,2090.0,2078.0,2078.0,2078.0,2078.0,2078.0,2078.0,2088.0,2078.0,2078.0,2070.0,2070.0,2070.0,2070.0,2070.0,2070.0,2070.0,2070.0,2088.0,2068.0,2088.0,2088.0,2088.0,2088.0,2088.0,2088.0,2078.0,2088.0,2088.0,2088.0,2078.0,2072.0,2096.0,2096.0,2096.0,2070.0,2096.0,2096.0,2096.0,2084.0,2074.0,2074.0,2074.0,2074.0,2074.0,2074.0,2070.0,2074.0,2074.0,2078.0,2078.0,2078.0,2078.0,2078.0,2078.0,2078.0,2078.0,2070.0,2076.0,2104.0,2104.0,2104.0,2104.0,2104.0,2104.0,2090.0,2076.0,2104.0,2070.0,2104.0,2104.0,2104.0,2104.0,2104.0,2090.0,2078.0,2078.0,2078.0,2078.0,2070.0,2078.0,2078.0,2078.0,2078.0,2076.0,2104.0,2104.0,2104.0,2104.0,2104.0,2070.0,2104.0,2090.0,2078.0,2078.0,2078.0,2078.0,2078.0,2078.0,2078.0,2078.0,2070.0,2070.0,2070.0,2070.0,2070.0,2070.0,2070.0,2070.0,2070.0,2068.0,2088.0,2068.0,2088.0,2088.0,2088.0,2088.0,2088.0,2078.0,2076.0,2104.0,2104.0,2104.0,2088.0,1024.0,1024.0,1024.0,1024.0,1024.0,1024.0,1024.0,1024.0,1024.0,1024.0,1024.0,1024.0,1024.0,1024.0,1024.0,1024.0,1024.0,1024.0,1024.0,1024.0,1024.0,1024.0,1024.0,1024.0,1024.0,1024.0,1024.0,1024.0,1024.0,1024.0,1024.0,1024.0,1024.0,1024.0,1024.0,1024.0,1024.0,1024.0,1024.0,1024.0,1024.0,1024.0,1024.0,1024.0,1024.0,1024.0,1024.0,1024.0,1024.0,1024.0,1024.0,1024.0,1024.0,1024.0,1024.0,1024.0,1024.0,1024.0,1024.0,1024.0,1024.0,1024.0,1024.0,1024.0,1024.0,1024.0,1024.0,1024.0,1024.0,1024.0,1024.0,1024.0,1024.0,1024.0,1024.0,1024.0,1024.0,1024.0,1024.0,1024.0,1024.0,1024.0,1024.0,1024.0,1024.0,1024.0,1024.0,1024.0,1024.0,1024.0,1024.0,1024.0,1024.0,1024.0,1024.0,1024.0,1024.0,1024.0,1024.0,1024.0,1024.0,1024.0,1024.0,1024.0,1024.0,1024.0,1024.0,1024.0,1024.0,1024.0,1024.0,1024.0,1024.0,1024.0,1024.0,1024.0,1024.0,1024.0,1024.0,1024.0,1024.0,1024.0,1024.0,1024.0,1024.0,1024.0,1024.0,1024.0,0.0,0.0,131072.0,256.0,0.0
277,0,1,695,695,4194304,256,0,0,12,4,32,64,"void at::native::vectorized_elementwise_kernel<4, at::native::FillFunctor<int>, std::array<char*, 1ul> >(int, at::native::FillFunctor<int>, std::array<char*, 1ul>)",158974880425228,158974880467524,278,121,829065.0,1184.0,7962.0,0.0,131072.0,917504.0,65536.0,0.0,556324158.0,556324158.0,0.0,0.0,0.0,11021230.0,1835120.0,0.0,80.0,0.0,0.0,0.0,0.0,0.0,0.0,80.0,101.0,80.0,0.0,80.0,80.0,0.0,0.0,0.0,80.0,101.0,80.0,80.0,80.0,0.0,1.0,0.0,0.0,0.0,80.0,0.0,0.0,0.0,80.0,0.0,0.0,0.0,1.0,0.0,0.0,0.0,0.0,80.0,0.0,0.0,0.0,0.0,0.0,0.0,80.0,101.0,80.0,0.0,80.0,80.0,0.0,0.0,0.0,80.0,101.0,80.0,80.0,80.0,80.0,1.0,0.0,0.0,0.0,80.0,0.0,0.0,0.0,1.0,0.0,101.0,0.0,0.0,80.0,0.0,0.0,0.0,0.0,0.0,0.0,80.0,80.0,101.0,80.0,80.0,80.0,1.0,0.0,0.0,0.0,80.0,0.0,80.0,0.0,0.0,0.0,0.0,0.0,80.0,101.0,80.0,80.0,80.0,80.0,0.0,0.0,0.0,80.0,101.0,80.0,80.0,80.0,1.0,0.0,1.0,0.0,0.0,80.0,0.0,0.0,0.0,1.0,0.0,0.0,0.0,0.0,32768.0,32768.0,32768.0,32768.0,32768.0,32768.0,32768.0,32768.0,32768.0,32768.0,32768.0,32768.0,32768.0,32768.0,32768.0,32768.0,32768.0,32768.0,32768.0,32768.0,32768.0,32768.0,32768.0,32768.0,32768.0,32768.0,32768.0,32768.0,32768.0,32768.0,32768.0,32768.0,32768.0,32768.0,32768.0,32768.0,32768.0,32768.0,32768.0,32768.0,32768.0,32768.0,32768.0,32768.0,32768.0,32768.0,32768.0,32768.0,32768.0,32768.0,32768.0,32768.0,32768.0,32768.0,32768.0,32768.0,32768.0,32768.0,32768.0,32768.0,32768.0,32768.0,32768.0,32768.0,32768.0,32768.0,32768.0,32768.0,32768.0,32768.0,32768.0,32768.0,32768.0,32768.0,32768.0,32768.0,32768.0,32768.0,32768.0,32768.0,32768.0,32768.0,32768.0,32768.0,32768.0,32768.0,32768.0,32768.0,32768.0,32768.0,32768.0,32768.0,32768.0,32768.0,32768.0,32768.0,32768.0,32768.0,32768.0,32768.0,32768.0,32768.0,32768.0,32768.0,32768.0,32768.0,32768.0,32768.0,32768.0,32768.0,32768.0,32768.0,32768.0,32768.0,32768.0,32768.0,32768.0,32768.0,32768.0,32768.0,32768.0,32768.0,32768.0,32768.0,32768.0,32768.0,32768.0,32768.0,0.0,0.0,4194304.0,16379.0,0.0
278,0,1,695,695,32768,512,0,0,108,4,48,64,matmulbias_kernel,158974880879980,158974880905798,279,196,545720.0,1184.0,608.0,0.0,8704.0,150016.0,0.0,0.0,46888446.0,46888446.0,1048576.0,0.0,0.0,4712215.0,0.0,2078.0,2104.0,2104.0,2104.0,2090.0,2078.0,2078.0,2078.0,2078.0,2078.0,2078.0,2104.0,2078.0,2078.0,2074.0,2074.0,2074.0,2074.0,2074.0,2074.0,2074.0,2074.0,2104.0,2072.0,2096.0,2096.0,2096.0,2096.0,2096.0,2096.0,2084.0,2104.0,2104.0,2104.0,2090.0,2068.0,2088.0,2088.0,2088.0,2078.0,2088.0,2088.0,2088.0,2078.0,2070.0,2070.0,2070.0,2070.0,2070.0,2070.0,2078.0,2070.0,2070.0,2074.0,2074.0,2074.0,2074.0,2074.0,2074.0,2074.0,2074.0,2078.0,2072.0,2096.0,2096.0,2096.0,2096.0,2096.0,2096.0,2084.0,2068.0,2088.0,2078.0,2088.0,2088.0,2088.0,2088.0,2088.0,2078.0,2070.0,2070.0,2070.0,2070.0,2078.0,2070.0,2070.0,2070.0,2070.0,2068.0,2088.0,2088.0,2088.0,2088.0,2088.0,2078.0,2088.0,2078.0,2070.0,2070.0,2070.0,2070.0,2070.0,2070.0,2070.0,2070.0,2078.0,2070.0,2070.0,2070.0,2070.0,2070.0,2070.0,2070.0,2070.0,2068.0,2088.0,2076.0,2088.0,2088.0,2088.0,2088.0,2088.0,2078.0,2076.0,2104.0,2104.0,2104.0,2104.0,1024.0,1024.0,1024.0,1024.0,1024.0,1024.0,1024.0,1024.0,1024.0,1024.0,1024.0,1024.0,1024.0,1024.0,1024.0,1024.0,1024.0,1024.0,1024.0,1024.0,1024.0,1024.0,1024.0,1024.0,1024.0,1024.0,1024.0,1024.0,1024.0,1024.0,1024.0,1024.0,1024.0,1024.0,1024.0,1024.0,1024.0,1024.0,1024.0,1024.0,1024.0,1024.0,1024.0,1024.0,1024.0,1024.0,1024.0,1024.0,1024.0,1024.0,1024.0,1024.0,1024.0,1024.0,1024.0,1024.0,1024.0,1024.0,1024.0,1024.0,1024.0,1024.0,1024.0,1024.0,1024.0,1024.0,1024.0,1024.0,1024.0,1024.0,1024.0,1024.0,1024.0,1024.0,1024.0,1024.0,1024.0,1024.0,1024.0,1024.0,1024.0,1024.0,1024.0,1024.0,1024.0,1024.0,1024.0,1024.0,1024.0,1024.0,1024.0,1024.0,1024.0,1024.0,1024.0,1024.0,1024.0,1024.0,1024.0,1024.0,1024.0,1024.0,1024.0,1024.0,1024.0,1024.0,1024.0,1024.0,1024.0,1024.0,1024.0,1024.0,1024.0,1024.0,1024.0,1024.0,1024.0,1024.0,1024.0,1024.0,1024.0,1024.0,1024.0,1024.0,1024.0,1024.0,1024.0,1024.0,0.0,0.0,131072.0,256.0,0.0
279,0,1,695,695,4194304,256,0,0,12,4,32,64,"void at::native::vectorized_elementwise_kernel<4, at::native::FillFunctor<int>, std::array<char*, 1ul> >(int, at::native::FillFunctor<int>, std::array<char*, 1ul>)",158974881315207,158974881357463,280,121,813928.0,1184.0,10064.0,0.0,131072.0,917504.0,65536.0,0.0,555019852.0,555019852.0,0.0,0.0,0.0,10997317.0,1835120.0,0.0,80.0,0.0,0.0,0.0,0.0,0.0,0.0,100.0,80.0,80.0,0.0,81.0,80.0,0.0,0.0,0.0,100.0,80.0,80.0,81.0,80.0,0.0,1.0,0.0,0.0,0.0,80.0,0.0,0.0,0.0,80.0,0.0,0.0,0.0,1.0,0.0,0.0,0.0,0.0,80.0,0.0,0.0,0.0,0.0,0.0,0.0,100.0,80.0,80.0,0.0,81.0,80.0,0.0,0.0,0.0,100.0,80.0,80.0,81.0,80.0,100.0,1.0,0.0,0.0,0.0,80.0,0.0,0.0,0.0,1.0,0.0,80.0,0.0,0.0,80.0,0.0,0.0,0.0,0.0,0.0,0.0,100.0,80.0,80.0,80.0,81.0,80.0,1.0,0.0,0.0,0.0,80.0,0.0,81.0,0.0,0.0,0.0,0.0,0.0,100.0,80.0,80.0,81.0,80.0,80.0,0.0,0.0,0.0,100.0,80.0,80.0,81.0,80.0,1.0,0.0,1.0,0.0,0.0,80.0,0.0,0.0,0.0,1.0,0.0,0.0,0.0,0.0,32768.0,32768.0,32768.0,32768.0,32768.0,32768.0,32768.0,32768.0,32768.0,32768.0,32768.0,32768.0,32768.0,32768.0,32768.0,32768.0,32768.0,32768.0,32768.0,32768.0,32768.0,32768.0,32768.0,32768.0,32768.0,32768.0,32768.0,32768.0,32768.0,32768.0,32768.0,32768.0,32768.0,32768.0,32768.0,32768.0,32768.0,32768.0,32768.0,32768.0,32768.0,32768.0,32768.0,32768.0,32768.0,32768.0,32768.0,32768.0,32768.0,32768.0,32768.0,32768.0,32768.0,32768.0,32768.0,32768.0,32768.0,32768.0,32768.0,32768.0,32768.0,32768.0,32768.0,32768.0,32768.0,32768.0,32768.0,32768.0,32768.0,32768.0,32768.0,32768.0,32768.0,32768.0,32768.0,32768.0,32768.0,32768.0,32768.0,32768.0,32768.0,32768.0,32768.0,32768.0,32768.0,32768.0,32768.0,32768.0,32768.0,32768.0,32768.0,32768.0,32768.0,32768.0,32768.0,32768.0,32768.0,32768.0,32768.0,32768.0,32768.0,32768.0,32768.0,32768.0,32768.0,32768.0,32768.0,32768.0,32768.0,32768.0,32768.0,32768.0,32768.0,32768.0,32768.0,32768.0,32768.0,32768.0,32768.0,32768.0,32768.0,32768.0,32768.0,32768.0,32768.0,32768.0,32768.0,32768.0,0.0,0.0,4194304.0,16375.0,0.0
280,0,1,695,695,32768,512,0,0,108,4,48,64,matmulbias_kernel,158974881771241,158974881797220,281,196,552928.0,1184.0,608.0,0.0,8704.0,150016.0,0.0,0.0,47355266.0,47355266.0,1048576.0,0.0,0.0,4754607.0,0.0,2074.0,2104.0,2104.0,2104.0,2090.0,2078.0,2078.0,2078.0,2078.0,2078.0,2078.0,2096.0,2078.0,2078.0,2074.0,2074.0,2074.0,2074.0,2074.0,2074.0,2074.0,2074.0,2096.0,2072.0,2096.0,2096.0,2096.0,2096.0,2096.0,2096.0,2084.0,2096.0,2096.0,2096.0,2084.0,2072.0,2096.0,2096.0,2096.0,2074.0,2096.0,2096.0,2096.0,2084.0,2074.0,2074.0,2074.0,2074.0,2074.0,2074.0,2074.0,2074.0,2074.0,2074.0,2074.0,2074.0,2074.0,2074.0,2074.0,2074.0,2074.0,2074.0,2072.0,2096.0,2096.0,2096.0,2096.0,2096.0,2096.0,2084.0,2076.0,2104.0,2074.0,2104.0,2104.0,2104.0,2104.0,2104.0,2090.0,2078.0,2078.0,2078.0,2078.0,2074.0,2078.0,2078.0,2078.0,2078.0,2072.0,2096.0,2096.0,2096.0,2096.0,2096.0,2074.0,2096.0,2084.0,2074.0,2074.0,2074.0,2074.0,2074.0,2074.0,2074.0,2074.0,2074.0,2070.0,2070.0,2070.0,2070.0,2070.0,2070.0,2070.0,2070.0,2068.0,2088.0,2072.0,2088.0,2088.0,2088.0,2088.0,2088.0,2078.0,2076.0,2104.0,2104.0,2104.0,2096.0,1024.0,1024.0,1024.0,1024.0,1024.0,1024.0,1024.0,1024.0,1024.0,1024.0,1024.0,1024.0,1024.0,1024.0,1024.0,1024.0,1024.0,1024.0,1024.0,1024.0,1024.0,1024.0,1024.0,1024.0,1024.0,1024.0,1024.0,1024.0,1024.0,1024.0,1024.0,1024.0,1024.0,1024.0,1024.0,1024.0,1024.0,1024.0,1024.0,1024.0,1024.0,1024.0,1024.0,1024.0,1024.0,1024.0,1024.0,1024.0,1024.0,1024.0,1024.0,1024.0,1024.0,1024.0,1024.0,1024.0,1024.0,1024.0,1024.0,1024.0,1024.0,1024.0,1024.0,1024.0,1024.0,1024.0,1024.0,1024.0,1024.0,1024.0,1024.0,1024.0,1024.0,1024.0,1024.0,1024.0,1024.0,1024.0,1024.0,1024.0,1024.0,1024.0,1024.0,1024.0,1024.0,1024.0,1024.0,1024.0,1024.0,1024.0,1024.0,1024.0,1024.0,1024.0,1024.0,1024.0,1024.0,1024.0,1024.0,1024.0,1024.0,1024.0,1024.0,1024.0,1024.0,1024.0,1024.0,1024.0,1024.0,1024.0,1024.0,1024.0,1024.0,1024.0,1024.0,1024.0,1024.0,1024.0,1024.0,1024.0,1024.0,1024.0,1024.0,1024.0,1024.0,1024.0,1024.0,1024.0,0.0,0.0,131072.0,256.0,0.0
281,0,1,695,695,4194304,256,0,0,12,4,32,64,"void at::native::vectorized_elementwise_kernel<4, at::native::FillFunctor<int>, std::array<char*, 1ul> >(int, at::native::FillFunctor<int>, std::array<char*, 1ul>)",158974882207591,158974882250128,282,121,821892.0,1184.0,7773.0,0.0,131072.0,917504.0,65536.0,0.0,558644428.0,558644428.0,0.0,0.0,0.0,11057124.0,1835120.0,0.0,81.0,0.0,0.0,0.0,0.0,0.0,20.0,80.0,80.0,80.0,0.0,80.0,80.0,0.0,0.0,20.0,80.0,80.0,80.0,80.0,80.0,0.0,1.0,0.0,0.0,0.0,81.0,0.0,0.0,0.0,81.0,0.0,0.0,0.0,1.0,0.0,0.0,0.0,0.0,81.0,0.0,0.0,0.0,0.0,0.0,20.0,80.0,80.0,80.0,20.0,80.0,80.0,0.0,0.0,20.0,80.0,80.0,80.0,80.0,80.0,80.0,1.0,0.0,0.0,0.0,81.0,0.0,0.0,0.0,1.0,0.0,80.0,0.0,0.0,81.0,0.0,0.0,0.0,0.0,0.0,20.0,80.0,80.0,80.0,80.0,80.0,80.0,1.0,0.0,0.0,0.0,81.0,0.0,80.0,0.0,0.0,0.0,0.0,20.0,80.0,80.0,80.0,80.0,80.0,80.0,0.0,0.0,20.0,80.0,80.0,80.0,80.0,80.0,1.0,0.0,1.0,0.0,0.0,81.0,0.0,0.0,0.0,1.0,0.0,0.0,0.0,0.0,32768.0,32768.0,32768.0,32768.0,32768.0,32768.0,32768.0,32768.0,32768.0,32768.0,32768.0,32768.0,32768.0,32768.0,32768.0,32768.0,32768.0,32768.0,32768.0,32768.0,32768.0,32768.0,32768.0,32768.0,32768.0,32768.0,32768.0,32768.0,32768.0,32768.0,32768.0,32768.0,32768.0,32768.0,32768.0,32768.0,32768.0,32768.0,32768.0,32768.0,32768.0,32768.0,32768.0,32768.0,32768.0,32768.0,32768.0,32768.0,32768.0,32768.0,32768.0,32768.0,32768.0,32768.0,32768.0,32768.0,32768.0,32768.0,32768.0,32768.0,32768.0,32768.0,32768.0,32768.0,32768.0,32768.0,32768.0,32768.0,32768.0,32768.0,32768.0,32768.0,32768.0,32768.0,32768.0,32768.0,32768.0,32768.0,32768.0,32768.0,32768.0,32768.0,32768.0,32768.0,32768.0,32768.0,32768.0,32768.0,32768.0,32768.0,32768.0,32768.0,32768.0,32768.0,32768.0,32768.0,32768.0,32768.0,32768.0,32768.0,32768.0,32768.0,32768.0,32768.0,32768.0,32768.0,32768.0,32768.0,32768.0,32768.0,32768.0,32768.0,32768.0,32768.0,32768.0,32768.0,32768.0,32768.0,32768.0,32768.0,32768.0,32768.0,32768.0,32768.0,32768.0,32768.0,32768.0,32768.0,0.0,0.0,4194304.0,16372.0,0.0
282,0,1,695,695,32768,512,0,0,108,4,48,64,matmulbias_kernel,158974882658213,158974882684393,283,196,563050.0,1184.0,608.0,0.0,8704.0,150016.0,0.0,0.0,47944026.0,47944026.0,1048576.0,0.0,0.0,4763450.0,0.0,2066.0,2088.0,2088.0,2088.0,2078.0,2070.0,2070.0,2070.0,2070.0,2070.0,2070.0,2080.0,2070.0,2070.0,2074.0,2074.0,2074.0,2074.0,2074.0,2074.0,2074.0,2074.0,2080.0,2072.0,2096.0,2096.0,2096.0,2096.0,2096.0,2096.0,2084.0,2080.0,2080.0,2080.0,2072.0,2072.0,2096.0,2096.0,2096.0,2066.0,2096.0,2096.0,2096.0,2084.0,2074.0,2074.0,2074.0,2074.0,2074.0,2074.0,2066.0,2074.0,2074.0,2070.0,2070.0,2070.0,2070.0,2070.0,2070.0,2070.0,2070.0,2066.0,2068.0,2088.0,2088.0,2088.0,2088.0,2088.0,2088.0,2078.0,2072.0,2096.0,2066.0,2096.0,2096.0,2096.0,2096.0,2096.0,2084.0,2074.0,2074.0,2074.0,2074.0,2066.0,2074.0,2074.0,2074.0,2074.0,2072.0,2096.0,2096.0,2096.0,2096.0,2096.0,2066.0,2096.0,2084.0,2074.0,2074.0,2074.0,2074.0,2074.0,2074.0,2074.0,2074.0,2066.0,2074.0,2074.0,2074.0,2074.0,2074.0,2074.0,2074.0,2074.0,2072.0,2096.0,2064.0,2096.0,2096.0,2096.0,2096.0,2096.0,2084.0,2068.0,2088.0,2088.0,2088.0,2080.0,1024.0,1024.0,1024.0,1024.0,1024.0,1024.0,1024.0,1024.0,1024.0,1024.0,1024.0,1024.0,1024.0,1024.0,1024.0,1024.0,1024.0,1024.0,1024.0,1024.0,1024.0,1024.0,1024.0,1024.0,1024.0,1024.0,1024.0,1024.0,1024.0,1024.0,1024.0,1024.0,1024.0,1024.0,1024.0,1024.0,1024.0,1024.0,1024.0,1024.0,1024.0,1024.0,1024.0,1024.0,1024.0,1024.0,1024.0,1024.0,1024.0,1024.0,1024.0,1024.0,1024.0,1024.0,1024.0,1024.0,1024.0,1024.0,1024.0,1024.0,1024.0,1024.0,1024.0,1024.0,1024.0,1024.0,1024.0,1024.0,1024.0,1024.0,1024.0,1024.0,1024.0,1024.0,1024.0,1024.0,1024.0,1024.0,1024.0,1024.0,1024.0,1024.0,1024.0,1024.0,1024.0,1024.0,1024.0,1024.0,1024.0,1024.0,1024.0,1024.0,1024.0,1024.0,1024.0,1024.0,1024.0,1024.0,1024.0,1024.0,1024.0,1024.0,1024.0,1024.0,1024.0,1024.0,1024.0,1024.0,1024.0,1024.0,1024.0,1024.0,1024.0,1024.0,1024.0,1024.0,1024.0,1024.0,1024.0,1024.0,1024.0,1024.0,1024.0,1024.0,1024.0,1024.0,1024.0,1024.0,0.0,0.0,131072.0,256.0,0.0
283,0,1,695,695,4194304,256,0,0,12,4,32,64,"void at::native::vectorized_elementwise_kernel<4, at::native::FillFunctor<int>, std::array<char*, 1ul> >(int, at::native::FillFunctor<int>, std::array<char*, 1ul>)",158974883101579,158974883143875,284,121,833516.0,1184.0,8717.0,0.0,131072.0,917504.0,65536.0,0.0,555545608.0,555545608.0,0.0,0.0,0.0,11006054.0,1835120.0,0.0,80.0,0.0,1.0,0.0,0.0,20.0,0.0,80.0,80.0,80.0,0.0,80.0,80.0,0.0,20.0,0.0,80.0,80.0,80.0,80.0,80.0,0.0,1.0,0.0,0.0,0.0,80.0,0.0,1.0,0.0,80.0,0.0,1.0,0.0,1.0,0.0,0.0,0.0,20.0,80.0,0.0,1.0,0.0,0.0,20.0,0.0,80.0,80.0,80.0,0.0,80.0,80.0,0.0,20.0,0.0,80.0,80.0,80.0,80.0,80.0,80.0,1.0,0.0,0.0,0.0,80.0,0.0,1.0,0.0,1.0,0.0,80.0,0.0,0.0,80.0,0.0,1.0,0.0,0.0,20.0,0.0,80.0,80.0,80.0,80.0,80.0,80.0,1.0,0.0,0.0,0.0,80.0,0.0,80.0,1.0,0.0,0.0,20.0,0.0,80.0,80.0,80.0,80.0,80.0,80.0,0.0,20.0,0.0,80.0,80.0,80.0,80.0,80.0,1.0,0.0,1.0,0.0,0.0,80.0,0.0,1.0,0.0,1.0,0.0,0.0,0.0,0.0,32768.0,32768.0,32768.0,32768.0,32768.0,32768.0,32768.0,32768.0,32768.0,32768.0,32768.0,32768.0,32768.0,32768.0,32768.0,32768.0,32768.0,32768.0,32768.0,32768.0,32768.0,32768.0,32768.0,32768.0,32768.0,32768.0,32768.0,32768.0,32768.0,32768.0,32768.0,32768.0,32768.0,32768.0,32768.0,32768.0,32768.0,32768.0,32768.0,32768.0,32768.0,32768.0,32768.0,32768.0,32768.0,32768.0,32768.0,32768.0,32768.0,32768.0,32768.0,32768.0,32768.0,32768.0,32768.0,32768.0,32768.0,32768.0,32768.0,32768.0,32768.0,32768.0,32768.0,32768.0,32768.0,32768.0,32768.0,32768.0,32768.0,32768.0,32768.0,32768.0,32768.0,32768.0,32768.0,32768.0,32768.0,32768.0,32768.0,32768.0,32768.0,32768.0,32768.0,32768.0,32768.0,32768.0,32768.0,32768.0,32768.0,32768.0,32768.0,32768.0,32768.0,32768.0,32768.0,32768.0,32768.0,32768.0,32768.0,32768.0,32768.0,32768.0,32768.0,32768.0,32768.0,32768.0,32768.0,32768.0,32768.0,32768.0,32768.0,32768.0,32768.0,32768.0,32768.0,32768.0,32768.0,32768.0,32768.0,32768.0,32768.0,32768.0,32768.0,32768.0,32768.0,32768.0,32768.0,32768.0,0.0,0.0,4194304.0,16375.0,0.0
284,0,1,695,695,32768,512,0,0,108,4,48,64,matmulbias_kernel,158974883551239,158974883577178,285,196,540010.0,1184.0,8702.0,0.0,8704.0,150016.0,0.0,0.0,47397102.0,47397102.0,1048576.0,0.0,0.0,4710668.0,0.0,2078.0,2104.0,2104.0,2104.0,2090.0,2078.0,2078.0,2078.0,2078.0,2078.0,2078.0,2105.0,2078.0,2078.0,2070.0,2070.0,2070.0,2070.0,2070.0,2070.0,2070.0,2070.0,2104.0,2069.0,2088.0,2089.0,2088.0,2088.0,2088.0,2088.0,2078.0,2104.0,2104.0,2104.0,2090.0,2073.0,2096.0,2097.0,2096.0,2078.0,2096.0,2096.0,2096.0,2084.0,2074.0,2074.0,2074.0,2074.0,2074.0,2074.0,2078.0,2074.0,2074.0,2082.0,2082.0,2082.0,2082.0,2082.0,2082.0,2082.0,2082.0,2078.0,2081.0,2112.0,2113.0,2112.0,2112.0,2112.0,2112.0,2096.0,2077.0,2104.0,2078.0,2105.0,2104.0,2104.0,2104.0,2104.0,2090.0,2078.0,2078.0,2078.0,2078.0,2078.0,2078.0,2078.0,2078.0,2078.0,2073.0,2096.0,2097.0,2096.0,2096.0,2096.0,2078.0,2096.0,2084.0,2074.0,2074.0,2074.0,2074.0,2074.0,2074.0,2074.0,2074.0,2078.0,2074.0,2074.0,2074.0,2074.0,2074.0,2074.0,2074.0,2074.0,2073.0,2096.0,2077.0,2097.0,2096.0,2096.0,2096.0,2096.0,2084.0,2077.0,2104.0,2105.0,2104.0,2104.0,1024.0,1024.0,1024.0,1024.0,1024.0,1024.0,1024.0,1024.0,1024.0,1024.0,1024.0,1024.0,1024.0,1024.0,1024.0,1024.0,1024.0,1024.0,1024.0,1024.0,1024.0,1024.0,1024.0,1024.0,1024.0,1024.0,1024.0,1024.0,1024.0,1024.0,1024.0,1024.0,1024.0,1024.0,1024.0,1024.0,1024.0,1024.0,1024.0,1024.0,1024.0,1024.0,1024.0,1024.0,1024.0,1024.0,1024.0,1024.0,1024.0,1024.0,1024.0,1024.0,1024.0,1024.0,1024.0,1024.0,1024.0,1024.0,1024.0,1024.0,1024.0,1024.0,1024.0,1024.0,1024.0,1024.0,1024.0,1024.0,1024.0,1024.0,1024.0,1024.0,1024.0,1024.0,1024.0,1024.0,1024.0,1024.0,1024.0,1024.0,1024.0,1024.0,1024.0,1024.0,1024.0,1024.0,1024.0,1024.0,1024.0,1024.0,1024.0,1024.0,1024.0,1024.0,1024.0,1024.0,1024.0,1024.0,1024.0,1024.0,1024.0,1024.0,1024.0,1024.0,1024.0,1024.0,1024.0,1024.0,1024.0,1024.0,1024.0,1024.0,1024.0,1024.0,1024.0,1024.0,1024.0,1024.0,1024.0,1024.0,1024.0,1024.0,1024.0,1024.0,1024.0,1024.0,1024.0,1024.0,0.0,0.0,131072.0,256.0,0.0
285,0,1,695,695,4194304,256,0,0,12,4,32,64,"void at::native::vectorized_elementwise_kernel<4, at::native::FillFunctor<int>, std::array<char*, 1ul> >(int, at::native::FillFunctor<int>, std::array<char*, 1ul>)",158974883994044,158974884036380,286,121,834840.0,1184.0,8890.0,0.0,131072.0,917504.0,65536.0,0.0,551762690.0,551762690.0,0.0,0.0,0.0,10962289.0,1835120.0,20.0,80.0,0.0,0.0,0.0,20.0,0.0,0.0,80.0,80.0,80.0,0.0,80.0,80.0,20.0,0.0,0.0,80.0,80.0,80.0,80.0,80.0,0.0,2.0,0.0,0.0,0.0,80.0,0.0,0.0,0.0,80.0,0.0,0.0,0.0,2.0,0.0,0.0,0.0,0.0,80.0,0.0,0.0,0.0,20.0,0.0,0.0,80.0,80.0,80.0,0.0,80.0,80.0,20.0,0.0,0.0,80.0,80.0,80.0,80.0,80.0,80.0,2.0,0.0,0.0,0.0,80.0,0.0,0.0,0.0,2.0,0.0,80.0,0.0,0.0,80.0,0.0,0.0,0.0,20.0,0.0,0.0,80.0,80.0,80.0,80.0,80.0,80.0,2.0,0.0,0.0,0.0,80.0,0.0,80.0,0.0,0.0,20.0,0.0,0.0,80.0,80.0,80.0,80.0,80.0,80.0,20.0,0.0,0.0,80.0,80.0,80.0,80.0,80.0,2.0,0.0,2.0,0.0,0.0,80.0,0.0,0.0,0.0,2.0,0.0,0.0,0.0,0.0,32768.0,32768.0,32768.0,32768.0,32768.0,32768.0,32768.0,32768.0,32768.0,32768.0,32768.0,32768.0,32768.0,32768.0,32768.0,32768.0,32768.0,32768.0,32768.0,32768.0,32768.0,32768.0,32768.0,32768.0,32768.0,32768.0,32768.0,32768.0,32768.0,32768.0,32768.0,32768.0,32768.0,32768.0,32768.0,32768.0,32768.0,32768.0,32768.0,32768.0,32768.0,32768.0,32768.0,32768.0,32768.0,32768.0,32768.0,32768.0,32768.0,32768.0,32768.0,32768.0,32768.0,32768.0,32768.0,32768.0,32768.0,32768.0,32768.0,32768.0,32768.0,32768.0,32768.0,32768.0,32768.0,32768.0,32768.0,32768.0,32768.0,32768.0,32768.0,32768.0,32768.0,32768.0,32768.0,32768.0,32768.0,32768.0,32768.0,32768.0,32768.0,32768.0,32768.0,32768.0,32768.0,32768.0,32768.0,32768.0,32768.0,32768.0,32768.0,32768.0,32768.0,32768.0,32768.0,32768.0,32768.0,32768.0,32768.0,32768.0,32768.0,32768.0,32768.0,32768.0,32768.0,32768.0,32768.0,32768.0,32768.0,32768.0,32768.0,32768.0,32768.0,32768.0,32768.0,32768.0,32768.0,32768.0,32768.0,32768.0,32768.0,32768.0,32768.0,32768.0,32768.0,32768.0,32768.0,32768.0,0.0,0.0,4194304.0,16376.0,0.0
286,0,1,695,695,32768,512,0,0,108,4,48,64,matmulbias_kernel,158974884447913,158974884473812,287,196,547375.0,1184.0,608.0,0.0,8704.0,150016.0,0.0,0.0,46821309.0,46821309.0,1048576.0,0.0,0.0,4648878.0,0.0,2066.0,2096.0,2096.0,2096.0,2084.0,2074.0,2074.0,2074.0,2074.0,2074.0,2074.0,2080.0,2074.0,2074.0,2074.0,2074.0,2074.0,2074.0,2074.0,2074.0,2074.0,2074.0,2080.0,2072.0,2096.0,2096.0,2096.0,2096.0,2096.0,2096.0,2084.0,2080.0,2080.0,2080.0,2072.0,2072.0,2096.0,2096.0,2096.0,2066.0,2096.0,2096.0,2096.0,2084.0,2074.0,2074.0,2074.0,2074.0,2074.0,2074.0,2066.0,2074.0,2074.0,2078.0,2078.0,2078.0,2078.0,2078.0,2078.0,2078.0,2078.0,2066.0,2076.0,2104.0,2104.0,2104.0,2104.0,2104.0,2104.0,2090.0,2076.0,2104.0,2066.0,2104.0,2104.0,2104.0,2104.0,2104.0,2090.0,2078.0,2078.0,2078.0,2078.0,2066.0,2078.0,2078.0,2078.0,2078.0,2076.0,2104.0,2104.0,2104.0,2104.0,2104.0,2066.0,2104.0,2090.0,2078.0,2078.0,2078.0,2078.0,2078.0,2078.0,2078.0,2078.0,2066.0,2074.0,2074.0,2074.0,2074.0,2074.0,2074.0,2074.0,2074.0,2072.0,2096.0,2064.0,2096.0,2096.0,2096.0,2096.0,2096.0,2084.0,2072.0,2096.0,2096.0,2096.0,2080.0,1024.0,1024.0,1024.0,1024.0,1024.0,1024.0,1024.0,1024.0,1024.0,1024.0,1024.0,1024.0,1024.0,1024.0,1024.0,1024.0,1024.0,1024.0,1024.0,1024.0,1024.0,1024.0,1024.0,1024.0,1024.0,1024.0,1024.0,1024.0,1024.0,1024.0,1024.0,1024.0,1024.0,1024.0,1024.0,1024.0,1024.0,1024.0,1024.0,1024.0,1024.0,1024.0,1024.0,1024.0,1024.0,1024.0,1024.0,1024.0,1024.0,1024.0,1024.0,1024.0,1024.0,1024.0,1024.0,1024.0,1024.0,1024.0,1024.0,1024.0,1024.0,1024.0,1024.0,1024.0,1024.0,1024.0,1024.0,1024.0,1024.0,1024.0,1024.0,1024.0,1024.0,1024.0,1024.0,1024.0,1024.0,1024.0,1024.0,1024.0,1024.0,1024.0,1024.0,1024.0,1024.0,1024.0,1024.0,1024.0,1024.0,1024.0,1024.0,1024.0,1024.0,1024.0,1024.0,1024.0,1024.0,1024.0,1024.0,1024.0,1024.0,1024.0,1024.0,1024.0,1024.0,1024.0,1024.0,1024.0,1024.0,1024.0,1024.0,1024.0,1024.0,1024.0,1024.0,1024.0,1024.0,1024.0,1024.0,1024.0,1024.0,1024.0,1024.0,1024.0,1024.0,1024.0,1024.0,1024.0,0.0,0.0,131072.0,256.0,0.0
287,0,1,695,695,4194304,256,0,0,12,4,32,64,"void at::native::vectorized_elementwise_kernel<4, at::native::FillFunctor<int>, std::array<char*, 1ul> >(int, at::native::FillFunctor<int>, std::array<char*, 1ul>)",158974884877047,158974884918902,288,121,818079.0,1184.0,10462.0,0.0,131072.0,917504.0,65536.0,0.0,552524006.0,552524006.0,0.0,0.0,0.0,10929340.0,1835120.0,1.0,81.0,0.0,0.0,0.0,1.0,0.0,0.0,80.0,80.0,80.0,0.0,80.0,80.0,1.0,0.0,0.0,80.0,80.0,80.0,80.0,80.0,20.0,0.0,0.0,0.0,20.0,81.0,0.0,0.0,0.0,81.0,0.0,0.0,0.0,0.0,0.0,0.0,20.0,0.0,81.0,0.0,0.0,0.0,1.0,0.0,0.0,80.0,80.0,80.0,0.0,80.0,80.0,1.0,0.0,0.0,80.0,80.0,80.0,80.0,80.0,80.0,0.0,0.0,0.0,20.0,81.0,0.0,0.0,0.0,0.0,0.0,80.0,0.0,20.0,81.0,0.0,0.0,0.0,1.0,0.0,0.0,80.0,80.0,80.0,80.0,80.0,80.0,0.0,0.0,0.0,20.0,81.0,0.0,80.0,0.0,0.0,1.0,0.0,0.0,80.0,80.0,80.0,80.0,80.0,80.0,1.0,0.0,0.0,80.0,80.0,80.0,80.0,80.0,0.0,0.0,0.0,0.0,20.0,81.0,0.0,0.0,0.0,0.0,0.0,0.0,20.0,0.0,32768.0,32768.0,32768.0,32768.0,32768.0,32768.0,32768.0,32768.0,32768.0,32768.0,32768.0,32768.0,32768.0,32768.0,32768.0,32768.0,32768.0,32768.0,32768.0,32768.0,32768.0,32768.0,32768.0,32768.0,32768.0,32768.0,32768.0,32768.0,32768.0,32768.0,32768.0,32768.0,32768.0,32768.0,32768.0,32768.0,32768.0,32768.0,32768.0,32768.0,32768.0,32768.0,32768.0,32768.0,32768.0,32768.0,32768.0,32768.0,32768.0,32768.0,32768.0,32768.0,32768.0,32768.0,32768.0,32768.0,32768.0,32768.0,32768.0,32768.0,32768.0,32768.0,32768.0,32768.0,32768.0,32768.0,32768.0,32768.0,32768.0,32768.0,32768.0,32768.0,32768.0,32768.0,32768.0,32768.0,32768.0,32768.0,32768.0,32768.0,32768.0,32768.0,32768.0,32768.0,32768.0,32768.0,32768.0,32768.0,32768.0,32768.0,32768.0,32768.0,32768.0,32768.0,32768.0,32768.0,32768.0,32768.0,32768.0,32768.0,32768.0,32768.0,32768.0,32768.0,32768.0,32768.0,32768.0,32768.0,32768.0,32768.0,32768.0,32768.0,32768.0,32768.0,32768.0,32768.0,32768.0,32768.0,32768.0,32768.0,32768.0,32768.0,32768.0,32768.0,32768.0,32768.0,32768.0,32768.0,0.0,0.0,4194304.0,16369.0,0.0
288,0,1,695,695,32768,512,0,0,108,4,48,64,matmulbias_kernel,158974885333402,158974885359501,289,196,558542.0,1184.0,8982.0,0.0,8704.0,150016.0,0.0,0.0,48022044.0,48022044.0,1048576.0,0.0,0.0,4711879.0,0.0,2078.0,2096.0,2096.0,2096.0,2084.0,2074.0,2074.0,2074.0,2074.0,2074.0,2074.0,2106.0,2074.0,2074.0,2070.0,2070.0,2070.0,2070.0,2070.0,2070.0,2070.0,2070.0,2104.0,2068.0,2088.0,2090.0,2088.0,2088.0,2088.0,2088.0,2078.0,2104.0,2104.0,2104.0,2090.0,2076.0,2104.0,2106.0,2104.0,2078.0,2104.0,2104.0,2104.0,2090.0,2078.0,2078.0,2078.0,2078.0,2078.0,2078.0,2078.0,2078.0,2078.0,2070.0,2070.0,2070.0,2070.0,2070.0,2070.0,2070.0,2070.0,2078.0,2068.0,2088.0,2090.0,2088.0,2088.0,2088.0,2088.0,2078.0,2080.0,2112.0,2078.0,2114.0,2112.0,2112.0,2112.0,2112.0,2096.0,2082.0,2082.0,2082.0,2082.0,2078.0,2082.0,2082.0,2082.0,2082.0,2076.0,2104.0,2106.0,2104.0,2104.0,2104.0,2078.0,2104.0,2090.0,2078.0,2078.0,2078.0,2078.0,2078.0,2078.0,2078.0,2078.0,2078.0,2070.0,2070.0,2070.0,2070.0,2070.0,2070.0,2070.0,2070.0,2068.0,2088.0,2076.0,2090.0,2088.0,2088.0,2088.0,2088.0,2078.0,2072.0,2096.0,2098.0,2096.0,2104.0,1024.0,1024.0,1024.0,1024.0,1024.0,1024.0,1024.0,1024.0,1024.0,1024.0,1024.0,1024.0,1024.0,1024.0,1024.0,1024.0,1024.0,1024.0,1024.0,1024.0,1024.0,1024.0,1024.0,1024.0,1024.0,1024.0,1024.0,1024.0,1024.0,1024.0,1024.0,1024.0,1024.0,1024.0,1024.0,1024.0,1024.0,1024.0,1024.0,1024.0,1024.0,1024.0,1024.0,1024.0,1024.0,1024.0,1024.0,1024.0,1024.0,1024.0,1024.0,1024.0,1024.0,1024.0,1024.0,1024.0,1024.0,1024.0,1024.0,1024.0,1024.0,1024.0,1024.0,1024.0,1024.0,1024.0,1024.0,1024.0,1024.0,1024.0,1024.0,1024.0,1024.0,1024.0,1024.0,1024.0,1024.0,1024.0,1024.0,1024.0,1024.0,1024.0,1024.0,1024.0,1024.0,1024.0,1024.0,1024.0,1024.0,1024.0,1024.0,1024.0,1024.0,1024.0,1024.0,1024.0,1024.0,1024.0,1024.0,1024.0,1024.0,1024.0,1024.0,1024.0,1024.0,1024.0,1024.0,1024.0,1024.0,1024.0,1024.0,1024.0,1024.0,1024.0,1024.0,1024.0,1024.0,1024.0,1024.0,1024.0,1024.0,1024.0,1024.0,1024.0,1024.0,1024.0,1024.0,1024.0,0.0,0.0,131072.0,256.0,0.0
289,0,1,695,695,4194304,256,0,0,12,4,32,64,"void at::native::vectorized_elementwise_kernel<4, at::native::FillFunctor<int>, std::array<char*, 1ul> >(int, at::native::FillFunctor<int>, std::array<char*, 1ul>)",158974885770955,158974885813651,290,121,822262.0,1184.0,9094.0,0.0,131072.0,917504.0,65536.0,0.0,555622465.0,555622465.0,0.0,0.0,0.0,11003916.0,1835120.0,0.0,81.0,0.0,0.0,0.0,0.0,0.0,1.0,80.0,80.0,80.0,20.0,80.0,80.0,0.0,0.0,1.0,80.0,80.0,80.0,80.0,80.0,0.0,0.0,0.0,20.0,0.0,81.0,0.0,0.0,0.0,81.0,0.0,0.0,0.0,0.0,0.0,20.0,0.0,0.0,81.0,0.0,0.0,0.0,0.0,0.0,1.0,80.0,80.0,80.0,1.0,80.0,80.0,0.0,0.0,1.0,80.0,80.0,80.0,80.0,80.0,80.0,0.0,0.0,20.0,0.0,81.0,0.0,0.0,0.0,0.0,0.0,80.0,20.0,0.0,81.0,0.0,0.0,0.0,0.0,0.0,1.0,80.0,80.0,80.0,80.0,80.0,80.0,0.0,0.0,20.0,0.0,81.0,0.0,80.0,0.0,0.0,0.0,0.0,1.0,80.0,80.0,80.0,80.0,80.0,80.0,0.0,0.0,1.0,80.0,80.0,80.0,80.0,80.0,0.0,0.0,0.0,20.0,0.0,81.0,0.0,0.0,0.0,0.0,0.0,20.0,0.0,0.0,32768.0,32768.0,32768.0,32768.0,32768.0,32768.0,32768.0,32768.0,32768.0,32768.0,32768.0,32768.0,32768.0,32768.0,32768.0,32768.0,32768.0,32768.0,32768.0,32768.0,32768.0,32768.0,32768.0,32768.0,32768.0,32768.0,32768.0,32768.0,32768.0,32768.0,32768.0,32768.0,32768.0,32768.0,32768.0,32768.0,32768.0,32768.0,32768.0,32768.0,32768.0,32768.0,32768.0,32768.0,32768.0,32768.0,32768.0,32768.0,32768.0,32768.0,32768.0,32768.0,32768.0,32768.0,32768.0,32768.0,32768.0,32768.0,32768.0,32768.0,32768.0,32768.0,32768.0,32768.0,32768.0,32768.0,32768.0,32768.0,32768.0,32768.0,32768.0,32768.0,32768.0,32768.0,32768.0,32768.0,32768.0,32768.0,32768.0,32768.0,32768.0,32768.0,32768.0,32768.0,32768.0,32768.0,32768.0,32768.0,32768.0,32768.0,32768.0,32768.0,32768.0,32768.0,32768.0,32768.0,32768.0,32768.0,32768.0,32768.0,32768.0,32768.0,32768.0,32768.0,32768.0,32768.0,32768.0,32768.0,32768.0,32768.0,32768.0,32768.0,32768.0,32768.0,32768.0,32768.0,32768.0,32768.0,32768.0,32768.0,32768.0,32768.0,32768.0,32768.0,32768.0,32768.0,32768.0,32768.0,0.0,0.0,4194304.0,16376.0,0.0
290,0,1,695,695,32768,512,0,0,108,4,48,64,matmulbias_kernel,158974886226749,158974886252126,291,196,546419.0,1184.0,608.0,0.0,8704.0,150016.0,0.0,0.0,46436756.0,46436756.0,1048576.0,0.0,0.0,4647910.0,0.0,2078.0,2096.0,2096.0,2096.0,2084.0,2074.0,2074.0,2074.0,2074.0,2074.0,2074.0,2104.0,2074.0,2074.0,2078.0,2078.0,2078.0,2078.0,2078.0,2078.0,2078.0,2078.0,2104.0,2076.0,2104.0,2104.0,2104.0,2104.0,2104.0,2104.0,2090.0,2104.0,2104.0,2104.0,2090.0,2072.0,2096.0,2096.0,2096.0,2078.0,2096.0,2096.0,2096.0,2084.0,2074.0,2074.0,2074.0,2074.0,2074.0,2074.0,2078.0,2074.0,2074.0,2074.0,2074.0,2074.0,2074.0,2074.0,2074.0,2074.0,2074.0,2078.0,2072.0,2096.0,2096.0,2096.0,2096.0,2096.0,2096.0,2084.0,2068.0,2088.0,2078.0,2088.0,2088.0,2088.0,2088.0,2088.0,2078.0,2070.0,2070.0,2070.0,2070.0,2078.0,2070.0,2070.0,2070.0,2070.0,2068.0,2088.0,2088.0,2088.0,2088.0,2088.0,2078.0,2088.0,2078.0,2070.0,2070.0,2070.0,2070.0,2070.0,2070.0,2070.0,2070.0,2078.0,2074.0,2074.0,2074.0,2074.0,2074.0,2074.0,2074.0,2074.0,2072.0,2096.0,2076.0,2096.0,2096.0,2096.0,2096.0,2096.0,2084.0,2072.0,2096.0,2096.0,2096.0,2104.0,1024.0,1024.0,1024.0,1024.0,1024.0,1024.0,1024.0,1024.0,1024.0,1024.0,1024.0,1024.0,1024.0,1024.0,1024.0,1024.0,1024.0,1024.0,1024.0,1024.0,1024.0,1024.0,1024.0,1024.0,1024.0,1024.0,1024.0,1024.0,1024.0,1024.0,1024.0,1024.0,1024.0,1024.0,1024.0,1024.0,1024.0,1024.0,1024.0,1024.0,1024.0,1024.0,1024.0,1024.0,1024.0,1024.0,1024.0,1024.0,1024.0,1024.0,1024.0,1024.0,1024.0,1024.0,1024.0,1024.0,1024.0,1024.0,1024.0,1024.0,1024.0,1024.0,1024.0,1024.0,1024.0,1024.0,1024.0,1024.0,1024.0,1024.0,1024.0,1024.0,1024.0,1024.0,1024.0,1024.0,1024.0,1024.0,1024.0,1024.0,1024.0,1024.0,1024.0,1024.0,1024.0,1024.0,1024.0,1024.0,1024.0,1024.0,1024.0,1024.0,1024.0,1024.0,1024.0,1024.0,1024.0,1024.0,1024.0,1024.0,1024.0,1024.0,1024.0,1024.0,1024.0,1024.0,1024.0,1024.0,1024.0,1024.0,1024.0,1024.0,1024.0,1024.0,1024.0,1024.0,1024.0,1024.0,1024.0,1024.0,1024.0,1024.0,1024.0,1024.0,1024.0,1024.0,1024.0,1024.0,0.0,0.0,131072.0,256.0,0.0
291,0,1,695,695,4194304,256,0,0,12,4,32,64,"void at::native::vectorized_elementwise_kernel<4, at::native::FillFunctor<int>, std::array<char*, 1ul> >(int, at::native::FillFunctor<int>, std::array<char*, 1ul>)",158974886663179,158974886705434,292,121,827423.0,1184.0,9379.0,0.0,131072.0,917504.0,65536.0,0.0,558828221.0,558828221.0,0.0,0.0,0.0,11060574.0,1835120.0,0.0,81.0,0.0,0.0,0.0,0.0,0.0,0.0,80.0,81.0,80.0,0.0,80.0,80.0,0.0,0.0,0.0,80.0,81.0,80.0,80.0,80.0,0.0,0.0,20.0,0.0,0.0,81.0,0.0,0.0,0.0,81.0,0.0,0.0,0.0,0.0,20.0,0.0,0.0,0.0,81.0,0.0,0.0,0.0,0.0,0.0,0.0,80.0,81.0,80.0,0.0,80.0,80.0,0.0,0.0,0.0,80.0,81.0,80.0,80.0,80.0,80.0,0.0,20.0,0.0,0.0,81.0,0.0,0.0,0.0,0.0,20.0,81.0,0.0,0.0,81.0,0.0,0.0,0.0,0.0,0.0,0.0,80.0,80.0,81.0,80.0,80.0,80.0,0.0,20.0,0.0,0.0,81.0,0.0,80.0,0.0,0.0,0.0,0.0,0.0,80.0,81.0,80.0,80.0,80.0,80.0,0.0,0.0,0.0,80.0,81.0,80.0,80.0,80.0,0.0,20.0,0.0,0.0,0.0,81.0,0.0,0.0,0.0,0.0,20.0,0.0,0.0,20.0,32768.0,32768.0,32768.0,32768.0,32768.0,32768.0,32768.0,32768.0,32768.0,32768.0,32768.0,32768.0,32768.0,32768.0,32768.0,32768.0,32768.0,32768.0,32768.0,32768.0,32768.0,32768.0,32768.0,32768.0,32768.0,32768.0,32768.0,32768.0,32768.0,32768.0,32768.0,32768.0,32768.0,32768.0,32768.0,32768.0,32768.0,32768.0,32768.0,32768.0,32768.0,32768.0,32768.0,32768.0,32768.0,32768.0,32768.0,32768.0,32768.0,32768.0,32768.0,32768.0,32768.0,32768.0,32768.0,32768.0,32768.0,32768.0,32768.0,32768.0,32768.0,32768.0,32768.0,32768.0,32768.0,32768.0,32768.0,32768.0,32768.0,32768.0,32768.0,32768.0,32768.0,32768.0,32768.0,32768.0,32768.0,32768.0,32768.0,32768.0,32768.0,32768.0,32768.0,32768.0,32768.0,32768.0,32768.0,32768.0,32768.0,32768.0,32768.0,32768.0,32768.0,32768.0,32768.0,32768.0,32768.0,32768.0,32768.0,32768.0,32768.0,32768.0,32768.0,32768.0,32768.0,32768.0,32768.0,32768.0,32768.0,32768.0,32768.0,32768.0,32768.0,32768.0,32768.0,32768.0,32768.0,32768.0,32768.0,32768.0,32768.0,32768.0,32768.0,32768.0,32768.0,32768.0,32768.0,32768.0,0.0,0.0,4194304.0,16378.0,0.0
292,0,1,695,695,32768,512,0,0,108,4,48,64,matmulbias_kernel,158974887122380,158974887148319,293,196,549514.0,1184.0,8377.0,0.0,8704.0,150016.0,0.0,0.0,47321458.0,47321458.0,1048576.0,0.0,0.0,4669045.0,0.0,2074.0,2080.0,2080.0,2080.0,2073.0,2066.0,2066.0,2066.0,2066.0,2066.0,2066.0,2097.0,2066.0,2066.0,2082.0,2082.0,2082.0,2082.0,2082.0,2082.0,2082.0,2082.0,2096.0,2080.0,2112.0,2113.0,2112.0,2112.0,2112.0,2112.0,2097.0,2096.0,2096.0,2096.0,2085.0,2076.0,2104.0,2105.0,2104.0,2074.0,2104.0,2104.0,2104.0,2091.0,2078.0,2078.0,2078.0,2078.0,2078.0,2078.0,2074.0,2078.0,2078.0,2074.0,2074.0,2074.0,2074.0,2074.0,2074.0,2074.0,2074.0,2074.0,2072.0,2096.0,2097.0,2096.0,2096.0,2096.0,2096.0,2085.0,2068.0,2088.0,2074.0,2089.0,2088.0,2088.0,2088.0,2088.0,2079.0,2070.0,2070.0,2070.0,2070.0,2074.0,2070.0,2070.0,2070.0,2070.0,2064.0,2080.0,2081.0,2080.0,2080.0,2080.0,2074.0,2080.0,2073.0,2066.0,2066.0,2066.0,2066.0,2066.0,2066.0,2066.0,2066.0,2074.0,2078.0,2078.0,2078.0,2078.0,2078.0,2078.0,2078.0,2078.0,2076.0,2104.0,2072.0,2105.0,2104.0,2104.0,2104.0,2104.0,2091.0,2064.0,2080.0,2081.0,2080.0,2096.0,1024.0,1024.0,1024.0,1024.0,1024.0,1024.0,1024.0,1024.0,1024.0,1024.0,1024.0,1024.0,1024.0,1024.0,1024.0,1024.0,1024.0,1024.0,1024.0,1024.0,1024.0,1024.0,1024.0,1024.0,1024.0,1024.0,1024.0,1024.0,1024.0,1024.0,1024.0,1024.0,1024.0,1024.0,1024.0,1024.0,1024.0,1024.0,1024.0,1024.0,1024.0,1024.0,1024.0,1024.0,1024.0,1024.0,1024.0,1024.0,1024.0,1024.0,1024.0,1024.0,1024.0,1024.0,1024.0,1024.0,1024.0,1024.0,1024.0,1024.0,1024.0,1024.0,1024.0,1024.0,1024.0,1024.0,1024.0,1024.0,1024.0,1024.0,1024.0,1024.0,1024.0,1024.0,1024.0,1024.0,1024.0,1024.0,1024.0,1024.0,1024.0,1024.0,1024.0,1024.0,1024.0,1024.0,1024.0,1024.0,1024.0,1024.0,1024.0,1024.0,1024.0,1024.0,1024.0,1024.0,1024.0,1024.0,1024.0,1024.0,1024.0,1024.0,1024.0,1024.0,1024.0,1024.0,1024.0,1024.0,1024.0,1024.0,1024.0,1024.0,1024.0,1024.0,1024.0,1024.0,1024.0,1024.0,1024.0,1024.0,1024.0,1024.0,1024.0,1024.0,1024.0,1024.0,1024.0,1024.0,0.0,0.0,131072.0,256.0,0.0
293,0,1,695,695,4194304,256,0,0,12,4,32,64,"void at::native::vectorized_elementwise_kernel<4, at::native::FillFunctor<int>, std::array<char*, 1ul> >(int, at::native::FillFunctor<int>, std::array<char*, 1ul>)",158974887554080,158974887596295,294,121,814499.0,1184.0,10069.0,0.0,131072.0,917504.0,65536.0,0.0,555058512.0,555058512.0,0.0,0.0,0.0,10978461.0,1835120.0,0.0,81.0,0.0,0.0,0.0,0.0,0.0,0.0,80.0,80.0,80.0,0.0,81.0,80.0,0.0,0.0,0.0,80.0,80.0,80.0,81.0,80.0,0.0,20.0,0.0,0.0,0.0,81.0,0.0,0.0,0.0,81.0,0.0,0.0,0.0,20.0,0.0,0.0,0.0,0.0,81.0,0.0,0.0,0.0,0.0,0.0,0.0,80.0,80.0,80.0,0.0,81.0,80.0,0.0,0.0,0.0,80.0,80.0,80.0,81.0,80.0,80.0,20.0,0.0,0.0,0.0,81.0,0.0,0.0,0.0,20.0,0.0,80.0,0.0,0.0,81.0,0.0,0.0,0.0,0.0,0.0,0.0,80.0,80.0,80.0,80.0,81.0,80.0,20.0,0.0,0.0,0.0,81.0,0.0,81.0,0.0,0.0,0.0,0.0,0.0,80.0,80.0,80.0,81.0,80.0,80.0,0.0,0.0,0.0,80.0,80.0,80.0,81.0,80.0,20.0,0.0,20.0,0.0,0.0,81.0,0.0,0.0,0.0,20.0,0.0,0.0,0.0,0.0,32768.0,32768.0,32768.0,32768.0,32768.0,32768.0,32768.0,32768.0,32768.0,32768.0,32768.0,32768.0,32768.0,32768.0,32768.0,32768.0,32768.0,32768.0,32768.0,32768.0,32768.0,32768.0,32768.0,32768.0,32768.0,32768.0,32768.0,32768.0,32768.0,32768.0,32768.0,32768.0,32768.0,32768.0,32768.0,32768.0,32768.0,32768.0,32768.0,32768.0,32768.0,32768.0,32768.0,32768.0,32768.0,32768.0,32768.0,32768.0,32768.0,32768.0,32768.0,32768.0,32768.0,32768.0,32768.0,32768.0,32768.0,32768.0,32768.0,32768.0,32768.0,32768.0,32768.0,32768.0,32768.0,32768.0,32768.0,32768.0,32768.0,32768.0,32768.0,32768.0,32768.0,32768.0,32768.0,32768.0,32768.0,32768.0,32768.0,32768.0,32768.0,32768.0,32768.0,32768.0,32768.0,32768.0,32768.0,32768.0,32768.0,32768.0,32768.0,32768.0,32768.0,32768.0,32768.0,32768.0,32768.0,32768.0,32768.0,32768.0,32768.0,32768.0,32768.0,32768.0,32768.0,32768.0,32768.0,32768.0,32768.0,32768.0,32768.0,32768.0,32768.0,32768.0,32768.0,32768.0,32768.0,32768.0,32768.0,32768.0,32768.0,32768.0,32768.0,32768.0,32768.0,32768.0,32768.0,32768.0,0.0,0.0,4194304.0,16376.0,0.0
294,0,1,695,695,32768,512,0,0,108,4,48,64,matmulbias_kernel,158974888008550,158974888034449,295,196,552429.0,1273.0,8504.0,0.0,8704.0,150016.0,0.0,0.0,47409958.0,47409958.0,1048576.0,0.0,0.0,4777766.0,0.0,2082.0,2088.0,2088.0,2088.0,2079.0,2070.0,2070.0,2071.0,2070.0,2070.0,2070.0,2112.0,2070.0,2070.0,2074.0,2074.0,2075.0,2074.0,2074.0,2074.0,2074.0,2074.0,2112.0,2072.0,2096.0,2096.0,2096.0,2096.0,2096.0,2096.0,2085.0,2112.0,2112.0,2112.0,2097.0,2076.0,2104.0,2104.0,2104.0,2082.0,2104.0,2104.0,2104.0,2091.0,2078.0,2078.0,2079.0,2078.0,2078.0,2078.0,2083.0,2078.0,2078.0,2070.0,2070.0,2071.0,2070.0,2070.0,2070.0,2070.0,2070.0,2082.0,2068.0,2088.0,2088.0,2088.0,2088.0,2088.0,2088.0,2079.0,2068.0,2088.0,2082.0,2088.0,2088.0,2088.0,2088.0,2088.0,2079.0,2070.0,2070.0,2071.0,2070.0,2082.0,2070.0,2070.0,2070.0,2070.0,2072.0,2096.0,2096.0,2096.0,2096.0,2096.0,2082.0,2096.0,2085.0,2074.0,2074.0,2075.0,2074.0,2074.0,2074.0,2074.0,2074.0,2082.0,2078.0,2078.0,2079.0,2078.0,2078.0,2078.0,2078.0,2078.0,2076.0,2104.0,2080.0,2104.0,2104.0,2104.0,2104.0,2104.0,2091.0,2068.0,2088.0,2088.0,2088.0,2112.0,1024.0,1024.0,1024.0,1024.0,1024.0,1024.0,1024.0,1024.0,1024.0,1024.0,1024.0,1024.0,1024.0,1024.0,1024.0,1024.0,1024.0,1024.0,1024.0,1024.0,1024.0,1024.0,1024.0,1024.0,1024.0,1024.0,1024.0,1024.0,1024.0,1024.0,1024.0,1024.0,1024.0,1024.0,1024.0,1024.0,1024.0,1024.0,1024.0,1024.0,1024.0,1024.0,1024.0,1024.0,1024.0,1024.0,1024.0,1024.0,1024.0,1024.0,1024.0,1024.0,1024.0,1024.0,1024.0,1024.0,1024.0,1024.0,1024.0,1024.0,1024.0,1024.0,1024.0,1024.0,1024.0,1024.0,1024.0,1024.0,1024.0,1024.0,1024.0,1024.0,1024.0,1024.0,1024.0,1024.0,1024.0,1024.0,1024.0,1024.0,1024.0,1024.0,1024.0,1024.0,1024.0,1024.0,1024.0,1024.0,1024.0,1024.0,1024.0,1024.0,1024.0,1024.0,1024.0,1024.0,1024.0,1024.0,1024.0,1024.0,1024.0,1024.0,1024.0,1024.0,1024.0,1024.0,1024.0,1024.0,1024.0,1024.0,1024.0,1024.0,1024.0,1024.0,1024.0,1024.0,1024.0,1024.0,1024.0,1024.0,1024.0,1024.0,1024.0,1024.0,1024.0,1024.0,1024.0,1024.0,0.0,0.0,131072.0,256.0,0.0
295,0,1,695,695,4194304,256,0,0,12,4,32,64,"void at::native::vectorized_elementwise_kernel<4, at::native::FillFunctor<int>, std::array<char*, 1ul> >(int, at::native::FillFunctor<int>, std::array<char*, 1ul>)",158974888448629,158974888490644,296,121,819762.0,1184.0,10045.0,0.0,131072.0,917504.0,65536.0,0.0,553421905.0,553421905.0,0.0,0.0,0.0,10941028.0,1835120.0,0.0,82.0,0.0,0.0,20.0,0.0,0.0,0.0,80.0,80.0,80.0,0.0,80.0,80.0,0.0,0.0,0.0,80.0,80.0,80.0,80.0,80.0,0.0,0.0,0.0,0.0,0.0,82.0,0.0,0.0,20.0,82.0,0.0,0.0,20.0,0.0,0.0,0.0,0.0,0.0,82.0,0.0,0.0,20.0,0.0,0.0,0.0,80.0,80.0,80.0,0.0,80.0,80.0,0.0,0.0,0.0,80.0,80.0,80.0,80.0,80.0,80.0,0.0,0.0,0.0,0.0,82.0,0.0,0.0,20.0,0.0,0.0,80.0,0.0,0.0,82.0,0.0,0.0,20.0,0.0,0.0,0.0,80.0,80.0,80.0,80.0,80.0,80.0,0.0,0.0,0.0,0.0,82.0,0.0,80.0,0.0,20.0,0.0,0.0,0.0,80.0,80.0,80.0,80.0,80.0,80.0,0.0,0.0,0.0,80.0,80.0,80.0,80.0,80.0,0.0,0.0,0.0,0.0,0.0,82.0,0.0,0.0,20.0,0.0,0.0,0.0,0.0,0.0,32768.0,32768.0,32768.0,32768.0,32768.0,32768.0,32768.0,32768.0,32768.0,32768.0,32768.0,32768.0,32768.0,32768.0,32768.0,32768.0,32768.0,32768.0,32768.0,32768.0,32768.0,32768.0,32768.0,32768.0,32768.0,32768.0,32768.0,32768.0,32768.0,32768.0,32768.0,32768.0,32768.0,32768.0,32768.0,32768.0,32768.0,32768.0,32768.0,32768.0,32768.0,32768.0,32768.0,32768.0,32768.0,32768.0,32768.0,32768.0,32768.0,32768.0,32768.0,32768.0,32768.0,32768.0,32768.0,32768.0,32768.0,32768.0,32768.0,32768.0,32768.0,32768.0,32768.0,32768.0,32768.0,32768.0,32768.0,32768.0,32768.0,32768.0,32768.0,32768.0,32768.0,32768.0,32768.0,32768.0,32768.0,32768.0,32768.0,32768.0,32768.0,32768.0,32768.0,32768.0,32768.0,32768.0,32768.0,32768.0,32768.0,32768.0,32768.0,32768.0,32768.0,32768.0,32768.0,32768.0,32768.0,32768.0,32768.0,32768.0,32768.0,32768.0,32768.0,32768.0,32768.0,32768.0,32768.0,32768.0,32768.0,32768.0,32768.0,32768.0,32768.0,32768.0,32768.0,32768.0,32768.0,32768.0,32768.0,32768.0,32768.0,32768.0,32768.0,32768.0,32768.0,32768.0,32768.0,32768.0,0.0,0.0,4194304.0,16370.0,0.0
296,0,1,695,695,32768,512,0,0,108,4,48,64,matmulbias_kernel,158974888899411,158974888925791,297,196,566182.0,1184.0,8487.0,0.0,8704.0,150016.0,0.0,0.0,48265013.0,48265013.0,1048576.0,0.0,0.0,4756849.0,0.0,2074.0,2104.0,2105.0,2104.0,2090.0,2078.0,2078.0,2078.0,2078.0,2078.0,2078.0,2097.0,2078.0,2078.0,2078.0,2078.0,2078.0,2078.0,2078.0,2078.0,2078.0,2078.0,2096.0,2076.0,2104.0,2105.0,2104.0,2104.0,2105.0,2104.0,2090.0,2096.0,2097.0,2096.0,2084.0,2072.0,2096.0,2097.0,2096.0,2074.0,2096.0,2097.0,2096.0,2084.0,2074.0,2074.0,2074.0,2074.0,2074.0,2074.0,2074.0,2074.0,2074.0,2066.0,2066.0,2066.0,2066.0,2066.0,2066.0,2066.0,2066.0,2074.0,2064.0,2080.0,2081.0,2080.0,2080.0,2081.0,2080.0,2072.0,2076.0,2104.0,2074.0,2105.0,2104.0,2104.0,2105.0,2104.0,2090.0,2078.0,2078.0,2078.0,2078.0,2074.0,2078.0,2078.0,2078.0,2078.0,2076.0,2104.0,2105.0,2104.0,2104.0,2105.0,2074.0,2104.0,2090.0,2078.0,2078.0,2078.0,2078.0,2078.0,2078.0,2078.0,2078.0,2074.0,2074.0,2074.0,2074.0,2074.0,2074.0,2074.0,2074.0,2074.0,2072.0,2096.0,2072.0,2097.0,2096.0,2096.0,2097.0,2096.0,2084.0,2076.0,2104.0,2105.0,2104.0,2096.0,1024.0,1024.0,1024.0,1024.0,1024.0,1024.0,1024.0,1024.0,1024.0,1024.0,1024.0,1024.0,1024.0,1024.0,1024.0,1024.0,1024.0,1024.0,1024.0,1024.0,1024.0,1024.0,1024.0,1024.0,1024.0,1024.0,1024.0,1024.0,1024.0,1024.0,1024.0,1024.0,1024.0,1024.0,1024.0,1024.0,1024.0,1024.0,1024.0,1024.0,1024.0,1024.0,1024.0,1024.0,1024.0,1024.0,1024.0,1024.0,1024.0,1024.0,1024.0,1024.0,1024.0,1024.0,1024.0,1024.0,1024.0,1024.0,1024.0,1024.0,1024.0,1024.0,1024.0,1024.0,1024.0,1024.0,1024.0,1024.0,1024.0,1024.0,1024.0,1024.0,1024.0,1024.0,1024.0,1024.0,1024.0,1024.0,1024.0,1024.0,1024.0,1024.0,1024.0,1024.0,1024.0,1024.0,1024.0,1024.0,1024.0,1024.0,1024.0,1024.0,1024.0,1024.0,1024.0,1024.0,1024.0,1024.0,1024.0,1024.0,1024.0,1024.0,1024.0,1024.0,1024.0,1024.0,1024.0,1024.0,1024.0,1024.0,1024.0,1024.0,1024.0,1024.0,1024.0,1024.0,1024.0,1024.0,1024.0,1024.0,1024.0,1024.0,1024.0,1024.0,1024.0,1024.0,1024.0,1024.0,0.0,0.0,131072.0,256.0,0.0
297,0,1,695,695,4194304,256,0,0,12,4,32,64,"void at::native::vectorized_elementwise_kernel<4, at::native::FillFunctor<int>, std::array<char*, 1ul> >(int, at::native::FillFunctor<int>, std::array<char*, 1ul>)",158974889333717,158974889375852,298,121,827561.0,1184.0,7879.0,0.0,131072.0,917504.0,65536.0,0.0,556085133.0,556085133.0,0.0,0.0,0.0,11003368.0,1835120.0,0.0,80.0,1.0,20.0,0.0,0.0,1.0,0.0,80.0,80.0,80.0,0.0,80.0,80.0,0.0,1.0,0.0,80.0,80.0,80.0,80.0,80.0,0.0,0.0,0.0,0.0,0.0,80.0,1.0,20.0,0.0,80.0,1.0,20.0,0.0,0.0,0.0,0.0,0.0,1.0,80.0,1.0,20.0,0.0,0.0,1.0,0.0,80.0,80.0,80.0,0.0,80.0,80.0,0.0,1.0,0.0,80.0,80.0,80.0,80.0,80.0,80.0,0.0,0.0,0.0,0.0,80.0,1.0,20.0,0.0,0.0,0.0,80.0,0.0,0.0,80.0,1.0,20.0,0.0,0.0,1.0,0.0,80.0,80.0,80.0,80.0,80.0,80.0,0.0,0.0,0.0,0.0,80.0,1.0,80.0,20.0,0.0,0.0,1.0,0.0,80.0,80.0,80.0,80.0,80.0,80.0,0.0,1.0,0.0,80.0,80.0,80.0,80.0,80.0,0.0,0.0,0.0,0.0,0.0,80.0,1.0,20.0,0.0,0.0,0.0,0.0,0.0,0.0,32768.0,32768.0,32768.0,32768.0,32768.0,32768.0,32768.0,32768.0,32768.0,32768.0,32768.0,32768.0,32768.0,32768.0,32768.0,32768.0,32768.0,32768.0,32768.0,32768.0,32768.0,32768.0,32768.0,32768.0,32768.0,32768.0,32768.0,32768.0,32768.0,32768.0,32768.0,32768.0,32768.0,32768.0,32768.0,32768.0,32768.0,32768.0,32768.0,32768.0,32768.0,32768.0,32768.0,32768.0,32768.0,32768.0,32768.0,32768.0,32768.0,32768.0,32768.0,32768.0,32768.0,32768.0,32768.0,32768.0,32768.0,32768.0,32768.0,32768.0,32768.0,32768.0,32768.0,32768.0,32768.0,32768.0,32768.0,32768.0,32768.0,32768.0,32768.0,32768.0,32768.0,32768.0,32768.0,32768.0,32768.0,32768.0,32768.0,32768.0,32768.0,32768.0,32768.0,32768.0,32768.0,32768.0,32768.0,32768.0,32768.0,32768.0,32768.0,32768.0,32768.0,32768.0,32768.0,32768.0,32768.0,32768.0,32768.0,32768.0,32768.0,32768.0,32768.0,32768.0,32768.0,32768.0,32768.0,32768.0,32768.0,32768.0,32768.0,32768.0,32768.0,32768.0,32768.0,32768.0,32768.0,32768.0,32768.0,32768.0,32768.0,32768.0,32768.0,32768.0,32768.0,32768.0,32768.0,32768.0,0.0,0.0,4194304.0,16378.0,0.0
298,0,1,695,695,32768,512,0,0,108,4,48,64,matmulbias_kernel,158974889788749,158974889814567,299,196,555526.0,1184.0,9390.0,0.0,8704.0,150016.0,0.0,0.0,46798129.0,46798129.0,1048576.0,0.0,0.0,4630671.0,0.0,2074.0,2089.0,2088.0,2089.0,2078.0,2070.0,2070.0,2070.0,2070.0,2070.0,2070.0,2096.0,2070.0,2070.0,2066.0,2066.0,2066.0,2066.0,2066.0,2066.0,2066.0,2066.0,2096.0,2064.0,2080.0,2080.0,2080.0,2081.0,2080.0,2081.0,2072.0,2097.0,2096.0,2097.0,2084.0,2064.0,2080.0,2080.0,2080.0,2074.0,2081.0,2080.0,2081.0,2072.0,2066.0,2066.0,2066.0,2066.0,2066.0,2066.0,2074.0,2066.0,2066.0,2070.0,2070.0,2070.0,2070.0,2070.0,2070.0,2070.0,2070.0,2074.0,2068.0,2088.0,2088.0,2088.0,2089.0,2088.0,2089.0,2078.0,2076.0,2104.0,2074.0,2104.0,2104.0,2105.0,2104.0,2105.0,2090.0,2078.0,2078.0,2078.0,2078.0,2074.0,2078.0,2078.0,2078.0,2078.0,2072.0,2096.0,2096.0,2096.0,2097.0,2096.0,2074.0,2097.0,2084.0,2074.0,2074.0,2074.0,2074.0,2074.0,2074.0,2074.0,2074.0,2074.0,2074.0,2074.0,2074.0,2074.0,2074.0,2074.0,2074.0,2074.0,2072.0,2096.0,2072.0,2096.0,2096.0,2097.0,2096.0,2097.0,2084.0,2068.0,2088.0,2088.0,2088.0,2096.0,1024.0,1024.0,1024.0,1024.0,1024.0,1024.0,1024.0,1024.0,1024.0,1024.0,1024.0,1024.0,1024.0,1024.0,1024.0,1024.0,1024.0,1024.0,1024.0,1024.0,1024.0,1024.0,1024.0,1024.0,1024.0,1024.0,1024.0,1024.0,1024.0,1024.0,1024.0,1024.0,1024.0,1024.0,1024.0,1024.0,1024.0,1024.0,1024.0,1024.0,1024.0,1024.0,1024.0,1024.0,1024.0,1024.0,1024.0,1024.0,1024.0,1024.0,1024.0,1024.0,1024.0,1024.0,1024.0,1024.0,1024.0,1024.0,1024.0,1024.0,1024.0,1024.0,1024.0,1024.0,1024.0,1024.0,1024.0,1024.0,1024.0,1024.0,1024.0,1024.0,1024.0,1024.0,1024.0,1024.0,1024.0,1024.0,1024.0,1024.0,1024.0,1024.0,1024.0,1024.0,1024.0,1024.0,1024.0,1024.0,1024.0,1024.0,1024.0,1024.0,1024.0,1024.0,1024.0,1024.0,1024.0,1024.0,1024.0,1024.0,1024.0,1024.0,1024.0,1024.0,1024.0,1024.0,1024.0,1024.0,1024.0,1024.0,1024.0,1024.0,1024.0,1024.0,1024.0,1024.0,1024.0,1024.0,1024.0,1024.0,1024.0,1024.0,1024.0,1024.0,1024.0,1024.0,1024.0,1024.0,0.0,0.0,131072.0,256.0,0.0
299,0,1,695,695,4194304,256,0,0,12,4,32,64,"void at::native::vectorized_elementwise_kernel<4, at::native::FillFunctor<int>, std::array<char*, 1ul> >(int, at::native::FillFunctor<int>, std::array<char*, 1ul>)",158974890224698,158974890267034,300,121,822549.0,1184.0,9922.0,0.0,131072.0,917504.0,65536.0,0.0,556263823.0,556263823.0,0.0,0.0,0.0,11029036.0,1835120.0,0.0,80.0,20.0,0.0,0.0,0.0,0.0,0.0,80.0,80.0,80.0,1.0,80.0,80.0,0.0,0.0,0.0,80.0,80.0,80.0,80.0,80.0,1.0,0.0,0.0,1.0,1.0,80.0,20.0,0.0,0.0,80.0,20.0,0.0,0.0,0.0,0.0,1.0,1.0,0.0,80.0,20.0,0.0,0.0,0.0,0.0,0.0,80.0,80.0,80.0,0.0,80.0,80.0,0.0,0.0,0.0,80.0,80.0,80.0,80.0,80.0,80.0,0.0,0.0,1.0,1.0,80.0,20.0,0.0,0.0,0.0,0.0,80.0,1.0,1.0,80.0,20.0,0.0,0.0,0.0,0.0,0.0,80.0,80.0,80.0,80.0,80.0,80.0,0.0,0.0,1.0,1.0,80.0,20.0,80.0,0.0,0.0,0.0,0.0,0.0,80.0,80.0,80.0,80.0,80.0,80.0,0.0,0.0,0.0,80.0,80.0,80.0,80.0,80.0,0.0,0.0,0.0,1.0,1.0,80.0,20.0,0.0,0.0,0.0,0.0,1.0,1.0,0.0,32768.0,32768.0,32768.0,32768.0,32768.0,32768.0,32768.0,32768.0,32768.0,32768.0,32768.0,32768.0,32768.0,32768.0,32768.0,32768.0,32768.0,32768.0,32768.0,32768.0,32768.0,32768.0,32768.0,32768.0,32768.0,32768.0,32768.0,32768.0,32768.0,32768.0,32768.0,32768.0,32768.0,32768.0,32768.0,32768.0,32768.0,32768.0,32768.0,32768.0,32768.0,32768.0,32768.0,32768.0,32768.0,32768.0,32768.0,32768.0,32768.0,32768.0,32768.0,32768.0,32768.0,32768.0,32768.0,32768.0,32768.0,32768.0,32768.0,32768.0,32768.0,32768.0,32768.0,32768.0,32768.0,32768.0,32768.0,32768.0,32768.0,32768.0,32768.0,32768.0,32768.0,32768.0,32768.0,32768.0,32768.0,32768.0,32768.0,32768.0,32768.0,32768.0,32768.0,32768.0,32768.0,32768.0,32768.0,32768.0,32768.0,32768.0,32768.0,32768.0,32768.0,32768.0,32768.0,32768.0,32768.0,32768.0,32768.0,32768.0,32768.0,32768.0,32768.0,32768.0,32768.0,32768.0,32768.0,32768.0,32768.0,32768.0,32768.0,32768.0,32768.0,32768.0,32768.0,32768.0,32768.0,32768.0,32768.0,32768.0,32768.0,32768.0,32768.0,32768.0,32768.0,32768.0,32768.0,32768.0,0.0,0.0,4194304.0,16375.0,0.0
300,0,1,695,695,32768,512,0,0,108,4,48,64,matmulbias_kernel,158974890679610,158974890705468,301,196,560778.0,1184.0,8925.0,0.0,8704.0,150016.0,0.0,0.0,47112951.0,47112951.0,1048576.0,0.0,0.0,4660678.0,0.0,2078.0,2113.0,2112.0,2112.0,2096.0,2082.0,2082.0,2082.0,2082.0,2082.0,2082.0,2104.0,2082.0,2082.0,2070.0,2070.0,2070.0,2070.0,2070.0,2070.0,2070.0,2070.0,2104.0,2069.0,2088.0,2088.0,2088.0,2089.0,2088.0,2088.0,2078.0,2105.0,2104.0,2104.0,2090.0,2065.0,2080.0,2080.0,2080.0,2078.0,2081.0,2080.0,2080.0,2072.0,2066.0,2066.0,2066.0,2066.0,2066.0,2066.0,2078.0,2066.0,2066.0,2074.0,2074.0,2074.0,2074.0,2074.0,2074.0,2074.0,2074.0,2078.0,2073.0,2096.0,2096.0,2096.0,2097.0,2096.0,2096.0,2084.0,2077.0,2104.0,2078.0,2104.0,2104.0,2105.0,2104.0,2104.0,2090.0,2078.0,2078.0,2078.0,2078.0,2078.0,2078.0,2078.0,2078.0,2078.0,2073.0,2096.0,2096.0,2096.0,2097.0,2096.0,2078.0,2096.0,2084.0,2074.0,2074.0,2074.0,2074.0,2074.0,2074.0,2074.0,2074.0,2078.0,2074.0,2074.0,2074.0,2074.0,2074.0,2074.0,2074.0,2074.0,2073.0,2096.0,2077.0,2096.0,2096.0,2097.0,2096.0,2096.0,2084.0,2081.0,2112.0,2112.0,2112.0,2104.0,1024.0,1024.0,1024.0,1024.0,1024.0,1024.0,1024.0,1024.0,1024.0,1024.0,1024.0,1024.0,1024.0,1024.0,1024.0,1024.0,1024.0,1024.0,1024.0,1024.0,1024.0,1024.0,1024.0,1024.0,1024.0,1024.0,1024.0,1024.0,1024.0,1024.0,1024.0,1024.0,1024.0,1024.0,1024.0,1024.0,1024.0,1024.0,1024.0,1024.0,1024.0,1024.0,1024.0,1024.0,1024.0,1024.0,1024.0,1024.0,1024.0,1024.0,1024.0,1024.0,1024.0,1024.0,1024.0,1024.0,1024.0,1024.0,1024.0,1024.0,1024.0,1024.0,1024.0,1024.0,1024.0,1024.0,1024.0,1024.0,1024.0,1024.0,1024.0,1024.0,1024.0,1024.0,1024.0,1024.0,1024.0,1024.0,1024.0,1024.0,1024.0,1024.0,1024.0,1024.0,1024.0,1024.0,1024.0,1024.0,1024.0,1024.0,1024.0,1024.0,1024.0,1024.0,1024.0,1024.0,1024.0,1024.0,1024.0,1024.0,1024.0,1024.0,1024.0,1024.0,1024.0,1024.0,1024.0,1024.0,1024.0,1024.0,1024.0,1024.0,1024.0,1024.0,1024.0,1024.0,1024.0,1024.0,1024.0,1024.0,1024.0,1024.0,1024.0,1024.0,1024.0,1024.0,1024.0,1024.0,0.0,0.0,131072.0,256.0,0.0
301,0,1,695,695,4194304,256,0,0,12,4,32,64,"void at::native::vectorized_elementwise_kernel<4, at::native::FillFunctor<int>, std::array<char*, 1ul> >(int, at::native::FillFunctor<int>, std::array<char*, 1ul>)",158974891113113,158974891155489,302,121,821190.0,1184.0,608.0,0.0,131072.0,917504.0,65536.0,0.0,559890125.0,559890125.0,0.0,0.0,0.0,11076963.0,1835120.0,0.0,100.0,0.0,0.0,0.0,0.0,0.0,0.0,80.0,80.0,80.0,0.0,80.0,80.0,0.0,0.0,0.0,80.0,80.0,80.0,80.0,80.0,0.0,0.0,0.0,0.0,0.0,100.0,0.0,0.0,0.0,100.0,0.0,0.0,0.0,0.0,0.0,0.0,0.0,0.0,100.0,0.0,0.0,0.0,0.0,0.0,0.0,80.0,80.0,80.0,0.0,80.0,80.0,0.0,0.0,0.0,80.0,80.0,80.0,80.0,80.0,80.0,0.0,0.0,0.0,0.0,100.0,0.0,0.0,0.0,0.0,0.0,80.0,0.0,0.0,100.0,0.0,0.0,0.0,0.0,0.0,0.0,80.0,80.0,80.0,80.0,80.0,80.0,0.0,0.0,0.0,0.0,100.0,0.0,80.0,0.0,0.0,0.0,0.0,0.0,80.0,80.0,80.0,80.0,80.0,80.0,0.0,0.0,0.0,80.0,80.0,80.0,80.0,80.0,0.0,0.0,0.0,0.0,0.0,100.0,0.0,0.0,0.0,0.0,0.0,0.0,0.0,0.0,32768.0,32768.0,32768.0,32768.0,32768.0,32768.0,32768.0,32768.0,32768.0,32768.0,32768.0,32768.0,32768.0,32768.0,32768.0,32768.0,32768.0,32768.0,32768.0,32768.0,32768.0,32768.0,32768.0,32768.0,32768.0,32768.0,32768.0,32768.0,32768.0,32768.0,32768.0,32768.0,32768.0,32768.0,32768.0,32768.0,32768.0,32768.0,32768.0,32768.0,32768.0,32768.0,32768.0,32768.0,32768.0,32768.0,32768.0,32768.0,32768.0,32768.0,32768.0,32768.0,32768.0,32768.0,32768.0,32768.0,32768.0,32768.0,32768.0,32768.0,32768.0,32768.0,32768.0,32768.0,32768.0,32768.0,32768.0,32768.0,32768.0,32768.0,32768.0,32768.0,32768.0,32768.0,32768.0,32768.0,32768.0,32768.0,32768.0,32768.0,32768.0,32768.0,32768.0,32768.0,32768.0,32768.0,32768.0,32768.0,32768.0,32768.0,32768.0,32768.0,32768.0,32768.0,32768.0,32768.0,32768.0,32768.0,32768.0,32768.0,32768.0,32768.0,32768.0,32768.0,32768.0,32768.0,32768.0,32768.0,32768.0,32768.0,32768.0,32768.0,32768.0,32768.0,32768.0,32768.0,32768.0,32768.0,32768.0,32768.0,32768.0,32768.0,32768.0,32768.0,32768.0,32768.0,32768.0,32768.0,0.0,0.0,4194304.0,16374.0,0.0
302,0,1,695,695,32768,512,0,0,108,4,48,64,matmulbias_kernel,158974891563495,158974891589474,303,196,554859.0,1184.0,9597.0,0.0,8704.0,150016.0,0.0,0.0,48006871.0,48006871.0,1048576.0,0.0,0.0,4784211.0,0.0,2074.0,2097.0,2096.0,2096.0,2084.0,2074.0,2074.0,2074.0,2074.0,2074.0,2074.0,2097.0,2074.0,2074.0,2074.0,2074.0,2074.0,2074.0,2074.0,2074.0,2074.0,2074.0,2096.0,2072.0,2096.0,2097.0,2096.0,2097.0,2096.0,2096.0,2084.0,2097.0,2096.0,2096.0,2084.0,2076.0,2104.0,2105.0,2104.0,2074.0,2105.0,2104.0,2104.0,2090.0,2078.0,2078.0,2078.0,2078.0,2078.0,2078.0,2074.0,2078.0,2078.0,2074.0,2074.0,2074.0,2074.0,2074.0,2074.0,2074.0,2074.0,2074.0,2072.0,2096.0,2097.0,2096.0,2097.0,2096.0,2096.0,2084.0,2076.0,2104.0,2074.0,2105.0,2104.0,2105.0,2104.0,2104.0,2090.0,2078.0,2078.0,2078.0,2078.0,2074.0,2078.0,2078.0,2078.0,2078.0,2072.0,2096.0,2097.0,2096.0,2097.0,2096.0,2074.0,2096.0,2084.0,2074.0,2074.0,2074.0,2074.0,2074.0,2074.0,2074.0,2074.0,2074.0,2074.0,2074.0,2074.0,2074.0,2074.0,2074.0,2074.0,2074.0,2072.0,2096.0,2072.0,2097.0,2096.0,2097.0,2096.0,2096.0,2084.0,2072.0,2096.0,2097.0,2096.0,2096.0,1024.0,1024.0,1024.0,1024.0,1024.0,1024.0,1024.0,1024.0,1024.0,1024.0,1024.0,1024.0,1024.0,1024.0,1024.0,1024.0,1024.0,1024.0,1024.0,1024.0,1024.0,1024.0,1024.0,1024.0,1024.0,1024.0,1024.0,1024.0,1024.0,1024.0,1024.0,1024.0,1024.0,1024.0,1024.0,1024.0,1024.0,1024.0,1024.0,1024.0,1024.0,1024.0,1024.0,1024.0,1024.0,1024.0,1024.0,1024.0,1024.0,1024.0,1024.0,1024.0,1024.0,1024.0,1024.0,1024.0,1024.0,1024.0,1024.0,1024.0,1024.0,1024.0,1024.0,1024.0,1024.0,1024.0,1024.0,1024.0,1024.0,1024.0,1024.0,1024.0,1024.0,1024.0,1024.0,1024.0,1024.0,1024.0,1024.0,1024.0,1024.0,1024.0,1024.0,1024.0,1024.0,1024.0,1024.0,1024.0,1024.0,1024.0,1024.0,1024.0,1024.0,1024.0,1024.0,1024.0,1024.0,1024.0,1024.0,1024.0,1024.0,1024.0,1024.0,1024.0,1024.0,1024.0,1024.0,1024.0,1024.0,1024.0,1024.0,1024.0,1024.0,1024.0,1024.0,1024.0,1024.0,1024.0,1024.0,1024.0,1024.0,1024.0,1024.0,1024.0,1024.0,1024.0,1024.0,1024.0,0.0,0.0,131072.0,256.0,0.0
303,0,1,695,695,4194304,256,0,0,12,4,32,64,"void at::native::vectorized_elementwise_kernel<4, at::native::FillFunctor<int>, std::array<char*, 1ul> >(int, at::native::FillFunctor<int>, std::array<char*, 1ul>)",158974892003653,158974892045909,304,121,828388.0,1184.0,608.0,0.0,131072.0,917504.0,65536.0,0.0,556070007.0,556070007.0,0.0,0.0,0.0,11004481.0,1835120.0,0.0,80.0,0.0,0.0,0.0,0.0,0.0,0.0,80.0,80.0,80.0,0.0,80.0,100.0,0.0,0.0,0.0,80.0,80.0,80.0,80.0,100.0,0.0,0.0,0.0,0.0,0.0,80.0,0.0,0.0,0.0,80.0,0.0,0.0,0.0,0.0,0.0,0.0,0.0,0.0,80.0,0.0,0.0,0.0,0.0,0.0,0.0,80.0,80.0,80.0,0.0,80.0,100.0,0.0,0.0,0.0,80.0,80.0,80.0,80.0,100.0,80.0,0.0,0.0,0.0,0.0,80.0,0.0,0.0,0.0,0.0,0.0,80.0,0.0,0.0,80.0,0.0,0.0,0.0,0.0,0.0,0.0,80.0,80.0,80.0,80.0,80.0,100.0,0.0,0.0,0.0,0.0,80.0,0.0,80.0,0.0,0.0,0.0,0.0,0.0,80.0,80.0,80.0,80.0,100.0,100.0,0.0,0.0,0.0,80.0,80.0,80.0,80.0,100.0,0.0,0.0,0.0,0.0,0.0,80.0,0.0,0.0,0.0,0.0,0.0,0.0,0.0,0.0,32768.0,32768.0,32768.0,32768.0,32768.0,32768.0,32768.0,32768.0,32768.0,32768.0,32768.0,32768.0,32768.0,32768.0,32768.0,32768.0,32768.0,32768.0,32768.0,32768.0,32768.0,32768.0,32768.0,32768.0,32768.0,32768.0,32768.0,32768.0,32768.0,32768.0,32768.0,32768.0,32768.0,32768.0,32768.0,32768.0,32768.0,32768.0,32768.0,32768.0,32768.0,32768.0,32768.0,32768.0,32768.0,32768.0,32768.0,32768.0,32768.0,32768.0,32768.0,32768.0,32768.0,32768.0,32768.0,32768.0,32768.0,32768.0,32768.0,32768.0,32768.0,32768.0,32768.0,32768.0,32768.0,32768.0,32768.0,32768.0,32768.0,32768.0,32768.0,32768.0,32768.0,32768.0,32768.0,32768.0,32768.0,32768.0,32768.0,32768.0,32768.0,32768.0,32768.0,32768.0,32768.0,32768.0,32768.0,32768.0,32768.0,32768.0,32768.0,32768.0,32768.0,32768.0,32768.0,32768.0,32768.0,32768.0,32768.0,32768.0,32768.0,32768.0,32768.0,32768.0,32768.0,32768.0,32768.0,32768.0,32768.0,32768.0,32768.0,32768.0,32768.0,32768.0,32768.0,32768.0,32768.0,32768.0,32768.0,32768.0,32768.0,32768.0,32768.0,32768.0,32768.0,32768.0,32768.0,32768.0,0.0,0.0,4194304.0,16379.0,0.0
304,0,1,695,695,32768,512,0,0,108,4,48,64,matmulbias_kernel,158974892452632,158974892478691,305,196,564938.0,1184.0,8959.0,0.0,8704.0,150016.0,0.0,0.0,47696178.0,47696178.0,1048576.0,0.0,0.0,4696162.0,0.0,2074.0,2105.0,2104.0,2104.0,2090.0,2078.0,2078.0,2078.0,2078.0,2078.0,2078.0,2096.0,2079.0,2078.0,2074.0,2074.0,2074.0,2074.0,2074.0,2074.0,2075.0,2074.0,2096.0,2072.0,2096.0,2096.0,2096.0,2097.0,2096.0,2096.0,2084.0,2097.0,2096.0,2096.0,2084.0,2072.0,2096.0,2096.0,2096.0,2074.0,2097.0,2096.0,2096.0,2084.0,2074.0,2074.0,2074.0,2074.0,2074.0,2074.0,2074.0,2075.0,2074.0,2074.0,2074.0,2074.0,2074.0,2074.0,2074.0,2075.0,2074.0,2074.0,2072.0,2096.0,2096.0,2096.0,2097.0,2096.0,2096.0,2084.0,2072.0,2096.0,2074.0,2096.0,2096.0,2097.0,2096.0,2096.0,2084.0,2074.0,2074.0,2074.0,2074.0,2074.0,2074.0,2074.0,2075.0,2074.0,2076.0,2104.0,2104.0,2104.0,2105.0,2104.0,2075.0,2104.0,2090.0,2078.0,2078.0,2078.0,2078.0,2078.0,2078.0,2079.0,2078.0,2074.0,2074.0,2074.0,2074.0,2074.0,2074.0,2074.0,2075.0,2074.0,2072.0,2096.0,2072.0,2096.0,2096.0,2097.0,2096.0,2096.0,2084.0,2076.0,2104.0,2104.0,2104.0,2096.0,1024.0,1024.0,1024.0,1024.0,1024.0,1024.0,1024.0,1024.0,1024.0,1024.0,1024.0,1024.0,1024.0,1024.0,1024.0,1024.0,1024.0,1024.0,1024.0,1024.0,1024.0,1024.0,1024.0,1024.0,1024.0,1024.0,1024.0,1024.0,1024.0,1024.0,1024.0,1024.0,1024.0,1024.0,1024.0,1024.0,1024.0,1024.0,1024.0,1024.0,1024.0,1024.0,1024.0,1024.0,1024.0,1024.0,1024.0,1024.0,1024.0,1024.0,1024.0,1024.0,1024.0,1024.0,1024.0,1024.0,1024.0,1024.0,1024.0,1024.0,1024.0,1024.0,1024.0,1024.0,1024.0,1024.0,1024.0,1024.0,1024.0,1024.0,1024.0,1024.0,1024.0,1024.0,1024.0,1024.0,1024.0,1024.0,1024.0,1024.0,1024.0,1024.0,1024.0,1024.0,1024.0,1024.0,1024.0,1024.0,1024.0,1024.0,1024.0,1024.0,1024.0,1024.0,1024.0,1024.0,1024.0,1024.0,1024.0,1024.0,1024.0,1024.0,1024.0,1024.0,1024.0,1024.0,1024.0,1024.0,1024.0,1024.0,1024.0,1024.0,1024.0,1024.0,1024.0,1024.0,1024.0,1024.0,1024.0,1024.0,1024.0,1024.0,1024.0,1024.0,1024.0,1024.0,1024.0,1024.0,0.0,0.0,131072.0,256.0,0.0
305,0,1,695,695,4194304,256,0,0,12,4,32,64,"void at::native::vectorized_elementwise_kernel<4, at::native::FillFunctor<int>, std::array<char*, 1ul> >(int, at::native::FillFunctor<int>, std::array<char*, 1ul>)",158974892884652,158974892926787,306,121,828721.0,1184.0,8579.0,0.0,131072.0,917504.0,65536.0,0.0,557552830.0,557552830.0,0.0,0.0,0.0,11036676.0,1835120.0,0.0,80.0,0.0,0.0,0.0,0.0,0.0,0.0,80.0,80.0,80.0,1.0,100.0,80.0,0.0,0.0,0.0,80.0,80.0,80.0,100.0,80.0,0.0,0.0,1.0,1.0,0.0,80.0,0.0,0.0,0.0,80.0,0.0,0.0,0.0,0.0,1.0,1.0,0.0,0.0,80.0,0.0,0.0,0.0,0.0,0.0,0.0,80.0,80.0,80.0,0.0,100.0,80.0,0.0,0.0,0.0,80.0,80.0,80.0,100.0,80.0,80.0,0.0,1.0,1.0,0.0,80.0,0.0,0.0,0.0,0.0,1.0,80.0,1.0,0.0,80.0,0.0,0.0,0.0,0.0,0.0,0.0,80.0,80.0,80.0,80.0,100.0,80.0,0.0,1.0,1.0,0.0,80.0,0.0,100.0,0.0,0.0,0.0,0.0,0.0,80.0,80.0,80.0,100.0,80.0,80.0,0.0,0.0,0.0,80.0,80.0,80.0,100.0,80.0,0.0,1.0,0.0,1.0,0.0,80.0,0.0,0.0,0.0,0.0,1.0,1.0,0.0,1.0,32768.0,32768.0,32768.0,32768.0,32768.0,32768.0,32768.0,32768.0,32768.0,32768.0,32768.0,32768.0,32768.0,32768.0,32768.0,32768.0,32768.0,32768.0,32768.0,32768.0,32768.0,32768.0,32768.0,32768.0,32768.0,32768.0,32768.0,32768.0,32768.0,32768.0,32768.0,32768.0,32768.0,32768.0,32768.0,32768.0,32768.0,32768.0,32768.0,32768.0,32768.0,32768.0,32768.0,32768.0,32768.0,32768.0,32768.0,32768.0,32768.0,32768.0,32768.0,32768.0,32768.0,32768.0,32768.0,32768.0,32768.0,32768.0,32768.0,32768.0,32768.0,32768.0,32768.0,32768.0,32768.0,32768.0,32768.0,32768.0,32768.0,32768.0,32768.0,32768.0,32768.0,32768.0,32768.0,32768.0,32768.0,32768.0,32768.0,32768.0,32768.0,32768.0,32768.0,32768.0,32768.0,32768.0,32768.0,32768.0,32768.0,32768.0,32768.0,32768.0,32768.0,32768.0,32768.0,32768.0,32768.0,32768.0,32768.0,32768.0,32768.0,32768.0,32768.0,32768.0,32768.0,32768.0,32768.0,32768.0,32768.0,32768.0,32768.0,32768.0,32768.0,32768.0,32768.0,32768.0,32768.0,32768.0,32768.0,32768.0,32768.0,32768.0,32768.0,32768.0,32768.0,32768.0,32768.0,32768.0,0.0,0.0,4194304.0,16377.0,0.0
306,0,1,695,695,32768,512,0,0,108,4,48,64,matmulbias_kernel,158974893332668,158974893358647,307,196,560104.0,1184.0,8474.0,0.0,8704.0,150016.0,0.0,0.0,47624283.0,47624283.0,1048576.0,0.0,0.0,4708919.0,0.0,2074.0,2097.0,2096.0,2096.0,2084.0,2074.0,2074.0,2074.0,2074.0,2075.0,2074.0,2096.0,2074.0,2074.0,2074.0,2074.0,2074.0,2074.0,2075.0,2074.0,2074.0,2074.0,2096.0,2072.0,2096.0,2096.0,2096.0,2097.0,2096.0,2096.0,2084.0,2097.0,2096.0,2096.0,2084.0,2080.0,2112.0,2112.0,2112.0,2074.0,2113.0,2112.0,2112.0,2096.0,2082.0,2082.0,2082.0,2082.0,2083.0,2082.0,2074.0,2082.0,2082.0,2070.0,2070.0,2070.0,2070.0,2071.0,2070.0,2070.0,2070.0,2074.0,2068.0,2088.0,2088.0,2088.0,2089.0,2088.0,2088.0,2078.0,2064.0,2080.0,2075.0,2080.0,2080.0,2081.0,2080.0,2080.0,2072.0,2066.0,2066.0,2066.0,2066.0,2074.0,2067.0,2066.0,2066.0,2066.0,2076.0,2104.0,2104.0,2104.0,2105.0,2104.0,2074.0,2104.0,2090.0,2078.0,2078.0,2078.0,2078.0,2079.0,2078.0,2078.0,2078.0,2074.0,2078.0,2078.0,2078.0,2078.0,2079.0,2078.0,2078.0,2078.0,2076.0,2104.0,2072.0,2104.0,2104.0,2105.0,2104.0,2104.0,2090.0,2072.0,2096.0,2096.0,2096.0,2096.0,1024.0,1024.0,1024.0,1024.0,1024.0,1024.0,1024.0,1024.0,1024.0,1024.0,1024.0,1024.0,1024.0,1024.0,1024.0,1024.0,1024.0,1024.0,1024.0,1024.0,1024.0,1024.0,1024.0,1024.0,1024.0,1024.0,1024.0,1024.0,1024.0,1024.0,1024.0,1024.0,1024.0,1024.0,1024.0,1024.0,1024.0,1024.0,1024.0,1024.0,1024.0,1024.0,1024.0,1024.0,1024.0,1024.0,1024.0,1024.0,1024.0,1024.0,1024.0,1024.0,1024.0,1024.0,1024.0,1024.0,1024.0,1024.0,1024.0,1024.0,1024.0,1024.0,1024.0,1024.0,1024.0,1024.0,1024.0,1024.0,1024.0,1024.0,1024.0,1024.0,1024.0,1024.0,1024.0,1024.0,1024.0,1024.0,1024.0,1024.0,1024.0,1024.0,1024.0,1024.0,1024.0,1024.0,1024.0,1024.0,1024.0,1024.0,1024.0,1024.0,1024.0,1024.0,1024.0,1024.0,1024.0,1024.0,1024.0,1024.0,1024.0,1024.0,1024.0,1024.0,1024.0,1024.0,1024.0,1024.0,1024.0,1024.0,1024.0,1024.0,1024.0,1024.0,1024.0,1024.0,1024.0,1024.0,1024.0,1024.0,1024.0,1024.0,1024.0,1024.0,1024.0,1024.0,1024.0,1024.0,0.0,0.0,131072.0,256.0,0.0
307,0,1,695,695,4194304,256,0,0,12,4,32,64,"void at::native::vectorized_elementwise_kernel<4, at::native::FillFunctor<int>, std::array<char*, 1ul> >(int, at::native::FillFunctor<int>, std::array<char*, 1ul>)",158974893762483,158974893804378,308,121,814858.0,1184.0,608.0,0.0,131072.0,917504.0,65536.0,0.0,554314760.0,554314760.0,0.0,0.0,0.0,10969500.0,1835120.0,0.0,80.0,0.0,0.0,0.0,0.0,0.0,0.0,80.0,80.0,100.0,0.0,80.0,80.0,0.0,0.0,0.0,80.0,80.0,100.0,80.0,80.0,0.0,0.0,0.0,0.0,0.0,80.0,0.0,0.0,0.0,80.0,0.0,0.0,0.0,0.0,0.0,0.0,0.0,0.0,80.0,0.0,0.0,0.0,0.0,0.0,0.0,80.0,80.0,100.0,0.0,80.0,80.0,0.0,0.0,0.0,80.0,80.0,100.0,80.0,80.0,80.0,0.0,0.0,0.0,0.0,80.0,0.0,0.0,0.0,0.0,0.0,80.0,0.0,0.0,80.0,0.0,0.0,0.0,0.0,0.0,0.0,80.0,100.0,80.0,100.0,80.0,80.0,0.0,0.0,0.0,0.0,80.0,0.0,80.0,0.0,0.0,0.0,0.0,0.0,80.0,80.0,100.0,80.0,80.0,80.0,0.0,0.0,0.0,80.0,80.0,100.0,80.0,80.0,0.0,0.0,0.0,0.0,0.0,80.0,0.0,0.0,0.0,0.0,0.0,0.0,0.0,0.0,32768.0,32768.0,32768.0,32768.0,32768.0,32768.0,32768.0,32768.0,32768.0,32768.0,32768.0,32768.0,32768.0,32768.0,32768.0,32768.0,32768.0,32768.0,32768.0,32768.0,32768.0,32768.0,32768.0,32768.0,32768.0,32768.0,32768.0,32768.0,32768.0,32768.0,32768.0,32768.0,32768.0,32768.0,32768.0,32768.0,32768.0,32768.0,32768.0,32768.0,32768.0,32768.0,32768.0,32768.0,32768.0,32768.0,32768.0,32768.0,32768.0,32768.0,32768.0,32768.0,32768.0,32768.0,32768.0,32768.0,32768.0,32768.0,32768.0,32768.0,32768.0,32768.0,32768.0,32768.0,32768.0,32768.0,32768.0,32768.0,32768.0,32768.0,32768.0,32768.0,32768.0,32768.0,32768.0,32768.0,32768.0,32768.0,32768.0,32768.0,32768.0,32768.0,32768.0,32768.0,32768.0,32768.0,32768.0,32768.0,32768.0,32768.0,32768.0,32768.0,32768.0,32768.0,32768.0,32768.0,32768.0,32768.0,32768.0,32768.0,32768.0,32768.0,32768.0,32768.0,32768.0,32768.0,32768.0,32768.0,32768.0,32768.0,32768.0,32768.0,32768.0,32768.0,32768.0,32768.0,32768.0,32768.0,32768.0,32768.0,32768.0,32768.0,32768.0,32768.0,32768.0,32768.0,32768.0,32768.0,0.0,0.0,4194304.0,16377.0,0.0
308,0,1,695,695,32768,512,0,0,108,4,48,64,matmulbias_kernel,158974894208214,158974894233993,309,196,550458.0,1184.0,8669.0,0.0,8704.0,150016.0,0.0,0.0,47278461.0,47278461.0,1048576.0,0.0,0.0,4695945.0,0.0,2082.0,2081.0,2080.0,2080.0,2072.0,2066.0,2066.0,2067.0,2066.0,2066.0,2066.0,2112.0,2066.0,2066.0,2074.0,2074.0,2075.0,2074.0,2074.0,2074.0,2074.0,2074.0,2112.0,2072.0,2096.0,2096.0,2096.0,2097.0,2096.0,2096.0,2084.0,2113.0,2112.0,2112.0,2096.0,2068.0,2088.0,2088.0,2088.0,2082.0,2089.0,2088.0,2088.0,2078.0,2070.0,2070.0,2071.0,2070.0,2070.0,2070.0,2083.0,2070.0,2070.0,2082.0,2082.0,2083.0,2082.0,2082.0,2082.0,2082.0,2082.0,2082.0,2080.0,2112.0,2112.0,2112.0,2113.0,2112.0,2112.0,2096.0,2076.0,2104.0,2082.0,2104.0,2104.0,2105.0,2104.0,2104.0,2090.0,2078.0,2078.0,2079.0,2078.0,2082.0,2078.0,2078.0,2078.0,2078.0,2072.0,2096.0,2096.0,2096.0,2097.0,2096.0,2082.0,2096.0,2084.0,2074.0,2074.0,2075.0,2074.0,2074.0,2074.0,2074.0,2074.0,2082.0,2078.0,2078.0,2079.0,2078.0,2078.0,2078.0,2078.0,2078.0,2076.0,2104.0,2080.0,2104.0,2104.0,2105.0,2104.0,2104.0,2090.0,2064.0,2080.0,2080.0,2080.0,2112.0,1024.0,1024.0,1024.0,1024.0,1024.0,1024.0,1024.0,1024.0,1024.0,1024.0,1024.0,1024.0,1024.0,1024.0,1024.0,1024.0,1024.0,1024.0,1024.0,1024.0,1024.0,1024.0,1024.0,1024.0,1024.0,1024.0,1024.0,1024.0,1024.0,1024.0,1024.0,1024.0,1024.0,1024.0,1024.0,1024.0,1024.0,1024.0,1024.0,1024.0,1024.0,1024.0,1024.0,1024.0,1024.0,1024.0,1024.0,1024.0,1024.0,1024.0,1024.0,1024.0,1024.0,1024.0,1024.0,1024.0,1024.0,1024.0,1024.0,1024.0,1024.0,1024.0,1024.0,1024.0,1024.0,1024.0,1024.0,1024.0,1024.0,1024.0,1024.0,1024.0,1024.0,1024.0,1024.0,1024.0,1024.0,1024.0,1024.0,1024.0,1024.0,1024.0,1024.0,1024.0,1024.0,1024.0,1024.0,1024.0,1024.0,1024.0,1024.0,1024.0,1024.0,1024.0,1024.0,1024.0,1024.0,1024.0,1024.0,1024.0,1024.0,1024.0,1024.0,1024.0,1024.0,1024.0,1024.0,1024.0,1024.0,1024.0,1024.0,1024.0,1024.0,1024.0,1024.0,1024.0,1024.0,1024.0,1024.0,1024.0,1024.0,1024.0,1024.0,1024.0,1024.0,1024.0,1024.0,1024.0,0.0,0.0,131072.0,256.0,0.0
309,0,1,695,695,4194304,256,0,0,12,4,32,64,"void at::native::vectorized_elementwise_kernel<4, at::native::FillFunctor<int>, std::array<char*, 1ul> >(int, at::native::FillFunctor<int>, std::array<char*, 1ul>)",158974894645125,158974894687341,310,121,813629.0,1184.0,10258.0,0.0,131072.0,917504.0,65536.0,0.0,556738350.0,556738350.0,0.0,0.0,0.0,11015012.0,1835120.0,0.0,80.0,0.0,0.0,0.0,0.0,0.0,0.0,81.0,100.0,80.0,1.0,80.0,80.0,0.0,0.0,0.0,81.0,100.0,80.0,80.0,80.0,0.0,0.0,0.0,1.0,0.0,80.0,0.0,0.0,0.0,80.0,0.0,0.0,0.0,0.0,0.0,1.0,0.0,0.0,80.0,0.0,0.0,0.0,0.0,0.0,0.0,81.0,100.0,80.0,0.0,80.0,80.0,0.0,0.0,0.0,81.0,100.0,80.0,80.0,80.0,81.0,0.0,0.0,1.0,0.0,80.0,0.0,0.0,0.0,0.0,0.0,100.0,1.0,0.0,80.0,0.0,0.0,0.0,0.0,0.0,0.0,81.0,80.0,100.0,80.0,80.0,80.0,0.0,0.0,1.0,0.0,80.0,0.0,80.0,0.0,0.0,0.0,0.0,0.0,81.0,100.0,80.0,80.0,80.0,80.0,0.0,0.0,0.0,81.0,100.0,80.0,80.0,80.0,0.0,0.0,0.0,1.0,0.0,80.0,0.0,0.0,0.0,0.0,0.0,1.0,0.0,0.0,32768.0,32768.0,32768.0,32768.0,32768.0,32768.0,32768.0,32768.0,32768.0,32768.0,32768.0,32768.0,32768.0,32768.0,32768.0,32768.0,32768.0,32768.0,32768.0,32768.0,32768.0,32768.0,32768.0,32768.0,32768.0,32768.0,32768.0,32768.0,32768.0,32768.0,32768.0,32768.0,32768.0,32768.0,32768.0,32768.0,32768.0,32768.0,32768.0,32768.0,32768.0,32768.0,32768.0,32768.0,32768.0,32768.0,32768.0,32768.0,32768.0,32768.0,32768.0,32768.0,32768.0,32768.0,32768.0,32768.0,32768.0,32768.0,32768.0,32768.0,32768.0,32768.0,32768.0,32768.0,32768.0,32768.0,32768.0,32768.0,32768.0,32768.0,32768.0,32768.0,32768.0,32768.0,32768.0,32768.0,32768.0,32768.0,32768.0,32768.0,32768.0,32768.0,32768.0,32768.0,32768.0,32768.0,32768.0,32768.0,32768.0,32768.0,32768.0,32768.0,32768.0,32768.0,32768.0,32768.0,32768.0,32768.0,32768.0,32768.0,32768.0,32768.0,32768.0,32768.0,32768.0,32768.0,32768.0,32768.0,32768.0,32768.0,32768.0,32768.0,32768.0,32768.0,32768.0,32768.0,32768.0,32768.0,32768.0,32768.0,32768.0,32768.0,32768.0,32768.0,32768.0,32768.0,32768.0,32768.0,0.0,0.0,4194304.0,16377.0,0.0
310,0,1,695,695,32768,512,0,0,108,4,48,64,matmulbias_kernel,158974895087970,158974895113949,311,196,560912.0,1273.0,8435.0,0.0,8704.0,150016.0,0.0,0.0,46871535.0,46871535.0,1048576.0,0.0,0.0,4678261.0,0.0,2079.0,2105.0,2104.0,2104.0,2090.0,2079.0,2078.0,2078.0,2078.0,2078.0,2078.0,2104.0,2078.0,2078.0,2079.0,2078.0,2078.0,2078.0,2078.0,2078.0,2078.0,2078.0,2104.0,2076.0,2104.0,2104.0,2104.0,2105.0,2104.0,2104.0,2090.0,2105.0,2104.0,2104.0,2090.0,2072.0,2096.0,2096.0,2096.0,2078.0,2097.0,2096.0,2096.0,2084.0,2075.0,2074.0,2074.0,2074.0,2074.0,2074.0,2078.0,2074.0,2074.0,2083.0,2082.0,2082.0,2082.0,2082.0,2082.0,2082.0,2082.0,2078.0,2080.0,2112.0,2112.0,2112.0,2113.0,2112.0,2112.0,2096.0,2076.0,2104.0,2078.0,2104.0,2104.0,2105.0,2104.0,2104.0,2090.0,2079.0,2078.0,2078.0,2078.0,2078.0,2078.0,2078.0,2078.0,2078.0,2068.0,2088.0,2088.0,2088.0,2089.0,2088.0,2078.0,2088.0,2078.0,2071.0,2070.0,2070.0,2070.0,2070.0,2070.0,2070.0,2070.0,2078.0,2079.0,2078.0,2078.0,2078.0,2078.0,2078.0,2078.0,2078.0,2076.0,2104.0,2076.0,2104.0,2104.0,2105.0,2104.0,2104.0,2090.0,2076.0,2104.0,2104.0,2104.0,2104.0,1024.0,1024.0,1024.0,1024.0,1024.0,1024.0,1024.0,1024.0,1024.0,1024.0,1024.0,1024.0,1024.0,1024.0,1024.0,1024.0,1024.0,1024.0,1024.0,1024.0,1024.0,1024.0,1024.0,1024.0,1024.0,1024.0,1024.0,1024.0,1024.0,1024.0,1024.0,1024.0,1024.0,1024.0,1024.0,1024.0,1024.0,1024.0,1024.0,1024.0,1024.0,1024.0,1024.0,1024.0,1024.0,1024.0,1024.0,1024.0,1024.0,1024.0,1024.0,1024.0,1024.0,1024.0,1024.0,1024.0,1024.0,1024.0,1024.0,1024.0,1024.0,1024.0,1024.0,1024.0,1024.0,1024.0,1024.0,1024.0,1024.0,1024.0,1024.0,1024.0,1024.0,1024.0,1024.0,1024.0,1024.0,1024.0,1024.0,1024.0,1024.0,1024.0,1024.0,1024.0,1024.0,1024.0,1024.0,1024.0,1024.0,1024.0,1024.0,1024.0,1024.0,1024.0,1024.0,1024.0,1024.0,1024.0,1024.0,1024.0,1024.0,1024.0,1024.0,1024.0,1024.0,1024.0,1024.0,1024.0,1024.0,1024.0,1024.0,1024.0,1024.0,1024.0,1024.0,1024.0,1024.0,1024.0,1024.0,1024.0,1024.0,1024.0,1024.0,1024.0,1024.0,1024.0,1024.0,1024.0,0.0,0.0,131072.0,256.0,0.0
311,0,1,695,695,4194304,256,0,0,12,4,32,64,"void at::native::vectorized_elementwise_kernel<4, at::native::FillFunctor<int>, std::array<char*, 1ul> >(int, at::native::FillFunctor<int>, std::array<char*, 1ul>)",158974895513094,158974895555671,312,121,826453.0,1184.0,608.0,0.0,131072.0,917504.0,65536.0,0.0,558478855.0,558478855.0,0.0,0.0,0.0,11053444.0,1835120.0,0.0,80.0,0.0,0.0,0.0,0.0,0.0,0.0,100.0,80.0,80.0,0.0,80.0,80.0,0.0,0.0,0.0,100.0,80.0,80.0,80.0,80.0,0.0,0.0,0.0,0.0,0.0,80.0,0.0,0.0,0.0,80.0,0.0,0.0,0.0,0.0,0.0,0.0,0.0,0.0,80.0,0.0,0.0,0.0,0.0,0.0,0.0,100.0,80.0,80.0,0.0,80.0,80.0,0.0,0.0,0.0,100.0,80.0,80.0,80.0,80.0,100.0,0.0,0.0,0.0,0.0,80.0,0.0,0.0,0.0,0.0,0.0,80.0,0.0,0.0,80.0,0.0,0.0,0.0,0.0,0.0,0.0,100.0,80.0,80.0,80.0,80.0,80.0,0.0,0.0,0.0,0.0,80.0,0.0,80.0,0.0,0.0,0.0,0.0,0.0,100.0,80.0,80.0,80.0,80.0,80.0,0.0,0.0,0.0,100.0,80.0,80.0,80.0,80.0,0.0,0.0,0.0,0.0,0.0,80.0,0.0,0.0,0.0,0.0,0.0,0.0,0.0,0.0,32768.0,32768.0,32768.0,32768.0,32768.0,32768.0,32768.0,32768.0,32768.0,32768.0,32768.0,32768.0,32768.0,32768.0,32768.0,32768.0,32768.0,32768.0,32768.0,32768.0,32768.0,32768.0,32768.0,32768.0,32768.0,32768.0,32768.0,32768.0,32768.0,32768.0,32768.0,32768.0,32768.0,32768.0,32768.0,32768.0,32768.0,32768.0,32768.0,32768.0,32768.0,32768.0,32768.0,32768.0,32768.0,32768.0,32768.0,32768.0,32768.0,32768.0,32768.0,32768.0,32768.0,32768.0,32768.0,32768.0,32768.0,32768.0,32768.0,32768.0,32768.0,32768.0,32768.0,32768.0,32768.0,32768.0,32768.0,32768.0,32768.0,32768.0,32768.0,32768.0,32768.0,32768.0,32768.0,32768.0,32768.0,32768.0,32768.0,32768.0,32768.0,32768.0,32768.0,32768.0,32768.0,32768.0,32768.0,32768.0,32768.0,32768.0,32768.0,32768.0,32768.0,32768.0,32768.0,32768.0,32768.0,32768.0,32768.0,32768.0,32768.0,32768.0,32768.0,32768.0,32768.0,32768.0,32768.0,32768.0,32768.0,32768.0,32768.0,32768.0,32768.0,32768.0,32768.0,32768.0,32768.0,32768.0,32768.0,32768.0,32768.0,32768.0,32768.0,32768.0,32768.0,32768.0,32768.0,32768.0,0.0,0.0,4194304.0,16377.0,0.0
312,0,1,695,695,32768,512,0,0,108,4,48,64,matmulbias_kernel,158974895959106,158974895985005,313,196,557252.0,1184.0,8437.0,0.0,8704.0,150016.0,0.0,0.0,47306076.0,47306076.0,1048576.0,0.0,0.0,4703628.0,0.0,2078.0,2089.0,2088.0,2088.0,2078.0,2070.0,2070.0,2070.0,2070.0,2070.0,2070.0,2105.0,2070.0,2070.0,2074.0,2074.0,2074.0,2074.0,2074.0,2074.0,2074.0,2074.0,2104.0,2072.0,2096.0,2097.0,2096.0,2097.0,2096.0,2096.0,2084.0,2105.0,2104.0,2104.0,2090.0,2072.0,2096.0,2097.0,2096.0,2078.0,2097.0,2096.0,2096.0,2084.0,2074.0,2074.0,2074.0,2074.0,2074.0,2074.0,2078.0,2074.0,2074.0,2074.0,2074.0,2074.0,2074.0,2074.0,2074.0,2074.0,2074.0,2078.0,2072.0,2096.0,2097.0,2096.0,2097.0,2096.0,2096.0,2084.0,2068.0,2088.0,2078.0,2089.0,2088.0,2089.0,2088.0,2088.0,2078.0,2070.0,2070.0,2070.0,2070.0,2078.0,2070.0,2070.0,2070.0,2070.0,2076.0,2104.0,2105.0,2104.0,2105.0,2104.0,2078.0,2104.0,2090.0,2078.0,2078.0,2078.0,2078.0,2078.0,2078.0,2078.0,2078.0,2078.0,2082.0,2082.0,2082.0,2082.0,2082.0,2082.0,2082.0,2082.0,2080.0,2112.0,2076.0,2113.0,2112.0,2113.0,2112.0,2112.0,2096.0,2068.0,2088.0,2089.0,2088.0,2104.0,1024.0,1024.0,1024.0,1024.0,1024.0,1024.0,1024.0,1024.0,1024.0,1024.0,1024.0,1024.0,1024.0,1024.0,1024.0,1024.0,1024.0,1024.0,1024.0,1024.0,1024.0,1024.0,1024.0,1024.0,1024.0,1024.0,1024.0,1024.0,1024.0,1024.0,1024.0,1024.0,1024.0,1024.0,1024.0,1024.0,1024.0,1024.0,1024.0,1024.0,1024.0,1024.0,1024.0,1024.0,1024.0,1024.0,1024.0,1024.0,1024.0,1024.0,1024.0,1024.0,1024.0,1024.0,1024.0,1024.0,1024.0,1024.0,1024.0,1024.0,1024.0,1024.0,1024.0,1024.0,1024.0,1024.0,1024.0,1024.0,1024.0,1024.0,1024.0,1024.0,1024.0,1024.0,1024.0,1024.0,1024.0,1024.0,1024.0,1024.0,1024.0,1024.0,1024.0,1024.0,1024.0,1024.0,1024.0,1024.0,1024.0,1024.0,1024.0,1024.0,1024.0,1024.0,1024.0,1024.0,1024.0,1024.0,1024.0,1024.0,1024.0,1024.0,1024.0,1024.0,1024.0,1024.0,1024.0,1024.0,1024.0,1024.0,1024.0,1024.0,1024.0,1024.0,1024.0,1024.0,1024.0,1024.0,1024.0,1024.0,1024.0,1024.0,1024.0,1024.0,1024.0,1024.0,1024.0,1024.0,0.0,0.0,131072.0,256.0,0.0
313,0,1,695,695,4194304,256,0,0,12,4,32,64,"void at::native::vectorized_elementwise_kernel<4, at::native::FillFunctor<int>, std::array<char*, 1ul> >(int, at::native::FillFunctor<int>, std::array<char*, 1ul>)",158974896392770,158974896434665,314,121,817165.0,1184.0,10900.0,0.0,131072.0,917504.0,65536.0,0.0,554637819.0,554637819.0,0.0,0.0,0.0,10964225.0,1835120.0,0.0,80.0,0.0,0.0,0.0,0.0,1.0,20.0,80.0,80.0,80.0,1.0,80.0,80.0,0.0,1.0,20.0,80.0,80.0,80.0,80.0,80.0,0.0,0.0,0.0,1.0,0.0,80.0,0.0,0.0,0.0,80.0,0.0,0.0,0.0,0.0,0.0,1.0,0.0,1.0,80.0,0.0,0.0,0.0,0.0,1.0,20.0,80.0,80.0,80.0,20.0,80.0,80.0,0.0,1.0,20.0,80.0,80.0,80.0,80.0,80.0,80.0,0.0,0.0,1.0,0.0,80.0,0.0,0.0,0.0,0.0,0.0,80.0,1.0,0.0,80.0,0.0,0.0,0.0,0.0,1.0,20.0,80.0,80.0,80.0,80.0,80.0,80.0,0.0,0.0,1.0,0.0,80.0,0.0,80.0,0.0,0.0,0.0,1.0,20.0,80.0,80.0,80.0,80.0,80.0,80.0,0.0,1.0,20.0,80.0,80.0,80.0,80.0,80.0,0.0,0.0,0.0,1.0,0.0,80.0,0.0,0.0,0.0,0.0,0.0,1.0,0.0,0.0,32768.0,32768.0,32768.0,32768.0,32768.0,32768.0,32768.0,32768.0,32768.0,32768.0,32768.0,32768.0,32768.0,32768.0,32768.0,32768.0,32768.0,32768.0,32768.0,32768.0,32768.0,32768.0,32768.0,32768.0,32768.0,32768.0,32768.0,32768.0,32768.0,32768.0,32768.0,32768.0,32768.0,32768.0,32768.0,32768.0,32768.0,32768.0,32768.0,32768.0,32768.0,32768.0,32768.0,32768.0,32768.0,32768.0,32768.0,32768.0,32768.0,32768.0,32768.0,32768.0,32768.0,32768.0,32768.0,32768.0,32768.0,32768.0,32768.0,32768.0,32768.0,32768.0,32768.0,32768.0,32768.0,32768.0,32768.0,32768.0,32768.0,32768.0,32768.0,32768.0,32768.0,32768.0,32768.0,32768.0,32768.0,32768.0,32768.0,32768.0,32768.0,32768.0,32768.0,32768.0,32768.0,32768.0,32768.0,32768.0,32768.0,32768.0,32768.0,32768.0,32768.0,32768.0,32768.0,32768.0,32768.0,32768.0,32768.0,32768.0,32768.0,32768.0,32768.0,32768.0,32768.0,32768.0,32768.0,32768.0,32768.0,32768.0,32768.0,32768.0,32768.0,32768.0,32768.0,32768.0,32768.0,32768.0,32768.0,32768.0,32768.0,32768.0,32768.0,32768.0,32768.0,32768.0,32768.0,32768.0,0.0,0.0,4194304.0,16378.0,0.0
314,0,1,695,695,32768,512,0,0,108,4,48,64,matmulbias_kernel,158974896838661,158974896864640,315,196,556616.0,1184.0,8922.0,0.0,8704.0,150016.0,0.0,0.0,47359378.0,47359378.0,1048576.0,0.0,0.0,4752158.0,0.0,2074.0,2105.0,2104.0,2104.0,2090.0,2078.0,2078.0,2078.0,2078.0,2078.0,2078.0,2096.0,2078.0,2078.0,2078.0,2078.0,2078.0,2078.0,2078.0,2078.0,2078.0,2078.0,2096.0,2077.0,2104.0,2104.0,2104.0,2105.0,2104.0,2104.0,2090.0,2097.0,2096.0,2096.0,2084.0,2069.0,2088.0,2088.0,2088.0,2074.0,2089.0,2088.0,2088.0,2078.0,2070.0,2070.0,2070.0,2070.0,2070.0,2070.0,2074.0,2070.0,2070.0,2070.0,2070.0,2070.0,2070.0,2070.0,2070.0,2070.0,2070.0,2074.0,2069.0,2088.0,2088.0,2088.0,2089.0,2088.0,2088.0,2078.0,2073.0,2096.0,2074.0,2096.0,2096.0,2097.0,2096.0,2096.0,2084.0,2074.0,2074.0,2074.0,2074.0,2074.0,2074.0,2074.0,2074.0,2074.0,2073.0,2096.0,2096.0,2096.0,2097.0,2096.0,2074.0,2096.0,2084.0,2074.0,2074.0,2074.0,2074.0,2074.0,2074.0,2074.0,2074.0,2074.0,2078.0,2078.0,2078.0,2078.0,2078.0,2078.0,2078.0,2078.0,2077.0,2104.0,2073.0,2104.0,2104.0,2105.0,2104.0,2104.0,2090.0,2077.0,2104.0,2104.0,2104.0,2096.0,1024.0,1024.0,1024.0,1024.0,1024.0,1024.0,1024.0,1024.0,1024.0,1024.0,1024.0,1024.0,1024.0,1024.0,1024.0,1024.0,1024.0,1024.0,1024.0,1024.0,1024.0,1024.0,1024.0,1024.0,1024.0,1024.0,1024.0,1024.0,1024.0,1024.0,1024.0,1024.0,1024.0,1024.0,1024.0,1024.0,1024.0,1024.0,1024.0,1024.0,1024.0,1024.0,1024.0,1024.0,1024.0,1024.0,1024.0,1024.0,1024.0,1024.0,1024.0,1024.0,1024.0,1024.0,1024.0,1024.0,1024.0,1024.0,1024.0,1024.0,1024.0,1024.0,1024.0,1024.0,1024.0,1024.0,1024.0,1024.0,1024.0,1024.0,1024.0,1024.0,1024.0,1024.0,1024.0,1024.0,1024.0,1024.0,1024.0,1024.0,1024.0,1024.0,1024.0,1024.0,1024.0,1024.0,1024.0,1024.0,1024.0,1024.0,1024.0,1024.0,1024.0,1024.0,1024.0,1024.0,1024.0,1024.0,1024.0,1024.0,1024.0,1024.0,1024.0,1024.0,1024.0,1024.0,1024.0,1024.0,1024.0,1024.0,1024.0,1024.0,1024.0,1024.0,1024.0,1024.0,1024.0,1024.0,1024.0,1024.0,1024.0,1024.0,1024.0,1024.0,1024.0,1024.0,1024.0,1024.0,0.0,0.0,131072.0,256.0,0.0
315,0,1,695,695,4194304,256,0,0,12,4,32,64,"void at::native::vectorized_elementwise_kernel<4, at::native::FillFunctor<int>, std::array<char*, 1ul> >(int, at::native::FillFunctor<int>, std::array<char*, 1ul>)",158974897277216,158974897319512,316,121,828694.0,1184.0,608.0,0.0,131072.0,917504.0,65536.0,0.0,557633951.0,557633951.0,0.0,0.0,0.0,11009356.0,1835120.0,0.0,80.0,0.0,0.0,0.0,0.0,20.0,0.0,80.0,80.0,80.0,0.0,80.0,80.0,0.0,20.0,0.0,80.0,80.0,80.0,80.0,80.0,0.0,0.0,0.0,0.0,0.0,80.0,0.0,0.0,0.0,80.0,0.0,0.0,0.0,0.0,0.0,0.0,0.0,20.0,80.0,0.0,0.0,0.0,0.0,20.0,0.0,80.0,80.0,80.0,0.0,80.0,80.0,0.0,20.0,0.0,80.0,80.0,80.0,80.0,80.0,80.0,0.0,0.0,0.0,0.0,80.0,0.0,0.0,0.0,0.0,0.0,80.0,0.0,0.0,80.0,0.0,0.0,0.0,0.0,20.0,0.0,80.0,80.0,80.0,80.0,80.0,80.0,0.0,0.0,0.0,0.0,80.0,0.0,80.0,0.0,0.0,0.0,20.0,0.0,80.0,80.0,80.0,80.0,80.0,80.0,0.0,20.0,0.0,80.0,80.0,80.0,80.0,80.0,0.0,0.0,0.0,0.0,0.0,80.0,0.0,0.0,0.0,0.0,0.0,0.0,0.0,0.0,32768.0,32768.0,32768.0,32768.0,32768.0,32768.0,32768.0,32768.0,32768.0,32768.0,32768.0,32768.0,32768.0,32768.0,32768.0,32768.0,32768.0,32768.0,32768.0,32768.0,32768.0,32768.0,32768.0,32768.0,32768.0,32768.0,32768.0,32768.0,32768.0,32768.0,32768.0,32768.0,32768.0,32768.0,32768.0,32768.0,32768.0,32768.0,32768.0,32768.0,32768.0,32768.0,32768.0,32768.0,32768.0,32768.0,32768.0,32768.0,32768.0,32768.0,32768.0,32768.0,32768.0,32768.0,32768.0,32768.0,32768.0,32768.0,32768.0,32768.0,32768.0,32768.0,32768.0,32768.0,32768.0,32768.0,32768.0,32768.0,32768.0,32768.0,32768.0,32768.0,32768.0,32768.0,32768.0,32768.0,32768.0,32768.0,32768.0,32768.0,32768.0,32768.0,32768.0,32768.0,32768.0,32768.0,32768.0,32768.0,32768.0,32768.0,32768.0,32768.0,32768.0,32768.0,32768.0,32768.0,32768.0,32768.0,32768.0,32768.0,32768.0,32768.0,32768.0,32768.0,32768.0,32768.0,32768.0,32768.0,32768.0,32768.0,32768.0,32768.0,32768.0,32768.0,32768.0,32768.0,32768.0,32768.0,32768.0,32768.0,32768.0,32768.0,32768.0,32768.0,32768.0,32768.0,32768.0,32768.0,0.0,0.0,4194304.0,16376.0,0.0
316,0,1,695,695,32768,512,0,0,108,4,48,64,matmulbias_kernel,158974897729121,158974897754860,317,196,560015.0,1184.0,8691.0,0.0,8704.0,150016.0,0.0,0.0,46861314.0,46861314.0,1048576.0,0.0,0.0,4675261.0,0.0,2066.0,2081.0,2080.0,2081.0,2072.0,2066.0,2066.0,2066.0,2066.0,2066.0,2066.0,2080.0,2066.0,2066.0,2078.0,2078.0,2078.0,2078.0,2078.0,2078.0,2078.0,2078.0,2080.0,2076.0,2104.0,2104.0,2104.0,2105.0,2104.0,2105.0,2090.0,2081.0,2080.0,2081.0,2072.0,2072.0,2096.0,2096.0,2096.0,2066.0,2097.0,2096.0,2097.0,2084.0,2074.0,2074.0,2074.0,2074.0,2074.0,2074.0,2066.0,2074.0,2074.0,2074.0,2074.0,2074.0,2074.0,2074.0,2074.0,2074.0,2074.0,2066.0,2072.0,2096.0,2096.0,2096.0,2097.0,2096.0,2097.0,2084.0,2076.0,2104.0,2066.0,2104.0,2104.0,2105.0,2104.0,2105.0,2090.0,2078.0,2078.0,2078.0,2078.0,2066.0,2078.0,2078.0,2078.0,2078.0,2072.0,2096.0,2096.0,2096.0,2097.0,2096.0,2066.0,2097.0,2084.0,2074.0,2074.0,2074.0,2074.0,2074.0,2074.0,2074.0,2074.0,2066.0,2070.0,2070.0,2070.0,2070.0,2070.0,2070.0,2070.0,2070.0,2068.0,2088.0,2064.0,2088.0,2088.0,2089.0,2088.0,2089.0,2078.0,2064.0,2080.0,2080.0,2080.0,2080.0,1024.0,1024.0,1024.0,1024.0,1024.0,1024.0,1024.0,1024.0,1024.0,1024.0,1024.0,1024.0,1024.0,1024.0,1024.0,1024.0,1024.0,1024.0,1024.0,1024.0,1024.0,1024.0,1024.0,1024.0,1024.0,1024.0,1024.0,1024.0,1024.0,1024.0,1024.0,1024.0,1024.0,1024.0,1024.0,1024.0,1024.0,1024.0,1024.0,1024.0,1024.0,1024.0,1024.0,1024.0,1024.0,1024.0,1024.0,1024.0,1024.0,1024.0,1024.0,1024.0,1024.0,1024.0,1024.0,1024.0,1024.0,1024.0,1024.0,1024.0,1024.0,1024.0,1024.0,1024.0,1024.0,1024.0,1024.0,1024.0,1024.0,1024.0,1024.0,1024.0,1024.0,1024.0,1024.0,1024.0,1024.0,1024.0,1024.0,1024.0,1024.0,1024.0,1024.0,1024.0,1024.0,1024.0,1024.0,1024.0,1024.0,1024.0,1024.0,1024.0,1024.0,1024.0,1024.0,1024.0,1024.0,1024.0,1024.0,1024.0,1024.0,1024.0,1024.0,1024.0,1024.0,1024.0,1024.0,1024.0,1024.0,1024.0,1024.0,1024.0,1024.0,1024.0,1024.0,1024.0,1024.0,1024.0,1024.0,1024.0,1024.0,1024.0,1024.0,1024.0,1024.0,1024.0,1024.0,1024.0,0.0,0.0,131072.0,256.0,0.0
317,0,1,695,695,4194304,256,0,0,12,4,32,64,"void at::native::vectorized_elementwise_kernel<4, at::native::FillFunctor<int>, std::array<char*, 1ul> >(int, at::native::FillFunctor<int>, std::array<char*, 1ul>)",158974898157934,158974898200791,318,121,831664.0,1184.0,8588.0,0.0,131072.0,917504.0,65536.0,0.0,561084723.0,561084723.0,0.0,0.0,0.0,11087180.0,1835120.0,20.0,80.0,0.0,0.0,0.0,20.0,0.0,0.0,80.0,80.0,80.0,1.0,80.0,81.0,20.0,0.0,0.0,80.0,80.0,80.0,80.0,81.0,0.0,0.0,0.0,1.0,0.0,80.0,0.0,0.0,0.0,80.0,0.0,0.0,0.0,0.0,0.0,1.0,0.0,0.0,80.0,0.0,0.0,0.0,20.0,0.0,0.0,80.0,80.0,80.0,0.0,80.0,81.0,20.0,0.0,0.0,80.0,80.0,80.0,80.0,81.0,80.0,0.0,0.0,1.0,0.0,80.0,0.0,0.0,0.0,0.0,0.0,80.0,1.0,0.0,80.0,0.0,0.0,0.0,20.0,0.0,0.0,80.0,80.0,80.0,80.0,80.0,81.0,0.0,0.0,1.0,0.0,80.0,0.0,80.0,0.0,0.0,20.0,0.0,0.0,80.0,80.0,80.0,80.0,81.0,81.0,20.0,0.0,0.0,80.0,80.0,80.0,80.0,81.0,0.0,0.0,0.0,1.0,0.0,80.0,0.0,0.0,0.0,0.0,0.0,1.0,0.0,0.0,32768.0,32768.0,32768.0,32768.0,32768.0,32768.0,32768.0,32768.0,32768.0,32768.0,32768.0,32768.0,32768.0,32768.0,32768.0,32768.0,32768.0,32768.0,32768.0,32768.0,32768.0,32768.0,32768.0,32768.0,32768.0,32768.0,32768.0,32768.0,32768.0,32768.0,32768.0,32768.0,32768.0,32768.0,32768.0,32768.0,32768.0,32768.0,32768.0,32768.0,32768.0,32768.0,32768.0,32768.0,32768.0,32768.0,32768.0,32768.0,32768.0,32768.0,32768.0,32768.0,32768.0,32768.0,32768.0,32768.0,32768.0,32768.0,32768.0,32768.0,32768.0,32768.0,32768.0,32768.0,32768.0,32768.0,32768.0,32768.0,32768.0,32768.0,32768.0,32768.0,32768.0,32768.0,32768.0,32768.0,32768.0,32768.0,32768.0,32768.0,32768.0,32768.0,32768.0,32768.0,32768.0,32768.0,32768.0,32768.0,32768.0,32768.0,32768.0,32768.0,32768.0,32768.0,32768.0,32768.0,32768.0,32768.0,32768.0,32768.0,32768.0,32768.0,32768.0,32768.0,32768.0,32768.0,32768.0,32768.0,32768.0,32768.0,32768.0,32768.0,32768.0,32768.0,32768.0,32768.0,32768.0,32768.0,32768.0,32768.0,32768.0,32768.0,32768.0,32768.0,32768.0,32768.0,32768.0,32768.0,0.0,0.0,4194304.0,16377.0,0.0
318,0,1,695,695,32768,512,0,0,108,4,48,64,matmulbias_kernel,158974898604066,158974898629804,319,196,559285.0,1273.0,8849.0,0.0,8704.0,150016.0,0.0,0.0,46982033.0,46982033.0,1048576.0,0.0,0.0,4657759.0,0.0,2082.0,2098.0,2096.0,2096.0,2084.0,2074.0,2074.0,2074.0,2074.0,2074.0,2074.0,2112.0,2074.0,2074.0,2074.0,2074.0,2074.0,2074.0,2074.0,2074.0,2074.0,2074.0,2112.0,2072.0,2096.0,2096.0,2096.0,2098.0,2096.0,2096.0,2084.0,2114.0,2112.0,2112.0,2096.0,2076.0,2104.0,2104.0,2104.0,2082.0,2106.0,2104.0,2104.0,2090.0,2078.0,2078.0,2078.0,2078.0,2078.0,2078.0,2082.0,2078.0,2078.0,2070.0,2070.0,2070.0,2070.0,2070.0,2070.0,2070.0,2070.0,2082.0,2068.0,2088.0,2088.0,2088.0,2090.0,2088.0,2088.0,2078.0,2072.0,2096.0,2082.0,2096.0,2096.0,2098.0,2096.0,2096.0,2084.0,2074.0,2074.0,2074.0,2074.0,2082.0,2074.0,2074.0,2074.0,2074.0,2076.0,2104.0,2104.0,2104.0,2106.0,2104.0,2082.0,2104.0,2090.0,2078.0,2078.0,2078.0,2078.0,2078.0,2078.0,2078.0,2078.0,2082.0,2070.0,2070.0,2070.0,2070.0,2070.0,2070.0,2070.0,2070.0,2068.0,2088.0,2080.0,2088.0,2088.0,2090.0,2088.0,2088.0,2078.0,2072.0,2096.0,2096.0,2096.0,2112.0,1024.0,1024.0,1024.0,1024.0,1024.0,1024.0,1024.0,1024.0,1024.0,1024.0,1024.0,1024.0,1024.0,1024.0,1024.0,1024.0,1024.0,1024.0,1024.0,1024.0,1024.0,1024.0,1024.0,1024.0,1024.0,1024.0,1024.0,1024.0,1024.0,1024.0,1024.0,1024.0,1024.0,1024.0,1024.0,1024.0,1024.0,1024.0,1024.0,1024.0,1024.0,1024.0,1024.0,1024.0,1024.0,1024.0,1024.0,1024.0,1024.0,1024.0,1024.0,1024.0,1024.0,1024.0,1024.0,1024.0,1024.0,1024.0,1024.0,1024.0,1024.0,1024.0,1024.0,1024.0,1024.0,1024.0,1024.0,1024.0,1024.0,1024.0,1024.0,1024.0,1024.0,1024.0,1024.0,1024.0,1024.0,1024.0,1024.0,1024.0,1024.0,1024.0,1024.0,1024.0,1024.0,1024.0,1024.0,1024.0,1024.0,1024.0,1024.0,1024.0,1024.0,1024.0,1024.0,1024.0,1024.0,1024.0,1024.0,1024.0,1024.0,1024.0,1024.0,1024.0,1024.0,1024.0,1024.0,1024.0,1024.0,1024.0,1024.0,1024.0,1024.0,1024.0,1024.0,1024.0,1024.0,1024.0,1024.0,1024.0,1024.0,1024.0,1024.0,1024.0,1024.0,1024.0,1024.0,1024.0,0.0,0.0,131072.0,256.0,0.0
319,0,1,695,695,4194304,256,0,0,12,4,32,64,"void at::native::vectorized_elementwise_kernel<4, at::native::FillFunctor<int>, std::array<char*, 1ul> >(int, at::native::FillFunctor<int>, std::array<char*, 1ul>)",158974899035364,158974899077540,320,121,802587.0,1184.0,608.0,0.0,131072.0,917504.0,65536.0,0.0,559412767.0,559412767.0,0.0,0.0,0.0,11072176.0,1835120.0,0.0,80.0,0.0,0.0,0.0,0.0,0.0,0.0,80.0,80.0,80.0,0.0,80.0,80.0,0.0,0.0,0.0,80.0,80.0,80.0,80.0,80.0,20.0,0.0,0.0,0.0,20.0,80.0,0.0,0.0,0.0,80.0,0.0,0.0,0.0,0.0,0.0,0.0,20.0,0.0,80.0,0.0,0.0,0.0,0.0,0.0,0.0,80.0,80.0,80.0,0.0,80.0,80.0,0.0,0.0,0.0,80.0,80.0,80.0,80.0,80.0,80.0,0.0,0.0,0.0,20.0,80.0,0.0,0.0,0.0,0.0,0.0,80.0,0.0,20.0,80.0,0.0,0.0,0.0,0.0,0.0,0.0,80.0,80.0,80.0,80.0,80.0,80.0,0.0,0.0,0.0,20.0,80.0,0.0,80.0,0.0,0.0,0.0,0.0,0.0,80.0,80.0,80.0,80.0,80.0,80.0,0.0,0.0,0.0,80.0,80.0,80.0,80.0,80.0,0.0,0.0,0.0,0.0,20.0,80.0,0.0,0.0,0.0,0.0,0.0,0.0,20.0,0.0,32768.0,32768.0,32768.0,32768.0,32768.0,32768.0,32768.0,32768.0,32768.0,32768.0,32768.0,32768.0,32768.0,32768.0,32768.0,32768.0,32768.0,32768.0,32768.0,32768.0,32768.0,32768.0,32768.0,32768.0,32768.0,32768.0,32768.0,32768.0,32768.0,32768.0,32768.0,32768.0,32768.0,32768.0,32768.0,32768.0,32768.0,32768.0,32768.0,32768.0,32768.0,32768.0,32768.0,32768.0,32768.0,32768.0,32768.0,32768.0,32768.0,32768.0,32768.0,32768.0,32768.0,32768.0,32768.0,32768.0,32768.0,32768.0,32768.0,32768.0,32768.0,32768.0,32768.0,32768.0,32768.0,32768.0,32768.0,32768.0,32768.0,32768.0,32768.0,32768.0,32768.0,32768.0,32768.0,32768.0,32768.0,32768.0,32768.0,32768.0,32768.0,32768.0,32768.0,32768.0,32768.0,32768.0,32768.0,32768.0,32768.0,32768.0,32768.0,32768.0,32768.0,32768.0,32768.0,32768.0,32768.0,32768.0,32768.0,32768.0,32768.0,32768.0,32768.0,32768.0,32768.0,32768.0,32768.0,32768.0,32768.0,32768.0,32768.0,32768.0,32768.0,32768.0,32768.0,32768.0,32768.0,32768.0,32768.0,32768.0,32768.0,32768.0,32768.0,32768.0,32768.0,32768.0,32768.0,32768.0,0.0,0.0,4194304.0,16381.0,0.0
320,0,1,695,695,32768,512,0,0,108,4,48,64,matmulbias_kernel,158974899482940,158974899508718,321,196,565394.0,1184.0,9416.0,0.0,8704.0,150016.0,0.0,0.0,47477290.0,47477290.0,1048576.0,0.0,0.0,4712042.0,0.0,2070.0,2096.0,2096.0,2096.0,2084.0,2074.0,2074.0,2074.0,2074.0,2074.0,2075.0,2089.0,2074.0,2074.0,2078.0,2078.0,2078.0,2078.0,2078.0,2079.0,2078.0,2078.0,2088.0,2076.0,2104.0,2105.0,2104.0,2104.0,2104.0,2104.0,2090.0,2088.0,2088.0,2088.0,2078.0,2068.0,2088.0,2089.0,2088.0,2070.0,2088.0,2088.0,2088.0,2078.0,2070.0,2070.0,2070.0,2070.0,2070.0,2071.0,2070.0,2070.0,2070.0,2074.0,2074.0,2074.0,2074.0,2074.0,2075.0,2074.0,2074.0,2070.0,2072.0,2096.0,2097.0,2096.0,2096.0,2096.0,2096.0,2084.0,2080.0,2112.0,2070.0,2113.0,2112.0,2112.0,2112.0,2112.0,2096.0,2082.0,2082.0,2082.0,2082.0,2071.0,2082.0,2083.0,2082.0,2082.0,2076.0,2104.0,2105.0,2104.0,2104.0,2104.0,2070.0,2104.0,2090.0,2078.0,2078.0,2078.0,2078.0,2078.0,2079.0,2078.0,2078.0,2070.0,2078.0,2078.0,2078.0,2078.0,2078.0,2079.0,2078.0,2078.0,2076.0,2104.0,2068.0,2105.0,2104.0,2104.0,2104.0,2104.0,2090.0,2072.0,2096.0,2097.0,2096.0,2088.0,1024.0,1024.0,1024.0,1024.0,1024.0,1024.0,1024.0,1024.0,1024.0,1024.0,1024.0,1024.0,1024.0,1024.0,1024.0,1024.0,1024.0,1024.0,1024.0,1024.0,1024.0,1024.0,1024.0,1024.0,1024.0,1024.0,1024.0,1024.0,1024.0,1024.0,1024.0,1024.0,1024.0,1024.0,1024.0,1024.0,1024.0,1024.0,1024.0,1024.0,1024.0,1024.0,1024.0,1024.0,1024.0,1024.0,1024.0,1024.0,1024.0,1024.0,1024.0,1024.0,1024.0,1024.0,1024.0,1024.0,1024.0,1024.0,1024.0,1024.0,1024.0,1024.0,1024.0,1024.0,1024.0,1024.0,1024.0,1024.0,1024.0,1024.0,1024.0,1024.0,1024.0,1024.0,1024.0,1024.0,1024.0,1024.0,1024.0,1024.0,1024.0,1024.0,1024.0,1024.0,1024.0,1024.0,1024.0,1024.0,1024.0,1024.0,1024.0,1024.0,1024.0,1024.0,1024.0,1024.0,1024.0,1024.0,1024.0,1024.0,1024.0,1024.0,1024.0,1024.0,1024.0,1024.0,1024.0,1024.0,1024.0,1024.0,1024.0,1024.0,1024.0,1024.0,1024.0,1024.0,1024.0,1024.0,1024.0,1024.0,1024.0,1024.0,1024.0,1024.0,1024.0,1024.0,1024.0,1024.0,0.0,0.0,131072.0,256.0,0.0
321,0,1,695,695,4194304,256,0,0,12,4,32,64,"void at::native::vectorized_elementwise_kernel<4, at::native::FillFunctor<int>, std::array<char*, 1ul> >(int, at::native::FillFunctor<int>, std::array<char*, 1ul>)",158974899915280,158974899957737,322,121,839197.0,1184.0,8687.0,0.0,131072.0,917504.0,65536.0,0.0,557352475.0,557352475.0,0.0,0.0,0.0,11047961.0,1835120.0,0.0,81.0,0.0,0.0,0.0,0.0,0.0,0.0,80.0,80.0,80.0,20.0,81.0,80.0,0.0,0.0,0.0,80.0,80.0,80.0,81.0,80.0,0.0,0.0,0.0,20.0,0.0,81.0,0.0,0.0,0.0,81.0,0.0,0.0,0.0,0.0,0.0,20.0,0.0,0.0,81.0,0.0,0.0,0.0,0.0,0.0,0.0,80.0,80.0,80.0,0.0,81.0,80.0,0.0,0.0,0.0,80.0,80.0,80.0,81.0,80.0,80.0,0.0,0.0,20.0,0.0,81.0,0.0,0.0,0.0,0.0,0.0,80.0,20.0,0.0,81.0,0.0,0.0,0.0,0.0,0.0,0.0,80.0,80.0,80.0,80.0,81.0,80.0,0.0,0.0,20.0,0.0,81.0,0.0,81.0,0.0,0.0,0.0,0.0,0.0,80.0,80.0,80.0,81.0,80.0,80.0,0.0,0.0,0.0,80.0,80.0,80.0,81.0,80.0,0.0,0.0,0.0,20.0,0.0,81.0,0.0,0.0,0.0,0.0,0.0,20.0,0.0,0.0,32768.0,32768.0,32768.0,32768.0,32768.0,32768.0,32768.0,32768.0,32768.0,32768.0,32768.0,32768.0,32768.0,32768.0,32768.0,32768.0,32768.0,32768.0,32768.0,32768.0,32768.0,32768.0,32768.0,32768.0,32768.0,32768.0,32768.0,32768.0,32768.0,32768.0,32768.0,32768.0,32768.0,32768.0,32768.0,32768.0,32768.0,32768.0,32768.0,32768.0,32768.0,32768.0,32768.0,32768.0,32768.0,32768.0,32768.0,32768.0,32768.0,32768.0,32768.0,32768.0,32768.0,32768.0,32768.0,32768.0,32768.0,32768.0,32768.0,32768.0,32768.0,32768.0,32768.0,32768.0,32768.0,32768.0,32768.0,32768.0,32768.0,32768.0,32768.0,32768.0,32768.0,32768.0,32768.0,32768.0,32768.0,32768.0,32768.0,32768.0,32768.0,32768.0,32768.0,32768.0,32768.0,32768.0,32768.0,32768.0,32768.0,32768.0,32768.0,32768.0,32768.0,32768.0,32768.0,32768.0,32768.0,32768.0,32768.0,32768.0,32768.0,32768.0,32768.0,32768.0,32768.0,32768.0,32768.0,32768.0,32768.0,32768.0,32768.0,32768.0,32768.0,32768.0,32768.0,32768.0,32768.0,32768.0,32768.0,32768.0,32768.0,32768.0,32768.0,32768.0,32768.0,32768.0,32768.0,32768.0,0.0,0.0,4194304.0,16380.0,0.0
322,0,1,695,695,32768,512,0,0,108,4,48,64,matmulbias_kernel,158974900364459,158974900390077,323,196,541721.0,1184.0,608.0,0.0,8704.0,150016.0,0.0,0.0,46525937.0,46525937.0,1048576.0,0.0,0.0,4706580.0,0.0,2070.0,2104.0,2104.0,2104.0,2090.0,2078.0,2078.0,2078.0,2078.0,2078.0,2078.0,2088.0,2078.0,2078.0,2082.0,2082.0,2082.0,2082.0,2082.0,2082.0,2082.0,2082.0,2088.0,2080.0,2112.0,2112.0,2112.0,2112.0,2112.0,2112.0,2096.0,2088.0,2088.0,2088.0,2078.0,2064.0,2080.0,2080.0,2080.0,2070.0,2080.0,2080.0,2080.0,2072.0,2066.0,2066.0,2066.0,2066.0,2066.0,2066.0,2070.0,2066.0,2066.0,2074.0,2074.0,2074.0,2074.0,2074.0,2074.0,2074.0,2074.0,2070.0,2072.0,2096.0,2096.0,2096.0,2096.0,2096.0,2096.0,2084.0,2068.0,2088.0,2070.0,2088.0,2088.0,2088.0,2088.0,2088.0,2078.0,2070.0,2070.0,2070.0,2070.0,2070.0,2070.0,2070.0,2070.0,2070.0,2068.0,2088.0,2088.0,2088.0,2088.0,2088.0,2070.0,2088.0,2078.0,2070.0,2070.0,2070.0,2070.0,2070.0,2070.0,2070.0,2070.0,2070.0,2070.0,2070.0,2070.0,2070.0,2070.0,2070.0,2070.0,2070.0,2068.0,2088.0,2068.0,2088.0,2088.0,2088.0,2088.0,2088.0,2078.0,2076.0,2104.0,2104.0,2104.0,2088.0,1024.0,1024.0,1024.0,1024.0,1024.0,1024.0,1024.0,1024.0,1024.0,1024.0,1024.0,1024.0,1024.0,1024.0,1024.0,1024.0,1024.0,1024.0,1024.0,1024.0,1024.0,1024.0,1024.0,1024.0,1024.0,1024.0,1024.0,1024.0,1024.0,1024.0,1024.0,1024.0,1024.0,1024.0,1024.0,1024.0,1024.0,1024.0,1024.0,1024.0,1024.0,1024.0,1024.0,1024.0,1024.0,1024.0,1024.0,1024.0,1024.0,1024.0,1024.0,1024.0,1024.0,1024.0,1024.0,1024.0,1024.0,1024.0,1024.0,1024.0,1024.0,1024.0,1024.0,1024.0,1024.0,1024.0,1024.0,1024.0,1024.0,1024.0,1024.0,1024.0,1024.0,1024.0,1024.0,1024.0,1024.0,1024.0,1024.0,1024.0,1024.0,1024.0,1024.0,1024.0,1024.0,1024.0,1024.0,1024.0,1024.0,1024.0,1024.0,1024.0,1024.0,1024.0,1024.0,1024.0,1024.0,1024.0,1024.0,1024.0,1024.0,1024.0,1024.0,1024.0,1024.0,1024.0,1024.0,1024.0,1024.0,1024.0,1024.0,1024.0,1024.0,1024.0,1024.0,1024.0,1024.0,1024.0,1024.0,1024.0,1024.0,1024.0,1024.0,1024.0,1024.0,1024.0,1024.0,1024.0,0.0,0.0,131072.0,256.0,0.0
323,0,1,695,695,4194304,256,0,0,12,4,32,64,"void at::native::vectorized_elementwise_kernel<4, at::native::FillFunctor<int>, std::array<char*, 1ul> >(int, at::native::FillFunctor<int>, std::array<char*, 1ul>)",158974900793232,158974900835448,324,121,817994.0,1184.0,8702.0,0.0,131072.0,917504.0,65536.0,0.0,558348412.0,558348412.0,0.0,0.0,0.0,11031036.0,1835120.0,0.0,81.0,0.0,0.0,0.0,0.0,0.0,0.0,80.0,81.0,80.0,0.0,80.0,80.0,0.0,0.0,0.0,80.0,81.0,80.0,80.0,80.0,0.0,0.0,20.0,0.0,0.0,81.0,0.0,0.0,0.0,81.0,0.0,0.0,0.0,0.0,20.0,0.0,0.0,0.0,81.0,0.0,0.0,0.0,0.0,0.0,0.0,80.0,81.0,80.0,0.0,80.0,80.0,0.0,0.0,0.0,80.0,81.0,80.0,80.0,80.0,80.0,0.0,20.0,0.0,0.0,81.0,0.0,0.0,0.0,0.0,20.0,81.0,0.0,0.0,81.0,0.0,0.0,0.0,0.0,0.0,0.0,80.0,80.0,81.0,80.0,80.0,80.0,0.0,20.0,0.0,0.0,81.0,0.0,80.0,0.0,0.0,0.0,0.0,0.0,80.0,81.0,80.0,80.0,80.0,80.0,0.0,0.0,0.0,80.0,81.0,80.0,80.0,80.0,0.0,20.0,0.0,0.0,0.0,81.0,0.0,0.0,0.0,0.0,20.0,0.0,0.0,20.0,32768.0,32768.0,32768.0,32768.0,32768.0,32768.0,32768.0,32768.0,32768.0,32768.0,32768.0,32768.0,32768.0,32768.0,32768.0,32768.0,32768.0,32768.0,32768.0,32768.0,32768.0,32768.0,32768.0,32768.0,32768.0,32768.0,32768.0,32768.0,32768.0,32768.0,32768.0,32768.0,32768.0,32768.0,32768.0,32768.0,32768.0,32768.0,32768.0,32768.0,32768.0,32768.0,32768.0,32768.0,32768.0,32768.0,32768.0,32768.0,32768.0,32768.0,32768.0,32768.0,32768.0,32768.0,32768.0,32768.0,32768.0,32768.0,32768.0,32768.0,32768.0,32768.0,32768.0,32768.0,32768.0,32768.0,32768.0,32768.0,32768.0,32768.0,32768.0,32768.0,32768.0,32768.0,32768.0,32768.0,32768.0,32768.0,32768.0,32768.0,32768.0,32768.0,32768.0,32768.0,32768.0,32768.0,32768.0,32768.0,32768.0,32768.0,32768.0,32768.0,32768.0,32768.0,32768.0,32768.0,32768.0,32768.0,32768.0,32768.0,32768.0,32768.0,32768.0,32768.0,32768.0,32768.0,32768.0,32768.0,32768.0,32768.0,32768.0,32768.0,32768.0,32768.0,32768.0,32768.0,32768.0,32768.0,32768.0,32768.0,32768.0,32768.0,32768.0,32768.0,32768.0,32768.0,32768.0,32768.0,0.0,0.0,4194304.0,16382.0,0.0
324,0,1,695,695,32768,512,0,0,108,4,48,64,matmulbias_kernel,158974901237239,158974901263178,325,196,550336.0,1184.0,9124.0,0.0,8704.0,150016.0,0.0,0.0,46820727.0,46820727.0,1048576.0,0.0,0.0,4633796.0,0.0,2066.0,2112.0,2112.0,2112.0,2097.0,2082.0,2082.0,2082.0,2082.0,2082.0,2082.0,2081.0,2082.0,2082.0,2082.0,2082.0,2082.0,2082.0,2082.0,2082.0,2082.0,2082.0,2080.0,2080.0,2112.0,2113.0,2112.0,2112.0,2112.0,2112.0,2097.0,2080.0,2080.0,2080.0,2073.0,2064.0,2080.0,2081.0,2080.0,2066.0,2080.0,2080.0,2080.0,2073.0,2066.0,2066.0,2066.0,2066.0,2066.0,2066.0,2066.0,2066.0,2066.0,2070.0,2070.0,2070.0,2070.0,2070.0,2070.0,2070.0,2070.0,2066.0,2068.0,2088.0,2089.0,2088.0,2088.0,2088.0,2088.0,2079.0,2076.0,2104.0,2066.0,2105.0,2104.0,2104.0,2104.0,2104.0,2091.0,2078.0,2078.0,2078.0,2078.0,2066.0,2078.0,2078.0,2078.0,2078.0,2068.0,2088.0,2089.0,2088.0,2088.0,2088.0,2066.0,2088.0,2079.0,2070.0,2070.0,2070.0,2070.0,2070.0,2070.0,2070.0,2070.0,2066.0,2078.0,2078.0,2078.0,2078.0,2078.0,2078.0,2078.0,2078.0,2076.0,2104.0,2064.0,2105.0,2104.0,2104.0,2104.0,2104.0,2091.0,2080.0,2112.0,2113.0,2112.0,2080.0,1024.0,1024.0,1024.0,1024.0,1024.0,1024.0,1024.0,1024.0,1024.0,1024.0,1024.0,1024.0,1024.0,1024.0,1024.0,1024.0,1024.0,1024.0,1024.0,1024.0,1024.0,1024.0,1024.0,1024.0,1024.0,1024.0,1024.0,1024.0,1024.0,1024.0,1024.0,1024.0,1024.0,1024.0,1024.0,1024.0,1024.0,1024.0,1024.0,1024.0,1024.0,1024.0,1024.0,1024.0,1024.0,1024.0,1024.0,1024.0,1024.0,1024.0,1024.0,1024.0,1024.0,1024.0,1024.0,1024.0,1024.0,1024.0,1024.0,1024.0,1024.0,1024.0,1024.0,1024.0,1024.0,1024.0,1024.0,1024.0,1024.0,1024.0,1024.0,1024.0,1024.0,1024.0,1024.0,1024.0,1024.0,1024.0,1024.0,1024.0,1024.0,1024.0,1024.0,1024.0,1024.0,1024.0,1024.0,1024.0,1024.0,1024.0,1024.0,1024.0,1024.0,1024.0,1024.0,1024.0,1024.0,1024.0,1024.0,1024.0,1024.0,1024.0,1024.0,1024.0,1024.0,1024.0,1024.0,1024.0,1024.0,1024.0,1024.0,1024.0,1024.0,1024.0,1024.0,1024.0,1024.0,1024.0,1024.0,1024.0,1024.0,1024.0,1024.0,1024.0,1024.0,1024.0,1024.0,1024.0,0.0,0.0,131072.0,256.0,0.0
325,0,1,695,695,4194304,256,0,0,12,4,32,64,"void at::native::vectorized_elementwise_kernel<4, at::native::FillFunctor<int>, std::array<char*, 1ul> >(int, at::native::FillFunctor<int>, std::array<char*, 1ul>)",158974901670823,158974901713840,326,121,838056.0,1184.0,8799.0,0.0,131072.0,917504.0,65536.0,0.0,556290014.0,556290014.0,0.0,0.0,0.0,11016856.0,1835120.0,0.0,81.0,0.0,0.0,0.0,0.0,0.0,1.0,80.0,80.0,80.0,0.0,80.0,80.0,0.0,0.0,1.0,80.0,80.0,80.0,80.0,80.0,0.0,20.0,0.0,0.0,0.0,81.0,0.0,0.0,0.0,81.0,0.0,0.0,0.0,20.0,0.0,0.0,0.0,0.0,81.0,0.0,0.0,0.0,0.0,0.0,1.0,80.0,80.0,80.0,1.0,80.0,80.0,0.0,0.0,1.0,80.0,80.0,80.0,80.0,80.0,80.0,20.0,0.0,0.0,0.0,81.0,0.0,0.0,0.0,20.0,0.0,80.0,0.0,0.0,81.0,0.0,0.0,0.0,0.0,0.0,1.0,80.0,80.0,80.0,80.0,80.0,80.0,20.0,0.0,0.0,0.0,81.0,0.0,80.0,0.0,0.0,0.0,0.0,1.0,80.0,80.0,80.0,80.0,80.0,80.0,0.0,0.0,1.0,80.0,80.0,80.0,80.0,80.0,20.0,0.0,20.0,0.0,0.0,81.0,0.0,0.0,0.0,20.0,0.0,0.0,0.0,0.0,32768.0,32768.0,32768.0,32768.0,32768.0,32768.0,32768.0,32768.0,32768.0,32768.0,32768.0,32768.0,32768.0,32768.0,32768.0,32768.0,32768.0,32768.0,32768.0,32768.0,32768.0,32768.0,32768.0,32768.0,32768.0,32768.0,32768.0,32768.0,32768.0,32768.0,32768.0,32768.0,32768.0,32768.0,32768.0,32768.0,32768.0,32768.0,32768.0,32768.0,32768.0,32768.0,32768.0,32768.0,32768.0,32768.0,32768.0,32768.0,32768.0,32768.0,32768.0,32768.0,32768.0,32768.0,32768.0,32768.0,32768.0,32768.0,32768.0,32768.0,32768.0,32768.0,32768.0,32768.0,32768.0,32768.0,32768.0,32768.0,32768.0,32768.0,32768.0,32768.0,32768.0,32768.0,32768.0,32768.0,32768.0,32768.0,32768.0,32768.0,32768.0,32768.0,32768.0,32768.0,32768.0,32768.0,32768.0,32768.0,32768.0,32768.0,32768.0,32768.0,32768.0,32768.0,32768.0,32768.0,32768.0,32768.0,32768.0,32768.0,32768.0,32768.0,32768.0,32768.0,32768.0,32768.0,32768.0,32768.0,32768.0,32768.0,32768.0,32768.0,32768.0,32768.0,32768.0,32768.0,32768.0,32768.0,32768.0,32768.0,32768.0,32768.0,32768.0,32768.0,32768.0,32768.0,32768.0,32768.0,0.0,0.0,4194304.0,16378.0,0.0
326,0,1,695,695,32768,512,0,0,108,4,48,64,matmulbias_kernel,158974902123610,158974902149589,327,196,550163.0,1273.0,608.0,0.0,8704.0,150016.0,0.0,0.0,46948175.0,46948175.0,1048576.0,0.0,0.0,4680874.0,0.0,2074.0,2104.0,2104.0,2104.0,2090.0,2078.0,2078.0,2078.0,2078.0,2078.0,2078.0,2096.0,2078.0,2078.0,2066.0,2066.0,2066.0,2066.0,2066.0,2066.0,2066.0,2066.0,2096.0,2064.0,2080.0,2080.0,2080.0,2080.0,2080.0,2080.0,2072.0,2096.0,2096.0,2096.0,2084.0,2072.0,2096.0,2096.0,2096.0,2074.0,2096.0,2096.0,2096.0,2084.0,2074.0,2074.0,2074.0,2074.0,2074.0,2074.0,2074.0,2074.0,2074.0,2074.0,2074.0,2074.0,2074.0,2074.0,2074.0,2074.0,2074.0,2074.0,2072.0,2096.0,2096.0,2096.0,2096.0,2096.0,2096.0,2084.0,2072.0,2096.0,2074.0,2096.0,2096.0,2096.0,2096.0,2096.0,2084.0,2074.0,2074.0,2074.0,2074.0,2074.0,2074.0,2074.0,2074.0,2074.0,2072.0,2096.0,2096.0,2096.0,2096.0,2096.0,2074.0,2096.0,2084.0,2074.0,2074.0,2074.0,2074.0,2074.0,2074.0,2074.0,2074.0,2074.0,2078.0,2078.0,2078.0,2078.0,2078.0,2078.0,2078.0,2078.0,2076.0,2104.0,2072.0,2104.0,2104.0,2104.0,2104.0,2104.0,2090.0,2076.0,2104.0,2104.0,2104.0,2096.0,1024.0,1024.0,1024.0,1024.0,1024.0,1024.0,1024.0,1024.0,1024.0,1024.0,1024.0,1024.0,1024.0,1024.0,1024.0,1024.0,1024.0,1024.0,1024.0,1024.0,1024.0,1024.0,1024.0,1024.0,1024.0,1024.0,1024.0,1024.0,1024.0,1024.0,1024.0,1024.0,1024.0,1024.0,1024.0,1024.0,1024.0,1024.0,1024.0,1024.0,1024.0,1024.0,1024.0,1024.0,1024.0,1024.0,1024.0,1024.0,1024.0,1024.0,1024.0,1024.0,1024.0,1024.0,1024.0,1024.0,1024.0,1024.0,1024.0,1024.0,1024.0,1024.0,1024.0,1024.0,1024.0,1024.0,1024.0,1024.0,1024.0,1024.0,1024.0,1024.0,1024.0,1024.0,1024.0,1024.0,1024.0,1024.0,1024.0,1024.0,1024.0,1024.0,1024.0,1024.0,1024.0,1024.0,1024.0,1024.0,1024.0,1024.0,1024.0,1024.0,1024.0,1024.0,1024.0,1024.0,1024.0,1024.0,1024.0,1024.0,1024.0,1024.0,1024.0,1024.0,1024.0,1024.0,1024.0,1024.0,1024.0,1024.0,1024.0,1024.0,1024.0,1024.0,1024.0,1024.0,1024.0,1024.0,1024.0,1024.0,1024.0,1024.0,1024.0,1024.0,1024.0,1024.0,1024.0,1024.0,0.0,0.0,131072.0,256.0,0.0
327,0,1,695,695,4194304,256,0,0,12,4,32,64,"void at::native::vectorized_elementwise_kernel<4, at::native::FillFunctor<int>, std::array<char*, 1ul> >(int, at::native::FillFunctor<int>, std::array<char*, 1ul>)",158974902554387,158974902596402,328,121,817600.0,1184.0,8579.0,0.0,131072.0,917504.0,65536.0,0.0,555917483.0,555917483.0,0.0,0.0,0.0,11001888.0,1835120.0,1.0,81.0,0.0,0.0,20.0,1.0,0.0,0.0,80.0,80.0,80.0,0.0,80.0,80.0,1.0,0.0,0.0,80.0,80.0,80.0,80.0,80.0,0.0,0.0,0.0,0.0,0.0,81.0,0.0,0.0,20.0,81.0,0.0,0.0,20.0,0.0,0.0,0.0,0.0,0.0,81.0,0.0,0.0,20.0,1.0,0.0,0.0,80.0,80.0,80.0,0.0,80.0,80.0,1.0,0.0,0.0,80.0,80.0,80.0,80.0,80.0,80.0,0.0,0.0,0.0,0.0,81.0,0.0,0.0,20.0,0.0,0.0,80.0,0.0,0.0,81.0,0.0,0.0,20.0,1.0,0.0,0.0,80.0,80.0,80.0,80.0,80.0,80.0,0.0,0.0,0.0,0.0,81.0,0.0,80.0,0.0,20.0,1.0,0.0,0.0,80.0,80.0,80.0,80.0,80.0,80.0,1.0,0.0,0.0,80.0,80.0,80.0,80.0,80.0,0.0,0.0,0.0,0.0,0.0,81.0,0.0,0.0,20.0,0.0,0.0,0.0,0.0,0.0,32768.0,32768.0,32768.0,32768.0,32768.0,32768.0,32768.0,32768.0,32768.0,32768.0,32768.0,32768.0,32768.0,32768.0,32768.0,32768.0,32768.0,32768.0,32768.0,32768.0,32768.0,32768.0,32768.0,32768.0,32768.0,32768.0,32768.0,32768.0,32768.0,32768.0,32768.0,32768.0,32768.0,32768.0,32768.0,32768.0,32768.0,32768.0,32768.0,32768.0,32768.0,32768.0,32768.0,32768.0,32768.0,32768.0,32768.0,32768.0,32768.0,32768.0,32768.0,32768.0,32768.0,32768.0,32768.0,32768.0,32768.0,32768.0,32768.0,32768.0,32768.0,32768.0,32768.0,32768.0,32768.0,32768.0,32768.0,32768.0,32768.0,32768.0,32768.0,32768.0,32768.0,32768.0,32768.0,32768.0,32768.0,32768.0,32768.0,32768.0,32768.0,32768.0,32768.0,32768.0,32768.0,32768.0,32768.0,32768.0,32768.0,32768.0,32768.0,32768.0,32768.0,32768.0,32768.0,32768.0,32768.0,32768.0,32768.0,32768.0,32768.0,32768.0,32768.0,32768.0,32768.0,32768.0,32768.0,32768.0,32768.0,32768.0,32768.0,32768.0,32768.0,32768.0,32768.0,32768.0,32768.0,32768.0,32768.0,32768.0,32768.0,32768.0,32768.0,32768.0,32768.0,32768.0,32768.0,32768.0,0.0,0.0,4194304.0,16371.0,0.0
328,0,1,695,695,32768,512,0,0,108,4,48,64,matmulbias_kernel,158974902996991,158974903022810,329,196,556815.0,1184.0,8912.0,0.0,8704.0,150016.0,0.0,0.0,46026494.0,46026494.0,1048576.0,0.0,0.0,4621915.0,0.0,2074.0,2096.0,2097.0,2096.0,2084.0,2074.0,2074.0,2074.0,2074.0,2074.0,2074.0,2097.0,2074.0,2074.0,2074.0,2074.0,2074.0,2074.0,2074.0,2074.0,2074.0,2074.0,2096.0,2072.0,2096.0,2097.0,2096.0,2096.0,2097.0,2096.0,2084.0,2096.0,2097.0,2096.0,2084.0,2072.0,2096.0,2097.0,2096.0,2074.0,2096.0,2097.0,2096.0,2084.0,2074.0,2074.0,2074.0,2074.0,2074.0,2074.0,2074.0,2074.0,2074.0,2078.0,2078.0,2078.0,2078.0,2078.0,2078.0,2078.0,2078.0,2074.0,2076.0,2104.0,2105.0,2104.0,2104.0,2105.0,2104.0,2090.0,2072.0,2096.0,2074.0,2097.0,2096.0,2096.0,2097.0,2096.0,2084.0,2074.0,2074.0,2074.0,2074.0,2074.0,2074.0,2074.0,2074.0,2074.0,2072.0,2096.0,2097.0,2096.0,2096.0,2097.0,2074.0,2096.0,2084.0,2074.0,2074.0,2074.0,2074.0,2074.0,2074.0,2074.0,2074.0,2074.0,2070.0,2070.0,2070.0,2070.0,2070.0,2070.0,2070.0,2070.0,2068.0,2088.0,2072.0,2089.0,2088.0,2088.0,2089.0,2088.0,2078.0,2072.0,2096.0,2097.0,2096.0,2096.0,1024.0,1024.0,1024.0,1024.0,1024.0,1024.0,1024.0,1024.0,1024.0,1024.0,1024.0,1024.0,1024.0,1024.0,1024.0,1024.0,1024.0,1024.0,1024.0,1024.0,1024.0,1024.0,1024.0,1024.0,1024.0,1024.0,1024.0,1024.0,1024.0,1024.0,1024.0,1024.0,1024.0,1024.0,1024.0,1024.0,1024.0,1024.0,1024.0,1024.0,1024.0,1024.0,1024.0,1024.0,1024.0,1024.0,1024.0,1024.0,1024.0,1024.0,1024.0,1024.0,1024.0,1024.0,1024.0,1024.0,1024.0,1024.0,1024.0,1024.0,1024.0,1024.0,1024.0,1024.0,1024.0,1024.0,1024.0,1024.0,1024.0,1024.0,1024.0,1024.0,1024.0,1024.0,1024.0,1024.0,1024.0,1024.0,1024.0,1024.0,1024.0,1024.0,1024.0,1024.0,1024.0,1024.0,1024.0,1024.0,1024.0,1024.0,1024.0,1024.0,1024.0,1024.0,1024.0,1024.0,1024.0,1024.0,1024.0,1024.0,1024.0,1024.0,1024.0,1024.0,1024.0,1024.0,1024.0,1024.0,1024.0,1024.0,1024.0,1024.0,1024.0,1024.0,1024.0,1024.0,1024.0,1024.0,1024.0,1024.0,1024.0,1024.0,1024.0,1024.0,1024.0,1024.0,1024.0,1024.0,0.0,0.0,131072.0,256.0,0.0
329,0,1,695,695,4194304,256,0,0,12,4,32,64,"void at::native::vectorized_elementwise_kernel<4, at::native::FillFunctor<int>, std::array<char*, 1ul> >(int, at::native::FillFunctor<int>, std::array<char*, 1ul>)",158974903427007,158974903469703,330,121,834021.0,1184.0,8663.0,0.0,131072.0,917504.0,65536.0,0.0,556823440.0,556823440.0,0.0,0.0,0.0,11026505.0,1835120.0,0.0,81.0,0.0,20.0,0.0,0.0,0.0,0.0,80.0,80.0,80.0,1.0,80.0,80.0,0.0,0.0,0.0,80.0,80.0,80.0,80.0,80.0,0.0,0.0,0.0,1.0,0.0,81.0,0.0,20.0,0.0,81.0,0.0,20.0,0.0,0.0,0.0,1.0,0.0,0.0,81.0,0.0,20.0,0.0,0.0,0.0,0.0,80.0,80.0,80.0,0.0,80.0,80.0,0.0,0.0,0.0,80.0,80.0,80.0,80.0,80.0,80.0,0.0,0.0,1.0,0.0,81.0,0.0,20.0,0.0,0.0,0.0,80.0,1.0,0.0,81.0,0.0,20.0,0.0,0.0,0.0,0.0,80.0,80.0,80.0,80.0,80.0,80.0,0.0,0.0,1.0,0.0,81.0,0.0,80.0,20.0,0.0,0.0,0.0,0.0,80.0,80.0,80.0,80.0,80.0,80.0,0.0,0.0,0.0,80.0,80.0,80.0,80.0,80.0,0.0,0.0,0.0,1.0,0.0,81.0,0.0,20.0,0.0,0.0,0.0,1.0,0.0,0.0,32768.0,32768.0,32768.0,32768.0,32768.0,32768.0,32768.0,32768.0,32768.0,32768.0,32768.0,32768.0,32768.0,32768.0,32768.0,32768.0,32768.0,32768.0,32768.0,32768.0,32768.0,32768.0,32768.0,32768.0,32768.0,32768.0,32768.0,32768.0,32768.0,32768.0,32768.0,32768.0,32768.0,32768.0,32768.0,32768.0,32768.0,32768.0,32768.0,32768.0,32768.0,32768.0,32768.0,32768.0,32768.0,32768.0,32768.0,32768.0,32768.0,32768.0,32768.0,32768.0,32768.0,32768.0,32768.0,32768.0,32768.0,32768.0,32768.0,32768.0,32768.0,32768.0,32768.0,32768.0,32768.0,32768.0,32768.0,32768.0,32768.0,32768.0,32768.0,32768.0,32768.0,32768.0,32768.0,32768.0,32768.0,32768.0,32768.0,32768.0,32768.0,32768.0,32768.0,32768.0,32768.0,32768.0,32768.0,32768.0,32768.0,32768.0,32768.0,32768.0,32768.0,32768.0,32768.0,32768.0,32768.0,32768.0,32768.0,32768.0,32768.0,32768.0,32768.0,32768.0,32768.0,32768.0,32768.0,32768.0,32768.0,32768.0,32768.0,32768.0,32768.0,32768.0,32768.0,32768.0,32768.0,32768.0,32768.0,32768.0,32768.0,32768.0,32768.0,32768.0,32768.0,32768.0,32768.0,32768.0,0.0,0.0,4194304.0,16378.0,0.0
330,0,1,695,695,32768,512,0,0,108,4,48,64,matmulbias_kernel,158974903874462,158974903900441,331,196,543709.0,1184.0,608.0,0.0,8704.0,150016.0,0.0,0.0,47747007.0,47747007.0,1048576.0,0.0,0.0,4700948.0,0.0,2074.0,2104.0,2104.0,2104.0,2090.0,2078.0,2078.0,2078.0,2078.0,2078.0,2078.0,2096.0,2078.0,2078.0,2074.0,2074.0,2074.0,2074.0,2074.0,2074.0,2074.0,2074.0,2096.0,2072.0,2096.0,2096.0,2096.0,2096.0,2096.0,2096.0,2084.0,2096.0,2096.0,2096.0,2084.0,2068.0,2088.0,2088.0,2088.0,2074.0,2088.0,2088.0,2088.0,2078.0,2070.0,2070.0,2070.0,2070.0,2070.0,2070.0,2074.0,2070.0,2070.0,2074.0,2074.0,2074.0,2074.0,2074.0,2074.0,2074.0,2074.0,2074.0,2072.0,2096.0,2096.0,2096.0,2096.0,2096.0,2096.0,2084.0,2076.0,2104.0,2074.0,2104.0,2104.0,2104.0,2104.0,2104.0,2090.0,2078.0,2078.0,2078.0,2078.0,2074.0,2078.0,2078.0,2078.0,2078.0,2080.0,2112.0,2112.0,2112.0,2112.0,2112.0,2074.0,2112.0,2096.0,2082.0,2082.0,2082.0,2082.0,2082.0,2082.0,2082.0,2082.0,2074.0,2070.0,2070.0,2070.0,2070.0,2070.0,2070.0,2070.0,2070.0,2068.0,2088.0,2072.0,2088.0,2088.0,2088.0,2088.0,2088.0,2078.0,2076.0,2104.0,2104.0,2104.0,2096.0,1024.0,1024.0,1024.0,1024.0,1024.0,1024.0,1024.0,1024.0,1024.0,1024.0,1024.0,1024.0,1024.0,1024.0,1024.0,1024.0,1024.0,1024.0,1024.0,1024.0,1024.0,1024.0,1024.0,1024.0,1024.0,1024.0,1024.0,1024.0,1024.0,1024.0,1024.0,1024.0,1024.0,1024.0,1024.0,1024.0,1024.0,1024.0,1024.0,1024.0,1024.0,1024.0,1024.0,1024.0,1024.0,1024.0,1024.0,1024.0,1024.0,1024.0,1024.0,1024.0,1024.0,1024.0,1024.0,1024.0,1024.0,1024.0,1024.0,1024.0,1024.0,1024.0,1024.0,1024.0,1024.0,1024.0,1024.0,1024.0,1024.0,1024.0,1024.0,1024.0,1024.0,1024.0,1024.0,1024.0,1024.0,1024.0,1024.0,1024.0,1024.0,1024.0,1024.0,1024.0,1024.0,1024.0,1024.0,1024.0,1024.0,1024.0,1024.0,1024.0,1024.0,1024.0,1024.0,1024.0,1024.0,1024.0,1024.0,1024.0,1024.0,1024.0,1024.0,1024.0,1024.0,1024.0,1024.0,1024.0,1024.0,1024.0,1024.0,1024.0,1024.0,1024.0,1024.0,1024.0,1024.0,1024.0,1024.0,1024.0,1024.0,1024.0,1024.0,1024.0,1024.0,1024.0,1024.0,1024.0,0.0,0.0,131072.0,256.0,0.0
331,0,1,695,695,4194304,256,0,0,12,4,32,64,"void at::native::vectorized_elementwise_kernel<4, at::native::FillFunctor<int>, std::array<char*, 1ul> >(int, at::native::FillFunctor<int>, std::array<char*, 1ul>)",158974904306201,158974904347976,332,121,817570.0,1184.0,8570.0,0.0,131072.0,917504.0,65536.0,0.0,553798493.0,553798493.0,0.0,0.0,0.0,10965231.0,1835120.0,0.0,81.0,20.0,0.0,0.0,0.0,0.0,0.0,80.0,80.0,80.0,0.0,80.0,80.0,0.0,0.0,0.0,80.0,80.0,80.0,80.0,80.0,0.0,1.0,0.0,0.0,0.0,81.0,20.0,0.0,0.0,81.0,20.0,0.0,0.0,1.0,0.0,0.0,0.0,0.0,81.0,20.0,0.0,0.0,0.0,0.0,0.0,80.0,80.0,80.0,0.0,80.0,80.0,0.0,0.0,0.0,80.0,80.0,80.0,80.0,80.0,80.0,1.0,0.0,0.0,0.0,81.0,20.0,0.0,0.0,1.0,0.0,80.0,0.0,0.0,81.0,20.0,0.0,0.0,0.0,0.0,0.0,80.0,80.0,80.0,80.0,80.0,80.0,1.0,0.0,0.0,0.0,81.0,20.0,80.0,0.0,0.0,0.0,0.0,0.0,80.0,80.0,80.0,80.0,80.0,80.0,0.0,0.0,0.0,80.0,80.0,80.0,80.0,80.0,1.0,0.0,1.0,0.0,0.0,81.0,20.0,0.0,0.0,1.0,0.0,0.0,0.0,0.0,32768.0,32768.0,32768.0,32768.0,32768.0,32768.0,32768.0,32768.0,32768.0,32768.0,32768.0,32768.0,32768.0,32768.0,32768.0,32768.0,32768.0,32768.0,32768.0,32768.0,32768.0,32768.0,32768.0,32768.0,32768.0,32768.0,32768.0,32768.0,32768.0,32768.0,32768.0,32768.0,32768.0,32768.0,32768.0,32768.0,32768.0,32768.0,32768.0,32768.0,32768.0,32768.0,32768.0,32768.0,32768.0,32768.0,32768.0,32768.0,32768.0,32768.0,32768.0,32768.0,32768.0,32768.0,32768.0,32768.0,32768.0,32768.0,32768.0,32768.0,32768.0,32768.0,32768.0,32768.0,32768.0,32768.0,32768.0,32768.0,32768.0,32768.0,32768.0,32768.0,32768.0,32768.0,32768.0,32768.0,32768.0,32768.0,32768.0,32768.0,32768.0,32768.0,32768.0,32768.0,32768.0,32768.0,32768.0,32768.0,32768.0,32768.0,32768.0,32768.0,32768.0,32768.0,32768.0,32768.0,32768.0,32768.0,32768.0,32768.0,32768.0,32768.0,32768.0,32768.0,32768.0,32768.0,32768.0,32768.0,32768.0,32768.0,32768.0,32768.0,32768.0,32768.0,32768.0,32768.0,32768.0,32768.0,32768.0,32768.0,32768.0,32768.0,32768.0,32768.0,32768.0,32768.0,32768.0,32768.0,0.0,0.0,4194304.0,16377.0,0.0
332,0,1,695,695,32768,512,0,0,108,4,48,64,matmulbias_kernel,158974904753335,158974904779034,333,196,555488.0,1184.0,9150.0,0.0,8704.0,150016.0,0.0,0.0,47600064.0,47600064.0,1048576.0,0.0,0.0,4691743.0,0.0,2078.0,2104.0,2104.0,2104.0,2090.0,2078.0,2078.0,2078.0,2078.0,2078.0,2078.0,2105.0,2078.0,2078.0,2078.0,2078.0,2078.0,2078.0,2078.0,2078.0,2078.0,2078.0,2105.0,2076.0,2104.0,2105.0,2105.0,2104.0,2104.0,2104.0,2090.0,2104.0,2104.0,2104.0,2090.0,2072.0,2096.0,2097.0,2097.0,2078.0,2096.0,2096.0,2096.0,2084.0,2074.0,2074.0,2074.0,2074.0,2074.0,2074.0,2078.0,2074.0,2074.0,2070.0,2070.0,2070.0,2070.0,2070.0,2070.0,2070.0,2070.0,2078.0,2068.0,2088.0,2089.0,2089.0,2088.0,2088.0,2088.0,2078.0,2076.0,2104.0,2078.0,2105.0,2105.0,2104.0,2104.0,2104.0,2090.0,2078.0,2078.0,2078.0,2078.0,2078.0,2078.0,2078.0,2078.0,2078.0,2064.0,2080.0,2081.0,2081.0,2080.0,2080.0,2078.0,2080.0,2072.0,2066.0,2066.0,2066.0,2066.0,2066.0,2066.0,2066.0,2066.0,2078.0,2082.0,2082.0,2082.0,2082.0,2082.0,2082.0,2082.0,2082.0,2080.0,2112.0,2076.0,2113.0,2113.0,2112.0,2112.0,2112.0,2096.0,2076.0,2104.0,2105.0,2105.0,2104.0,1024.0,1024.0,1024.0,1024.0,1024.0,1024.0,1024.0,1024.0,1024.0,1024.0,1024.0,1024.0,1024.0,1024.0,1024.0,1024.0,1024.0,1024.0,1024.0,1024.0,1024.0,1024.0,1024.0,1024.0,1024.0,1024.0,1024.0,1024.0,1024.0,1024.0,1024.0,1024.0,1024.0,1024.0,1024.0,1024.0,1024.0,1024.0,1024.0,1024.0,1024.0,1024.0,1024.0,1024.0,1024.0,1024.0,1024.0,1024.0,1024.0,1024.0,1024.0,1024.0,1024.0,1024.0,1024.0,1024.0,1024.0,1024.0,1024.0,1024.0,1024.0,1024.0,1024.0,1024.0,1024.0,1024.0,1024.0,1024.0,1024.0,1024.0,1024.0,1024.0,1024.0,1024.0,1024.0,1024.0,1024.0,1024.0,1024.0,1024.0,1024.0,1024.0,1024.0,1024.0,1024.0,1024.0,1024.0,1024.0,1024.0,1024.0,1024.0,1024.0,1024.0,1024.0,1024.0,1024.0,1024.0,1024.0,1024.0,1024.0,1024.0,1024.0,1024.0,1024.0,1024.0,1024.0,1024.0,1024.0,1024.0,1024.0,1024.0,1024.0,1024.0,1024.0,1024.0,1024.0,1024.0,1024.0,1024.0,1024.0,1024.0,1024.0,1024.0,1024.0,1024.0,1024.0,1024.0,1024.0,0.0,0.0,131072.0,256.0,0.0
333,0,1,695,695,4194304,256,0,0,12,4,32,64,"void at::native::vectorized_elementwise_kernel<4, at::native::FillFunctor<int>, std::array<char*, 1ul> >(int, at::native::FillFunctor<int>, std::array<char*, 1ul>)",158974905181026,158974905223081,334,121,823237.0,1184.0,8731.0,0.0,131072.0,917504.0,65536.0,0.0,555670214.0,555670214.0,0.0,0.0,0.0,10991914.0,1835120.0,0.0,101.0,0.0,1.0,0.0,0.0,0.0,0.0,80.0,80.0,80.0,0.0,80.0,80.0,0.0,0.0,0.0,80.0,80.0,80.0,80.0,80.0,0.0,0.0,0.0,0.0,0.0,101.0,0.0,1.0,0.0,101.0,0.0,1.0,0.0,0.0,0.0,0.0,0.0,0.0,101.0,0.0,1.0,0.0,0.0,0.0,0.0,80.0,80.0,80.0,0.0,80.0,80.0,0.0,0.0,0.0,80.0,80.0,80.0,80.0,80.0,80.0,0.0,0.0,0.0,0.0,101.0,0.0,1.0,0.0,0.0,0.0,80.0,0.0,0.0,101.0,0.0,1.0,0.0,0.0,0.0,0.0,80.0,80.0,80.0,80.0,80.0,80.0,0.0,0.0,0.0,0.0,101.0,0.0,80.0,1.0,0.0,0.0,0.0,0.0,80.0,80.0,80.0,80.0,80.0,80.0,0.0,0.0,0.0,80.0,80.0,80.0,80.0,80.0,0.0,0.0,0.0,0.0,0.0,101.0,0.0,1.0,0.0,0.0,0.0,0.0,0.0,0.0,32768.0,32768.0,32768.0,32768.0,32768.0,32768.0,32768.0,32768.0,32768.0,32768.0,32768.0,32768.0,32768.0,32768.0,32768.0,32768.0,32768.0,32768.0,32768.0,32768.0,32768.0,32768.0,32768.0,32768.0,32768.0,32768.0,32768.0,32768.0,32768.0,32768.0,32768.0,32768.0,32768.0,32768.0,32768.0,32768.0,32768.0,32768.0,32768.0,32768.0,32768.0,32768.0,32768.0,32768.0,32768.0,32768.0,32768.0,32768.0,32768.0,32768.0,32768.0,32768.0,32768.0,32768.0,32768.0,32768.0,32768.0,32768.0,32768.0,32768.0,32768.0,32768.0,32768.0,32768.0,32768.0,32768.0,32768.0,32768.0,32768.0,32768.0,32768.0,32768.0,32768.0,32768.0,32768.0,32768.0,32768.0,32768.0,32768.0,32768.0,32768.0,32768.0,32768.0,32768.0,32768.0,32768.0,32768.0,32768.0,32768.0,32768.0,32768.0,32768.0,32768.0,32768.0,32768.0,32768.0,32768.0,32768.0,32768.0,32768.0,32768.0,32768.0,32768.0,32768.0,32768.0,32768.0,32768.0,32768.0,32768.0,32768.0,32768.0,32768.0,32768.0,32768.0,32768.0,32768.0,32768.0,32768.0,32768.0,32768.0,32768.0,32768.0,32768.0,32768.0,32768.0,32768.0,32768.0,32768.0,0.0,0.0,4194304.0,16379.0,0.0
334,0,1,695,695,32768,512,0,0,108,4,48,64,matmulbias_kernel,158974905641270,158974905667168,335,196,554446.0,1184.0,608.0,0.0,8704.0,150016.0,0.0,0.0,47416286.0,47416286.0,1048576.0,0.0,0.0,4723013.0,0.0,2070.0,2104.0,2104.0,2104.0,2090.0,2078.0,2078.0,2078.0,2078.0,2078.0,2078.0,2088.0,2078.0,2078.0,2078.0,2078.0,2078.0,2078.0,2078.0,2078.0,2078.0,2078.0,2088.0,2076.0,2104.0,2104.0,2104.0,2104.0,2104.0,2104.0,2090.0,2088.0,2088.0,2088.0,2078.0,2076.0,2104.0,2104.0,2104.0,2070.0,2104.0,2104.0,2104.0,2090.0,2078.0,2078.0,2078.0,2078.0,2078.0,2078.0,2070.0,2078.0,2078.0,2066.0,2066.0,2066.0,2066.0,2066.0,2066.0,2066.0,2066.0,2070.0,2064.0,2080.0,2080.0,2080.0,2080.0,2080.0,2080.0,2072.0,2080.0,2112.0,2070.0,2112.0,2112.0,2112.0,2112.0,2112.0,2096.0,2082.0,2082.0,2082.0,2082.0,2070.0,2082.0,2082.0,2082.0,2082.0,2076.0,2104.0,2104.0,2104.0,2104.0,2104.0,2070.0,2104.0,2090.0,2078.0,2078.0,2078.0,2078.0,2078.0,2078.0,2078.0,2078.0,2070.0,2070.0,2070.0,2070.0,2070.0,2070.0,2070.0,2070.0,2070.0,2068.0,2088.0,2068.0,2088.0,2088.0,2088.0,2088.0,2088.0,2078.0,2076.0,2104.0,2104.0,2104.0,2088.0,1024.0,1024.0,1024.0,1024.0,1024.0,1024.0,1024.0,1024.0,1024.0,1024.0,1024.0,1024.0,1024.0,1024.0,1024.0,1024.0,1024.0,1024.0,1024.0,1024.0,1024.0,1024.0,1024.0,1024.0,1024.0,1024.0,1024.0,1024.0,1024.0,1024.0,1024.0,1024.0,1024.0,1024.0,1024.0,1024.0,1024.0,1024.0,1024.0,1024.0,1024.0,1024.0,1024.0,1024.0,1024.0,1024.0,1024.0,1024.0,1024.0,1024.0,1024.0,1024.0,1024.0,1024.0,1024.0,1024.0,1024.0,1024.0,1024.0,1024.0,1024.0,1024.0,1024.0,1024.0,1024.0,1024.0,1024.0,1024.0,1024.0,1024.0,1024.0,1024.0,1024.0,1024.0,1024.0,1024.0,1024.0,1024.0,1024.0,1024.0,1024.0,1024.0,1024.0,1024.0,1024.0,1024.0,1024.0,1024.0,1024.0,1024.0,1024.0,1024.0,1024.0,1024.0,1024.0,1024.0,1024.0,1024.0,1024.0,1024.0,1024.0,1024.0,1024.0,1024.0,1024.0,1024.0,1024.0,1024.0,1024.0,1024.0,1024.0,1024.0,1024.0,1024.0,1024.0,1024.0,1024.0,1024.0,1024.0,1024.0,1024.0,1024.0,1024.0,1024.0,1024.0,1024.0,1024.0,1024.0,0.0,0.0,131072.0,256.0,0.0
335,0,1,695,695,4194304,256,0,0,12,4,32,64,"void at::native::vectorized_elementwise_kernel<4, at::native::FillFunctor<int>, std::array<char*, 1ul> >(int, at::native::FillFunctor<int>, std::array<char*, 1ul>)",158974906076176,158974906118873,336,121,833604.0,1184.0,9074.0,0.0,131072.0,917504.0,65536.0,0.0,561354239.0,561354239.0,0.0,0.0,0.0,11114407.0,1835120.0,0.0,82.0,0.0,0.0,0.0,0.0,0.0,0.0,80.0,80.0,80.0,0.0,100.0,80.0,0.0,0.0,0.0,80.0,80.0,80.0,100.0,80.0,0.0,0.0,0.0,0.0,0.0,82.0,0.0,0.0,0.0,82.0,0.0,0.0,0.0,0.0,0.0,0.0,0.0,0.0,82.0,0.0,0.0,0.0,0.0,0.0,0.0,80.0,80.0,80.0,0.0,100.0,80.0,0.0,0.0,0.0,80.0,80.0,80.0,100.0,80.0,80.0,0.0,0.0,0.0,0.0,82.0,0.0,0.0,0.0,0.0,0.0,80.0,0.0,0.0,82.0,0.0,0.0,0.0,0.0,0.0,0.0,80.0,80.0,80.0,80.0,100.0,80.0,0.0,0.0,0.0,0.0,82.0,0.0,100.0,0.0,0.0,0.0,0.0,0.0,80.0,80.0,80.0,100.0,80.0,80.0,0.0,0.0,0.0,80.0,80.0,80.0,100.0,80.0,0.0,0.0,0.0,0.0,0.0,82.0,0.0,0.0,0.0,0.0,0.0,0.0,0.0,0.0,32768.0,32768.0,32768.0,32768.0,32768.0,32768.0,32768.0,32768.0,32768.0,32768.0,32768.0,32768.0,32768.0,32768.0,32768.0,32768.0,32768.0,32768.0,32768.0,32768.0,32768.0,32768.0,32768.0,32768.0,32768.0,32768.0,32768.0,32768.0,32768.0,32768.0,32768.0,32768.0,32768.0,32768.0,32768.0,32768.0,32768.0,32768.0,32768.0,32768.0,32768.0,32768.0,32768.0,32768.0,32768.0,32768.0,32768.0,32768.0,32768.0,32768.0,32768.0,32768.0,32768.0,32768.0,32768.0,32768.0,32768.0,32768.0,32768.0,32768.0,32768.0,32768.0,32768.0,32768.0,32768.0,32768.0,32768.0,32768.0,32768.0,32768.0,32768.0,32768.0,32768.0,32768.0,32768.0,32768.0,32768.0,32768.0,32768.0,32768.0,32768.0,32768.0,32768.0,32768.0,32768.0,32768.0,32768.0,32768.0,32768.0,32768.0,32768.0,32768.0,32768.0,32768.0,32768.0,32768.0,32768.0,32768.0,32768.0,32768.0,32768.0,32768.0,32768.0,32768.0,32768.0,32768.0,32768.0,32768.0,32768.0,32768.0,32768.0,32768.0,32768.0,32768.0,32768.0,32768.0,32768.0,32768.0,32768.0,32768.0,32768.0,32768.0,32768.0,32768.0,32768.0,32768.0,32768.0,32768.0,0.0,0.0,4194304.0,16376.0,0.0
336,0,1,695,695,32768,512,0,0,108,4,48,64,matmulbias_kernel,158974906523351,158974906549129,337,196,565787.0,1184.0,9551.0,0.0,8704.0,150016.0,0.0,0.0,47129813.0,47129813.0,1048576.0,0.0,0.0,4690783.0,0.0,2070.0,2096.0,2096.0,2096.0,2084.0,2074.0,2074.0,2074.0,2074.0,2074.0,2074.0,2089.0,2074.0,2074.0,2070.0,2070.0,2070.0,2070.0,2070.0,2070.0,2070.0,2070.0,2088.0,2068.0,2089.0,2089.0,2088.0,2088.0,2088.0,2088.0,2078.0,2088.0,2088.0,2088.0,2078.0,2080.0,2113.0,2113.0,2112.0,2070.0,2112.0,2112.0,2112.0,2096.0,2082.0,2082.0,2082.0,2082.0,2082.0,2082.0,2070.0,2082.0,2082.0,2074.0,2074.0,2074.0,2074.0,2074.0,2074.0,2074.0,2074.0,2070.0,2072.0,2097.0,2097.0,2096.0,2096.0,2096.0,2096.0,2084.0,2072.0,2097.0,2070.0,2097.0,2096.0,2096.0,2096.0,2096.0,2084.0,2074.0,2074.0,2074.0,2074.0,2070.0,2074.0,2074.0,2074.0,2074.0,2076.0,2105.0,2105.0,2104.0,2104.0,2104.0,2070.0,2104.0,2090.0,2078.0,2078.0,2078.0,2078.0,2078.0,2078.0,2078.0,2078.0,2070.0,2074.0,2074.0,2074.0,2074.0,2074.0,2074.0,2074.0,2074.0,2072.0,2097.0,2068.0,2097.0,2096.0,2096.0,2096.0,2096.0,2084.0,2072.0,2097.0,2097.0,2096.0,2089.0,1024.0,1024.0,1024.0,1024.0,1024.0,1024.0,1024.0,1024.0,1024.0,1024.0,1024.0,1024.0,1024.0,1024.0,1024.0,1024.0,1024.0,1024.0,1024.0,1024.0,1024.0,1024.0,1024.0,1024.0,1024.0,1024.0,1024.0,1024.0,1024.0,1024.0,1024.0,1024.0,1024.0,1024.0,1024.0,1024.0,1024.0,1024.0,1024.0,1024.0,1024.0,1024.0,1024.0,1024.0,1024.0,1024.0,1024.0,1024.0,1024.0,1024.0,1024.0,1024.0,1024.0,1024.0,1024.0,1024.0,1024.0,1024.0,1024.0,1024.0,1024.0,1024.0,1024.0,1024.0,1024.0,1024.0,1024.0,1024.0,1024.0,1024.0,1024.0,1024.0,1024.0,1024.0,1024.0,1024.0,1024.0,1024.0,1024.0,1024.0,1024.0,1024.0,1024.0,1024.0,1024.0,1024.0,1024.0,1024.0,1024.0,1024.0,1024.0,1024.0,1024.0,1024.0,1024.0,1024.0,1024.0,1024.0,1024.0,1024.0,1024.0,1024.0,1024.0,1024.0,1024.0,1024.0,1024.0,1024.0,1024.0,1024.0,1024.0,1024.0,1024.0,1024.0,1024.0,1024.0,1024.0,1024.0,1024.0,1024.0,1024.0,1024.0,1024.0,1024.0,1024.0,1024.0,1024.0,1024.0,0.0,0.0,131072.0,256.0,0.0
337,0,1,695,695,4194304,256,0,0,12,4,32,64,"void at::native::vectorized_elementwise_kernel<4, at::native::FillFunctor<int>, std::array<char*, 1ul> >(int, at::native::FillFunctor<int>, std::array<char*, 1ul>)",158974906954889,158974906997185,338,121,824135.0,1184.0,8387.0,0.0,131072.0,917504.0,65536.0,0.0,557823733.0,557823733.0,0.0,0.0,0.0,11039061.0,1835120.0,0.0,81.0,0.0,0.0,0.0,0.0,0.0,0.0,80.0,80.0,80.0,0.0,80.0,100.0,0.0,0.0,0.0,80.0,80.0,80.0,80.0,100.0,0.0,0.0,1.0,0.0,0.0,81.0,0.0,0.0,0.0,81.0,0.0,0.0,0.0,0.0,1.0,0.0,0.0,0.0,81.0,0.0,0.0,0.0,0.0,0.0,0.0,80.0,80.0,80.0,0.0,80.0,100.0,0.0,0.0,0.0,80.0,80.0,80.0,80.0,100.0,80.0,0.0,1.0,0.0,0.0,81.0,0.0,0.0,0.0,0.0,1.0,80.0,0.0,0.0,81.0,0.0,0.0,0.0,0.0,0.0,0.0,80.0,80.0,80.0,80.0,80.0,100.0,0.0,1.0,0.0,0.0,81.0,0.0,80.0,0.0,0.0,0.0,0.0,0.0,80.0,80.0,80.0,80.0,100.0,100.0,0.0,0.0,0.0,80.0,80.0,80.0,80.0,100.0,0.0,1.0,0.0,0.0,0.0,81.0,0.0,0.0,0.0,0.0,1.0,0.0,0.0,1.0,32768.0,32768.0,32768.0,32768.0,32768.0,32768.0,32768.0,32768.0,32768.0,32768.0,32768.0,32768.0,32768.0,32768.0,32768.0,32768.0,32768.0,32768.0,32768.0,32768.0,32768.0,32768.0,32768.0,32768.0,32768.0,32768.0,32768.0,32768.0,32768.0,32768.0,32768.0,32768.0,32768.0,32768.0,32768.0,32768.0,32768.0,32768.0,32768.0,32768.0,32768.0,32768.0,32768.0,32768.0,32768.0,32768.0,32768.0,32768.0,32768.0,32768.0,32768.0,32768.0,32768.0,32768.0,32768.0,32768.0,32768.0,32768.0,32768.0,32768.0,32768.0,32768.0,32768.0,32768.0,32768.0,32768.0,32768.0,32768.0,32768.0,32768.0,32768.0,32768.0,32768.0,32768.0,32768.0,32768.0,32768.0,32768.0,32768.0,32768.0,32768.0,32768.0,32768.0,32768.0,32768.0,32768.0,32768.0,32768.0,32768.0,32768.0,32768.0,32768.0,32768.0,32768.0,32768.0,32768.0,32768.0,32768.0,32768.0,32768.0,32768.0,32768.0,32768.0,32768.0,32768.0,32768.0,32768.0,32768.0,32768.0,32768.0,32768.0,32768.0,32768.0,32768.0,32768.0,32768.0,32768.0,32768.0,32768.0,32768.0,32768.0,32768.0,32768.0,32768.0,32768.0,32768.0,32768.0,32768.0,0.0,0.0,4194304.0,16379.0,0.0
338,0,1,695,695,32768,512,0,0,108,4,48,64,matmulbias_kernel,158974907400220,158974907426038,339,196,563798.0,1184.0,608.0,0.0,8704.0,150016.0,0.0,0.0,47332669.0,47332669.0,1048576.0,0.0,0.0,4715813.0,0.0,2070.0,2104.0,2104.0,2104.0,2090.0,2078.0,2078.0,2078.0,2078.0,2078.0,2078.0,2088.0,2078.0,2078.0,2074.0,2074.0,2074.0,2074.0,2074.0,2074.0,2074.0,2074.0,2088.0,2072.0,2096.0,2096.0,2096.0,2096.0,2096.0,2096.0,2084.0,2088.0,2088.0,2088.0,2078.0,2076.0,2104.0,2104.0,2104.0,2070.0,2104.0,2104.0,2104.0,2090.0,2078.0,2078.0,2078.0,2078.0,2078.0,2078.0,2070.0,2078.0,2078.0,2066.0,2066.0,2066.0,2066.0,2066.0,2066.0,2066.0,2066.0,2070.0,2064.0,2080.0,2080.0,2080.0,2080.0,2080.0,2080.0,2072.0,2068.0,2088.0,2070.0,2088.0,2088.0,2088.0,2088.0,2088.0,2078.0,2070.0,2070.0,2070.0,2070.0,2070.0,2070.0,2070.0,2070.0,2070.0,2076.0,2104.0,2104.0,2104.0,2104.0,2104.0,2070.0,2104.0,2090.0,2078.0,2078.0,2078.0,2078.0,2078.0,2078.0,2078.0,2078.0,2070.0,2078.0,2078.0,2078.0,2078.0,2078.0,2078.0,2078.0,2078.0,2076.0,2104.0,2068.0,2104.0,2104.0,2104.0,2104.0,2104.0,2090.0,2076.0,2104.0,2104.0,2104.0,2088.0,1024.0,1024.0,1024.0,1024.0,1024.0,1024.0,1024.0,1024.0,1024.0,1024.0,1024.0,1024.0,1024.0,1024.0,1024.0,1024.0,1024.0,1024.0,1024.0,1024.0,1024.0,1024.0,1024.0,1024.0,1024.0,1024.0,1024.0,1024.0,1024.0,1024.0,1024.0,1024.0,1024.0,1024.0,1024.0,1024.0,1024.0,1024.0,1024.0,1024.0,1024.0,1024.0,1024.0,1024.0,1024.0,1024.0,1024.0,1024.0,1024.0,1024.0,1024.0,1024.0,1024.0,1024.0,1024.0,1024.0,1024.0,1024.0,1024.0,1024.0,1024.0,1024.0,1024.0,1024.0,1024.0,1024.0,1024.0,1024.0,1024.0,1024.0,1024.0,1024.0,1024.0,1024.0,1024.0,1024.0,1024.0,1024.0,1024.0,1024.0,1024.0,1024.0,1024.0,1024.0,1024.0,1024.0,1024.0,1024.0,1024.0,1024.0,1024.0,1024.0,1024.0,1024.0,1024.0,1024.0,1024.0,1024.0,1024.0,1024.0,1024.0,1024.0,1024.0,1024.0,1024.0,1024.0,1024.0,1024.0,1024.0,1024.0,1024.0,1024.0,1024.0,1024.0,1024.0,1024.0,1024.0,1024.0,1024.0,1024.0,1024.0,1024.0,1024.0,1024.0,1024.0,1024.0,1024.0,1024.0,0.0,0.0,131072.0,256.0,0.0
339,0,1,695,695,4194304,256,0,0,12,4,32,64,"void at::native::vectorized_elementwise_kernel<4, at::native::FillFunctor<int>, std::array<char*, 1ul> >(int, at::native::FillFunctor<int>, std::array<char*, 1ul>)",158974907826427,158974907868562,340,121,818050.0,1184.0,7962.0,0.0,131072.0,917504.0,65536.0,0.0,555899247.0,555899247.0,0.0,0.0,0.0,10991745.0,1835120.0,0.0,80.0,0.0,0.0,0.0,0.0,0.0,0.0,81.0,100.0,80.0,1.0,80.0,80.0,0.0,0.0,0.0,81.0,100.0,80.0,80.0,80.0,0.0,0.0,0.0,1.0,0.0,80.0,0.0,0.0,0.0,80.0,0.0,0.0,0.0,0.0,0.0,1.0,0.0,0.0,80.0,0.0,0.0,0.0,0.0,0.0,0.0,81.0,100.0,80.0,0.0,80.0,80.0,0.0,0.0,0.0,81.0,100.0,80.0,80.0,80.0,81.0,0.0,0.0,1.0,0.0,80.0,0.0,0.0,0.0,0.0,0.0,100.0,1.0,0.0,80.0,0.0,0.0,0.0,0.0,0.0,0.0,81.0,80.0,100.0,80.0,80.0,80.0,0.0,0.0,1.0,0.0,80.0,0.0,80.0,0.0,0.0,0.0,0.0,0.0,81.0,100.0,80.0,80.0,80.0,80.0,0.0,0.0,0.0,81.0,100.0,80.0,80.0,80.0,0.0,0.0,0.0,1.0,0.0,80.0,0.0,0.0,0.0,0.0,0.0,1.0,0.0,0.0,32768.0,32768.0,32768.0,32768.0,32768.0,32768.0,32768.0,32768.0,32768.0,32768.0,32768.0,32768.0,32768.0,32768.0,32768.0,32768.0,32768.0,32768.0,32768.0,32768.0,32768.0,32768.0,32768.0,32768.0,32768.0,32768.0,32768.0,32768.0,32768.0,32768.0,32768.0,32768.0,32768.0,32768.0,32768.0,32768.0,32768.0,32768.0,32768.0,32768.0,32768.0,32768.0,32768.0,32768.0,32768.0,32768.0,32768.0,32768.0,32768.0,32768.0,32768.0,32768.0,32768.0,32768.0,32768.0,32768.0,32768.0,32768.0,32768.0,32768.0,32768.0,32768.0,32768.0,32768.0,32768.0,32768.0,32768.0,32768.0,32768.0,32768.0,32768.0,32768.0,32768.0,32768.0,32768.0,32768.0,32768.0,32768.0,32768.0,32768.0,32768.0,32768.0,32768.0,32768.0,32768.0,32768.0,32768.0,32768.0,32768.0,32768.0,32768.0,32768.0,32768.0,32768.0,32768.0,32768.0,32768.0,32768.0,32768.0,32768.0,32768.0,32768.0,32768.0,32768.0,32768.0,32768.0,32768.0,32768.0,32768.0,32768.0,32768.0,32768.0,32768.0,32768.0,32768.0,32768.0,32768.0,32768.0,32768.0,32768.0,32768.0,32768.0,32768.0,32768.0,32768.0,32768.0,32768.0,32768.0,0.0,0.0,4194304.0,16378.0,0.0
340,0,1,695,695,32768,512,0,0,108,4,48,64,matmulbias_kernel,158974908273120,158974908299099,341,196,558727.0,1184.0,9221.0,0.0,8704.0,150016.0,0.0,0.0,47355845.0,47355845.0,1048576.0,0.0,0.0,4713116.0,0.0,2078.0,2105.0,2104.0,2104.0,2090.0,2078.0,2078.0,2078.0,2078.0,2078.0,2078.0,2104.0,2078.0,2078.0,2078.0,2078.0,2078.0,2078.0,2078.0,2078.0,2078.0,2078.0,2105.0,2076.0,2104.0,2104.0,2105.0,2105.0,2104.0,2104.0,2090.0,2105.0,2104.0,2104.0,2090.0,2064.0,2080.0,2080.0,2081.0,2078.0,2081.0,2080.0,2080.0,2072.0,2066.0,2066.0,2066.0,2066.0,2066.0,2066.0,2078.0,2066.0,2066.0,2074.0,2074.0,2074.0,2074.0,2074.0,2074.0,2074.0,2074.0,2078.0,2072.0,2096.0,2096.0,2097.0,2097.0,2096.0,2096.0,2084.0,2072.0,2096.0,2078.0,2096.0,2097.0,2097.0,2096.0,2096.0,2084.0,2074.0,2074.0,2074.0,2074.0,2078.0,2074.0,2074.0,2074.0,2074.0,2072.0,2096.0,2096.0,2097.0,2097.0,2096.0,2078.0,2096.0,2084.0,2074.0,2074.0,2074.0,2074.0,2074.0,2074.0,2074.0,2074.0,2078.0,2078.0,2078.0,2078.0,2078.0,2078.0,2078.0,2078.0,2078.0,2076.0,2104.0,2076.0,2104.0,2105.0,2105.0,2104.0,2104.0,2090.0,2076.0,2104.0,2104.0,2105.0,2104.0,1024.0,1024.0,1024.0,1024.0,1024.0,1024.0,1024.0,1024.0,1024.0,1024.0,1024.0,1024.0,1024.0,1024.0,1024.0,1024.0,1024.0,1024.0,1024.0,1024.0,1024.0,1024.0,1024.0,1024.0,1024.0,1024.0,1024.0,1024.0,1024.0,1024.0,1024.0,1024.0,1024.0,1024.0,1024.0,1024.0,1024.0,1024.0,1024.0,1024.0,1024.0,1024.0,1024.0,1024.0,1024.0,1024.0,1024.0,1024.0,1024.0,1024.0,1024.0,1024.0,1024.0,1024.0,1024.0,1024.0,1024.0,1024.0,1024.0,1024.0,1024.0,1024.0,1024.0,1024.0,1024.0,1024.0,1024.0,1024.0,1024.0,1024.0,1024.0,1024.0,1024.0,1024.0,1024.0,1024.0,1024.0,1024.0,1024.0,1024.0,1024.0,1024.0,1024.0,1024.0,1024.0,1024.0,1024.0,1024.0,1024.0,1024.0,1024.0,1024.0,1024.0,1024.0,1024.0,1024.0,1024.0,1024.0,1024.0,1024.0,1024.0,1024.0,1024.0,1024.0,1024.0,1024.0,1024.0,1024.0,1024.0,1024.0,1024.0,1024.0,1024.0,1024.0,1024.0,1024.0,1024.0,1024.0,1024.0,1024.0,1024.0,1024.0,1024.0,1024.0,1024.0,1024.0,1024.0,1024.0,0.0,0.0,131072.0,256.0,0.0
341,0,1,695,695,4194304,256,0,0,12,4,32,64,"void at::native::vectorized_elementwise_kernel<4, at::native::FillFunctor<int>, std::array<char*, 1ul> >(int, at::native::FillFunctor<int>, std::array<char*, 1ul>)",158974908698765,158974908741222,342,121,823350.0,1184.0,608.0,0.0,131072.0,917504.0,65536.0,0.0,560628181.0,560628181.0,0.0,0.0,0.0,11106579.0,1835120.0,0.0,80.0,0.0,0.0,0.0,0.0,0.0,0.0,80.0,80.0,100.0,0.0,80.0,80.0,0.0,0.0,0.0,80.0,80.0,100.0,80.0,80.0,0.0,0.0,0.0,0.0,0.0,80.0,0.0,0.0,0.0,80.0,0.0,0.0,0.0,0.0,0.0,0.0,0.0,0.0,80.0,0.0,0.0,0.0,0.0,0.0,0.0,80.0,80.0,100.0,0.0,80.0,80.0,0.0,0.0,0.0,80.0,80.0,100.0,80.0,80.0,80.0,0.0,0.0,0.0,0.0,80.0,0.0,0.0,0.0,0.0,0.0,80.0,0.0,0.0,80.0,0.0,0.0,0.0,0.0,0.0,0.0,80.0,100.0,80.0,100.0,80.0,80.0,0.0,0.0,0.0,0.0,80.0,0.0,80.0,0.0,0.0,0.0,0.0,0.0,80.0,80.0,100.0,80.0,80.0,80.0,0.0,0.0,0.0,80.0,80.0,100.0,80.0,80.0,0.0,0.0,0.0,0.0,0.0,80.0,0.0,0.0,0.0,0.0,0.0,0.0,0.0,0.0,32768.0,32768.0,32768.0,32768.0,32768.0,32768.0,32768.0,32768.0,32768.0,32768.0,32768.0,32768.0,32768.0,32768.0,32768.0,32768.0,32768.0,32768.0,32768.0,32768.0,32768.0,32768.0,32768.0,32768.0,32768.0,32768.0,32768.0,32768.0,32768.0,32768.0,32768.0,32768.0,32768.0,32768.0,32768.0,32768.0,32768.0,32768.0,32768.0,32768.0,32768.0,32768.0,32768.0,32768.0,32768.0,32768.0,32768.0,32768.0,32768.0,32768.0,32768.0,32768.0,32768.0,32768.0,32768.0,32768.0,32768.0,32768.0,32768.0,32768.0,32768.0,32768.0,32768.0,32768.0,32768.0,32768.0,32768.0,32768.0,32768.0,32768.0,32768.0,32768.0,32768.0,32768.0,32768.0,32768.0,32768.0,32768.0,32768.0,32768.0,32768.0,32768.0,32768.0,32768.0,32768.0,32768.0,32768.0,32768.0,32768.0,32768.0,32768.0,32768.0,32768.0,32768.0,32768.0,32768.0,32768.0,32768.0,32768.0,32768.0,32768.0,32768.0,32768.0,32768.0,32768.0,32768.0,32768.0,32768.0,32768.0,32768.0,32768.0,32768.0,32768.0,32768.0,32768.0,32768.0,32768.0,32768.0,32768.0,32768.0,32768.0,32768.0,32768.0,32768.0,32768.0,32768.0,32768.0,32768.0,0.0,0.0,4194304.0,16377.0,0.0
342,0,1,695,695,32768,512,0,0,108,4,48,64,matmulbias_kernel,158974909144737,158974909170636,343,196,555518.0,1184.0,9047.0,0.0,8704.0,150016.0,0.0,0.0,47621087.0,47621087.0,1048576.0,0.0,0.0,4724885.0,0.0,2070.0,2097.0,2097.0,2096.0,2084.0,2074.0,2074.0,2074.0,2074.0,2074.0,2074.0,2088.0,2074.0,2074.0,2070.0,2070.0,2070.0,2070.0,2070.0,2070.0,2070.0,2070.0,2088.0,2068.0,2088.0,2088.0,2088.0,2089.0,2089.0,2088.0,2078.0,2089.0,2089.0,2088.0,2078.0,2064.0,2080.0,2080.0,2080.0,2070.0,2081.0,2081.0,2080.0,2072.0,2066.0,2066.0,2066.0,2066.0,2066.0,2066.0,2070.0,2066.0,2066.0,2074.0,2074.0,2074.0,2074.0,2074.0,2074.0,2074.0,2074.0,2070.0,2072.0,2096.0,2096.0,2096.0,2097.0,2097.0,2096.0,2084.0,2068.0,2088.0,2070.0,2088.0,2088.0,2089.0,2089.0,2088.0,2078.0,2070.0,2070.0,2070.0,2070.0,2070.0,2070.0,2070.0,2070.0,2070.0,2072.0,2096.0,2096.0,2096.0,2097.0,2097.0,2070.0,2096.0,2084.0,2074.0,2074.0,2074.0,2074.0,2074.0,2074.0,2074.0,2074.0,2070.0,2066.0,2066.0,2066.0,2066.0,2066.0,2066.0,2066.0,2066.0,2064.0,2080.0,2068.0,2080.0,2080.0,2081.0,2081.0,2080.0,2072.0,2072.0,2096.0,2096.0,2096.0,2088.0,1024.0,1024.0,1024.0,1024.0,1024.0,1024.0,1024.0,1024.0,1024.0,1024.0,1024.0,1024.0,1024.0,1024.0,1024.0,1024.0,1024.0,1024.0,1024.0,1024.0,1024.0,1024.0,1024.0,1024.0,1024.0,1024.0,1024.0,1024.0,1024.0,1024.0,1024.0,1024.0,1024.0,1024.0,1024.0,1024.0,1024.0,1024.0,1024.0,1024.0,1024.0,1024.0,1024.0,1024.0,1024.0,1024.0,1024.0,1024.0,1024.0,1024.0,1024.0,1024.0,1024.0,1024.0,1024.0,1024.0,1024.0,1024.0,1024.0,1024.0,1024.0,1024.0,1024.0,1024.0,1024.0,1024.0,1024.0,1024.0,1024.0,1024.0,1024.0,1024.0,1024.0,1024.0,1024.0,1024.0,1024.0,1024.0,1024.0,1024.0,1024.0,1024.0,1024.0,1024.0,1024.0,1024.0,1024.0,1024.0,1024.0,1024.0,1024.0,1024.0,1024.0,1024.0,1024.0,1024.0,1024.0,1024.0,1024.0,1024.0,1024.0,1024.0,1024.0,1024.0,1024.0,1024.0,1024.0,1024.0,1024.0,1024.0,1024.0,1024.0,1024.0,1024.0,1024.0,1024.0,1024.0,1024.0,1024.0,1024.0,1024.0,1024.0,1024.0,1024.0,1024.0,1024.0,1024.0,1024.0,0.0,0.0,131072.0,256.0,0.0
343,0,1,695,695,4194304,256,0,0,12,4,32,64,"void at::native::vectorized_elementwise_kernel<4, at::native::FillFunctor<int>, std::array<char*, 1ul> >(int, at::native::FillFunctor<int>, std::array<char*, 1ul>)",158974909568979,158974909611115,344,121,822516.0,1184.0,9098.0,0.0,131072.0,917504.0,65536.0,0.0,555673644.0,555673644.0,0.0,0.0,0.0,10996297.0,1835120.0,0.0,80.0,0.0,0.0,0.0,0.0,1.0,20.0,80.0,80.0,80.0,1.0,80.0,80.0,0.0,1.0,20.0,80.0,80.0,80.0,80.0,80.0,0.0,0.0,0.0,1.0,0.0,80.0,0.0,0.0,0.0,80.0,0.0,0.0,0.0,0.0,0.0,1.0,0.0,1.0,80.0,0.0,0.0,0.0,0.0,1.0,20.0,80.0,80.0,80.0,20.0,80.0,80.0,0.0,1.0,20.0,80.0,80.0,80.0,80.0,80.0,80.0,0.0,0.0,1.0,0.0,80.0,0.0,0.0,0.0,0.0,0.0,80.0,1.0,0.0,80.0,0.0,0.0,0.0,0.0,1.0,20.0,80.0,80.0,80.0,80.0,80.0,80.0,0.0,0.0,1.0,0.0,80.0,0.0,80.0,0.0,0.0,0.0,1.0,20.0,80.0,80.0,80.0,80.0,80.0,80.0,0.0,1.0,20.0,80.0,80.0,80.0,80.0,80.0,0.0,0.0,0.0,1.0,0.0,80.0,0.0,0.0,0.0,0.0,0.0,1.0,0.0,0.0,32768.0,32768.0,32768.0,32768.0,32768.0,32768.0,32768.0,32768.0,32768.0,32768.0,32768.0,32768.0,32768.0,32768.0,32768.0,32768.0,32768.0,32768.0,32768.0,32768.0,32768.0,32768.0,32768.0,32768.0,32768.0,32768.0,32768.0,32768.0,32768.0,32768.0,32768.0,32768.0,32768.0,32768.0,32768.0,32768.0,32768.0,32768.0,32768.0,32768.0,32768.0,32768.0,32768.0,32768.0,32768.0,32768.0,32768.0,32768.0,32768.0,32768.0,32768.0,32768.0,32768.0,32768.0,32768.0,32768.0,32768.0,32768.0,32768.0,32768.0,32768.0,32768.0,32768.0,32768.0,32768.0,32768.0,32768.0,32768.0,32768.0,32768.0,32768.0,32768.0,32768.0,32768.0,32768.0,32768.0,32768.0,32768.0,32768.0,32768.0,32768.0,32768.0,32768.0,32768.0,32768.0,32768.0,32768.0,32768.0,32768.0,32768.0,32768.0,32768.0,32768.0,32768.0,32768.0,32768.0,32768.0,32768.0,32768.0,32768.0,32768.0,32768.0,32768.0,32768.0,32768.0,32768.0,32768.0,32768.0,32768.0,32768.0,32768.0,32768.0,32768.0,32768.0,32768.0,32768.0,32768.0,32768.0,32768.0,32768.0,32768.0,32768.0,32768.0,32768.0,32768.0,32768.0,32768.0,32768.0,0.0,0.0,4194304.0,16374.0,0.0
344,0,1,695,695,32768,512,0,0,108,4,48,64,matmulbias_kernel,158974910013147,158974910038805,345,196,555907.0,1184.0,8896.0,0.0,8704.0,150016.0,0.0,0.0,46194031.0,46194031.0,1048576.0,0.0,0.0,4649090.0,0.0,2082.0,2105.0,2104.0,2104.0,2091.0,2078.0,2078.0,2078.0,2078.0,2078.0,2078.0,2112.0,2078.0,2078.0,2074.0,2074.0,2074.0,2074.0,2074.0,2074.0,2074.0,2074.0,2112.0,2072.0,2096.0,2096.0,2096.0,2097.0,2096.0,2096.0,2085.0,2113.0,2112.0,2112.0,2097.0,2076.0,2104.0,2104.0,2104.0,2082.0,2105.0,2104.0,2104.0,2091.0,2078.0,2078.0,2078.0,2078.0,2078.0,2078.0,2082.0,2078.0,2078.0,2066.0,2066.0,2066.0,2066.0,2066.0,2066.0,2066.0,2066.0,2082.0,2064.0,2080.0,2080.0,2080.0,2081.0,2080.0,2080.0,2073.0,2068.0,2088.0,2082.0,2088.0,2088.0,2089.0,2088.0,2088.0,2079.0,2070.0,2070.0,2070.0,2070.0,2082.0,2070.0,2070.0,2070.0,2070.0,2076.0,2104.0,2104.0,2104.0,2105.0,2104.0,2082.0,2104.0,2091.0,2078.0,2078.0,2078.0,2078.0,2078.0,2078.0,2078.0,2078.0,2082.0,2070.0,2070.0,2070.0,2070.0,2070.0,2070.0,2070.0,2070.0,2068.0,2088.0,2080.0,2088.0,2088.0,2089.0,2088.0,2088.0,2079.0,2076.0,2104.0,2104.0,2104.0,2112.0,1024.0,1024.0,1024.0,1024.0,1024.0,1024.0,1024.0,1024.0,1024.0,1024.0,1024.0,1024.0,1024.0,1024.0,1024.0,1024.0,1024.0,1024.0,1024.0,1024.0,1024.0,1024.0,1024.0,1024.0,1024.0,1024.0,1024.0,1024.0,1024.0,1024.0,1024.0,1024.0,1024.0,1024.0,1024.0,1024.0,1024.0,1024.0,1024.0,1024.0,1024.0,1024.0,1024.0,1024.0,1024.0,1024.0,1024.0,1024.0,1024.0,1024.0,1024.0,1024.0,1024.0,1024.0,1024.0,1024.0,1024.0,1024.0,1024.0,1024.0,1024.0,1024.0,1024.0,1024.0,1024.0,1024.0,1024.0,1024.0,1024.0,1024.0,1024.0,1024.0,1024.0,1024.0,1024.0,1024.0,1024.0,1024.0,1024.0,1024.0,1024.0,1024.0,1024.0,1024.0,1024.0,1024.0,1024.0,1024.0,1024.0,1024.0,1024.0,1024.0,1024.0,1024.0,1024.0,1024.0,1024.0,1024.0,1024.0,1024.0,1024.0,1024.0,1024.0,1024.0,1024.0,1024.0,1024.0,1024.0,1024.0,1024.0,1024.0,1024.0,1024.0,1024.0,1024.0,1024.0,1024.0,1024.0,1024.0,1024.0,1024.0,1024.0,1024.0,1024.0,1024.0,1024.0,1024.0,1024.0,0.0,0.0,131072.0,256.0,0.0
345,0,1,695,695,4194304,256,0,0,12,4,32,64,"void at::native::vectorized_elementwise_kernel<4, at::native::FillFunctor<int>, std::array<char*, 1ul> >(int, at::native::FillFunctor<int>, std::array<char*, 1ul>)",158974910439153,158974910481650,346,121,824169.0,1184.0,608.0,0.0,131072.0,917504.0,65536.0,0.0,556432494.0,556432494.0,0.0,0.0,0.0,11032034.0,1835120.0,0.0,80.0,0.0,0.0,0.0,0.0,0.0,0.0,100.0,80.0,80.0,0.0,80.0,80.0,0.0,0.0,0.0,100.0,80.0,80.0,80.0,80.0,0.0,0.0,0.0,0.0,0.0,80.0,0.0,0.0,0.0,80.0,0.0,0.0,0.0,0.0,0.0,0.0,0.0,0.0,80.0,0.0,0.0,0.0,0.0,0.0,0.0,100.0,80.0,80.0,0.0,80.0,80.0,0.0,0.0,0.0,100.0,80.0,80.0,80.0,80.0,100.0,0.0,0.0,0.0,0.0,80.0,0.0,0.0,0.0,0.0,0.0,80.0,0.0,0.0,80.0,0.0,0.0,0.0,0.0,0.0,0.0,100.0,80.0,80.0,80.0,80.0,80.0,0.0,0.0,0.0,0.0,80.0,0.0,80.0,0.0,0.0,0.0,0.0,0.0,100.0,80.0,80.0,80.0,80.0,80.0,0.0,0.0,0.0,100.0,80.0,80.0,80.0,80.0,0.0,0.0,0.0,0.0,0.0,80.0,0.0,0.0,0.0,0.0,0.0,0.0,0.0,0.0,32768.0,32768.0,32768.0,32768.0,32768.0,32768.0,32768.0,32768.0,32768.0,32768.0,32768.0,32768.0,32768.0,32768.0,32768.0,32768.0,32768.0,32768.0,32768.0,32768.0,32768.0,32768.0,32768.0,32768.0,32768.0,32768.0,32768.0,32768.0,32768.0,32768.0,32768.0,32768.0,32768.0,32768.0,32768.0,32768.0,32768.0,32768.0,32768.0,32768.0,32768.0,32768.0,32768.0,32768.0,32768.0,32768.0,32768.0,32768.0,32768.0,32768.0,32768.0,32768.0,32768.0,32768.0,32768.0,32768.0,32768.0,32768.0,32768.0,32768.0,32768.0,32768.0,32768.0,32768.0,32768.0,32768.0,32768.0,32768.0,32768.0,32768.0,32768.0,32768.0,32768.0,32768.0,32768.0,32768.0,32768.0,32768.0,32768.0,32768.0,32768.0,32768.0,32768.0,32768.0,32768.0,32768.0,32768.0,32768.0,32768.0,32768.0,32768.0,32768.0,32768.0,32768.0,32768.0,32768.0,32768.0,32768.0,32768.0,32768.0,32768.0,32768.0,32768.0,32768.0,32768.0,32768.0,32768.0,32768.0,32768.0,32768.0,32768.0,32768.0,32768.0,32768.0,32768.0,32768.0,32768.0,32768.0,32768.0,32768.0,32768.0,32768.0,32768.0,32768.0,32768.0,32768.0,32768.0,32768.0,0.0,0.0,4194304.0,16374.0,0.0
346,0,1,695,695,32768,512,0,0,108,4,48,64,matmulbias_kernel,158974910882359,158974910908137,347,196,553646.0,1184.0,8940.0,0.0,8704.0,150016.0,0.0,0.0,47192823.0,47192823.0,1048576.0,0.0,0.0,4689070.0,0.0,2070.0,2081.0,2080.0,2080.0,2072.0,2066.0,2066.0,2066.0,2066.0,2066.0,2067.0,2088.0,2066.0,2066.0,2070.0,2070.0,2070.0,2070.0,2070.0,2071.0,2070.0,2070.0,2088.0,2068.0,2088.0,2088.0,2088.0,2089.0,2088.0,2088.0,2078.0,2089.0,2088.0,2088.0,2078.0,2072.0,2096.0,2096.0,2096.0,2070.0,2097.0,2096.0,2096.0,2084.0,2074.0,2074.0,2074.0,2074.0,2074.0,2075.0,2070.0,2074.0,2074.0,2074.0,2074.0,2074.0,2074.0,2074.0,2075.0,2074.0,2074.0,2070.0,2072.0,2096.0,2096.0,2096.0,2097.0,2096.0,2096.0,2084.0,2072.0,2096.0,2070.0,2096.0,2096.0,2097.0,2096.0,2096.0,2084.0,2074.0,2074.0,2074.0,2074.0,2071.0,2074.0,2075.0,2074.0,2074.0,2076.0,2104.0,2104.0,2104.0,2105.0,2104.0,2070.0,2104.0,2090.0,2078.0,2078.0,2078.0,2078.0,2078.0,2079.0,2078.0,2078.0,2070.0,2070.0,2070.0,2070.0,2070.0,2070.0,2071.0,2070.0,2070.0,2068.0,2088.0,2068.0,2088.0,2088.0,2089.0,2088.0,2088.0,2078.0,2064.0,2080.0,2080.0,2080.0,2088.0,1024.0,1024.0,1024.0,1024.0,1024.0,1024.0,1024.0,1024.0,1024.0,1024.0,1024.0,1024.0,1024.0,1024.0,1024.0,1024.0,1024.0,1024.0,1024.0,1024.0,1024.0,1024.0,1024.0,1024.0,1024.0,1024.0,1024.0,1024.0,1024.0,1024.0,1024.0,1024.0,1024.0,1024.0,1024.0,1024.0,1024.0,1024.0,1024.0,1024.0,1024.0,1024.0,1024.0,1024.0,1024.0,1024.0,1024.0,1024.0,1024.0,1024.0,1024.0,1024.0,1024.0,1024.0,1024.0,1024.0,1024.0,1024.0,1024.0,1024.0,1024.0,1024.0,1024.0,1024.0,1024.0,1024.0,1024.0,1024.0,1024.0,1024.0,1024.0,1024.0,1024.0,1024.0,1024.0,1024.0,1024.0,1024.0,1024.0,1024.0,1024.0,1024.0,1024.0,1024.0,1024.0,1024.0,1024.0,1024.0,1024.0,1024.0,1024.0,1024.0,1024.0,1024.0,1024.0,1024.0,1024.0,1024.0,1024.0,1024.0,1024.0,1024.0,1024.0,1024.0,1024.0,1024.0,1024.0,1024.0,1024.0,1024.0,1024.0,1024.0,1024.0,1024.0,1024.0,1024.0,1024.0,1024.0,1024.0,1024.0,1024.0,1024.0,1024.0,1024.0,1024.0,1024.0,1024.0,1024.0,0.0,0.0,131072.0,256.0,0.0
347,0,1,695,695,4194304,256,0,0,12,4,32,64,"void at::native::vectorized_elementwise_kernel<4, at::native::FillFunctor<int>, std::array<char*, 1ul> >(int, at::native::FillFunctor<int>, std::array<char*, 1ul>)",158974911311933,158974911354349,348,121,843852.0,1184.0,11403.0,0.0,131072.0,917504.0,65536.0,0.0,556866826.0,556866826.0,0.0,0.0,0.0,11019518.0,1835120.0,20.0,80.0,0.0,0.0,0.0,20.0,0.0,0.0,80.0,80.0,80.0,1.0,80.0,81.0,20.0,0.0,0.0,80.0,80.0,80.0,80.0,81.0,0.0,0.0,0.0,1.0,0.0,80.0,0.0,0.0,0.0,80.0,0.0,0.0,0.0,0.0,0.0,1.0,0.0,0.0,80.0,0.0,0.0,0.0,20.0,0.0,0.0,80.0,80.0,80.0,0.0,80.0,81.0,20.0,0.0,0.0,80.0,80.0,80.0,80.0,81.0,80.0,0.0,0.0,1.0,0.0,80.0,0.0,0.0,0.0,0.0,0.0,80.0,1.0,0.0,80.0,0.0,0.0,0.0,20.0,0.0,0.0,80.0,80.0,80.0,80.0,80.0,81.0,0.0,0.0,1.0,0.0,80.0,0.0,80.0,0.0,0.0,20.0,0.0,0.0,80.0,80.0,80.0,80.0,81.0,81.0,20.0,0.0,0.0,80.0,80.0,80.0,80.0,81.0,0.0,0.0,0.0,1.0,0.0,80.0,0.0,0.0,0.0,0.0,0.0,1.0,0.0,0.0,32768.0,32768.0,32768.0,32768.0,32768.0,32768.0,32768.0,32768.0,32768.0,32768.0,32768.0,32768.0,32768.0,32768.0,32768.0,32768.0,32768.0,32768.0,32768.0,32768.0,32768.0,32768.0,32768.0,32768.0,32768.0,32768.0,32768.0,32768.0,32768.0,32768.0,32768.0,32768.0,32768.0,32768.0,32768.0,32768.0,32768.0,32768.0,32768.0,32768.0,32768.0,32768.0,32768.0,32768.0,32768.0,32768.0,32768.0,32768.0,32768.0,32768.0,32768.0,32768.0,32768.0,32768.0,32768.0,32768.0,32768.0,32768.0,32768.0,32768.0,32768.0,32768.0,32768.0,32768.0,32768.0,32768.0,32768.0,32768.0,32768.0,32768.0,32768.0,32768.0,32768.0,32768.0,32768.0,32768.0,32768.0,32768.0,32768.0,32768.0,32768.0,32768.0,32768.0,32768.0,32768.0,32768.0,32768.0,32768.0,32768.0,32768.0,32768.0,32768.0,32768.0,32768.0,32768.0,32768.0,32768.0,32768.0,32768.0,32768.0,32768.0,32768.0,32768.0,32768.0,32768.0,32768.0,32768.0,32768.0,32768.0,32768.0,32768.0,32768.0,32768.0,32768.0,32768.0,32768.0,32768.0,32768.0,32768.0,32768.0,32768.0,32768.0,32768.0,32768.0,32768.0,32768.0,32768.0,32768.0,0.0,0.0,4194304.0,16380.0,0.0
348,0,1,695,695,32768,512,0,0,108,4,48,64,matmulbias_kernel,158974911753896,158974911779514,349,196,541404.0,1184.0,8850.0,0.0,8704.0,150016.0,0.0,0.0,46258404.0,46258404.0,1048576.0,0.0,0.0,4587063.0,0.0,2078.0,2089.0,2088.0,2088.0,2078.0,2070.0,2070.0,2070.0,2070.0,2070.0,2070.0,2104.0,2070.0,2071.0,2074.0,2074.0,2074.0,2074.0,2074.0,2074.0,2074.0,2075.0,2104.0,2072.0,2096.0,2096.0,2096.0,2097.0,2096.0,2096.0,2084.0,2105.0,2104.0,2104.0,2090.0,2072.0,2096.0,2096.0,2096.0,2078.0,2097.0,2096.0,2096.0,2084.0,2074.0,2074.0,2074.0,2074.0,2074.0,2074.0,2078.0,2074.0,2075.0,2082.0,2082.0,2082.0,2082.0,2082.0,2082.0,2082.0,2083.0,2078.0,2080.0,2112.0,2112.0,2112.0,2113.0,2112.0,2112.0,2096.0,2072.0,2096.0,2078.0,2096.0,2096.0,2097.0,2096.0,2096.0,2084.0,2074.0,2074.0,2074.0,2074.0,2078.0,2074.0,2074.0,2074.0,2075.0,2072.0,2096.0,2096.0,2096.0,2097.0,2096.0,2078.0,2096.0,2084.0,2074.0,2074.0,2074.0,2074.0,2074.0,2074.0,2074.0,2075.0,2079.0,2074.0,2074.0,2074.0,2074.0,2074.0,2074.0,2074.0,2075.0,2072.0,2096.0,2076.0,2096.0,2096.0,2097.0,2096.0,2096.0,2084.0,2068.0,2088.0,2088.0,2088.0,2104.0,1024.0,1024.0,1024.0,1024.0,1024.0,1024.0,1024.0,1024.0,1024.0,1024.0,1024.0,1024.0,1024.0,1024.0,1024.0,1024.0,1024.0,1024.0,1024.0,1024.0,1024.0,1024.0,1024.0,1024.0,1024.0,1024.0,1024.0,1024.0,1024.0,1024.0,1024.0,1024.0,1024.0,1024.0,1024.0,1024.0,1024.0,1024.0,1024.0,1024.0,1024.0,1024.0,1024.0,1024.0,1024.0,1024.0,1024.0,1024.0,1024.0,1024.0,1024.0,1024.0,1024.0,1024.0,1024.0,1024.0,1024.0,1024.0,1024.0,1024.0,1024.0,1024.0,1024.0,1024.0,1024.0,1024.0,1024.0,1024.0,1024.0,1024.0,1024.0,1024.0,1024.0,1024.0,1024.0,1024.0,1024.0,1024.0,1024.0,1024.0,1024.0,1024.0,1024.0,1024.0,1024.0,1024.0,1024.0,1024.0,1024.0,1024.0,1024.0,1024.0,1024.0,1024.0,1024.0,1024.0,1024.0,1024.0,1024.0,1024.0,1024.0,1024.0,1024.0,1024.0,1024.0,1024.0,1024.0,1024.0,1024.0,1024.0,1024.0,1024.0,1024.0,1024.0,1024.0,1024.0,1024.0,1024.0,1024.0,1024.0,1024.0,1024.0,1024.0,1024.0,1024.0,1024.0,1024.0,1024.0,0.0,0.0,131072.0,256.0,0.0
349,0,1,695,695,16384,256,0,0,16,192,48,64,matmulbias_kernel,158974939642710,158974939673540,350,27,645224.0,1896.0,608.0,0.0,4864.0,80128.0,0.0,0.0,44974892.0,44974892.0,786432.0,0.0,0.0,4308733.0,0.0,2134.0,2088.0,2088.0,2108.0,2108.0,2110.0,2110.0,2110.0,2110.0,2110.0,2110.0,2132.0,2110.0,2090.0,2122.0,2122.0,2122.0,2122.0,2122.0,2122.0,2122.0,2098.0,2132.0,2120.0,2120.0,2120.0,2120.0,2096.0,2096.0,2120.0,2120.0,2104.0,2104.0,2132.0,2132.0,2120.0,2120.0,2120.0,2120.0,2134.0,2096.0,2096.0,2120.0,2120.0,2122.0,2122.0,2122.0,2122.0,2122.0,2122.0,2134.0,2122.0,2098.0,2146.0,2146.0,2146.0,2146.0,2146.0,2146.0,2146.0,2114.0,2134.0,2144.0,2144.0,2144.0,2144.0,2112.0,2112.0,2144.0,2144.0,2120.0,2120.0,2134.0,2120.0,2120.0,2096.0,2096.0,2120.0,2120.0,2122.0,2122.0,2122.0,2122.0,2134.0,2122.0,2122.0,2122.0,2098.0,2120.0,2120.0,2120.0,2120.0,2096.0,2096.0,2134.0,2120.0,2120.0,2122.0,2122.0,2122.0,2122.0,2122.0,2122.0,2122.0,2098.0,2106.0,2122.0,2122.0,2122.0,2122.0,2122.0,2122.0,2122.0,2098.0,2120.0,2120.0,2132.0,2120.0,2120.0,2096.0,2096.0,2120.0,2120.0,2108.0,2108.0,2108.0,2108.0,2132.0,1024.0,1024.0,1024.0,1024.0,1024.0,1024.0,1024.0,1024.0,1024.0,1024.0,1024.0,1024.0,1024.0,1024.0,1024.0,1024.0,1024.0,1024.0,1024.0,1024.0,1024.0,1024.0,1024.0,1024.0,1024.0,1024.0,1024.0,1024.0,1024.0,1024.0,1024.0,1024.0,1024.0,1024.0,1024.0,1024.0,1024.0,1024.0,1024.0,1024.0,1024.0,1024.0,1024.0,1024.0,1024.0,1024.0,1024.0,1024.0,1024.0,1024.0,1024.0,1024.0,1024.0,1024.0,1024.0,1024.0,1024.0,1024.0,1024.0,1024.0,1024.0,1024.0,1024.0,1024.0,1024.0,1024.0,1024.0,1024.0,1024.0,1024.0,1024.0,1024.0,1024.0,1024.0,1024.0,1024.0,1024.0,1024.0,1024.0,1024.0,1024.0,1024.0,1024.0,1024.0,1024.0,1024.0,1024.0,1024.0,1024.0,1024.0,1024.0,1024.0,1024.0,1024.0,1024.0,1024.0,1024.0,1024.0,1024.0,1024.0,1024.0,1024.0,1024.0,1024.0,1024.0,1024.0,1024.0,1024.0,1024.0,1024.0,1024.0,1024.0,1024.0,1024.0,1024.0,1024.0,1024.0,1024.0,1024.0,1024.0,1024.0,1024.0,1024.0,1024.0,1024.0,1024.0,1024.0,1024.0,0.0,0.0,131072.0,256.0,0.0
350,0,1,695,695,512,256,0,0,8,0,32,64,"void at::native::(anonymous namespace)::CatArrayBatchedCopy_contig<at::native::(anonymous namespace)::OpaqueType<2u>, unsigned int, 1, 128, 1>(at::native::(anonymous namespace)::OpaqueType<2u>*, at::native::(anonymous namespace)::CatArrInputTensorMetadata<at::native::(anonymous namespace)::OpaqueType<2u>, unsigned int, 128, 1>, at::native::(anonymous namespace)::TensorSizeStride<unsigned int, 4u>, int, unsigned int)",158974961644373,158974961646939,351,277,169802.0,8166.0,608.0,0.0,10.0,112.0,28.0,0.0,2167.0,2167.0,0.0,0.0,2.0,216118.0,0.0,0.0,2.0,0.0,5.0,4.0,0.0,0.0,0.0,0.0,2.0,0.0,0.0,2.0,0.0,0.0,1.0,0.0,0.0,2.0,0.0,1.0,0.0,0.0,2.0,0.0,1.0,0.0,2.0,0.0,5.0,4.0,1.0,0.0,0.0,0.0,1.0,0.0,0.0,0.0,0.0,1.0,0.0,0.0,0.0,0.0,0.0,0.0,0.0,0.0,0.0,0.0,0.0,0.0,0.0,0.0,0.0,0.0,0.0,0.0,0.0,0.0,0.0,1.0,0.0,0.0,0.0,1.0,0.0,0.0,0.0,1.0,0.0,0.0,0.0,0.0,1.0,0.0,0.0,0.0,0.0,0.0,0.0,0.0,0.0,0.0,0.0,0.0,0.0,1.0,0.0,0.0,0.0,1.0,0.0,0.0,0.0,0.0,0.0,0.0,0.0,0.0,0.0,0.0,0.0,0.0,0.0,0.0,0.0,0.0,0.0,0.0,0.0,0.0,0.0,1.0,0.0,1.0,0.0,0.0,1.0,0.0,0.0,0.0,2.0,0.0,1.0,0.0,0.0,0.0,0.0,0.0,0.0,0.0,0.0,0.0,0.0,0.0,0.0,0.0,0.0,0.0,0.0,0.0,0.0,0.0,0.0,0.0,0.0,0.0,0.0,0.0,0.0,0.0,0.0,1.0,0.0,0.0,0.0,0.0,0.0,0.0,0.0,0.0,0.0,0.0,0.0,0.0,0.0,0.0,0.0,0.0,0.0,0.0,0.0,0.0,0.0,0.0,0.0,0.0,0.0,0.0,0.0,0.0,0.0,0.0,0.0,0.0,0.0,0.0,0.0,0.0,0.0,0.0,0.0,0.0,0.0,0.0,0.0,0.0,0.0,0.0,0.0,0.0,0.0,0.0,0.0,0.0,0.0,0.0,0.0,0.0,0.0,0.0,0.0,0.0,0.0,0.0,0.0,0.0,0.0,0.0,0.0,0.0,0.0,0.0,0.0,0.0,0.0,0.0,0.0,0.0,0.0,0.0,0.0,0.0,0.0,0.0,0.0,0.0,0.0,0.0,0.0,0.0,0.0,0.0,0.0,0.0,0.0,0.0,0.0,0.0,0.0,0.0,0.0,1.0,0.0,0.0,0.0,2.0,4.0,4.0
351,0,1,695,695,512,256,0,0,8,0,32,64,"void at::native::(anonymous namespace)::CatArrayBatchedCopy_contig<at::native::(anonymous namespace)::OpaqueType<2u>, unsigned int, 1, 128, 1>(at::native::(anonymous namespace)::OpaqueType<2u>*, at::native::(anonymous namespace)::CatArrInputTensorMetadata<at::native::(anonymous namespace)::OpaqueType<2u>, unsigned int, 128, 1>, at::native::(anonymous namespace)::TensorSizeStride<unsigned int, 4u>, int, unsigned int)",158974962057790,158974962059995,352,277,159792.0,1184.0,608.0,0.0,10.0,112.0,28.0,0.0,2163.0,2163.0,0.0,0.0,2.0,245068.0,0.0,0.0,2.0,0.0,5.0,4.0,0.0,0.0,1.0,0.0,0.0,0.0,0.0,0.0,0.0,0.0,0.0,1.0,0.0,0.0,0.0,0.0,0.0,0.0,0.0,0.0,1.0,0.0,2.0,1.0,5.0,4.0,0.0,0.0,0.0,0.0,0.0,0.0,0.0,0.0,0.0,0.0,0.0,0.0,0.0,0.0,0.0,0.0,0.0,0.0,0.0,0.0,0.0,0.0,0.0,0.0,0.0,0.0,0.0,0.0,0.0,0.0,0.0,0.0,0.0,0.0,0.0,0.0,0.0,0.0,0.0,0.0,0.0,0.0,0.0,0.0,0.0,0.0,0.0,0.0,0.0,0.0,0.0,0.0,0.0,0.0,0.0,0.0,0.0,0.0,0.0,0.0,0.0,0.0,0.0,0.0,0.0,0.0,0.0,0.0,0.0,0.0,0.0,0.0,0.0,0.0,0.0,0.0,0.0,0.0,0.0,0.0,0.0,0.0,0.0,0.0,0.0,0.0,0.0,0.0,0.0,0.0,0.0,0.0,0.0,0.0,2.0,0.0,0.0,0.0,0.0,0.0,0.0,0.0,0.0,0.0,0.0,0.0,0.0,0.0,0.0,0.0,0.0,0.0,0.0,0.0,0.0,0.0,0.0,0.0,0.0,0.0,0.0,1.0,0.0,0.0,0.0,0.0,0.0,0.0,0.0,0.0,0.0,0.0,0.0,0.0,0.0,0.0,0.0,0.0,0.0,0.0,0.0,0.0,0.0,0.0,0.0,0.0,0.0,0.0,0.0,0.0,0.0,0.0,0.0,0.0,0.0,0.0,0.0,0.0,0.0,0.0,0.0,0.0,0.0,0.0,0.0,0.0,0.0,0.0,0.0,0.0,0.0,0.0,0.0,0.0,0.0,0.0,0.0,0.0,0.0,0.0,0.0,0.0,0.0,0.0,0.0,0.0,0.0,0.0,0.0,0.0,0.0,0.0,0.0,0.0,0.0,0.0,0.0,0.0,0.0,0.0,0.0,0.0,0.0,0.0,0.0,0.0,0.0,0.0,0.0,0.0,0.0,0.0,0.0,0.0,0.0,0.0,0.0,0.0,0.0,0.0,0.0,1.0,0.0,0.0,0.0,0.0,0.0,2.0,4.0,4.0
352,0,1,695,695,512,256,0,0,8,0,32,64,"void at::native::(anonymous namespace)::CatArrayBatchedCopy_contig<at::native::(anonymous namespace)::OpaqueType<2u>, unsigned int, 1, 128, 1>(at::native::(anonymous namespace)::OpaqueType<2u>*, at::native::(anonymous namespace)::CatArrInputTensorMetadata<at::native::(anonymous namespace)::OpaqueType<2u>, unsigned int, 128, 1>, at::native::(anonymous namespace)::TensorSizeStride<unsigned int, 4u>, int, unsigned int)",158974962461185,158974962463430,353,277,147344.0,1184.0,608.0,0.0,10.0,112.0,28.0,0.0,1915.0,1915.0,0.0,0.0,2.0,253755.0,0.0,0.0,0.0,0.0,4.0,4.0,0.0,0.0,1.0,0.0,0.0,0.0,0.0,2.0,0.0,0.0,1.0,1.0,0.0,0.0,0.0,1.0,0.0,0.0,2.0,0.0,1.0,0.0,0.0,0.0,4.0,4.0,0.0,0.0,0.0,0.0,0.0,0.0,0.0,0.0,0.0,0.0,0.0,0.0,0.0,0.0,0.0,0.0,0.0,0.0,0.0,0.0,0.0,0.0,0.0,0.0,0.0,0.0,0.0,0.0,0.0,0.0,0.0,0.0,0.0,0.0,0.0,0.0,0.0,0.0,0.0,0.0,0.0,0.0,0.0,0.0,0.0,0.0,0.0,0.0,0.0,0.0,0.0,0.0,0.0,0.0,0.0,0.0,0.0,0.0,0.0,0.0,0.0,0.0,0.0,0.0,0.0,0.0,0.0,0.0,0.0,0.0,0.0,0.0,0.0,0.0,0.0,0.0,0.0,0.0,0.0,0.0,0.0,0.0,0.0,0.0,0.0,0.0,0.0,0.0,0.0,0.0,0.0,0.0,2.0,0.0,1.0,0.0,0.0,0.0,0.0,0.0,0.0,1.0,0.0,0.0,0.0,0.0,0.0,0.0,0.0,0.0,0.0,0.0,0.0,0.0,0.0,0.0,0.0,0.0,0.0,0.0,0.0,0.0,0.0,0.0,0.0,0.0,0.0,1.0,0.0,0.0,0.0,0.0,0.0,0.0,0.0,0.0,0.0,0.0,0.0,0.0,0.0,0.0,0.0,0.0,0.0,0.0,0.0,0.0,0.0,0.0,0.0,0.0,0.0,0.0,0.0,0.0,0.0,0.0,0.0,0.0,0.0,0.0,0.0,0.0,0.0,0.0,0.0,0.0,0.0,0.0,0.0,0.0,0.0,0.0,0.0,0.0,0.0,0.0,0.0,0.0,0.0,0.0,0.0,0.0,0.0,0.0,0.0,0.0,0.0,0.0,0.0,0.0,0.0,0.0,0.0,0.0,0.0,0.0,0.0,0.0,0.0,0.0,0.0,0.0,0.0,0.0,0.0,0.0,0.0,0.0,0.0,0.0,0.0,0.0,0.0,0.0,0.0,0.0,0.0,0.0,0.0,0.0,0.0,0.0,0.0,0.0,0.0,2.0,4.0,4.0
353,0,1,695,695,512,256,0,0,8,0,32,64,"void at::native::(anonymous namespace)::CatArrayBatchedCopy_contig<at::native::(anonymous namespace)::OpaqueType<2u>, unsigned int, 1, 128, 1>(at::native::(anonymous namespace)::OpaqueType<2u>*, at::native::(anonymous namespace)::CatArrInputTensorMetadata<at::native::(anonymous namespace)::OpaqueType<2u>, unsigned int, 128, 1>, at::native::(anonymous namespace)::TensorSizeStride<unsigned int, 4u>, int, unsigned int)",158974962866223,158974962868428,354,277,168014.0,1184.0,608.0,0.0,10.0,112.0,28.0,0.0,2019.0,2019.0,0.0,0.0,2.0,234845.0,0.0,0.0,0.0,0.0,5.0,4.0,2.0,1.0,1.0,0.0,0.0,0.0,0.0,1.0,0.0,2.0,0.0,1.0,0.0,0.0,0.0,2.0,0.0,0.0,0.0,0.0,0.0,0.0,0.0,0.0,5.0,4.0,0.0,0.0,0.0,0.0,0.0,0.0,0.0,0.0,0.0,0.0,0.0,0.0,0.0,0.0,0.0,0.0,0.0,0.0,0.0,0.0,0.0,0.0,0.0,0.0,0.0,0.0,0.0,0.0,0.0,0.0,0.0,0.0,0.0,0.0,0.0,0.0,0.0,0.0,0.0,0.0,0.0,0.0,0.0,0.0,0.0,0.0,0.0,0.0,0.0,0.0,0.0,0.0,0.0,0.0,0.0,0.0,0.0,0.0,0.0,0.0,0.0,0.0,0.0,0.0,0.0,0.0,0.0,0.0,0.0,0.0,0.0,0.0,0.0,0.0,0.0,0.0,0.0,0.0,0.0,0.0,0.0,0.0,0.0,0.0,0.0,0.0,0.0,0.0,0.0,0.0,0.0,0.0,0.0,0.0,0.0,0.0,0.0,0.0,0.0,1.0,0.0,0.0,0.0,0.0,0.0,0.0,0.0,0.0,0.0,0.0,0.0,0.0,0.0,0.0,0.0,0.0,0.0,0.0,0.0,0.0,0.0,0.0,0.0,0.0,0.0,1.0,0.0,0.0,0.0,0.0,0.0,0.0,0.0,0.0,0.0,0.0,0.0,0.0,0.0,0.0,0.0,0.0,0.0,0.0,0.0,0.0,0.0,0.0,0.0,0.0,0.0,0.0,0.0,0.0,0.0,0.0,0.0,0.0,0.0,0.0,0.0,0.0,0.0,0.0,0.0,0.0,0.0,0.0,0.0,0.0,0.0,0.0,0.0,0.0,0.0,0.0,0.0,0.0,0.0,0.0,0.0,0.0,0.0,0.0,0.0,0.0,0.0,0.0,0.0,0.0,0.0,0.0,0.0,0.0,0.0,0.0,0.0,0.0,0.0,0.0,0.0,0.0,0.0,0.0,0.0,0.0,0.0,0.0,0.0,0.0,0.0,0.0,0.0,0.0,0.0,0.0,0.0,0.0,0.0,0.0,0.0,0.0,0.0,0.0,0.0,0.0,0.0,2.0,4.0,4.0
354,0,1,695,695,512,256,0,0,8,0,32,64,"void at::native::(anonymous namespace)::CatArrayBatchedCopy_contig<at::native::(anonymous namespace)::OpaqueType<2u>, unsigned int, 1, 128, 1>(at::native::(anonymous namespace)::OpaqueType<2u>*, at::native::(anonymous namespace)::CatArrInputTensorMetadata<at::native::(anonymous namespace)::OpaqueType<2u>, unsigned int, 128, 1>, at::native::(anonymous namespace)::TensorSizeStride<unsigned int, 4u>, int, unsigned int)",158974963271061,158974963273105,355,277,147369.0,1184.0,608.0,0.0,10.0,112.0,28.0,0.0,1612.0,1612.0,0.0,0.0,2.0,236199.0,0.0,0.0,0.0,1.0,5.0,4.0,0.0,0.0,0.0,0.0,2.0,0.0,0.0,1.0,0.0,0.0,0.0,0.0,0.0,2.0,0.0,1.0,0.0,0.0,0.0,0.0,2.0,0.0,0.0,0.0,5.0,4.0,0.0,0.0,0.0,0.0,0.0,0.0,0.0,0.0,0.0,0.0,0.0,0.0,0.0,0.0,0.0,0.0,0.0,0.0,0.0,0.0,0.0,0.0,0.0,0.0,0.0,0.0,0.0,0.0,0.0,0.0,0.0,0.0,0.0,0.0,0.0,0.0,0.0,0.0,0.0,0.0,0.0,0.0,0.0,0.0,0.0,0.0,0.0,0.0,0.0,0.0,0.0,0.0,0.0,0.0,0.0,0.0,0.0,0.0,0.0,0.0,0.0,0.0,0.0,0.0,0.0,0.0,0.0,0.0,0.0,0.0,0.0,0.0,0.0,0.0,0.0,0.0,0.0,0.0,0.0,0.0,0.0,0.0,0.0,0.0,0.0,0.0,0.0,0.0,0.0,0.0,0.0,0.0,0.0,0.0,1.0,0.0,0.0,0.0,0.0,0.0,0.0,0.0,0.0,0.0,0.0,0.0,0.0,0.0,0.0,0.0,1.0,0.0,0.0,0.0,0.0,0.0,0.0,0.0,1.0,0.0,0.0,0.0,0.0,0.0,0.0,0.0,0.0,0.0,0.0,0.0,0.0,0.0,0.0,0.0,0.0,0.0,0.0,0.0,0.0,0.0,0.0,0.0,0.0,0.0,0.0,0.0,0.0,0.0,0.0,0.0,0.0,0.0,0.0,0.0,0.0,0.0,0.0,0.0,0.0,0.0,0.0,0.0,0.0,0.0,0.0,0.0,0.0,0.0,0.0,0.0,0.0,0.0,0.0,0.0,0.0,0.0,0.0,0.0,0.0,0.0,0.0,0.0,0.0,0.0,0.0,0.0,0.0,0.0,0.0,0.0,0.0,0.0,0.0,0.0,0.0,0.0,0.0,0.0,0.0,0.0,0.0,0.0,0.0,0.0,0.0,0.0,0.0,0.0,0.0,0.0,0.0,0.0,0.0,0.0,0.0,0.0,0.0,0.0,0.0,0.0,0.0,0.0,0.0,0.0,0.0,0.0,0.0,2.0,4.0,4.0
355,0,1,695,695,512,256,0,0,8,0,32,64,"void at::native::(anonymous namespace)::CatArrayBatchedCopy_contig<at::native::(anonymous namespace)::OpaqueType<2u>, unsigned int, 1, 128, 1>(at::native::(anonymous namespace)::OpaqueType<2u>*, at::native::(anonymous namespace)::CatArrInputTensorMetadata<at::native::(anonymous namespace)::OpaqueType<2u>, unsigned int, 128, 1>, at::native::(anonymous namespace)::TensorSizeStride<unsigned int, 4u>, int, unsigned int)",158974963670125,158974963672090,356,277,145414.0,1184.0,608.0,0.0,10.0,112.0,28.0,0.0,1972.0,1972.0,0.0,0.0,2.0,195997.0,0.0,0.0,2.0,0.0,5.0,4.0,0.0,1.0,1.0,0.0,0.0,0.0,0.0,0.0,0.0,0.0,0.0,1.0,0.0,0.0,0.0,1.0,0.0,0.0,0.0,0.0,1.0,0.0,2.0,0.0,5.0,4.0,0.0,0.0,0.0,0.0,0.0,0.0,0.0,0.0,0.0,0.0,0.0,0.0,0.0,0.0,0.0,0.0,0.0,0.0,0.0,0.0,0.0,0.0,0.0,0.0,0.0,0.0,0.0,0.0,0.0,0.0,0.0,0.0,0.0,0.0,0.0,0.0,0.0,0.0,0.0,0.0,0.0,0.0,0.0,0.0,0.0,0.0,0.0,0.0,0.0,0.0,0.0,0.0,0.0,0.0,0.0,0.0,0.0,0.0,0.0,0.0,0.0,0.0,0.0,0.0,0.0,0.0,0.0,0.0,0.0,0.0,0.0,0.0,0.0,0.0,0.0,0.0,0.0,0.0,0.0,0.0,0.0,0.0,0.0,0.0,0.0,0.0,0.0,0.0,0.0,0.0,0.0,0.0,0.0,0.0,1.0,0.0,0.0,0.0,0.0,0.0,0.0,0.0,0.0,0.0,0.0,0.0,0.0,1.0,0.0,0.0,0.0,0.0,0.0,0.0,0.0,0.0,1.0,0.0,0.0,0.0,0.0,0.0,0.0,0.0,0.0,0.0,0.0,0.0,0.0,0.0,0.0,0.0,0.0,0.0,0.0,0.0,0.0,0.0,0.0,0.0,0.0,0.0,0.0,0.0,0.0,0.0,0.0,0.0,0.0,0.0,0.0,0.0,0.0,0.0,0.0,0.0,0.0,0.0,0.0,0.0,0.0,0.0,0.0,0.0,0.0,0.0,0.0,0.0,0.0,0.0,0.0,0.0,0.0,0.0,0.0,0.0,0.0,0.0,0.0,0.0,0.0,0.0,0.0,0.0,0.0,0.0,0.0,0.0,0.0,0.0,0.0,0.0,0.0,0.0,0.0,0.0,0.0,0.0,0.0,0.0,0.0,0.0,0.0,0.0,0.0,0.0,0.0,0.0,0.0,0.0,0.0,0.0,0.0,0.0,0.0,0.0,0.0,0.0,0.0,0.0,0.0,0.0,0.0,0.0,0.0,0.0,0.0,2.0,4.0,4.0
356,0,1,695,695,1536,256,0,0,8,0,32,64,"void at::native::(anonymous namespace)::CatArrayBatchedCopy_contig<at::native::(anonymous namespace)::OpaqueType<2u>, unsigned int, 1, 128, 1>(at::native::(anonymous namespace)::OpaqueType<2u>*, at::native::(anonymous namespace)::CatArrInputTensorMetadata<at::native::(anonymous namespace)::OpaqueType<2u>, unsigned int, 128, 1>, at::native::(anonymous namespace)::TensorSizeStride<unsigned int, 4u>, int, unsigned int)",158974964073600,158974964076286,357,277,164984.0,1184.0,608.0,0.0,30.0,336.0,84.0,0.0,8312.0,8312.0,0.0,0.0,6.0,233174.0,0.0,0.0,0.0,0.0,4.0,4.0,0.0,0.0,1.0,0.0,0.0,0.0,1.0,1.0,0.0,0.0,0.0,1.0,0.0,0.0,0.0,1.0,0.0,0.0,2.0,1.0,1.0,0.0,0.0,0.0,4.0,4.0,1.0,0.0,4.0,5.0,3.0,0.0,1.0,0.0,0.0,1.0,1.0,4.0,4.0,0.0,0.0,1.0,0.0,0.0,0.0,1.0,1.0,0.0,0.0,0.0,1.0,0.0,0.0,0.0,1.0,1.0,0.0,3.0,0.0,1.0,0.0,1.0,0.0,4.0,4.0,3.0,0.0,0.0,1.0,0.0,1.0,0.0,4.0,4.0,0.0,0.0,1.0,0.0,0.0,0.0,1.0,1.0,0.0,0.0,0.0,0.0,0.0,0.0,0.0,1.0,0.0,0.0,0.0,0.0,0.0,0.0,0.0,0.0,0.0,0.0,0.0,0.0,0.0,0.0,0.0,0.0,0.0,0.0,0.0,0.0,0.0,3.0,0.0,0.0,0.0,0.0,0.0,0.0,2.0,0.0,1.0,1.0,0.0,0.0,0.0,0.0,0.0,0.0,0.0,0.0,0.0,1.0,0.0,0.0,0.0,0.0,0.0,0.0,0.0,0.0,1.0,0.0,0.0,0.0,0.0,0.0,0.0,0.0,0.0,0.0,0.0,0.0,0.0,0.0,0.0,0.0,0.0,0.0,0.0,0.0,0.0,0.0,0.0,0.0,0.0,0.0,0.0,0.0,0.0,0.0,1.0,0.0,0.0,0.0,0.0,0.0,0.0,0.0,0.0,1.0,0.0,0.0,0.0,0.0,1.0,0.0,0.0,0.0,0.0,0.0,0.0,0.0,0.0,0.0,0.0,0.0,0.0,0.0,0.0,0.0,0.0,0.0,0.0,0.0,0.0,2.0,0.0,0.0,0.0,0.0,0.0,0.0,0.0,0.0,0.0,0.0,0.0,0.0,0.0,0.0,0.0,0.0,0.0,0.0,0.0,0.0,0.0,0.0,0.0,0.0,0.0,0.0,0.0,0.0,0.0,0.0,0.0,0.0,0.0,0.0,0.0,0.0,0.0,0.0,0.0,0.0,0.0,0.0,0.0,0.0,0.0,0.0,0.0,7.0,6.0,12.0
357,0,1,695,695,256,256,0,0,24,0,32,64,"void at::native::vectorized_elementwise_kernel<8, at::native::AbsFunctor<c10::Half>, std::array<char*, 2ul> >(int, at::native::AbsFunctor<c10::Half>, std::array<char*, 2ul>)",158974972220678,158974972223685,358,475,175615.0,8150.0,608.0,0.0,136.0,272.0,8.0,0.0,1346.0,1346.0,0.0,0.0,1.0,211344.0,0.0,0.0,2.0,0.0,1.0,4.0,4.0,4.0,5.0,5.0,4.0,4.0,0.0,4.0,4.0,0.0,0.0,0.0,0.0,0.0,0.0,0.0,0.0,0.0,0.0,1.0,0.0,0.0,1.0,0.0,0.0,0.0,1.0,0.0,0.0,0.0,0.0,1.0,0.0,0.0,0.0,1.0,0.0,0.0,0.0,0.0,0.0,0.0,0.0,0.0,0.0,0.0,0.0,0.0,0.0,0.0,0.0,0.0,0.0,0.0,0.0,0.0,0.0,0.0,1.0,0.0,0.0,1.0,0.0,0.0,0.0,0.0,1.0,0.0,0.0,0.0,1.0,0.0,0.0,0.0,0.0,0.0,0.0,0.0,0.0,0.0,0.0,0.0,0.0,0.0,1.0,0.0,0.0,1.0,0.0,0.0,0.0,0.0,0.0,0.0,0.0,0.0,0.0,0.0,0.0,0.0,0.0,0.0,0.0,0.0,0.0,0.0,0.0,0.0,0.0,0.0,1.0,0.0,0.0,0.0,1.0,0.0,0.0,0.0,4.0,1.0,0.0,0.0,1.0,0.0,0.0,0.0,0.0,0.0,0.0,0.0,0.0,0.0,0.0,0.0,0.0,0.0,0.0,0.0,0.0,0.0,0.0,0.0,0.0,0.0,0.0,0.0,0.0,0.0,0.0,0.0,0.0,0.0,0.0,0.0,0.0,0.0,0.0,0.0,0.0,0.0,0.0,0.0,0.0,0.0,0.0,0.0,0.0,0.0,0.0,0.0,0.0,0.0,0.0,0.0,0.0,0.0,0.0,0.0,0.0,0.0,0.0,0.0,0.0,0.0,0.0,0.0,0.0,0.0,0.0,0.0,0.0,0.0,0.0,0.0,0.0,0.0,0.0,0.0,0.0,0.0,0.0,0.0,0.0,0.0,0.0,0.0,0.0,0.0,0.0,0.0,0.0,0.0,0.0,0.0,0.0,0.0,0.0,0.0,0.0,0.0,0.0,0.0,0.0,0.0,0.0,0.0,0.0,0.0,0.0,0.0,0.0,0.0,0.0,0.0,0.0,0.0,0.0,0.0,0.0,0.0,0.0,0.0,0.0,0.0,0.0,0.0,0.0,0.0,0.0,2.0,0.0,0.0,0.0,2.0,1.0,2.0
358,0,1,695,695,256,256,0,0,24,0,32,64,"void at::native::vectorized_elementwise_kernel<8, at::native::AUnaryFunctor<c10::Half, c10::Half, bool, at::native::(anonymous namespace)::CompareEqFunctor<c10::Half> >, std::array<char*, 2ul> >(int, at::native::AUnaryFunctor<c10::Half, c10::Half, bool, at::native::(anonymous namespace)::CompareEqFunctor<c10::Half> >, std::array<char*, 2ul>)",158975022658579,158975022661626,359,786,167256.0,1896.0,608.0,0.0,136.0,292.0,4.0,0.0,947.0,947.0,0.0,0.0,1.0,211153.0,0.0,0.0,8.0,8.0,5.0,4.0,4.0,4.0,4.0,4.0,4.0,4.0,0.0,4.0,4.0,0.0,0.0,0.0,0.0,0.0,0.0,0.0,0.0,0.0,0.0,0.0,0.0,0.0,0.0,0.0,0.0,0.0,0.0,0.0,0.0,0.0,0.0,0.0,0.0,0.0,0.0,0.0,0.0,0.0,0.0,0.0,0.0,0.0,0.0,0.0,0.0,0.0,0.0,0.0,0.0,0.0,0.0,0.0,0.0,0.0,0.0,0.0,0.0,0.0,0.0,0.0,0.0,0.0,0.0,0.0,0.0,0.0,0.0,0.0,0.0,0.0,0.0,0.0,0.0,0.0,0.0,0.0,0.0,0.0,0.0,0.0,0.0,0.0,0.0,0.0,0.0,0.0,0.0,0.0,0.0,0.0,0.0,0.0,0.0,0.0,0.0,0.0,0.0,0.0,0.0,0.0,0.0,0.0,0.0,0.0,0.0,0.0,0.0,0.0,0.0,0.0,0.0,0.0,0.0,0.0,0.0,0.0,0.0,0.0,4.0,4.0,6.0,5.0,0.0,0.0,0.0,0.0,0.0,0.0,0.0,0.0,0.0,0.0,0.0,0.0,0.0,0.0,0.0,0.0,0.0,0.0,0.0,0.0,0.0,0.0,0.0,0.0,0.0,0.0,0.0,0.0,0.0,0.0,0.0,0.0,0.0,0.0,0.0,0.0,0.0,0.0,0.0,0.0,0.0,0.0,0.0,0.0,0.0,0.0,0.0,0.0,0.0,0.0,0.0,0.0,0.0,0.0,0.0,0.0,0.0,0.0,0.0,0.0,0.0,0.0,0.0,0.0,0.0,0.0,0.0,0.0,0.0,0.0,0.0,0.0,0.0,0.0,0.0,0.0,0.0,0.0,0.0,0.0,0.0,0.0,0.0,0.0,0.0,0.0,0.0,0.0,0.0,0.0,0.0,0.0,0.0,0.0,0.0,0.0,0.0,0.0,0.0,0.0,0.0,0.0,0.0,0.0,0.0,0.0,0.0,0.0,0.0,0.0,0.0,0.0,0.0,0.0,0.0,0.0,0.0,0.0,0.0,0.0,0.0,0.0,0.0,0.0,0.0,1.0,0.0,0.0,0.0,0.0,0.0,1.0,1.0,2.0
359,0,1,695,695,256,256,0,0,40,0,32,64,"void at::native::vectorized_elementwise_kernel<8, at::native::BinaryFunctor<c10::Half, c10::Half, bool, at::native::(anonymous namespace)::CompareEqFunctor<c10::Half> >, std::array<char*, 3ul> >(int, at::native::BinaryFunctor<c10::Half, c10::Half, bool, at::native::(anonymous namespace)::CompareEqFunctor<c10::Half> >, std::array<char*, 3ul>)",158975023095128,158975023097693,360,617,156464.0,1135.0,608.0,0.0,136.0,280.0,12.0,0.0,1552.0,1552.0,0.0,0.0,2.0,210720.0,0.0,0.0,4.0,4.0,4.0,5.0,4.0,4.0,4.0,5.0,4.0,4.0,0.0,1.0,4.0,0.0,0.0,0.0,0.0,0.0,0.0,0.0,0.0,0.0,0.0,0.0,0.0,0.0,0.0,0.0,0.0,0.0,0.0,0.0,0.0,0.0,0.0,0.0,0.0,0.0,0.0,0.0,0.0,0.0,0.0,0.0,0.0,0.0,0.0,0.0,0.0,0.0,0.0,0.0,0.0,0.0,0.0,0.0,0.0,0.0,0.0,0.0,0.0,0.0,0.0,0.0,0.0,0.0,0.0,0.0,0.0,0.0,0.0,0.0,0.0,0.0,0.0,0.0,0.0,0.0,0.0,0.0,0.0,0.0,0.0,0.0,0.0,0.0,0.0,0.0,0.0,0.0,0.0,0.0,0.0,0.0,0.0,0.0,0.0,0.0,0.0,0.0,0.0,0.0,0.0,0.0,0.0,0.0,0.0,0.0,0.0,0.0,0.0,0.0,0.0,0.0,0.0,0.0,0.0,0.0,0.0,0.0,0.0,0.0,4.0,4.0,4.0,4.0,0.0,0.0,0.0,0.0,0.0,1.0,0.0,0.0,0.0,0.0,0.0,0.0,0.0,0.0,0.0,0.0,0.0,0.0,0.0,0.0,0.0,0.0,0.0,0.0,0.0,0.0,0.0,0.0,0.0,0.0,0.0,0.0,0.0,0.0,0.0,0.0,0.0,0.0,0.0,0.0,0.0,0.0,0.0,0.0,0.0,0.0,0.0,0.0,0.0,0.0,0.0,0.0,0.0,0.0,0.0,0.0,0.0,0.0,0.0,0.0,0.0,0.0,0.0,0.0,0.0,0.0,0.0,0.0,0.0,0.0,0.0,0.0,0.0,0.0,0.0,0.0,0.0,0.0,0.0,0.0,0.0,0.0,0.0,0.0,0.0,0.0,0.0,0.0,0.0,0.0,0.0,0.0,0.0,0.0,0.0,0.0,0.0,0.0,0.0,0.0,0.0,0.0,0.0,0.0,0.0,0.0,0.0,0.0,0.0,0.0,0.0,0.0,0.0,0.0,0.0,0.0,0.0,0.0,0.0,0.0,0.0,0.0,0.0,0.0,0.0,0.0,0.0,0.0,0.0,0.0,0.0,1.0,1.0,3.0
360,0,1,695,695,256,256,0,0,36,4,80,64,"void at::native::vectorized_elementwise_kernel<16, at::native::BinaryFunctor<bool, bool, bool, at::native::binary_internal::MulFunctor<bool> >, std::array<char*, 3ul> >(int, at::native::BinaryFunctor<bool, bool, bool, at::native::binary_internal::MulFunctor<bool> >, std::array<char*, 3ul>)",158975047600959,158975047603806,361,880,164461.0,1896.0,608.0,0.0,136.0,284.0,12.0,0.0,2016.0,2016.0,0.0,0.0,2.0,218568.0,0.0,0.0,3.0,4.0,4.0,6.0,4.0,4.0,4.0,4.0,8.0,6.0,0.0,4.0,4.0,0.0,0.0,0.0,0.0,0.0,0.0,0.0,0.0,0.0,0.0,0.0,0.0,0.0,0.0,0.0,0.0,0.0,0.0,0.0,0.0,0.0,0.0,0.0,0.0,0.0,0.0,0.0,0.0,0.0,0.0,0.0,0.0,0.0,0.0,0.0,0.0,0.0,0.0,0.0,0.0,0.0,0.0,0.0,0.0,0.0,0.0,0.0,0.0,0.0,0.0,0.0,0.0,0.0,0.0,0.0,0.0,0.0,0.0,0.0,0.0,0.0,0.0,0.0,0.0,0.0,0.0,0.0,0.0,0.0,0.0,0.0,0.0,0.0,0.0,0.0,0.0,0.0,0.0,0.0,0.0,0.0,0.0,0.0,0.0,0.0,0.0,0.0,0.0,0.0,0.0,0.0,0.0,0.0,0.0,0.0,0.0,0.0,0.0,0.0,0.0,0.0,0.0,0.0,0.0,0.0,0.0,0.0,0.0,0.0,4.0,5.0,4.0,4.0,0.0,0.0,0.0,1.0,0.0,0.0,0.0,0.0,0.0,0.0,0.0,0.0,0.0,0.0,0.0,0.0,0.0,0.0,0.0,0.0,0.0,0.0,0.0,0.0,0.0,0.0,0.0,0.0,0.0,0.0,0.0,0.0,0.0,0.0,0.0,0.0,0.0,0.0,0.0,0.0,0.0,0.0,0.0,0.0,0.0,0.0,0.0,0.0,0.0,0.0,0.0,0.0,0.0,0.0,0.0,0.0,0.0,0.0,0.0,0.0,0.0,0.0,0.0,0.0,0.0,0.0,0.0,0.0,0.0,0.0,0.0,0.0,0.0,0.0,0.0,0.0,0.0,0.0,0.0,0.0,0.0,0.0,0.0,0.0,0.0,0.0,0.0,0.0,0.0,0.0,0.0,0.0,0.0,0.0,0.0,0.0,0.0,0.0,0.0,0.0,0.0,0.0,0.0,0.0,0.0,0.0,0.0,0.0,0.0,0.0,0.0,0.0,0.0,0.0,0.0,0.0,0.0,0.0,0.0,0.0,0.0,0.0,0.0,0.0,0.0,0.0,0.0,0.0,0.0,0.0,0.0,1.0,1.0,3.0
361,0,1,695,695,256,256,0,0,24,0,32,64,"void at::native::vectorized_elementwise_kernel<8, at::native::AUnaryFunctor<c10::Half, c10::Half, bool, at::native::(anonymous namespace)::CompareEqFunctor<c10::Half> >, std::array<char*, 2ul> >(int, at::native::AUnaryFunctor<c10::Half, c10::Half, bool, at::native::(anonymous namespace)::CompareEqFunctor<c10::Half> >, std::array<char*, 2ul>)",158975048014056,158975048017103,362,786,171705.0,1184.0,608.0,0.0,136.0,292.0,4.0,0.0,979.0,979.0,0.0,0.0,1.0,223004.0,0.0,0.0,9.0,8.0,4.0,4.0,4.0,4.0,4.0,5.0,4.0,4.0,0.0,4.0,4.0,0.0,0.0,0.0,0.0,0.0,0.0,0.0,0.0,0.0,0.0,0.0,0.0,0.0,0.0,0.0,0.0,0.0,0.0,0.0,0.0,0.0,0.0,0.0,0.0,0.0,0.0,0.0,0.0,0.0,0.0,0.0,0.0,0.0,0.0,0.0,0.0,0.0,0.0,0.0,0.0,0.0,0.0,0.0,0.0,0.0,0.0,0.0,0.0,0.0,0.0,0.0,0.0,0.0,0.0,0.0,0.0,0.0,0.0,0.0,0.0,0.0,0.0,0.0,0.0,0.0,0.0,0.0,0.0,0.0,0.0,0.0,0.0,0.0,0.0,0.0,0.0,0.0,0.0,0.0,0.0,0.0,0.0,0.0,0.0,0.0,0.0,0.0,0.0,0.0,0.0,0.0,0.0,0.0,0.0,0.0,0.0,0.0,0.0,0.0,0.0,0.0,0.0,0.0,0.0,0.0,0.0,0.0,0.0,0.0,4.0,4.0,6.0,4.0,0.0,0.0,0.0,0.0,0.0,0.0,0.0,0.0,0.0,0.0,0.0,0.0,0.0,0.0,1.0,0.0,0.0,0.0,0.0,0.0,0.0,0.0,0.0,0.0,0.0,0.0,0.0,0.0,0.0,0.0,0.0,0.0,0.0,0.0,0.0,0.0,0.0,0.0,0.0,0.0,0.0,0.0,0.0,0.0,0.0,0.0,0.0,0.0,0.0,0.0,0.0,0.0,0.0,0.0,0.0,0.0,0.0,0.0,0.0,0.0,0.0,0.0,0.0,0.0,0.0,0.0,0.0,0.0,0.0,0.0,0.0,0.0,0.0,0.0,0.0,0.0,0.0,0.0,0.0,0.0,0.0,0.0,0.0,0.0,0.0,0.0,0.0,0.0,0.0,0.0,0.0,0.0,0.0,0.0,0.0,0.0,0.0,0.0,0.0,0.0,0.0,0.0,0.0,0.0,0.0,0.0,0.0,0.0,0.0,0.0,0.0,0.0,0.0,0.0,0.0,0.0,0.0,0.0,0.0,0.0,0.0,0.0,0.0,0.0,0.0,0.0,0.0,0.0,0.0,0.0,0.0,1.0,1.0,2.0
362,0,1,695,695,256,256,0,0,36,4,80,64,"void at::native::vectorized_elementwise_kernel<16, at::native::BinaryFunctor<bool, bool, bool, at::native::BitwiseAndFunctor<bool> >, std::array<char*, 3ul> >(int, at::native::BinaryFunctor<bool, bool, bool, at::native::BitwiseAndFunctor<bool> >, std::array<char*, 3ul>)",158975078303708,158975078306595,363,1141,167507.0,1896.0,608.0,0.0,136.0,284.0,12.0,0.0,1663.0,1663.0,0.0,0.0,2.0,220080.0,0.0,0.0,5.0,7.0,8.0,4.0,4.0,4.0,4.0,4.0,4.0,4.0,0.0,4.0,5.0,0.0,0.0,0.0,0.0,0.0,0.0,0.0,0.0,0.0,0.0,0.0,0.0,0.0,0.0,0.0,0.0,0.0,0.0,0.0,0.0,0.0,0.0,0.0,0.0,0.0,0.0,0.0,0.0,0.0,0.0,0.0,0.0,0.0,0.0,0.0,0.0,0.0,0.0,0.0,0.0,0.0,0.0,0.0,0.0,0.0,0.0,0.0,0.0,0.0,0.0,0.0,0.0,0.0,0.0,0.0,0.0,0.0,0.0,0.0,0.0,0.0,0.0,0.0,0.0,0.0,0.0,0.0,0.0,0.0,0.0,0.0,0.0,0.0,0.0,0.0,0.0,0.0,0.0,0.0,0.0,0.0,0.0,0.0,0.0,0.0,0.0,0.0,0.0,0.0,0.0,0.0,0.0,0.0,0.0,0.0,0.0,0.0,0.0,0.0,0.0,0.0,0.0,0.0,0.0,0.0,0.0,0.0,0.0,0.0,4.0,4.0,4.0,4.0,0.0,0.0,0.0,0.0,0.0,0.0,0.0,0.0,0.0,0.0,0.0,1.0,0.0,0.0,0.0,0.0,0.0,0.0,0.0,0.0,0.0,0.0,0.0,0.0,0.0,0.0,0.0,0.0,0.0,0.0,0.0,0.0,0.0,0.0,0.0,0.0,0.0,0.0,0.0,0.0,0.0,0.0,0.0,0.0,0.0,0.0,0.0,0.0,0.0,0.0,0.0,0.0,0.0,0.0,0.0,0.0,0.0,0.0,0.0,0.0,0.0,0.0,0.0,0.0,0.0,0.0,0.0,0.0,0.0,0.0,0.0,0.0,0.0,0.0,0.0,0.0,0.0,0.0,0.0,0.0,0.0,0.0,0.0,0.0,0.0,0.0,0.0,0.0,0.0,0.0,0.0,0.0,0.0,0.0,0.0,0.0,0.0,0.0,0.0,0.0,0.0,0.0,0.0,0.0,0.0,0.0,0.0,0.0,0.0,0.0,0.0,0.0,0.0,0.0,0.0,0.0,0.0,0.0,0.0,0.0,0.0,0.0,0.0,0.0,0.0,0.0,0.0,0.0,0.0,0.0,0.0,1.0,1.0,3.0
363,0,1,695,695,256,256,512,0,8,0,32,64,"void rocprim::ROCPRIM_400001_NS::detail::block_reduce_kernel<true, false, 16u, rocprim::ROCPRIM_400001_NS::detail::wrapped_reduce_config<rocprim::ROCPRIM_400001_NS::default_config, int>, int, hipcub::HIPCUB_400000_NS::TransformInputIterator<bool, at::native::(anonymous namespace)::NonZeroOp<bool>, bool const*, long>, int*, int, hipcub::HIPCUB_400000_NS::detail::convert_binary_result_type_wrapper<hipcub::HIPCUB_400000_NS::Sum, hipcub::HIPCUB_400000_NS::TransformInputIterator<bool, at::native::(anonymous namespace)::NonZeroOp<bool>, bool const*, long>, int> >(hipcub::HIPCUB_400000_NS::TransformInputIterator<bool, at::native::(anonymous namespace)::NonZeroOp<bool>, bool const*, long>, unsigned long, int*, int, hipcub::HIPCUB_400000_NS::detail::convert_binary_result_type_wrapper<hipcub::HIPCUB_400000_NS::Sum, hipcub::HIPCUB_400000_NS::TransformInputIterator<bool, at::native::(anonymous namespace)::NonZeroOp<bool>, bool const*, long>, int>)",158975114269814,158975114272219,364,1584,160095.0,1896.0,608.0,0.0,20.0,61.0,9.0,0.0,867.0,867.0,114.0,0.0,1.0,209937.0,0.0,0.0,0.0,1.0,0.0,0.0,4.0,4.0,4.0,4.0,4.0,5.0,0.0,0.0,4.0,0.0,0.0,0.0,0.0,0.0,0.0,0.0,0.0,0.0,0.0,0.0,0.0,0.0,0.0,0.0,0.0,0.0,0.0,0.0,0.0,0.0,0.0,0.0,0.0,0.0,0.0,0.0,0.0,0.0,0.0,0.0,0.0,0.0,0.0,0.0,0.0,0.0,0.0,0.0,0.0,0.0,0.0,0.0,0.0,0.0,0.0,0.0,0.0,0.0,0.0,0.0,0.0,0.0,0.0,0.0,0.0,0.0,0.0,0.0,0.0,0.0,0.0,0.0,0.0,0.0,0.0,0.0,0.0,0.0,0.0,0.0,0.0,0.0,0.0,0.0,0.0,0.0,0.0,0.0,0.0,0.0,0.0,0.0,0.0,0.0,0.0,0.0,0.0,0.0,0.0,0.0,0.0,0.0,0.0,0.0,0.0,0.0,0.0,0.0,0.0,0.0,0.0,0.0,0.0,0.0,0.0,0.0,0.0,0.0,0.0,0.0,0.0,0.0,0.0,0.0,0.0,0.0,0.0,0.0,0.0,0.0,0.0,0.0,0.0,0.0,0.0,0.0,0.0,0.0,0.0,0.0,0.0,0.0,0.0,0.0,0.0,0.0,0.0,0.0,0.0,0.0,0.0,0.0,0.0,0.0,0.0,0.0,0.0,0.0,0.0,0.0,0.0,0.0,0.0,0.0,0.0,0.0,0.0,0.0,0.0,0.0,0.0,0.0,0.0,0.0,0.0,0.0,0.0,0.0,0.0,0.0,0.0,0.0,0.0,0.0,0.0,0.0,0.0,0.0,0.0,0.0,0.0,0.0,0.0,0.0,0.0,0.0,0.0,0.0,0.0,0.0,0.0,0.0,0.0,0.0,0.0,0.0,0.0,0.0,0.0,0.0,0.0,0.0,0.0,0.0,0.0,0.0,0.0,0.0,0.0,0.0,0.0,0.0,0.0,0.0,0.0,0.0,0.0,0.0,0.0,0.0,0.0,0.0,0.0,0.0,0.0,0.0,0.0,0.0,0.0,0.0,0.0,0.0,0.0,0.0,0.0,0.0,0.0,0.0,0.0,1.0,0.0,0.0,0.0,1.0,1.0,2.0
364,0,1,695,695,512,512,0,0,16,0,32,64,__amd_rocclr_copyBuffer,158975114702634,158975114707405,365,23,299932.0,9406.0,8909.0,0.0,36.0,122.0,0.0,0.0,10411.0,10411.0,0.0,0.0,4.0,243789.0,0.0,0.0,4.0,3.0,4.0,4.0,0.0,3.0,0.0,0.0,1.0,1.0,1.0,0.0,0.0,0.0,2.0,0.0,0.0,0.0,1.0,0.0,0.0,0.0,0.0,0.0,1.0,0.0,0.0,0.0,0.0,0.0,0.0,0.0,0.0,0.0,0.0,0.0,1.0,0.0,2.0,0.0,0.0,0.0,0.0,0.0,2.0,0.0,0.0,0.0,1.0,0.0,0.0,0.0,0.0,2.0,0.0,0.0,0.0,1.0,0.0,0.0,0.0,0.0,0.0,1.0,0.0,0.0,0.0,0.0,0.0,0.0,0.0,0.0,1.0,0.0,0.0,0.0,0.0,0.0,0.0,2.0,0.0,0.0,1.0,0.0,1.0,0.0,0.0,0.0,0.0,1.0,0.0,0.0,0.0,0.0,0.0,0.0,0.0,2.0,0.0,0.0,0.0,1.0,0.0,0.0,0.0,0.0,2.0,0.0,0.0,0.0,1.0,0.0,0.0,0.0,0.0,0.0,1.0,0.0,0.0,0.0,0.0,0.0,4.0,4.0,1.0,1.0,0.0,0.0,0.0,0.0,0.0,0.0,0.0,0.0,0.0,0.0,0.0,0.0,0.0,0.0,0.0,0.0,0.0,0.0,0.0,0.0,0.0,0.0,0.0,0.0,0.0,0.0,0.0,0.0,0.0,0.0,0.0,0.0,0.0,0.0,0.0,0.0,0.0,0.0,0.0,0.0,0.0,0.0,0.0,0.0,0.0,0.0,0.0,0.0,0.0,0.0,0.0,0.0,0.0,0.0,0.0,0.0,0.0,0.0,0.0,0.0,0.0,0.0,0.0,0.0,0.0,0.0,0.0,0.0,0.0,0.0,0.0,0.0,0.0,0.0,0.0,0.0,0.0,0.0,0.0,0.0,0.0,0.0,0.0,0.0,0.0,0.0,0.0,0.0,0.0,0.0,0.0,0.0,0.0,0.0,0.0,0.0,0.0,0.0,0.0,0.0,0.0,0.0,0.0,0.0,0.0,0.0,0.0,0.0,0.0,0.0,0.0,0.0,0.0,0.0,0.0,0.0,0.0,0.0,0.0,0.0,0.0,0.0,0.0,0.0,0.0,0.0,4.0,0.0,0.0,0.0,0.0,4.0,2.0,8.0
365,0,1,695,695,256,256,0,0,12,4,48,64,__amd_rocclr_fillBufferAligned,158975115111762,158975115113927,366,26,160091.0,1184.0,608.0,0.0,33.0,85.0,0.0,0.0,1323.0,1323.0,0.0,0.0,1.0,207649.0,0.0,0.0,0.0,0.0,0.0,0.0,4.0,4.0,4.0,4.0,4.0,4.0,0.0,1.0,4.0,0.0,0.0,0.0,0.0,0.0,0.0,0.0,0.0,0.0,0.0,0.0,0.0,0.0,0.0,0.0,0.0,0.0,0.0,0.0,0.0,0.0,0.0,0.0,0.0,0.0,0.0,0.0,0.0,0.0,0.0,0.0,0.0,0.0,0.0,0.0,0.0,0.0,0.0,0.0,0.0,0.0,0.0,0.0,0.0,0.0,0.0,0.0,0.0,0.0,0.0,0.0,0.0,0.0,0.0,0.0,0.0,0.0,0.0,0.0,0.0,0.0,0.0,0.0,0.0,0.0,0.0,0.0,0.0,0.0,0.0,0.0,0.0,0.0,0.0,0.0,0.0,0.0,0.0,0.0,0.0,0.0,0.0,0.0,0.0,0.0,0.0,0.0,0.0,0.0,0.0,0.0,0.0,0.0,0.0,0.0,0.0,0.0,0.0,0.0,0.0,0.0,0.0,0.0,0.0,0.0,0.0,0.0,0.0,0.0,0.0,0.0,0.0,0.0,0.0,0.0,0.0,1.0,0.0,0.0,0.0,0.0,0.0,0.0,0.0,0.0,0.0,0.0,0.0,0.0,0.0,0.0,0.0,0.0,0.0,0.0,0.0,0.0,0.0,0.0,0.0,0.0,0.0,0.0,0.0,0.0,0.0,0.0,0.0,0.0,0.0,0.0,0.0,0.0,0.0,0.0,0.0,0.0,0.0,0.0,0.0,0.0,0.0,0.0,0.0,0.0,0.0,0.0,0.0,0.0,0.0,0.0,0.0,0.0,0.0,0.0,0.0,0.0,0.0,0.0,0.0,0.0,0.0,0.0,0.0,0.0,0.0,0.0,0.0,0.0,0.0,0.0,0.0,0.0,0.0,0.0,0.0,0.0,0.0,0.0,0.0,0.0,0.0,0.0,0.0,0.0,0.0,0.0,0.0,0.0,0.0,0.0,0.0,0.0,0.0,0.0,0.0,0.0,0.0,0.0,0.0,0.0,0.0,0.0,0.0,0.0,0.0,0.0,0.0,0.0,0.0,0.0,0.0,0.0,0.0,0.0,0.0,0.0,0.0,0.0,0.0,0.0,0.0,0.0,0.0,1.0,2.0,2.0
366,0,1,695,695,256,256,0,0,12,4,48,64,__amd_rocclr_fillBufferAligned,158975115512390,158975115514154,367,26,150540.0,1184.0,608.0,0.0,33.0,85.0,0.0,0.0,1160.0,1160.0,0.0,0.0,1.0,204089.0,0.0,0.0,0.0,0.0,0.0,0.0,4.0,4.0,4.0,4.0,5.0,4.0,0.0,0.0,4.0,0.0,0.0,0.0,0.0,0.0,0.0,0.0,0.0,0.0,0.0,0.0,0.0,0.0,0.0,0.0,0.0,0.0,0.0,0.0,0.0,0.0,0.0,0.0,0.0,0.0,0.0,0.0,0.0,0.0,0.0,0.0,0.0,0.0,0.0,0.0,0.0,0.0,0.0,0.0,0.0,0.0,0.0,0.0,0.0,0.0,0.0,0.0,0.0,0.0,0.0,0.0,0.0,0.0,0.0,0.0,0.0,0.0,0.0,0.0,0.0,0.0,0.0,0.0,0.0,0.0,0.0,0.0,0.0,0.0,0.0,0.0,0.0,0.0,0.0,0.0,0.0,0.0,0.0,0.0,0.0,0.0,0.0,0.0,0.0,0.0,0.0,0.0,0.0,0.0,0.0,0.0,0.0,0.0,0.0,0.0,0.0,0.0,0.0,0.0,0.0,0.0,0.0,0.0,0.0,0.0,0.0,0.0,0.0,0.0,0.0,0.0,0.0,0.0,0.0,0.0,0.0,1.0,0.0,0.0,0.0,0.0,0.0,0.0,0.0,0.0,0.0,0.0,0.0,0.0,0.0,0.0,0.0,0.0,0.0,0.0,0.0,0.0,0.0,0.0,0.0,0.0,0.0,0.0,0.0,0.0,0.0,0.0,0.0,0.0,0.0,0.0,0.0,0.0,0.0,0.0,0.0,0.0,0.0,0.0,0.0,0.0,0.0,0.0,0.0,0.0,0.0,0.0,0.0,0.0,0.0,0.0,0.0,0.0,0.0,0.0,0.0,0.0,0.0,0.0,0.0,0.0,0.0,0.0,0.0,0.0,0.0,0.0,0.0,0.0,0.0,0.0,0.0,0.0,0.0,0.0,0.0,0.0,0.0,0.0,0.0,0.0,0.0,0.0,0.0,0.0,0.0,0.0,0.0,0.0,0.0,0.0,0.0,0.0,0.0,0.0,0.0,0.0,0.0,0.0,0.0,0.0,0.0,0.0,0.0,0.0,0.0,0.0,0.0,0.0,0.0,0.0,0.0,0.0,0.0,0.0,0.0,0.0,0.0,0.0,0.0,0.0,0.0,0.0,0.0,1.0,2.0,2.0
367,0,1,695,695,256,256,0,0,8,0,16,64,"void rocprim::ROCPRIM_400001_NS::detail::init_lookback_scan_state_kernel<rocprim::ROCPRIM_400001_NS::detail::lookback_scan_state<unsigned int, false, true> const>(rocprim::ROCPRIM_400001_NS::detail::lookback_scan_state<unsigned int, false, true> const, unsigned int, unsigned int, rocprim::ROCPRIM_400001_NS::detail::lookback_scan_state<unsigned int, false, true> const::value_type*)",158975120080236,158975120082441,368,1679,171048.0,8171.0,608.0,0.0,12.0,24.0,12.0,0.0,677.0,677.0,0.0,0.0,0.0,209436.0,0.0,0.0,2.0,0.0,0.0,0.0,4.0,4.0,5.0,5.0,0.0,1.0,0.0,0.0,0.0,0.0,0.0,0.0,1.0,0.0,0.0,0.0,0.0,0.0,0.0,0.0,0.0,0.0,1.0,0.0,0.0,0.0,1.0,0.0,0.0,0.0,0.0,0.0,0.0,0.0,0.0,1.0,0.0,0.0,0.0,0.0,0.0,0.0,1.0,0.0,0.0,0.0,0.0,0.0,0.0,0.0,0.0,1.0,0.0,0.0,0.0,0.0,1.0,0.0,0.0,0.0,0.0,1.0,0.0,0.0,0.0,0.0,0.0,0.0,0.0,0.0,1.0,0.0,0.0,0.0,0.0,0.0,0.0,1.0,0.0,0.0,0.0,0.0,0.0,0.0,0.0,0.0,0.0,1.0,0.0,0.0,0.0,0.0,0.0,0.0,0.0,1.0,0.0,0.0,0.0,0.0,0.0,0.0,0.0,0.0,1.0,0.0,0.0,0.0,0.0,0.0,0.0,0.0,0.0,0.0,1.0,0.0,0.0,0.0,0.0,0.0,0.0,0.0,0.0,0.0,0.0,1.0,4.0,4.0,0.0,0.0,0.0,0.0,0.0,0.0,0.0,0.0,0.0,0.0,0.0,0.0,0.0,0.0,0.0,0.0,0.0,0.0,0.0,0.0,0.0,0.0,0.0,0.0,0.0,0.0,0.0,0.0,0.0,0.0,0.0,0.0,0.0,0.0,0.0,0.0,0.0,0.0,0.0,0.0,0.0,0.0,0.0,0.0,0.0,0.0,0.0,0.0,0.0,0.0,0.0,0.0,0.0,0.0,0.0,0.0,0.0,0.0,0.0,0.0,0.0,0.0,0.0,0.0,0.0,0.0,0.0,0.0,0.0,0.0,0.0,0.0,0.0,0.0,0.0,0.0,0.0,0.0,0.0,0.0,0.0,0.0,0.0,0.0,0.0,0.0,0.0,0.0,0.0,0.0,0.0,0.0,0.0,0.0,0.0,0.0,0.0,0.0,0.0,0.0,0.0,0.0,0.0,0.0,0.0,0.0,0.0,0.0,0.0,0.0,0.0,0.0,0.0,0.0,0.0,0.0,0.0,0.0,0.0,0.0,0.0,0.0,0.0,0.0,0.0,9.0,1.0,0.0
368,0,1,695,695,512,512,29184,0,52,52,112,64,"void rocprim::ROCPRIM_400001_NS::detail::partition_kernel<(rocprim::ROCPRIM_400001_NS::detail::select_method)0, true, rocprim::ROCPRIM_400001_NS::detail::wrapped_partition_config<rocprim::ROCPRIM_400001_NS::default_config, (rocprim::ROCPRIM_400001_NS::detail::partition_subalgo)5, long, rocprim::ROCPRIM_400001_NS::empty_type>, hipcub::HIPCUB_400000_NS::CountingInputIterator<long, long>, rocprim::ROCPRIM_400001_NS::empty_type*, hipcub::HIPCUB_400000_NS::TransformInputIterator<bool, at::native::(anonymous namespace)::NonZeroOp<bool>, bool const*, long>, rocprim::ROCPRIM_400001_NS::tuple<long*, rocprim::ROCPRIM_400001_NS::empty_type>, rocprim::ROCPRIM_400001_NS::tuple<rocprim::ROCPRIM_400001_NS::empty_type*, rocprim::ROCPRIM_400001_NS::empty_type*>, rocprim::ROCPRIM_400001_NS::empty_type, rocprim::ROCPRIM_400001_NS::detail::lookback_scan_state<unsigned int, false, true>, rocprim::ROCPRIM_400001_NS::detail::block_id_wrapper<unsigned int, false>, rocprim::ROCPRIM_400001_NS::empty_type>(hipcub::HIPCUB_400000_NS::CountingInputIterator<long, long>, rocprim::ROCPRIM_400001_NS::empty_type*, hipcub::HIPCUB_400000_NS::TransformInputIterator<bool, at::native::(anonymous namespace)::NonZeroOp<bool>, bool const*, long>, rocprim::ROCPRIM_400001_NS::tuple<long*, rocprim::ROCPRIM_400001_NS::empty_type>, rocprim::ROCPRIM_400001_NS::tuple<rocprim::ROCPRIM_400001_NS::empty_type*, rocprim::ROCPRIM_400001_NS::empty_type*>, unsigned long*, unsigned long*, unsigned long, unsigned long, rocprim::ROCPRIM_400001_NS::empty_type, rocprim::ROCPRIM_400001_NS::detail::lookback_scan_state<unsigned int, false, true>, unsigned int, rocprim::ROCPRIM_400001_NS::detail::vsmem_t, rocprim::ROCPRIM_400001_NS::detail::block_id_wrapper<unsigned int, false>, rocprim::ROCPRIM_400001_NS::empty_type)",158975120486798,158975120491329,369,1642,192445.0,1362.0,608.0,0.0,207.0,612.0,56.0,0.0,4478.0,4478.0,868.0,0.0,1.0,204888.0,0.0,0.0,7.0,5.0,8.0,8.0,4.0,4.0,0.0,5.0,4.0,5.0,0.0,4.0,4.0,0.0,0.0,0.0,0.0,0.0,0.0,0.0,0.0,0.0,0.0,0.0,0.0,0.0,0.0,0.0,0.0,0.0,0.0,0.0,0.0,0.0,0.0,0.0,0.0,0.0,0.0,0.0,0.0,0.0,0.0,0.0,0.0,0.0,0.0,0.0,0.0,0.0,0.0,0.0,0.0,0.0,0.0,0.0,0.0,0.0,0.0,0.0,0.0,0.0,0.0,0.0,0.0,0.0,0.0,0.0,0.0,0.0,0.0,0.0,0.0,0.0,0.0,0.0,0.0,0.0,0.0,0.0,0.0,0.0,0.0,0.0,0.0,0.0,0.0,0.0,0.0,0.0,0.0,0.0,0.0,0.0,0.0,0.0,0.0,0.0,0.0,0.0,0.0,0.0,0.0,0.0,0.0,0.0,0.0,0.0,0.0,0.0,0.0,0.0,0.0,0.0,0.0,0.0,0.0,0.0,0.0,0.0,0.0,0.0,8.0,8.0,4.0,8.0,0.0,0.0,0.0,2.0,0.0,0.0,0.0,0.0,0.0,0.0,0.0,0.0,0.0,0.0,0.0,0.0,0.0,0.0,0.0,0.0,0.0,0.0,0.0,0.0,0.0,0.0,0.0,0.0,0.0,0.0,0.0,0.0,0.0,0.0,0.0,0.0,0.0,0.0,0.0,0.0,0.0,0.0,0.0,0.0,0.0,0.0,0.0,0.0,0.0,0.0,0.0,0.0,0.0,0.0,0.0,0.0,0.0,0.0,0.0,0.0,0.0,0.0,0.0,0.0,0.0,0.0,0.0,0.0,0.0,0.0,0.0,0.0,0.0,0.0,0.0,0.0,0.0,0.0,0.0,0.0,0.0,0.0,0.0,0.0,0.0,0.0,0.0,0.0,0.0,0.0,0.0,0.0,0.0,0.0,0.0,0.0,0.0,0.0,0.0,0.0,0.0,0.0,0.0,0.0,0.0,0.0,0.0,0.0,0.0,0.0,0.0,0.0,0.0,0.0,0.0,0.0,0.0,0.0,0.0,0.0,0.0,0.0,0.0,0.0,4.0,28.0,0.0,0.0,0.0,0.0,0.0,34.0,1.0,1.0
369,0,1,695,695,256,256,0,0,8,0,32,64,"void rocprim::ROCPRIM_400001_NS::detail::transform_kernel<true, rocprim::ROCPRIM_400001_NS::detail::wrapped_transform_config<rocprim::ROCPRIM_400001_NS::default_config, unsigned long, true>, unsigned long, unsigned long*, int*, rocprim::ROCPRIM_400001_NS::identity<void> >(unsigned long*, unsigned long, int*, rocprim::ROCPRIM_400001_NS::identity<void>)",158975120891957,158975120893881,370,1481,139328.0,1184.0,608.0,0.0,24.0,88.0,12.0,0.0,962.0,962.0,0.0,0.0,1.0,197038.0,0.0,0.0,4.0,5.0,4.0,4.0,0.0,0.0,0.0,1.0,0.0,0.0,0.0,0.0,4.0,0.0,0.0,0.0,0.0,0.0,0.0,0.0,0.0,0.0,0.0,0.0,0.0,0.0,0.0,0.0,0.0,0.0,0.0,0.0,0.0,0.0,0.0,0.0,0.0,0.0,0.0,0.0,0.0,0.0,0.0,0.0,0.0,0.0,0.0,0.0,0.0,0.0,0.0,0.0,0.0,0.0,0.0,0.0,0.0,0.0,0.0,0.0,0.0,0.0,0.0,0.0,0.0,0.0,0.0,0.0,0.0,0.0,0.0,0.0,0.0,0.0,0.0,0.0,0.0,0.0,0.0,0.0,0.0,0.0,0.0,0.0,0.0,0.0,0.0,0.0,0.0,0.0,0.0,0.0,0.0,0.0,0.0,0.0,0.0,0.0,0.0,0.0,0.0,0.0,0.0,0.0,0.0,0.0,0.0,0.0,0.0,0.0,0.0,0.0,0.0,0.0,0.0,0.0,0.0,0.0,0.0,0.0,0.0,0.0,1.0,0.0,0.0,0.0,0.0,0.0,0.0,0.0,0.0,0.0,0.0,0.0,0.0,0.0,0.0,0.0,0.0,0.0,0.0,0.0,0.0,0.0,0.0,0.0,0.0,0.0,0.0,0.0,0.0,0.0,0.0,0.0,0.0,0.0,0.0,0.0,0.0,0.0,0.0,0.0,0.0,0.0,0.0,0.0,0.0,0.0,0.0,0.0,0.0,0.0,0.0,0.0,0.0,0.0,0.0,0.0,0.0,0.0,0.0,0.0,0.0,0.0,0.0,0.0,0.0,0.0,0.0,0.0,0.0,0.0,0.0,0.0,0.0,0.0,0.0,0.0,0.0,0.0,0.0,0.0,0.0,0.0,0.0,0.0,0.0,0.0,0.0,0.0,0.0,0.0,0.0,0.0,0.0,0.0,0.0,0.0,0.0,0.0,0.0,0.0,0.0,0.0,0.0,0.0,0.0,0.0,0.0,0.0,0.0,0.0,0.0,0.0,0.0,0.0,0.0,0.0,0.0,0.0,0.0,0.0,0.0,0.0,0.0,0.0,0.0,0.0,0.0,0.0,0.0,0.0,0.0,1.0,0.0,0.0,0.0,1.0,1.0,1.0
370,0,1,695,695,128,128,0,0,16,0,80,64,"void at::native::index_elementwise_kernel<128, 4, at::native::gpu_index_kernel<at::native::index_kernel_impl<at::native::OpaqueType<2> >(at::TensorIteratorBase&, c10::ArrayRef<long>, c10::ArrayRef<long>)::{lambda(char*, char const*, long)#1}>(at::TensorIteratorBase&, c10::ArrayRef<long>, c10::ArrayRef<long>, at::native::index_kernel_impl<at::native::OpaqueType<2> >(at::TensorIteratorBase&, c10::ArrayRef<long>, c10::ArrayRef<long>)::{lambda(char*, char const*, long)#1} const&, bool)::{lambda(int)#1}>(long, at::native::gpu_index_kernel<at::native::index_kernel_impl<at::native::OpaqueType<2> >(at::TensorIteratorBase&, c10::ArrayRef<long>, c10::ArrayRef<long>)::{lambda(char*, char const*, long)#1}>(at::TensorIteratorBase&, c10::ArrayRef<long>, c10::ArrayRef<long>, at::native::index_kernel_impl<at::native::OpaqueType<2> >(at::TensorIteratorBase&, c10::ArrayRef<long>, c10::ArrayRef<long>)::{lambda(char*, char const*, long)#1} const&, bool)::{lambda(int)#1})",158975153948674,158975153951881,371,1837,182323.0,1896.0,7700.0,0.0,26.0,156.0,15.0,0.0,1809.0,1809.0,0.0,0.0,2.0,218606.0,0.0,0.0,0.0,0.0,3.0,0.0,4.0,7.0,4.0,5.0,4.0,4.0,1.0,4.0,4.0,0.0,1.0,0.0,0.0,0.0,0.0,0.0,0.0,0.0,0.0,0.0,1.0,0.0,0.0,0.0,0.0,0.0,0.0,0.0,0.0,0.0,0.0,0.0,1.0,0.0,1.0,0.0,0.0,0.0,0.0,0.0,1.0,0.0,0.0,0.0,0.0,0.0,0.0,0.0,0.0,1.0,0.0,0.0,0.0,0.0,0.0,0.0,0.0,0.0,0.0,1.0,0.0,0.0,0.0,0.0,0.0,0.0,0.0,0.0,1.0,0.0,0.0,0.0,0.0,0.0,0.0,1.0,0.0,0.0,0.0,0.0,0.0,0.0,0.0,0.0,0.0,1.0,0.0,0.0,0.0,0.0,0.0,0.0,0.0,1.0,0.0,0.0,0.0,0.0,0.0,0.0,0.0,0.0,1.0,0.0,0.0,0.0,0.0,0.0,0.0,0.0,0.0,0.0,1.0,0.0,0.0,0.0,0.0,0.0,9.0,10.0,9.0,10.0,0.0,0.0,0.0,0.0,0.0,0.0,0.0,0.0,0.0,0.0,0.0,0.0,0.0,0.0,0.0,0.0,0.0,0.0,0.0,0.0,0.0,0.0,0.0,0.0,0.0,0.0,0.0,0.0,0.0,0.0,0.0,0.0,0.0,0.0,0.0,0.0,0.0,0.0,0.0,0.0,0.0,0.0,0.0,0.0,0.0,0.0,0.0,0.0,0.0,0.0,0.0,0.0,0.0,0.0,0.0,0.0,0.0,0.0,0.0,0.0,0.0,0.0,0.0,0.0,0.0,0.0,0.0,0.0,0.0,0.0,0.0,0.0,0.0,0.0,0.0,0.0,0.0,0.0,0.0,0.0,0.0,0.0,0.0,0.0,0.0,0.0,0.0,0.0,0.0,0.0,0.0,0.0,0.0,0.0,0.0,0.0,0.0,0.0,0.0,0.0,0.0,0.0,0.0,0.0,0.0,0.0,0.0,0.0,0.0,0.0,0.0,0.0,0.0,0.0,0.0,0.0,0.0,0.0,0.0,0.0,0.0,0.0,0.0,0.0,0.0,0.0,0.0,2.0,0.0,0.0,0.0,2.0,1.0,2.0
371,0,1,695,695,256,256,0,0,24,0,32,64,"void at::native::vectorized_elementwise_kernel<8, at::native::AbsFunctor<c10::Half>, std::array<char*, 2ul> >(int, at::native::AbsFunctor<c10::Half>, std::array<char*, 2ul>)",158975154360368,158975154363294,372,475,164776.0,1896.0,608.0,0.0,136.0,272.0,8.0,0.0,1222.0,1222.0,0.0,0.0,1.0,201574.0,0.0,0.0,1.0,0.0,0.0,4.0,4.0,4.0,5.0,4.0,4.0,4.0,0.0,4.0,4.0,0.0,0.0,0.0,0.0,0.0,0.0,0.0,0.0,0.0,0.0,0.0,0.0,0.0,0.0,0.0,0.0,0.0,0.0,0.0,0.0,0.0,0.0,0.0,0.0,0.0,0.0,0.0,0.0,0.0,0.0,0.0,0.0,0.0,0.0,0.0,0.0,0.0,0.0,0.0,0.0,0.0,0.0,0.0,0.0,0.0,0.0,0.0,0.0,0.0,0.0,0.0,0.0,0.0,0.0,0.0,0.0,0.0,0.0,0.0,0.0,0.0,0.0,0.0,0.0,0.0,0.0,0.0,0.0,0.0,0.0,0.0,0.0,0.0,0.0,0.0,0.0,0.0,0.0,0.0,0.0,0.0,0.0,0.0,0.0,0.0,0.0,0.0,0.0,0.0,0.0,0.0,0.0,0.0,0.0,0.0,0.0,0.0,0.0,0.0,0.0,0.0,0.0,0.0,0.0,0.0,0.0,0.0,0.0,0.0,5.0,0.0,0.0,1.0,0.0,0.0,0.0,0.0,0.0,0.0,0.0,0.0,0.0,0.0,0.0,0.0,0.0,0.0,0.0,0.0,0.0,0.0,0.0,0.0,0.0,0.0,0.0,0.0,0.0,0.0,0.0,0.0,0.0,0.0,0.0,0.0,0.0,0.0,0.0,0.0,0.0,0.0,0.0,0.0,0.0,0.0,0.0,0.0,0.0,0.0,0.0,0.0,0.0,0.0,0.0,0.0,0.0,0.0,0.0,0.0,0.0,0.0,0.0,0.0,0.0,0.0,0.0,0.0,0.0,0.0,0.0,0.0,0.0,0.0,0.0,0.0,0.0,0.0,0.0,0.0,0.0,0.0,0.0,0.0,0.0,0.0,0.0,0.0,0.0,0.0,0.0,0.0,0.0,0.0,0.0,0.0,0.0,0.0,0.0,0.0,0.0,0.0,0.0,0.0,0.0,0.0,0.0,0.0,0.0,0.0,0.0,0.0,0.0,0.0,0.0,0.0,0.0,0.0,0.0,0.0,0.0,0.0,0.0,0.0,0.0,0.0,0.0,0.0,0.0,2.0,0.0,0.0,0.0,0.0,0.0,2.0,1.0,2.0
372,0,1,695,695,128,128,0,0,20,4,64,64,"void at::native::elementwise_kernel_manual_unroll<128, 4, at::native::gpu_kernel_impl<at::native::direct_copy_kernel_cuda(at::TensorIteratorBase&)::{lambda()#3}::operator()() const::{lambda()#6}::operator()() const::{lambda(double)#1}>(at::TensorIteratorBase&, at::native::direct_copy_kernel_cuda(at::TensorIteratorBase&)::{lambda()#3}::operator()() const::{lambda()#6}::operator()() const::{lambda(double)#1} const&)::{lambda(int, bool)#1}>(int, at::native::gpu_kernel_impl<at::native::direct_copy_kernel_cuda(at::TensorIteratorBase&)::{lambda()#3}::operator()() const::{lambda()#6}::operator()() const::{lambda(double)#1}>(at::TensorIteratorBase&, at::native::direct_copy_kernel_cuda(at::TensorIteratorBase&)::{lambda()#3}::operator()() const::{lambda()#6}::operator()() const::{lambda(double)#1} const&)::{lambda(int, bool)#1})",158975191796412,158975191799739,373,2180,180704.0,1896.0,608.0,4.0,68.0,250.0,6.0,0.0,2716.0,2716.0,0.0,0.0,3.0,216549.0,0.0,0.0,12.0,9.0,12.0,12.0,16.0,16.0,12.0,8.0,7.0,8.0,0.0,4.0,2.0,0.0,0.0,0.0,0.0,0.0,0.0,0.0,0.0,0.0,0.0,0.0,0.0,0.0,0.0,0.0,0.0,0.0,0.0,0.0,0.0,0.0,0.0,0.0,0.0,0.0,0.0,0.0,0.0,0.0,0.0,0.0,0.0,0.0,0.0,0.0,0.0,0.0,0.0,0.0,0.0,0.0,0.0,0.0,0.0,0.0,0.0,0.0,0.0,0.0,0.0,0.0,0.0,0.0,0.0,0.0,0.0,0.0,0.0,0.0,0.0,0.0,0.0,0.0,0.0,0.0,0.0,0.0,0.0,0.0,0.0,0.0,0.0,0.0,0.0,0.0,0.0,0.0,0.0,0.0,0.0,0.0,0.0,0.0,0.0,0.0,0.0,0.0,0.0,0.0,0.0,0.0,0.0,0.0,0.0,0.0,0.0,0.0,0.0,0.0,0.0,0.0,0.0,0.0,0.0,0.0,0.0,0.0,0.0,0.0,12.0,14.0,18.0,17.0,0.0,0.0,0.0,0.0,1.0,4.0,0.0,0.0,0.0,0.0,0.0,0.0,0.0,0.0,0.0,0.0,0.0,0.0,0.0,0.0,0.0,0.0,0.0,0.0,0.0,0.0,0.0,0.0,0.0,0.0,0.0,0.0,0.0,0.0,0.0,0.0,0.0,0.0,0.0,0.0,0.0,0.0,0.0,0.0,0.0,0.0,0.0,0.0,0.0,0.0,0.0,0.0,0.0,0.0,0.0,0.0,0.0,0.0,0.0,0.0,0.0,0.0,0.0,0.0,0.0,0.0,0.0,0.0,0.0,0.0,0.0,0.0,0.0,0.0,0.0,0.0,0.0,0.0,0.0,0.0,0.0,0.0,0.0,0.0,0.0,0.0,0.0,0.0,0.0,0.0,0.0,0.0,0.0,0.0,0.0,0.0,0.0,0.0,0.0,0.0,0.0,0.0,0.0,0.0,0.0,0.0,0.0,0.0,0.0,0.0,0.0,0.0,0.0,0.0,0.0,0.0,0.0,0.0,0.0,0.0,0.0,0.0,0.0,0.0,0.0,0.0,0.0,0.0,0.0,0.0,0.0,5.0,2.0,3.0
373,0,1,695,695,32,32,512,0,32,0,80,64,"void at::native::reduce_kernel<512, 1, at::native::ReduceOp<double, at::native::func_wrapper_t<double, at::native::MinNanFunctor<double> >, unsigned int, double, 4, 4> >(at::native::ReduceOp<double, at::native::func_wrapper_t<double, at::native::MinNanFunctor<double> >, unsigned int, double, 4, 4>)",158975202177157,158975202181727,374,2256,200451.0,1896.0,608.0,0.0,38.0,115.0,16.0,0.0,1596.0,1596.0,40.0,0.0,2.0,209227.0,0.0,0.0,6.0,4.0,7.0,6.0,12.0,12.0,8.0,9.0,12.0,8.0,0.0,12.0,12.0,0.0,0.0,0.0,0.0,0.0,0.0,0.0,0.0,0.0,0.0,0.0,0.0,0.0,0.0,0.0,0.0,0.0,0.0,0.0,0.0,0.0,0.0,0.0,0.0,0.0,0.0,0.0,0.0,0.0,0.0,0.0,0.0,0.0,0.0,0.0,0.0,0.0,0.0,0.0,0.0,0.0,0.0,0.0,0.0,0.0,0.0,0.0,0.0,0.0,0.0,0.0,0.0,0.0,0.0,0.0,0.0,0.0,0.0,0.0,0.0,0.0,0.0,0.0,0.0,0.0,0.0,0.0,0.0,0.0,0.0,0.0,0.0,0.0,0.0,0.0,0.0,0.0,0.0,0.0,0.0,0.0,0.0,0.0,0.0,0.0,0.0,0.0,0.0,0.0,0.0,0.0,0.0,0.0,0.0,0.0,0.0,0.0,0.0,0.0,0.0,0.0,0.0,0.0,0.0,0.0,0.0,0.0,0.0,0.0,0.0,6.0,4.0,2.0,0.0,0.0,0.0,0.0,0.0,0.0,0.0,0.0,0.0,0.0,0.0,0.0,0.0,0.0,0.0,0.0,0.0,0.0,0.0,0.0,0.0,0.0,0.0,0.0,0.0,0.0,0.0,0.0,0.0,0.0,0.0,0.0,0.0,0.0,0.0,0.0,0.0,0.0,0.0,0.0,0.0,0.0,0.0,0.0,0.0,0.0,0.0,0.0,0.0,0.0,0.0,0.0,0.0,0.0,0.0,0.0,0.0,0.0,0.0,0.0,0.0,0.0,0.0,0.0,0.0,0.0,0.0,0.0,0.0,0.0,0.0,0.0,0.0,0.0,0.0,0.0,0.0,0.0,0.0,0.0,0.0,0.0,0.0,0.0,0.0,0.0,0.0,0.0,0.0,0.0,0.0,0.0,0.0,0.0,0.0,0.0,0.0,0.0,0.0,0.0,0.0,0.0,0.0,0.0,0.0,0.0,0.0,0.0,0.0,0.0,0.0,0.0,0.0,0.0,0.0,0.0,0.0,0.0,0.0,0.0,0.0,0.0,0.0,0.0,0.0,1.0,0.0,0.0,0.0,0.0,0.0,1.0,1.0,0.0
374,0,1,695,695,32,32,512,0,32,0,80,64,"void at::native::reduce_kernel<512, 1, at::native::ReduceOp<double, at::native::func_wrapper_t<double, at::native::MaxNanFunctor<double> >, unsigned int, double, 4, 4> >(at::native::ReduceOp<double, at::native::func_wrapper_t<double, at::native::MaxNanFunctor<double> >, unsigned int, double, 4, 4>)",158975212775917,158975212780407,375,2307,196757.0,1896.0,608.0,0.0,38.0,115.0,16.0,0.0,2137.0,2137.0,40.0,0.0,2.0,227869.0,0.0,0.0,4.0,6.0,5.0,6.0,12.0,12.0,8.0,9.0,14.0,8.0,0.0,14.0,12.0,0.0,0.0,0.0,0.0,0.0,0.0,0.0,0.0,0.0,0.0,0.0,0.0,0.0,0.0,0.0,0.0,0.0,0.0,0.0,0.0,0.0,0.0,0.0,0.0,0.0,0.0,0.0,0.0,0.0,0.0,0.0,0.0,0.0,0.0,0.0,0.0,0.0,0.0,0.0,0.0,0.0,0.0,0.0,0.0,0.0,0.0,0.0,0.0,0.0,0.0,0.0,0.0,0.0,0.0,0.0,0.0,0.0,0.0,0.0,0.0,0.0,0.0,0.0,0.0,0.0,0.0,0.0,0.0,0.0,0.0,0.0,0.0,0.0,0.0,0.0,0.0,0.0,0.0,0.0,0.0,0.0,0.0,0.0,0.0,0.0,0.0,0.0,0.0,0.0,0.0,0.0,0.0,0.0,0.0,0.0,0.0,0.0,0.0,0.0,0.0,0.0,0.0,0.0,0.0,0.0,0.0,0.0,0.0,0.0,0.0,4.0,4.0,2.0,0.0,0.0,0.0,1.0,0.0,0.0,0.0,0.0,0.0,0.0,0.0,0.0,0.0,0.0,0.0,0.0,0.0,0.0,0.0,0.0,0.0,0.0,0.0,0.0,0.0,0.0,0.0,0.0,0.0,0.0,0.0,0.0,0.0,0.0,0.0,0.0,0.0,0.0,0.0,0.0,0.0,0.0,0.0,0.0,0.0,0.0,0.0,0.0,0.0,0.0,0.0,0.0,0.0,0.0,0.0,0.0,0.0,0.0,0.0,0.0,0.0,0.0,0.0,0.0,0.0,0.0,0.0,0.0,0.0,0.0,0.0,0.0,0.0,0.0,0.0,0.0,0.0,0.0,0.0,0.0,0.0,0.0,0.0,0.0,0.0,0.0,0.0,0.0,0.0,0.0,0.0,0.0,0.0,0.0,0.0,0.0,0.0,0.0,0.0,0.0,0.0,0.0,0.0,0.0,0.0,0.0,0.0,0.0,0.0,0.0,0.0,0.0,0.0,0.0,0.0,0.0,0.0,0.0,0.0,0.0,0.0,0.0,0.0,0.0,0.0,0.0,0.0,0.0,0.0,0.0,0.0,1.0,1.0,0.0
375,0,1,695,695,256,256,0,0,24,0,32,64,"void at::native::vectorized_elementwise_kernel<8, at::native::ceil_kernel_cuda(at::TensorIteratorBase&)::{lambda()#1}::operator()() const::{lambda()#3}::operator()() const::{lambda(c10::Half)#1}, std::array<char*, 2ul> >(int, at::native::ceil_kernel_cuda(at::TensorIteratorBase&)::{lambda()#1}::operator()() const::{lambda()#3}::operator()() const::{lambda(c10::Half)#1}, std::array<char*, 2ul>)",158975243136913,158975243139078,376,2501,157614.0,1896.0,608.0,0.0,136.0,272.0,8.0,0.0,993.0,993.0,0.0,0.0,1.0,212012.0,0.0,0.0,4.0,4.0,0.0,0.0,1.0,0.0,4.0,4.0,0.0,1.0,0.0,0.0,0.0,0.0,0.0,0.0,0.0,0.0,0.0,0.0,0.0,0.0,0.0,0.0,0.0,0.0,0.0,0.0,0.0,0.0,0.0,0.0,0.0,0.0,0.0,0.0,0.0,0.0,0.0,0.0,0.0,0.0,0.0,0.0,0.0,0.0,0.0,0.0,0.0,0.0,0.0,0.0,0.0,0.0,0.0,0.0,0.0,0.0,0.0,0.0,0.0,0.0,0.0,0.0,0.0,0.0,0.0,0.0,0.0,0.0,0.0,0.0,0.0,0.0,0.0,0.0,0.0,0.0,0.0,0.0,0.0,0.0,0.0,0.0,0.0,0.0,0.0,0.0,0.0,0.0,0.0,0.0,0.0,0.0,0.0,0.0,0.0,0.0,0.0,0.0,0.0,0.0,0.0,0.0,0.0,0.0,0.0,0.0,0.0,0.0,0.0,0.0,0.0,0.0,0.0,0.0,0.0,0.0,0.0,0.0,0.0,0.0,4.0,4.0,4.0,5.0,0.0,0.0,0.0,0.0,0.0,0.0,0.0,0.0,0.0,0.0,0.0,0.0,0.0,0.0,1.0,0.0,0.0,0.0,0.0,0.0,0.0,0.0,0.0,0.0,0.0,0.0,0.0,0.0,0.0,0.0,0.0,0.0,0.0,0.0,0.0,0.0,0.0,0.0,0.0,0.0,0.0,0.0,0.0,0.0,0.0,0.0,0.0,0.0,0.0,0.0,0.0,0.0,0.0,0.0,0.0,0.0,0.0,0.0,0.0,0.0,0.0,0.0,0.0,0.0,0.0,0.0,0.0,0.0,0.0,0.0,0.0,0.0,0.0,0.0,0.0,0.0,0.0,0.0,0.0,0.0,0.0,0.0,0.0,0.0,0.0,0.0,0.0,0.0,0.0,0.0,0.0,0.0,0.0,0.0,0.0,0.0,0.0,0.0,0.0,0.0,0.0,0.0,0.0,0.0,0.0,0.0,0.0,0.0,0.0,0.0,0.0,0.0,0.0,0.0,0.0,0.0,0.0,0.0,0.0,0.0,0.0,0.0,0.0,0.0,0.0,0.0,0.0,0.0,0.0,0.0,0.0,1.0,1.0,2.0
376,0,1,695,695,256,256,0,0,40,0,32,64,"void at::native::vectorized_elementwise_kernel<8, at::native::BinaryFunctor<c10::Half, c10::Half, bool, at::native::(anonymous namespace)::CompareEqFunctor<c10::Half> >, std::array<char*, 3ul> >(int, at::native::BinaryFunctor<c10::Half, c10::Half, bool, at::native::(anonymous namespace)::CompareEqFunctor<c10::Half> >, std::array<char*, 3ul>)",158975243549729,158975243552094,377,617,156014.0,1896.0,608.0,0.0,136.0,280.0,12.0,0.0,2043.0,2043.0,0.0,0.0,2.0,200136.0,0.0,0.0,4.0,4.0,4.0,4.0,4.0,4.0,5.0,4.0,4.0,4.0,0.0,1.0,5.0,0.0,0.0,0.0,0.0,0.0,0.0,0.0,0.0,0.0,0.0,0.0,0.0,0.0,0.0,0.0,0.0,0.0,0.0,0.0,0.0,0.0,0.0,0.0,0.0,0.0,0.0,0.0,0.0,0.0,0.0,0.0,0.0,0.0,0.0,0.0,0.0,0.0,0.0,0.0,0.0,0.0,0.0,0.0,0.0,0.0,0.0,0.0,0.0,0.0,0.0,0.0,0.0,0.0,0.0,0.0,0.0,0.0,0.0,0.0,0.0,0.0,0.0,0.0,0.0,0.0,0.0,0.0,0.0,0.0,0.0,0.0,0.0,0.0,0.0,0.0,0.0,0.0,0.0,0.0,0.0,0.0,0.0,0.0,0.0,0.0,0.0,0.0,0.0,0.0,0.0,0.0,0.0,0.0,0.0,0.0,0.0,0.0,0.0,0.0,0.0,0.0,0.0,0.0,0.0,0.0,0.0,0.0,0.0,0.0,4.0,4.0,4.0,5.0,0.0,0.0,0.0,0.0,0.0,0.0,0.0,0.0,0.0,0.0,0.0,1.0,0.0,0.0,0.0,0.0,0.0,0.0,0.0,0.0,0.0,0.0,0.0,0.0,0.0,0.0,0.0,0.0,0.0,0.0,0.0,0.0,0.0,0.0,0.0,0.0,0.0,0.0,0.0,0.0,0.0,0.0,0.0,0.0,0.0,0.0,0.0,0.0,0.0,0.0,0.0,0.0,0.0,0.0,0.0,0.0,0.0,0.0,0.0,0.0,0.0,0.0,0.0,0.0,0.0,0.0,0.0,0.0,0.0,0.0,0.0,0.0,0.0,0.0,0.0,0.0,0.0,0.0,0.0,0.0,0.0,0.0,0.0,0.0,0.0,0.0,0.0,0.0,0.0,0.0,0.0,0.0,0.0,0.0,0.0,0.0,0.0,0.0,0.0,0.0,0.0,0.0,0.0,0.0,0.0,0.0,0.0,0.0,0.0,0.0,0.0,0.0,0.0,0.0,0.0,0.0,0.0,0.0,0.0,0.0,0.0,0.0,0.0,0.0,0.0,0.0,0.0,0.0,0.0,0.0,0.0,1.0,1.0,3.0
377,0,1,695,695,512,512,0,0,16,0,32,64,__amd_rocclr_copyBuffer,158975243952522,158975243955369,378,23,255567.0,2608.0,608.0,0.0,33.0,95.0,0.0,0.0,2710.0,2710.0,0.0,0.0,1.0,207429.0,0.0,0.0,4.0,3.0,4.0,4.0,0.0,1.0,0.0,0.0,1.0,1.0,0.0,0.0,0.0,0.0,0.0,0.0,0.0,0.0,0.0,0.0,0.0,0.0,0.0,0.0,0.0,0.0,0.0,0.0,0.0,0.0,0.0,0.0,0.0,0.0,0.0,0.0,0.0,0.0,0.0,0.0,0.0,0.0,0.0,0.0,0.0,0.0,0.0,0.0,0.0,0.0,0.0,0.0,0.0,0.0,0.0,0.0,0.0,0.0,0.0,0.0,0.0,0.0,0.0,0.0,0.0,0.0,0.0,0.0,0.0,0.0,0.0,0.0,0.0,0.0,0.0,0.0,0.0,0.0,0.0,0.0,0.0,0.0,0.0,0.0,0.0,0.0,0.0,0.0,0.0,0.0,0.0,0.0,0.0,0.0,0.0,0.0,0.0,0.0,0.0,0.0,0.0,0.0,0.0,0.0,0.0,0.0,0.0,0.0,0.0,0.0,0.0,0.0,0.0,0.0,0.0,0.0,0.0,0.0,0.0,0.0,0.0,0.0,4.0,4.0,0.0,0.0,0.0,0.0,0.0,0.0,0.0,0.0,0.0,0.0,0.0,0.0,0.0,0.0,0.0,0.0,1.0,0.0,0.0,0.0,0.0,0.0,0.0,0.0,0.0,0.0,0.0,0.0,0.0,0.0,0.0,0.0,0.0,0.0,0.0,0.0,0.0,0.0,0.0,0.0,0.0,0.0,0.0,0.0,0.0,0.0,0.0,0.0,0.0,0.0,0.0,0.0,0.0,0.0,0.0,0.0,0.0,0.0,0.0,0.0,0.0,0.0,0.0,0.0,0.0,0.0,0.0,0.0,0.0,0.0,0.0,0.0,0.0,0.0,0.0,0.0,0.0,0.0,0.0,0.0,0.0,0.0,0.0,0.0,0.0,0.0,0.0,0.0,0.0,0.0,0.0,0.0,0.0,0.0,0.0,0.0,0.0,0.0,0.0,0.0,0.0,0.0,0.0,0.0,0.0,0.0,0.0,0.0,0.0,0.0,0.0,0.0,0.0,0.0,0.0,0.0,0.0,0.0,0.0,0.0,0.0,0.0,0.0,0.0,0.0,0.0,0.0,0.0,0.0,0.0,0.0,0.0,0.0,1.0,2.0,2.0
378,0,1,695,695,256,256,0,0,76,4,32,64,"void at::native::vectorized_elementwise_kernel<4, at::native::BinaryFunctor<double, double, double, at::native::binary_internal::DivFunctor<double> >, std::array<char*, 3ul> >(int, at::native::BinaryFunctor<double, double, double, at::native::binary_internal::DivFunctor<double> >, std::array<char*, 3ul>)",158975272818457,158975272820903,379,2669,161481.0,1896.0,608.0,0.0,136.0,272.0,12.0,0.0,2163.0,2163.0,0.0,0.0,2.0,213693.0,0.0,0.0,4.0,5.0,4.0,4.0,8.0,8.0,4.0,5.0,1.0,0.0,0.0,1.0,4.0,0.0,0.0,0.0,0.0,0.0,0.0,0.0,0.0,0.0,0.0,0.0,0.0,0.0,0.0,0.0,0.0,0.0,0.0,0.0,0.0,0.0,0.0,0.0,0.0,0.0,0.0,0.0,0.0,0.0,0.0,0.0,0.0,0.0,0.0,0.0,0.0,0.0,0.0,0.0,0.0,0.0,0.0,0.0,0.0,0.0,0.0,0.0,0.0,0.0,0.0,0.0,0.0,0.0,0.0,0.0,0.0,0.0,0.0,0.0,0.0,0.0,0.0,0.0,0.0,0.0,0.0,0.0,0.0,0.0,0.0,0.0,0.0,0.0,0.0,0.0,0.0,0.0,0.0,0.0,0.0,0.0,0.0,0.0,0.0,0.0,0.0,0.0,0.0,0.0,0.0,0.0,0.0,0.0,0.0,0.0,0.0,0.0,0.0,0.0,0.0,0.0,0.0,0.0,0.0,0.0,0.0,0.0,0.0,0.0,4.0,5.0,4.0,4.0,0.0,0.0,0.0,0.0,0.0,0.0,0.0,0.0,0.0,0.0,0.0,0.0,0.0,0.0,1.0,0.0,0.0,0.0,0.0,0.0,0.0,0.0,0.0,0.0,0.0,0.0,0.0,0.0,0.0,0.0,0.0,0.0,0.0,0.0,0.0,0.0,0.0,0.0,0.0,0.0,0.0,0.0,0.0,0.0,0.0,0.0,0.0,0.0,0.0,0.0,0.0,0.0,0.0,0.0,0.0,0.0,0.0,0.0,0.0,0.0,0.0,0.0,0.0,0.0,0.0,0.0,0.0,0.0,0.0,0.0,0.0,0.0,0.0,0.0,0.0,0.0,0.0,0.0,0.0,0.0,0.0,0.0,0.0,0.0,0.0,0.0,0.0,0.0,0.0,0.0,0.0,0.0,0.0,0.0,0.0,0.0,0.0,0.0,0.0,0.0,0.0,0.0,0.0,0.0,0.0,0.0,0.0,0.0,0.0,0.0,0.0,0.0,0.0,0.0,0.0,0.0,0.0,0.0,0.0,0.0,0.0,0.0,0.0,0.0,0.0,0.0,0.0,0.0,0.0,0.0,0.0,1.0,1.0,0.0
379,0,1,695,695,256,256,0,0,40,0,64,64,"void at::native::vectorized_elementwise_kernel<4, at::native::compare_scalar_kernel<double>(at::TensorIteratorBase&, at::native::(anonymous namespace)::OpType, double)::{lambda(double)#1}, std::array<char*, 2ul> >(int, at::native::compare_scalar_kernel<double>(at::TensorIteratorBase&, at::native::(anonymous namespace)::OpType, double)::{lambda(double)#1}, std::array<char*, 2ul>)",158975291482223,158975291485511,380,2937,169844.0,1896.0,608.0,0.0,209.0,413.0,16.0,0.0,900.0,900.0,0.0,0.0,1.0,208047.0,0.0,0.0,4.0,4.0,4.0,4.0,8.0,8.0,12.0,11.0,4.0,4.0,0.0,5.0,9.0,0.0,0.0,0.0,0.0,0.0,0.0,0.0,0.0,0.0,0.0,0.0,0.0,0.0,0.0,0.0,0.0,0.0,0.0,0.0,0.0,0.0,0.0,0.0,0.0,0.0,0.0,0.0,0.0,0.0,0.0,0.0,0.0,0.0,0.0,0.0,0.0,0.0,0.0,0.0,0.0,0.0,0.0,0.0,0.0,0.0,0.0,0.0,0.0,0.0,0.0,0.0,0.0,0.0,0.0,0.0,0.0,0.0,0.0,0.0,0.0,0.0,0.0,0.0,0.0,0.0,0.0,0.0,0.0,0.0,0.0,0.0,0.0,0.0,0.0,0.0,0.0,0.0,0.0,0.0,0.0,0.0,0.0,0.0,0.0,0.0,0.0,0.0,0.0,0.0,0.0,0.0,0.0,0.0,0.0,0.0,0.0,0.0,0.0,0.0,0.0,0.0,0.0,0.0,0.0,0.0,0.0,0.0,0.0,0.0,3.0,4.0,4.0,4.0,0.0,0.0,0.0,0.0,0.0,0.0,0.0,0.0,0.0,0.0,0.0,1.0,0.0,0.0,0.0,0.0,0.0,0.0,0.0,0.0,0.0,0.0,0.0,0.0,0.0,0.0,0.0,0.0,0.0,0.0,0.0,0.0,0.0,0.0,0.0,0.0,0.0,0.0,0.0,0.0,0.0,0.0,0.0,0.0,0.0,0.0,0.0,0.0,0.0,0.0,0.0,0.0,0.0,0.0,0.0,0.0,0.0,0.0,0.0,0.0,0.0,0.0,0.0,0.0,0.0,0.0,0.0,0.0,0.0,0.0,0.0,0.0,0.0,0.0,0.0,0.0,0.0,0.0,0.0,0.0,0.0,0.0,0.0,0.0,0.0,0.0,0.0,0.0,0.0,0.0,0.0,0.0,0.0,0.0,0.0,0.0,0.0,0.0,0.0,0.0,0.0,0.0,0.0,0.0,0.0,0.0,0.0,0.0,0.0,0.0,0.0,0.0,0.0,0.0,0.0,0.0,0.0,0.0,0.0,0.0,0.0,0.0,0.0,0.0,0.0,0.0,0.0,0.0,0.0,0.0,0.0,1.0,1.0,1.0
380,0,1,695,695,512,512,0,0,16,0,32,64,__amd_rocclr_copyBuffer,158975291894077,158975291896563,381,23,236440.0,1184.0,608.0,0.0,33.0,95.0,0.0,0.0,1865.0,1865.0,0.0,0.0,1.0,202033.0,0.0,0.0,4.0,3.0,4.0,4.0,0.0,0.0,0.0,0.0,0.0,1.0,0.0,0.0,0.0,0.0,0.0,0.0,0.0,0.0,0.0,0.0,0.0,0.0,0.0,0.0,0.0,0.0,0.0,0.0,0.0,0.0,0.0,0.0,0.0,0.0,0.0,0.0,0.0,0.0,0.0,0.0,0.0,0.0,0.0,0.0,0.0,0.0,0.0,0.0,0.0,0.0,0.0,0.0,0.0,0.0,0.0,0.0,0.0,0.0,0.0,0.0,0.0,0.0,0.0,0.0,0.0,0.0,0.0,0.0,0.0,0.0,0.0,0.0,0.0,0.0,0.0,0.0,0.0,0.0,0.0,0.0,0.0,0.0,0.0,0.0,0.0,0.0,0.0,0.0,0.0,0.0,0.0,0.0,0.0,0.0,0.0,0.0,0.0,0.0,0.0,0.0,0.0,0.0,0.0,0.0,0.0,0.0,0.0,0.0,0.0,0.0,0.0,0.0,0.0,0.0,0.0,0.0,0.0,0.0,0.0,0.0,0.0,0.0,4.0,4.0,0.0,0.0,0.0,0.0,0.0,0.0,0.0,0.0,0.0,0.0,0.0,0.0,0.0,0.0,0.0,0.0,1.0,0.0,0.0,0.0,0.0,0.0,0.0,0.0,0.0,0.0,0.0,0.0,0.0,0.0,0.0,0.0,0.0,0.0,0.0,0.0,0.0,0.0,0.0,0.0,0.0,0.0,0.0,0.0,0.0,0.0,0.0,0.0,0.0,0.0,0.0,0.0,0.0,0.0,0.0,0.0,0.0,0.0,0.0,0.0,0.0,0.0,0.0,0.0,0.0,0.0,0.0,0.0,0.0,0.0,0.0,0.0,0.0,0.0,0.0,0.0,0.0,0.0,0.0,0.0,0.0,0.0,0.0,0.0,0.0,0.0,0.0,0.0,0.0,0.0,0.0,0.0,0.0,0.0,0.0,0.0,0.0,0.0,0.0,0.0,0.0,0.0,0.0,0.0,0.0,0.0,0.0,0.0,0.0,0.0,0.0,0.0,0.0,0.0,0.0,0.0,0.0,0.0,0.0,0.0,0.0,0.0,0.0,0.0,0.0,0.0,0.0,0.0,0.0,0.0,0.0,0.0,0.0,1.0,2.0,2.0
381,0,1,695,695,256,256,0,0,40,0,64,64,"void at::native::vectorized_elementwise_kernel<4, at::native::compare_scalar_kernel<double>(at::TensorIteratorBase&, at::native::(anonymous namespace)::OpType, double)::{lambda(double)#1}, std::array<char*, 2ul> >(int, at::native::compare_scalar_kernel<double>(at::TensorIteratorBase&, at::native::(anonymous namespace)::OpType, double)::{lambda(double)#1}, std::array<char*, 2ul>)",158975292298875,158975292302323,382,2937,173118.0,1184.0,608.0,0.0,209.0,413.0,16.0,0.0,1203.0,1203.0,0.0,0.0,1.0,200029.0,0.0,0.0,4.0,5.0,4.0,4.0,9.0,8.0,12.0,10.0,4.0,4.0,0.0,5.0,8.0,0.0,0.0,0.0,0.0,0.0,0.0,0.0,0.0,0.0,0.0,0.0,0.0,0.0,0.0,0.0,0.0,0.0,0.0,0.0,0.0,0.0,0.0,0.0,0.0,0.0,0.0,0.0,0.0,0.0,0.0,0.0,0.0,0.0,0.0,0.0,0.0,0.0,0.0,0.0,0.0,0.0,0.0,0.0,0.0,0.0,0.0,0.0,0.0,0.0,0.0,0.0,0.0,0.0,0.0,0.0,0.0,0.0,0.0,0.0,0.0,0.0,0.0,0.0,0.0,0.0,0.0,0.0,0.0,0.0,0.0,0.0,0.0,0.0,0.0,0.0,0.0,0.0,0.0,0.0,0.0,0.0,0.0,0.0,0.0,0.0,0.0,0.0,0.0,0.0,0.0,0.0,0.0,0.0,0.0,0.0,0.0,0.0,0.0,0.0,0.0,0.0,0.0,0.0,0.0,0.0,0.0,0.0,0.0,0.0,3.0,4.0,4.0,4.0,0.0,0.0,0.0,0.0,0.0,0.0,0.0,0.0,0.0,0.0,0.0,0.0,0.0,0.0,1.0,0.0,0.0,0.0,0.0,0.0,0.0,0.0,0.0,0.0,0.0,0.0,0.0,0.0,0.0,0.0,0.0,0.0,0.0,0.0,0.0,0.0,0.0,0.0,0.0,0.0,0.0,0.0,0.0,0.0,0.0,0.0,0.0,0.0,0.0,0.0,0.0,0.0,0.0,0.0,0.0,0.0,0.0,0.0,0.0,0.0,0.0,0.0,0.0,0.0,0.0,0.0,0.0,0.0,0.0,0.0,0.0,0.0,0.0,0.0,0.0,0.0,0.0,0.0,0.0,0.0,0.0,0.0,0.0,0.0,0.0,0.0,0.0,0.0,0.0,0.0,0.0,0.0,0.0,0.0,0.0,0.0,0.0,0.0,0.0,0.0,0.0,0.0,0.0,0.0,0.0,0.0,0.0,0.0,0.0,0.0,0.0,0.0,0.0,0.0,0.0,0.0,0.0,0.0,0.0,0.0,0.0,0.0,0.0,0.0,0.0,0.0,0.0,0.0,0.0,0.0,0.0,1.0,1.0,1.0
382,0,1,695,695,512,512,0,0,16,0,32,64,__amd_rocclr_copyBuffer,158975292702470,158975292705076,383,23,222447.0,1184.0,608.0,0.0,33.0,95.0,0.0,0.0,2002.0,2002.0,0.0,0.0,1.0,200331.0,0.0,0.0,4.0,3.0,4.0,4.0,0.0,0.0,0.0,0.0,0.0,0.0,0.0,0.0,1.0,0.0,0.0,0.0,0.0,0.0,0.0,0.0,0.0,0.0,0.0,0.0,0.0,0.0,0.0,0.0,0.0,0.0,0.0,0.0,0.0,0.0,0.0,0.0,0.0,0.0,0.0,0.0,0.0,0.0,0.0,0.0,0.0,0.0,0.0,0.0,0.0,0.0,0.0,0.0,0.0,0.0,0.0,0.0,0.0,0.0,0.0,0.0,0.0,0.0,0.0,0.0,0.0,0.0,0.0,0.0,0.0,0.0,0.0,0.0,0.0,0.0,0.0,0.0,0.0,0.0,0.0,0.0,0.0,0.0,0.0,0.0,0.0,0.0,0.0,0.0,0.0,0.0,0.0,0.0,0.0,0.0,0.0,0.0,0.0,0.0,0.0,0.0,0.0,0.0,0.0,0.0,0.0,0.0,0.0,0.0,0.0,0.0,0.0,0.0,0.0,0.0,0.0,0.0,0.0,0.0,0.0,0.0,0.0,0.0,4.0,4.0,0.0,0.0,0.0,0.0,0.0,0.0,0.0,0.0,0.0,0.0,0.0,0.0,0.0,0.0,0.0,0.0,1.0,0.0,0.0,0.0,0.0,0.0,0.0,0.0,0.0,0.0,0.0,0.0,0.0,0.0,0.0,0.0,0.0,0.0,0.0,0.0,0.0,0.0,0.0,0.0,0.0,0.0,0.0,0.0,0.0,0.0,0.0,0.0,0.0,0.0,0.0,0.0,0.0,0.0,0.0,0.0,0.0,0.0,0.0,0.0,0.0,0.0,0.0,0.0,0.0,0.0,0.0,0.0,0.0,0.0,0.0,0.0,0.0,0.0,0.0,0.0,0.0,0.0,0.0,0.0,0.0,0.0,0.0,0.0,0.0,0.0,0.0,0.0,0.0,0.0,0.0,0.0,0.0,0.0,0.0,0.0,0.0,0.0,0.0,0.0,0.0,0.0,0.0,0.0,0.0,0.0,0.0,0.0,0.0,0.0,0.0,0.0,0.0,0.0,0.0,0.0,0.0,0.0,0.0,0.0,0.0,0.0,0.0,0.0,0.0,0.0,0.0,0.0,0.0,0.0,0.0,0.0,0.0,1.0,2.0,2.0
383,0,1,695,695,256,256,0,0,40,0,64,64,"void at::native::vectorized_elementwise_kernel<4, at::native::compare_scalar_kernel<double>(at::TensorIteratorBase&, at::native::(anonymous namespace)::OpType, double)::{lambda(double)#1}, std::array<char*, 2ul> >(int, at::native::compare_scalar_kernel<double>(at::TensorIteratorBase&, at::native::(anonymous namespace)::OpType, double)::{lambda(double)#1}, std::array<char*, 2ul>)",158975293108190,158975293111638,384,2937,171248.0,1184.0,608.0,0.0,211.0,413.0,16.0,0.0,1211.0,1211.0,0.0,0.0,1.0,204168.0,0.0,0.0,4.0,4.0,4.0,4.0,8.0,9.0,12.0,10.0,4.0,4.0,0.0,5.0,8.0,0.0,0.0,0.0,0.0,0.0,0.0,0.0,0.0,0.0,0.0,0.0,0.0,0.0,0.0,0.0,0.0,0.0,0.0,0.0,0.0,0.0,0.0,0.0,0.0,0.0,0.0,0.0,0.0,0.0,0.0,0.0,0.0,0.0,0.0,0.0,0.0,0.0,0.0,0.0,0.0,0.0,0.0,0.0,0.0,0.0,0.0,0.0,0.0,0.0,0.0,0.0,0.0,0.0,0.0,0.0,0.0,0.0,0.0,0.0,0.0,0.0,0.0,0.0,0.0,0.0,0.0,0.0,0.0,0.0,0.0,0.0,0.0,0.0,0.0,0.0,0.0,0.0,0.0,0.0,0.0,0.0,0.0,0.0,0.0,0.0,0.0,0.0,0.0,0.0,0.0,0.0,0.0,0.0,0.0,0.0,0.0,0.0,0.0,0.0,0.0,0.0,0.0,0.0,0.0,0.0,0.0,0.0,0.0,0.0,3.0,5.0,4.0,4.0,0.0,0.0,0.0,0.0,0.0,0.0,0.0,0.0,0.0,0.0,0.0,0.0,0.0,0.0,1.0,0.0,0.0,0.0,0.0,0.0,0.0,0.0,0.0,0.0,0.0,0.0,0.0,0.0,0.0,0.0,0.0,0.0,0.0,0.0,0.0,0.0,0.0,0.0,0.0,0.0,0.0,0.0,0.0,0.0,0.0,0.0,0.0,0.0,0.0,0.0,0.0,0.0,0.0,0.0,0.0,0.0,0.0,0.0,0.0,0.0,0.0,0.0,0.0,0.0,0.0,0.0,0.0,0.0,0.0,0.0,0.0,0.0,0.0,0.0,0.0,0.0,0.0,0.0,0.0,0.0,0.0,0.0,0.0,0.0,0.0,0.0,0.0,0.0,0.0,0.0,0.0,0.0,0.0,0.0,0.0,0.0,0.0,0.0,0.0,0.0,0.0,0.0,0.0,0.0,0.0,0.0,0.0,0.0,0.0,0.0,0.0,0.0,0.0,0.0,0.0,0.0,0.0,0.0,0.0,0.0,0.0,0.0,0.0,0.0,0.0,0.0,0.0,0.0,0.0,0.0,0.0,1.0,1.0,1.0
384,0,1,695,695,512,512,0,0,16,0,32,64,__amd_rocclr_copyBuffer,158975293513950,158975293516516,385,23,259476.0,1184.0,608.0,0.0,33.0,95.0,0.0,0.0,1881.0,1881.0,0.0,0.0,1.0,205458.0,0.0,0.0,4.0,3.0,4.0,4.0,0.0,0.0,0.0,0.0,0.0,0.0,0.0,0.0,1.0,0.0,0.0,0.0,0.0,0.0,0.0,0.0,0.0,0.0,0.0,0.0,0.0,0.0,0.0,0.0,0.0,0.0,0.0,0.0,0.0,0.0,0.0,0.0,0.0,0.0,0.0,0.0,0.0,0.0,0.0,0.0,0.0,0.0,0.0,0.0,0.0,0.0,0.0,0.0,0.0,0.0,0.0,0.0,0.0,0.0,0.0,0.0,0.0,0.0,0.0,0.0,0.0,0.0,0.0,0.0,0.0,0.0,0.0,0.0,0.0,0.0,0.0,0.0,0.0,0.0,0.0,0.0,0.0,0.0,0.0,0.0,0.0,0.0,0.0,0.0,0.0,0.0,0.0,0.0,0.0,0.0,0.0,0.0,0.0,0.0,0.0,0.0,0.0,0.0,0.0,0.0,0.0,0.0,0.0,0.0,0.0,0.0,0.0,0.0,0.0,0.0,0.0,0.0,0.0,0.0,0.0,0.0,0.0,0.0,4.0,4.0,0.0,0.0,0.0,0.0,0.0,0.0,0.0,0.0,0.0,0.0,0.0,0.0,0.0,0.0,0.0,0.0,1.0,0.0,0.0,0.0,0.0,0.0,0.0,0.0,0.0,0.0,0.0,0.0,0.0,0.0,0.0,0.0,0.0,0.0,0.0,0.0,0.0,0.0,0.0,0.0,0.0,0.0,0.0,0.0,0.0,0.0,0.0,0.0,0.0,0.0,0.0,0.0,0.0,0.0,0.0,0.0,0.0,0.0,0.0,0.0,0.0,0.0,0.0,0.0,0.0,0.0,0.0,0.0,0.0,0.0,0.0,0.0,0.0,0.0,0.0,0.0,0.0,0.0,0.0,0.0,0.0,0.0,0.0,0.0,0.0,0.0,0.0,0.0,0.0,0.0,0.0,0.0,0.0,0.0,0.0,0.0,0.0,0.0,0.0,0.0,0.0,0.0,0.0,0.0,0.0,0.0,0.0,0.0,0.0,0.0,0.0,0.0,0.0,0.0,0.0,0.0,0.0,0.0,0.0,0.0,0.0,0.0,0.0,0.0,0.0,0.0,0.0,0.0,0.0,0.0,0.0,0.0,0.0,1.0,2.0,2.0
385,0,1,695,695,512,512,0,0,16,0,32,64,__amd_rocclr_copyBuffer,158975293922075,158975293925483,386,23,252251.0,1184.0,608.0,0.0,34.0,104.0,0.0,0.0,5758.0,5758.0,0.0,0.0,2.0,201240.0,0.0,0.0,4.0,3.0,4.0,4.0,0.0,1.0,0.0,0.0,1.0,0.0,0.0,0.0,0.0,0.0,0.0,0.0,0.0,0.0,0.0,0.0,0.0,0.0,0.0,0.0,0.0,0.0,0.0,0.0,0.0,0.0,0.0,0.0,0.0,0.0,0.0,0.0,0.0,0.0,0.0,0.0,0.0,0.0,0.0,0.0,0.0,0.0,0.0,0.0,0.0,0.0,0.0,0.0,0.0,0.0,0.0,0.0,0.0,0.0,0.0,0.0,0.0,0.0,0.0,0.0,0.0,0.0,0.0,0.0,0.0,0.0,0.0,0.0,0.0,0.0,0.0,0.0,0.0,0.0,0.0,0.0,0.0,0.0,0.0,0.0,0.0,0.0,0.0,0.0,0.0,0.0,0.0,0.0,0.0,0.0,0.0,0.0,0.0,0.0,0.0,0.0,0.0,0.0,0.0,0.0,0.0,0.0,0.0,0.0,0.0,0.0,0.0,0.0,0.0,0.0,0.0,0.0,0.0,0.0,0.0,0.0,0.0,0.0,4.0,4.0,0.0,1.0,0.0,0.0,0.0,0.0,0.0,0.0,0.0,0.0,0.0,0.0,0.0,0.0,0.0,0.0,0.0,0.0,0.0,0.0,0.0,0.0,0.0,0.0,0.0,0.0,0.0,0.0,0.0,0.0,0.0,0.0,0.0,0.0,0.0,0.0,0.0,0.0,0.0,0.0,0.0,0.0,0.0,0.0,0.0,0.0,0.0,0.0,0.0,0.0,0.0,0.0,0.0,0.0,0.0,0.0,0.0,0.0,0.0,0.0,0.0,0.0,0.0,0.0,0.0,0.0,0.0,0.0,0.0,0.0,0.0,0.0,0.0,0.0,0.0,0.0,0.0,0.0,0.0,0.0,0.0,0.0,0.0,0.0,0.0,0.0,0.0,0.0,0.0,0.0,0.0,0.0,0.0,0.0,0.0,0.0,0.0,0.0,0.0,0.0,0.0,0.0,0.0,0.0,0.0,0.0,0.0,0.0,0.0,0.0,0.0,0.0,0.0,0.0,0.0,0.0,0.0,0.0,0.0,0.0,0.0,0.0,0.0,0.0,0.0,0.0,0.0,0.0,2.0,0.0,0.0,0.0,0.0,2.0,2.0,4.0
386,0,1,695,695,1024,1024,0,0,16,0,32,64,__amd_rocclr_copyBuffer,158975294327755,158975294331123,387,23,252116.0,1184.0,608.0,0.0,66.0,200.0,0.0,0.0,4115.0,4115.0,0.0,0.0,2.0,208566.0,0.0,0.0,4.0,3.0,4.0,4.0,0.0,0.0,0.0,0.0,0.0,0.0,0.0,0.0,0.0,0.0,0.0,0.0,0.0,0.0,0.0,0.0,0.0,0.0,0.0,0.0,0.0,0.0,0.0,0.0,0.0,0.0,0.0,0.0,0.0,0.0,0.0,0.0,0.0,0.0,0.0,0.0,0.0,0.0,0.0,0.0,0.0,0.0,0.0,0.0,0.0,0.0,0.0,0.0,0.0,0.0,0.0,0.0,0.0,0.0,0.0,0.0,0.0,0.0,0.0,0.0,0.0,0.0,0.0,0.0,0.0,0.0,0.0,0.0,0.0,0.0,0.0,0.0,0.0,0.0,0.0,0.0,0.0,0.0,0.0,0.0,0.0,0.0,0.0,0.0,0.0,0.0,0.0,0.0,0.0,0.0,0.0,0.0,0.0,0.0,0.0,0.0,0.0,0.0,0.0,0.0,0.0,0.0,0.0,0.0,0.0,0.0,0.0,0.0,0.0,0.0,0.0,0.0,0.0,0.0,0.0,0.0,0.0,0.0,4.0,4.0,0.0,1.0,0.0,0.0,0.0,0.0,0.0,0.0,0.0,0.0,0.0,0.0,0.0,0.0,0.0,0.0,0.0,0.0,0.0,0.0,0.0,0.0,0.0,0.0,0.0,0.0,0.0,0.0,0.0,0.0,0.0,0.0,0.0,0.0,0.0,0.0,0.0,0.0,0.0,0.0,0.0,0.0,0.0,0.0,0.0,0.0,0.0,0.0,0.0,0.0,0.0,0.0,0.0,0.0,0.0,0.0,0.0,0.0,0.0,0.0,0.0,0.0,0.0,0.0,0.0,0.0,0.0,0.0,0.0,0.0,0.0,0.0,0.0,0.0,0.0,0.0,0.0,0.0,0.0,0.0,0.0,0.0,0.0,0.0,0.0,0.0,0.0,0.0,0.0,0.0,0.0,0.0,0.0,0.0,0.0,0.0,0.0,0.0,0.0,0.0,0.0,0.0,0.0,0.0,0.0,0.0,0.0,0.0,0.0,0.0,0.0,0.0,0.0,0.0,0.0,0.0,0.0,0.0,0.0,0.0,0.0,0.0,0.0,0.0,0.0,0.0,0.0,0.0,2.0,0.0,0.0,0.0,0.0,2.0,2.0,4.0
387,0,1,695,695,1024,1024,0,0,16,0,32,64,__amd_rocclr_copyBuffer,158975294735199,158975294738246,388,23,235658.0,1184.0,608.0,0.0,66.0,200.0,0.0,0.0,4228.0,4228.0,0.0,0.0,2.0,202785.0,0.0,0.0,4.0,3.0,4.0,4.0,0.0,0.0,0.0,0.0,0.0,0.0,0.0,0.0,0.0,0.0,0.0,0.0,0.0,0.0,0.0,0.0,0.0,0.0,0.0,0.0,0.0,0.0,0.0,0.0,0.0,0.0,0.0,0.0,0.0,0.0,0.0,0.0,0.0,0.0,0.0,0.0,0.0,0.0,0.0,0.0,0.0,0.0,0.0,0.0,0.0,0.0,0.0,0.0,0.0,0.0,0.0,0.0,0.0,0.0,0.0,0.0,0.0,0.0,0.0,0.0,0.0,0.0,0.0,0.0,0.0,0.0,0.0,0.0,0.0,0.0,0.0,0.0,0.0,0.0,0.0,0.0,0.0,0.0,0.0,0.0,0.0,0.0,0.0,0.0,0.0,0.0,0.0,0.0,0.0,0.0,0.0,0.0,0.0,0.0,0.0,0.0,0.0,0.0,0.0,0.0,0.0,0.0,0.0,0.0,0.0,0.0,0.0,0.0,0.0,0.0,0.0,0.0,0.0,0.0,0.0,0.0,0.0,0.0,4.0,4.0,0.0,1.0,0.0,0.0,0.0,0.0,0.0,0.0,0.0,0.0,0.0,0.0,0.0,0.0,0.0,0.0,0.0,0.0,0.0,0.0,0.0,0.0,0.0,0.0,0.0,0.0,0.0,0.0,0.0,0.0,0.0,0.0,0.0,0.0,0.0,0.0,0.0,0.0,0.0,0.0,0.0,0.0,0.0,0.0,0.0,0.0,0.0,0.0,0.0,0.0,0.0,0.0,0.0,0.0,0.0,0.0,0.0,0.0,0.0,0.0,0.0,0.0,0.0,0.0,0.0,0.0,0.0,0.0,0.0,0.0,0.0,0.0,0.0,0.0,0.0,0.0,0.0,0.0,0.0,0.0,0.0,0.0,0.0,0.0,0.0,0.0,0.0,0.0,0.0,0.0,0.0,0.0,0.0,0.0,0.0,0.0,0.0,0.0,0.0,0.0,0.0,0.0,0.0,0.0,0.0,0.0,0.0,0.0,0.0,0.0,0.0,0.0,0.0,0.0,0.0,0.0,0.0,0.0,0.0,0.0,0.0,0.0,0.0,0.0,0.0,0.0,0.0,0.0,2.0,0.0,0.0,0.0,0.0,2.0,2.0,4.0
388,0,1,695,695,1024,1024,0,0,16,0,32,64,__amd_rocclr_copyBuffer,158975295141320,158975295144487,389,23,245757.0,1184.0,608.0,0.0,66.0,200.0,0.0,0.0,4378.0,4378.0,0.0,0.0,2.0,204280.0,0.0,0.0,4.0,3.0,4.0,4.0,0.0,0.0,0.0,0.0,0.0,0.0,0.0,0.0,0.0,0.0,0.0,0.0,0.0,0.0,0.0,0.0,0.0,0.0,0.0,0.0,0.0,0.0,0.0,0.0,0.0,0.0,0.0,0.0,0.0,0.0,0.0,0.0,0.0,0.0,0.0,0.0,0.0,0.0,0.0,0.0,0.0,0.0,0.0,0.0,0.0,0.0,0.0,0.0,0.0,0.0,0.0,0.0,0.0,0.0,0.0,0.0,0.0,0.0,0.0,0.0,0.0,0.0,0.0,0.0,0.0,0.0,0.0,0.0,0.0,0.0,0.0,0.0,0.0,0.0,0.0,0.0,0.0,0.0,0.0,0.0,0.0,0.0,0.0,0.0,0.0,0.0,0.0,0.0,0.0,0.0,0.0,0.0,0.0,0.0,0.0,0.0,0.0,0.0,0.0,0.0,0.0,0.0,0.0,0.0,0.0,0.0,0.0,0.0,0.0,0.0,0.0,0.0,0.0,0.0,0.0,0.0,0.0,0.0,4.0,4.0,0.0,1.0,0.0,0.0,0.0,0.0,0.0,0.0,0.0,0.0,0.0,0.0,0.0,0.0,0.0,0.0,0.0,0.0,0.0,0.0,0.0,0.0,0.0,0.0,0.0,0.0,0.0,0.0,0.0,0.0,0.0,0.0,0.0,0.0,0.0,0.0,0.0,0.0,0.0,0.0,0.0,0.0,0.0,0.0,0.0,0.0,0.0,0.0,0.0,0.0,0.0,0.0,0.0,0.0,0.0,0.0,0.0,0.0,0.0,0.0,0.0,0.0,0.0,0.0,0.0,0.0,0.0,0.0,0.0,0.0,0.0,0.0,0.0,0.0,0.0,0.0,0.0,0.0,0.0,0.0,0.0,0.0,0.0,0.0,0.0,0.0,0.0,0.0,0.0,0.0,0.0,0.0,0.0,0.0,0.0,0.0,0.0,0.0,0.0,0.0,0.0,0.0,0.0,0.0,0.0,0.0,0.0,0.0,0.0,0.0,0.0,0.0,0.0,0.0,0.0,0.0,0.0,0.0,0.0,0.0,0.0,0.0,0.0,0.0,0.0,0.0,0.0,0.0,2.0,0.0,0.0,0.0,0.0,2.0,2.0,4.0
389,0,1,695,695,1024,1024,0,0,16,0,32,64,__amd_rocclr_copyBuffer,158975295552572,158975295555739,390,23,247623.0,1184.0,608.0,0.0,66.0,200.0,0.0,0.0,4249.0,4249.0,0.0,0.0,2.0,213497.0,0.0,0.0,4.0,3.0,4.0,4.0,0.0,0.0,0.0,0.0,0.0,0.0,0.0,0.0,0.0,0.0,0.0,0.0,0.0,0.0,0.0,0.0,0.0,0.0,0.0,0.0,0.0,0.0,0.0,0.0,0.0,0.0,0.0,0.0,0.0,0.0,0.0,0.0,0.0,0.0,0.0,0.0,0.0,0.0,0.0,0.0,0.0,0.0,0.0,0.0,0.0,0.0,0.0,0.0,0.0,0.0,0.0,0.0,0.0,0.0,0.0,0.0,0.0,0.0,0.0,0.0,0.0,0.0,0.0,0.0,0.0,0.0,0.0,0.0,0.0,0.0,0.0,0.0,0.0,0.0,0.0,0.0,0.0,0.0,0.0,0.0,0.0,0.0,0.0,0.0,0.0,0.0,0.0,0.0,0.0,0.0,0.0,0.0,0.0,0.0,0.0,0.0,0.0,0.0,0.0,0.0,0.0,0.0,0.0,0.0,0.0,0.0,0.0,0.0,0.0,0.0,0.0,0.0,0.0,0.0,0.0,0.0,0.0,0.0,4.0,4.0,0.0,1.0,0.0,0.0,0.0,0.0,0.0,0.0,0.0,0.0,0.0,0.0,0.0,0.0,0.0,0.0,0.0,0.0,0.0,0.0,0.0,0.0,0.0,0.0,0.0,0.0,0.0,0.0,0.0,0.0,0.0,0.0,0.0,0.0,0.0,0.0,0.0,0.0,0.0,0.0,0.0,0.0,0.0,0.0,0.0,0.0,0.0,0.0,0.0,0.0,0.0,0.0,0.0,0.0,0.0,0.0,0.0,0.0,0.0,0.0,0.0,0.0,0.0,0.0,0.0,0.0,0.0,0.0,0.0,0.0,0.0,0.0,0.0,0.0,0.0,0.0,0.0,0.0,0.0,0.0,0.0,0.0,0.0,0.0,0.0,0.0,0.0,0.0,0.0,0.0,0.0,0.0,0.0,0.0,0.0,0.0,0.0,0.0,0.0,0.0,0.0,0.0,0.0,0.0,0.0,0.0,0.0,0.0,0.0,0.0,0.0,0.0,0.0,0.0,0.0,0.0,0.0,0.0,0.0,0.0,0.0,0.0,0.0,0.0,0.0,0.0,0.0,0.0,2.0,0.0,0.0,0.0,0.0,2.0,2.0,4.0
390,0,1,695,695,1024,1024,0,0,16,0,32,64,__amd_rocclr_copyBuffer,158975295960056,158975295963183,391,23,258444.0,1184.0,608.0,0.0,66.0,200.0,0.0,0.0,4299.0,4299.0,0.0,0.0,2.0,196893.0,0.0,0.0,4.0,3.0,4.0,4.0,0.0,0.0,0.0,0.0,0.0,0.0,0.0,0.0,0.0,0.0,0.0,0.0,0.0,0.0,0.0,0.0,0.0,0.0,0.0,0.0,0.0,0.0,0.0,0.0,0.0,0.0,0.0,0.0,0.0,0.0,0.0,0.0,0.0,0.0,0.0,0.0,0.0,0.0,0.0,0.0,0.0,0.0,0.0,0.0,0.0,0.0,0.0,0.0,0.0,0.0,0.0,0.0,0.0,0.0,0.0,0.0,0.0,0.0,0.0,0.0,0.0,0.0,0.0,0.0,0.0,0.0,0.0,0.0,0.0,0.0,0.0,0.0,0.0,0.0,0.0,0.0,0.0,0.0,0.0,0.0,0.0,0.0,0.0,0.0,0.0,0.0,0.0,0.0,0.0,0.0,0.0,0.0,0.0,0.0,0.0,0.0,0.0,0.0,0.0,0.0,0.0,0.0,0.0,0.0,0.0,0.0,0.0,0.0,0.0,0.0,0.0,0.0,0.0,0.0,0.0,0.0,0.0,0.0,4.0,4.0,0.0,1.0,0.0,0.0,0.0,0.0,0.0,0.0,0.0,0.0,0.0,0.0,0.0,0.0,0.0,0.0,0.0,0.0,0.0,0.0,0.0,0.0,0.0,0.0,0.0,0.0,0.0,0.0,0.0,0.0,0.0,0.0,0.0,0.0,0.0,0.0,0.0,0.0,0.0,0.0,0.0,0.0,0.0,0.0,0.0,0.0,0.0,0.0,0.0,0.0,0.0,0.0,0.0,0.0,0.0,0.0,0.0,0.0,0.0,0.0,0.0,0.0,0.0,0.0,0.0,0.0,0.0,0.0,0.0,0.0,0.0,0.0,0.0,0.0,0.0,0.0,0.0,0.0,0.0,0.0,0.0,0.0,0.0,0.0,0.0,0.0,0.0,0.0,0.0,0.0,0.0,0.0,0.0,0.0,0.0,0.0,0.0,0.0,0.0,0.0,0.0,0.0,0.0,0.0,0.0,0.0,0.0,0.0,0.0,0.0,0.0,0.0,0.0,0.0,0.0,0.0,0.0,0.0,0.0,0.0,0.0,0.0,0.0,0.0,0.0,0.0,0.0,0.0,2.0,0.0,0.0,0.0,0.0,2.0,2.0,4.0
391,0,1,695,695,1024,1024,0,0,16,0,32,64,__amd_rocclr_copyBuffer,158975296368342,158975296371389,392,23,250631.0,1184.0,608.0,0.0,66.0,200.0,0.0,0.0,4435.0,4435.0,0.0,0.0,2.0,205704.0,0.0,0.0,4.0,3.0,4.0,4.0,0.0,0.0,0.0,0.0,0.0,0.0,0.0,0.0,0.0,0.0,0.0,0.0,0.0,0.0,0.0,0.0,0.0,0.0,0.0,0.0,0.0,0.0,0.0,0.0,0.0,0.0,0.0,0.0,0.0,0.0,0.0,0.0,0.0,0.0,0.0,0.0,0.0,0.0,0.0,0.0,0.0,0.0,0.0,0.0,0.0,0.0,0.0,0.0,0.0,0.0,0.0,0.0,0.0,0.0,0.0,0.0,0.0,0.0,0.0,0.0,0.0,0.0,0.0,0.0,0.0,0.0,0.0,0.0,0.0,0.0,0.0,0.0,0.0,0.0,0.0,0.0,0.0,0.0,0.0,0.0,0.0,0.0,0.0,0.0,0.0,0.0,0.0,0.0,0.0,0.0,0.0,0.0,0.0,0.0,0.0,0.0,0.0,0.0,0.0,0.0,0.0,0.0,0.0,0.0,0.0,0.0,0.0,0.0,0.0,0.0,0.0,0.0,0.0,0.0,0.0,0.0,0.0,0.0,4.0,4.0,0.0,1.0,0.0,0.0,0.0,0.0,0.0,0.0,0.0,0.0,0.0,0.0,0.0,0.0,0.0,0.0,0.0,0.0,0.0,0.0,0.0,0.0,0.0,0.0,0.0,0.0,0.0,0.0,0.0,0.0,0.0,0.0,0.0,0.0,0.0,0.0,0.0,0.0,0.0,0.0,0.0,0.0,0.0,0.0,0.0,0.0,0.0,0.0,0.0,0.0,0.0,0.0,0.0,0.0,0.0,0.0,0.0,0.0,0.0,0.0,0.0,0.0,0.0,0.0,0.0,0.0,0.0,0.0,0.0,0.0,0.0,0.0,0.0,0.0,0.0,0.0,0.0,0.0,0.0,0.0,0.0,0.0,0.0,0.0,0.0,0.0,0.0,0.0,0.0,0.0,0.0,0.0,0.0,0.0,0.0,0.0,0.0,0.0,0.0,0.0,0.0,0.0,0.0,0.0,0.0,0.0,0.0,0.0,0.0,0.0,0.0,0.0,0.0,0.0,0.0,0.0,0.0,0.0,0.0,0.0,0.0,0.0,0.0,0.0,0.0,0.0,0.0,0.0,2.0,0.0,0.0,0.0,0.0,2.0,2.0,4.0
392,0,1,695,695,1024,1024,0,0,16,0,32,64,__amd_rocclr_copyBuffer,158975296774944,158975296778071,393,23,249711.0,1184.0,608.0,0.0,66.0,200.0,0.0,0.0,4419.0,4419.0,0.0,0.0,2.0,218504.0,0.0,0.0,4.0,3.0,4.0,4.0,0.0,0.0,0.0,0.0,0.0,0.0,0.0,0.0,0.0,0.0,0.0,0.0,0.0,0.0,0.0,0.0,0.0,0.0,0.0,0.0,0.0,0.0,0.0,0.0,0.0,0.0,0.0,0.0,0.0,0.0,0.0,0.0,0.0,0.0,0.0,0.0,0.0,0.0,0.0,0.0,0.0,0.0,0.0,0.0,0.0,0.0,0.0,0.0,0.0,0.0,0.0,0.0,0.0,0.0,0.0,0.0,0.0,0.0,0.0,0.0,0.0,0.0,0.0,0.0,0.0,0.0,0.0,0.0,0.0,0.0,0.0,0.0,0.0,0.0,0.0,0.0,0.0,0.0,0.0,0.0,0.0,0.0,0.0,0.0,0.0,0.0,0.0,0.0,0.0,0.0,0.0,0.0,0.0,0.0,0.0,0.0,0.0,0.0,0.0,0.0,0.0,0.0,0.0,0.0,0.0,0.0,0.0,0.0,0.0,0.0,0.0,0.0,0.0,0.0,0.0,0.0,0.0,0.0,4.0,4.0,0.0,1.0,0.0,0.0,0.0,0.0,0.0,0.0,0.0,0.0,0.0,0.0,0.0,0.0,0.0,0.0,0.0,0.0,0.0,0.0,0.0,0.0,0.0,0.0,0.0,0.0,0.0,0.0,0.0,0.0,0.0,0.0,0.0,0.0,0.0,0.0,0.0,0.0,0.0,0.0,0.0,0.0,0.0,0.0,0.0,0.0,0.0,0.0,0.0,0.0,0.0,0.0,0.0,0.0,0.0,0.0,0.0,0.0,0.0,0.0,0.0,0.0,0.0,0.0,0.0,0.0,0.0,0.0,0.0,0.0,0.0,0.0,0.0,0.0,0.0,0.0,0.0,0.0,0.0,0.0,0.0,0.0,0.0,0.0,0.0,0.0,0.0,0.0,0.0,0.0,0.0,0.0,0.0,0.0,0.0,0.0,0.0,0.0,0.0,0.0,0.0,0.0,0.0,0.0,0.0,0.0,0.0,0.0,0.0,0.0,0.0,0.0,0.0,0.0,0.0,0.0,0.0,0.0,0.0,0.0,0.0,0.0,0.0,0.0,0.0,0.0,0.0,0.0,2.0,0.0,0.0,0.0,0.0,2.0,2.0,4.0
393,0,1,695,695,512,512,0,0,16,0,32,64,__amd_rocclr_copyBuffer,158975297186276,158975297191809,394,23,310581.0,1184.0,608.0,0.0,34.0,104.0,0.0,0.0,4264.0,4264.0,0.0,0.0,2.0,197864.0,0.0,0.0,4.0,3.0,4.0,4.0,0.0,0.0,0.0,0.0,0.0,0.0,0.0,0.0,0.0,0.0,0.0,0.0,0.0,0.0,0.0,0.0,0.0,0.0,0.0,0.0,0.0,0.0,0.0,0.0,0.0,0.0,0.0,0.0,0.0,0.0,0.0,0.0,0.0,0.0,0.0,0.0,0.0,0.0,0.0,0.0,0.0,0.0,0.0,0.0,0.0,0.0,0.0,0.0,0.0,0.0,0.0,0.0,0.0,0.0,0.0,0.0,0.0,0.0,0.0,0.0,0.0,0.0,0.0,0.0,0.0,0.0,0.0,0.0,0.0,0.0,0.0,0.0,0.0,0.0,0.0,0.0,0.0,0.0,0.0,0.0,0.0,0.0,0.0,0.0,0.0,0.0,0.0,0.0,0.0,0.0,0.0,0.0,0.0,0.0,0.0,0.0,0.0,0.0,0.0,0.0,0.0,0.0,0.0,0.0,0.0,0.0,0.0,0.0,0.0,0.0,0.0,0.0,0.0,0.0,0.0,0.0,0.0,0.0,4.0,4.0,0.0,1.0,0.0,0.0,0.0,0.0,0.0,0.0,0.0,0.0,0.0,0.0,0.0,0.0,0.0,0.0,0.0,0.0,0.0,0.0,0.0,0.0,0.0,0.0,0.0,0.0,0.0,0.0,0.0,0.0,0.0,0.0,0.0,0.0,0.0,0.0,0.0,0.0,0.0,0.0,0.0,0.0,0.0,0.0,0.0,0.0,0.0,0.0,0.0,0.0,0.0,0.0,0.0,0.0,0.0,0.0,0.0,0.0,0.0,0.0,0.0,0.0,0.0,0.0,0.0,0.0,0.0,0.0,0.0,0.0,0.0,0.0,0.0,0.0,0.0,0.0,0.0,0.0,0.0,0.0,0.0,0.0,0.0,0.0,0.0,0.0,0.0,0.0,0.0,0.0,0.0,0.0,0.0,0.0,0.0,0.0,0.0,0.0,0.0,0.0,0.0,0.0,0.0,0.0,0.0,0.0,0.0,0.0,0.0,0.0,0.0,0.0,0.0,0.0,0.0,0.0,0.0,0.0,0.0,0.0,0.0,0.0,0.0,0.0,0.0,0.0,0.0,0.0,2.0,0.0,0.0,0.0,0.0,2.0,2.0,4.0
394,0,1,695,695,1024,1024,0,0,16,0,32,64,__amd_rocclr_copyBuffer,158975297595444,158975297598491,395,23,243964.0,1184.0,608.0,0.0,66.0,200.0,0.0,0.0,4112.0,4112.0,0.0,0.0,2.0,200698.0,0.0,0.0,4.0,3.0,4.0,4.0,0.0,0.0,0.0,0.0,0.0,0.0,0.0,0.0,0.0,0.0,0.0,0.0,0.0,0.0,0.0,0.0,0.0,0.0,0.0,0.0,0.0,0.0,0.0,0.0,0.0,0.0,0.0,0.0,0.0,0.0,0.0,0.0,0.0,0.0,0.0,0.0,0.0,0.0,0.0,0.0,0.0,0.0,0.0,0.0,0.0,0.0,0.0,0.0,0.0,0.0,0.0,0.0,0.0,0.0,0.0,0.0,0.0,0.0,0.0,0.0,0.0,0.0,0.0,0.0,0.0,0.0,0.0,0.0,0.0,0.0,0.0,0.0,0.0,0.0,0.0,0.0,0.0,0.0,0.0,0.0,0.0,0.0,0.0,0.0,0.0,0.0,0.0,0.0,0.0,0.0,0.0,0.0,0.0,0.0,0.0,0.0,0.0,0.0,0.0,0.0,0.0,0.0,0.0,0.0,0.0,0.0,0.0,0.0,0.0,0.0,0.0,0.0,0.0,0.0,0.0,0.0,0.0,0.0,4.0,4.0,0.0,1.0,0.0,0.0,0.0,0.0,0.0,0.0,0.0,0.0,0.0,0.0,0.0,0.0,0.0,0.0,0.0,0.0,0.0,0.0,0.0,0.0,0.0,0.0,0.0,0.0,0.0,0.0,0.0,0.0,0.0,0.0,0.0,0.0,0.0,0.0,0.0,0.0,0.0,0.0,0.0,0.0,0.0,0.0,0.0,0.0,0.0,0.0,0.0,0.0,0.0,0.0,0.0,0.0,0.0,0.0,0.0,0.0,0.0,0.0,0.0,0.0,0.0,0.0,0.0,0.0,0.0,0.0,0.0,0.0,0.0,0.0,0.0,0.0,0.0,0.0,0.0,0.0,0.0,0.0,0.0,0.0,0.0,0.0,0.0,0.0,0.0,0.0,0.0,0.0,0.0,0.0,0.0,0.0,0.0,0.0,0.0,0.0,0.0,0.0,0.0,0.0,0.0,0.0,0.0,0.0,0.0,0.0,0.0,0.0,0.0,0.0,0.0,0.0,0.0,0.0,0.0,0.0,0.0,0.0,0.0,0.0,0.0,0.0,0.0,0.0,0.0,0.0,2.0,0.0,0.0,0.0,0.0,2.0,2.0,4.0
395,0,1,695,695,1024,1024,0,0,16,0,32,64,__amd_rocclr_copyBuffer,158975298001645,158975298004933,396,23,246536.0,1184.0,608.0,0.0,66.0,200.0,0.0,0.0,4447.0,4447.0,0.0,0.0,2.0,203231.0,0.0,0.0,4.0,3.0,4.0,4.0,0.0,0.0,0.0,0.0,0.0,0.0,0.0,0.0,0.0,0.0,0.0,0.0,0.0,0.0,0.0,0.0,0.0,0.0,0.0,0.0,0.0,0.0,0.0,0.0,0.0,0.0,0.0,0.0,0.0,0.0,0.0,0.0,0.0,0.0,0.0,0.0,0.0,0.0,0.0,0.0,0.0,0.0,0.0,0.0,0.0,0.0,0.0,0.0,0.0,0.0,0.0,0.0,0.0,0.0,0.0,0.0,0.0,0.0,0.0,0.0,0.0,0.0,0.0,0.0,0.0,0.0,0.0,0.0,0.0,0.0,0.0,0.0,0.0,0.0,0.0,0.0,0.0,0.0,0.0,0.0,0.0,0.0,0.0,0.0,0.0,0.0,0.0,0.0,0.0,0.0,0.0,0.0,0.0,0.0,0.0,0.0,0.0,0.0,0.0,0.0,0.0,0.0,0.0,0.0,0.0,0.0,0.0,0.0,0.0,0.0,0.0,0.0,0.0,0.0,0.0,0.0,0.0,0.0,4.0,4.0,0.0,1.0,0.0,0.0,0.0,0.0,0.0,0.0,0.0,0.0,0.0,0.0,0.0,0.0,0.0,0.0,0.0,0.0,0.0,0.0,0.0,0.0,0.0,0.0,0.0,0.0,0.0,0.0,0.0,0.0,0.0,0.0,0.0,0.0,0.0,0.0,0.0,0.0,0.0,0.0,0.0,0.0,0.0,0.0,0.0,0.0,0.0,0.0,0.0,0.0,0.0,0.0,0.0,0.0,0.0,0.0,0.0,0.0,0.0,0.0,0.0,0.0,0.0,0.0,0.0,0.0,0.0,0.0,0.0,0.0,0.0,0.0,0.0,0.0,0.0,0.0,0.0,0.0,0.0,0.0,0.0,0.0,0.0,0.0,0.0,0.0,0.0,0.0,0.0,0.0,0.0,0.0,0.0,0.0,0.0,0.0,0.0,0.0,0.0,0.0,0.0,0.0,0.0,0.0,0.0,0.0,0.0,0.0,0.0,0.0,0.0,0.0,0.0,0.0,0.0,0.0,0.0,0.0,0.0,0.0,0.0,0.0,0.0,0.0,0.0,0.0,0.0,0.0,2.0,0.0,0.0,0.0,0.0,2.0,2.0,4.0
396,0,1,695,695,1024,1024,0,0,16,0,32,64,__amd_rocclr_copyBuffer,158975298411294,158975298414421,397,23,240045.0,1184.0,608.0,0.0,66.0,200.0,0.0,0.0,4424.0,4424.0,0.0,0.0,2.0,203344.0,0.0,0.0,4.0,3.0,4.0,4.0,0.0,0.0,0.0,0.0,0.0,0.0,0.0,0.0,0.0,0.0,0.0,0.0,0.0,0.0,0.0,0.0,0.0,0.0,0.0,0.0,0.0,0.0,0.0,0.0,0.0,0.0,0.0,0.0,0.0,0.0,0.0,0.0,0.0,0.0,0.0,0.0,0.0,0.0,0.0,0.0,0.0,0.0,0.0,0.0,0.0,0.0,0.0,0.0,0.0,0.0,0.0,0.0,0.0,0.0,0.0,0.0,0.0,0.0,0.0,0.0,0.0,0.0,0.0,0.0,0.0,0.0,0.0,0.0,0.0,0.0,0.0,0.0,0.0,0.0,0.0,0.0,0.0,0.0,0.0,0.0,0.0,0.0,0.0,0.0,0.0,0.0,0.0,0.0,0.0,0.0,0.0,0.0,0.0,0.0,0.0,0.0,0.0,0.0,0.0,0.0,0.0,0.0,0.0,0.0,0.0,0.0,0.0,0.0,0.0,0.0,0.0,0.0,0.0,0.0,0.0,0.0,0.0,0.0,4.0,4.0,0.0,1.0,0.0,0.0,0.0,0.0,0.0,0.0,0.0,0.0,0.0,0.0,0.0,0.0,0.0,0.0,0.0,0.0,0.0,0.0,0.0,0.0,0.0,0.0,0.0,0.0,0.0,0.0,0.0,0.0,0.0,0.0,0.0,0.0,0.0,0.0,0.0,0.0,0.0,0.0,0.0,0.0,0.0,0.0,0.0,0.0,0.0,0.0,0.0,0.0,0.0,0.0,0.0,0.0,0.0,0.0,0.0,0.0,0.0,0.0,0.0,0.0,0.0,0.0,0.0,0.0,0.0,0.0,0.0,0.0,0.0,0.0,0.0,0.0,0.0,0.0,0.0,0.0,0.0,0.0,0.0,0.0,0.0,0.0,0.0,0.0,0.0,0.0,0.0,0.0,0.0,0.0,0.0,0.0,0.0,0.0,0.0,0.0,0.0,0.0,0.0,0.0,0.0,0.0,0.0,0.0,0.0,0.0,0.0,0.0,0.0,0.0,0.0,0.0,0.0,0.0,0.0,0.0,0.0,0.0,0.0,0.0,0.0,0.0,0.0,0.0,0.0,0.0,2.0,0.0,0.0,0.0,0.0,2.0,2.0,4.0
397,0,1,695,695,1024,1024,0,0,16,0,32,64,__amd_rocclr_copyBuffer,158975298818898,158975298822065,398,23,252006.0,1184.0,608.0,0.0,66.0,200.0,0.0,0.0,4301.0,4301.0,0.0,0.0,2.0,203340.0,0.0,0.0,4.0,3.0,4.0,4.0,0.0,0.0,0.0,0.0,0.0,0.0,0.0,0.0,0.0,0.0,0.0,0.0,0.0,0.0,0.0,0.0,0.0,0.0,0.0,0.0,0.0,0.0,0.0,0.0,0.0,0.0,0.0,0.0,0.0,0.0,0.0,0.0,0.0,0.0,0.0,0.0,0.0,0.0,0.0,0.0,0.0,0.0,0.0,0.0,0.0,0.0,0.0,0.0,0.0,0.0,0.0,0.0,0.0,0.0,0.0,0.0,0.0,0.0,0.0,0.0,0.0,0.0,0.0,0.0,0.0,0.0,0.0,0.0,0.0,0.0,0.0,0.0,0.0,0.0,0.0,0.0,0.0,0.0,0.0,0.0,0.0,0.0,0.0,0.0,0.0,0.0,0.0,0.0,0.0,0.0,0.0,0.0,0.0,0.0,0.0,0.0,0.0,0.0,0.0,0.0,0.0,0.0,0.0,0.0,0.0,0.0,0.0,0.0,0.0,0.0,0.0,0.0,0.0,0.0,0.0,0.0,0.0,0.0,4.0,4.0,0.0,1.0,0.0,0.0,0.0,0.0,0.0,0.0,0.0,0.0,0.0,0.0,0.0,0.0,0.0,0.0,0.0,0.0,0.0,0.0,0.0,0.0,0.0,0.0,0.0,0.0,0.0,0.0,0.0,0.0,0.0,0.0,0.0,0.0,0.0,0.0,0.0,0.0,0.0,0.0,0.0,0.0,0.0,0.0,0.0,0.0,0.0,0.0,0.0,0.0,0.0,0.0,0.0,0.0,0.0,0.0,0.0,0.0,0.0,0.0,0.0,0.0,0.0,0.0,0.0,0.0,0.0,0.0,0.0,0.0,0.0,0.0,0.0,0.0,0.0,0.0,0.0,0.0,0.0,0.0,0.0,0.0,0.0,0.0,0.0,0.0,0.0,0.0,0.0,0.0,0.0,0.0,0.0,0.0,0.0,0.0,0.0,0.0,0.0,0.0,0.0,0.0,0.0,0.0,0.0,0.0,0.0,0.0,0.0,0.0,0.0,0.0,0.0,0.0,0.0,0.0,0.0,0.0,0.0,0.0,0.0,0.0,0.0,0.0,0.0,0.0,0.0,0.0,2.0,0.0,0.0,0.0,0.0,2.0,2.0,4.0
398,0,1,695,695,1024,1024,0,0,16,0,32,64,__amd_rocclr_copyBuffer,158975299225580,158975299228627,399,23,244420.0,1184.0,608.0,0.0,66.0,200.0,0.0,0.0,4148.0,4148.0,0.0,0.0,2.0,200799.0,0.0,0.0,4.0,3.0,4.0,4.0,0.0,0.0,0.0,0.0,0.0,0.0,0.0,0.0,0.0,0.0,0.0,0.0,0.0,0.0,0.0,0.0,0.0,0.0,0.0,0.0,0.0,0.0,0.0,0.0,0.0,0.0,0.0,0.0,0.0,0.0,0.0,0.0,0.0,0.0,0.0,0.0,0.0,0.0,0.0,0.0,0.0,0.0,0.0,0.0,0.0,0.0,0.0,0.0,0.0,0.0,0.0,0.0,0.0,0.0,0.0,0.0,0.0,0.0,0.0,0.0,0.0,0.0,0.0,0.0,0.0,0.0,0.0,0.0,0.0,0.0,0.0,0.0,0.0,0.0,0.0,0.0,0.0,0.0,0.0,0.0,0.0,0.0,0.0,0.0,0.0,0.0,0.0,0.0,0.0,0.0,0.0,0.0,0.0,0.0,0.0,0.0,0.0,0.0,0.0,0.0,0.0,0.0,0.0,0.0,0.0,0.0,0.0,0.0,0.0,0.0,0.0,0.0,0.0,0.0,0.0,0.0,0.0,0.0,4.0,4.0,0.0,1.0,0.0,0.0,0.0,0.0,0.0,0.0,0.0,0.0,0.0,0.0,0.0,0.0,0.0,0.0,0.0,0.0,0.0,0.0,0.0,0.0,0.0,0.0,0.0,0.0,0.0,0.0,0.0,0.0,0.0,0.0,0.0,0.0,0.0,0.0,0.0,0.0,0.0,0.0,0.0,0.0,0.0,0.0,0.0,0.0,0.0,0.0,0.0,0.0,0.0,0.0,0.0,0.0,0.0,0.0,0.0,0.0,0.0,0.0,0.0,0.0,0.0,0.0,0.0,0.0,0.0,0.0,0.0,0.0,0.0,0.0,0.0,0.0,0.0,0.0,0.0,0.0,0.0,0.0,0.0,0.0,0.0,0.0,0.0,0.0,0.0,0.0,0.0,0.0,0.0,0.0,0.0,0.0,0.0,0.0,0.0,0.0,0.0,0.0,0.0,0.0,0.0,0.0,0.0,0.0,0.0,0.0,0.0,0.0,0.0,0.0,0.0,0.0,0.0,0.0,0.0,0.0,0.0,0.0,0.0,0.0,0.0,0.0,0.0,0.0,0.0,0.0,2.0,0.0,0.0,0.0,0.0,2.0,2.0,4.0
399,0,1,695,695,1024,1024,0,0,16,0,32,64,__amd_rocclr_copyBuffer,158975299631701,158975299634828,400,23,248501.0,1184.0,608.0,0.0,66.0,200.0,0.0,0.0,4285.0,4285.0,0.0,0.0,2.0,200266.0,0.0,0.0,4.0,3.0,4.0,4.0,0.0,0.0,0.0,0.0,0.0,0.0,0.0,0.0,0.0,0.0,0.0,0.0,0.0,0.0,0.0,0.0,0.0,0.0,0.0,0.0,0.0,0.0,0.0,0.0,0.0,0.0,0.0,0.0,0.0,0.0,0.0,0.0,0.0,0.0,0.0,0.0,0.0,0.0,0.0,0.0,0.0,0.0,0.0,0.0,0.0,0.0,0.0,0.0,0.0,0.0,0.0,0.0,0.0,0.0,0.0,0.0,0.0,0.0,0.0,0.0,0.0,0.0,0.0,0.0,0.0,0.0,0.0,0.0,0.0,0.0,0.0,0.0,0.0,0.0,0.0,0.0,0.0,0.0,0.0,0.0,0.0,0.0,0.0,0.0,0.0,0.0,0.0,0.0,0.0,0.0,0.0,0.0,0.0,0.0,0.0,0.0,0.0,0.0,0.0,0.0,0.0,0.0,0.0,0.0,0.0,0.0,0.0,0.0,0.0,0.0,0.0,0.0,0.0,0.0,0.0,0.0,0.0,0.0,4.0,4.0,0.0,1.0,0.0,0.0,0.0,0.0,0.0,0.0,0.0,0.0,0.0,0.0,0.0,0.0,0.0,0.0,0.0,0.0,0.0,0.0,0.0,0.0,0.0,0.0,0.0,0.0,0.0,0.0,0.0,0.0,0.0,0.0,0.0,0.0,0.0,0.0,0.0,0.0,0.0,0.0,0.0,0.0,0.0,0.0,0.0,0.0,0.0,0.0,0.0,0.0,0.0,0.0,0.0,0.0,0.0,0.0,0.0,0.0,0.0,0.0,0.0,0.0,0.0,0.0,0.0,0.0,0.0,0.0,0.0,0.0,0.0,0.0,0.0,0.0,0.0,0.0,0.0,0.0,0.0,0.0,0.0,0.0,0.0,0.0,0.0,0.0,0.0,0.0,0.0,0.0,0.0,0.0,0.0,0.0,0.0,0.0,0.0,0.0,0.0,0.0,0.0,0.0,0.0,0.0,0.0,0.0,0.0,0.0,0.0,0.0,0.0,0.0,0.0,0.0,0.0,0.0,0.0,0.0,0.0,0.0,0.0,0.0,0.0,0.0,0.0,0.0,0.0,0.0,2.0,0.0,0.0,0.0,0.0,2.0,2.0,4.0
400,0,1,695,695,1024,1024,0,0,16,0,32,64,__amd_rocclr_copyBuffer,158975300045319,158975300048446,401,23,256715.0,1184.0,608.0,0.0,66.0,200.0,0.0,0.0,4444.0,4444.0,0.0,0.0,2.0,209273.0,0.0,0.0,4.0,3.0,4.0,4.0,0.0,0.0,0.0,0.0,0.0,0.0,0.0,0.0,0.0,0.0,0.0,0.0,0.0,0.0,0.0,0.0,0.0,0.0,0.0,0.0,0.0,0.0,0.0,0.0,0.0,0.0,0.0,0.0,0.0,0.0,0.0,0.0,0.0,0.0,0.0,0.0,0.0,0.0,0.0,0.0,0.0,0.0,0.0,0.0,0.0,0.0,0.0,0.0,0.0,0.0,0.0,0.0,0.0,0.0,0.0,0.0,0.0,0.0,0.0,0.0,0.0,0.0,0.0,0.0,0.0,0.0,0.0,0.0,0.0,0.0,0.0,0.0,0.0,0.0,0.0,0.0,0.0,0.0,0.0,0.0,0.0,0.0,0.0,0.0,0.0,0.0,0.0,0.0,0.0,0.0,0.0,0.0,0.0,0.0,0.0,0.0,0.0,0.0,0.0,0.0,0.0,0.0,0.0,0.0,0.0,0.0,0.0,0.0,0.0,0.0,0.0,0.0,0.0,0.0,0.0,0.0,0.0,0.0,4.0,4.0,0.0,1.0,0.0,0.0,0.0,0.0,0.0,0.0,0.0,0.0,0.0,0.0,0.0,0.0,0.0,0.0,0.0,0.0,0.0,0.0,0.0,0.0,0.0,0.0,0.0,0.0,0.0,0.0,0.0,0.0,0.0,0.0,0.0,0.0,0.0,0.0,0.0,0.0,0.0,0.0,0.0,0.0,0.0,0.0,0.0,0.0,0.0,0.0,0.0,0.0,0.0,0.0,0.0,0.0,0.0,0.0,0.0,0.0,0.0,0.0,0.0,0.0,0.0,0.0,0.0,0.0,0.0,0.0,0.0,0.0,0.0,0.0,0.0,0.0,0.0,0.0,0.0,0.0,0.0,0.0,0.0,0.0,0.0,0.0,0.0,0.0,0.0,0.0,0.0,0.0,0.0,0.0,0.0,0.0,0.0,0.0,0.0,0.0,0.0,0.0,0.0,0.0,0.0,0.0,0.0,0.0,0.0,0.0,0.0,0.0,0.0,0.0,0.0,0.0,0.0,0.0,0.0,0.0,0.0,0.0,0.0,0.0,0.0,0.0,0.0,0.0,0.0,0.0,2.0,0.0,0.0,0.0,0.0,2.0,2.0,4.0
401,0,1,695,695,512,512,0,0,16,0,32,64,__amd_rocclr_copyBuffer,158975300454086,158975300457052,402,23,249273.0,1184.0,608.0,0.0,34.0,104.0,0.0,0.0,4139.0,4139.0,0.0,0.0,2.0,201168.0,0.0,0.0,4.0,3.0,4.0,4.0,0.0,0.0,0.0,0.0,0.0,0.0,0.0,0.0,0.0,0.0,0.0,0.0,0.0,0.0,0.0,0.0,0.0,0.0,0.0,0.0,0.0,0.0,0.0,0.0,0.0,0.0,0.0,0.0,0.0,0.0,0.0,0.0,0.0,0.0,0.0,0.0,0.0,0.0,0.0,0.0,0.0,0.0,0.0,0.0,0.0,0.0,0.0,0.0,0.0,0.0,0.0,0.0,0.0,0.0,0.0,0.0,0.0,0.0,0.0,0.0,0.0,0.0,0.0,0.0,0.0,0.0,0.0,0.0,0.0,0.0,0.0,0.0,0.0,0.0,0.0,0.0,0.0,0.0,0.0,0.0,0.0,0.0,0.0,0.0,0.0,0.0,0.0,0.0,0.0,0.0,0.0,0.0,0.0,0.0,0.0,0.0,0.0,0.0,0.0,0.0,0.0,0.0,0.0,0.0,0.0,0.0,0.0,0.0,0.0,0.0,0.0,0.0,0.0,0.0,0.0,0.0,0.0,0.0,4.0,4.0,0.0,1.0,0.0,0.0,0.0,0.0,0.0,0.0,0.0,0.0,0.0,0.0,0.0,0.0,0.0,0.0,0.0,0.0,0.0,0.0,0.0,0.0,0.0,0.0,0.0,0.0,0.0,0.0,0.0,0.0,0.0,0.0,0.0,0.0,0.0,0.0,0.0,0.0,0.0,0.0,0.0,0.0,0.0,0.0,0.0,0.0,0.0,0.0,0.0,0.0,0.0,0.0,0.0,0.0,0.0,0.0,0.0,0.0,0.0,0.0,0.0,0.0,0.0,0.0,0.0,0.0,0.0,0.0,0.0,0.0,0.0,0.0,0.0,0.0,0.0,0.0,0.0,0.0,0.0,0.0,0.0,0.0,0.0,0.0,0.0,0.0,0.0,0.0,0.0,0.0,0.0,0.0,0.0,0.0,0.0,0.0,0.0,0.0,0.0,0.0,0.0,0.0,0.0,0.0,0.0,0.0,0.0,0.0,0.0,0.0,0.0,0.0,0.0,0.0,0.0,0.0,0.0,0.0,0.0,0.0,0.0,0.0,0.0,0.0,0.0,0.0,0.0,0.0,2.0,0.0,0.0,0.0,0.0,2.0,2.0,4.0
402,0,1,695,695,1024,1024,0,0,16,0,32,64,__amd_rocclr_copyBuffer,158975300859324,158975300862371,403,23,248865.0,1184.0,608.0,0.0,66.0,200.0,0.0,0.0,4172.0,4172.0,0.0,0.0,2.0,205289.0,0.0,0.0,4.0,3.0,4.0,4.0,0.0,0.0,0.0,0.0,0.0,0.0,0.0,0.0,0.0,0.0,0.0,0.0,0.0,0.0,0.0,0.0,0.0,0.0,0.0,0.0,0.0,0.0,0.0,0.0,0.0,0.0,0.0,0.0,0.0,0.0,0.0,0.0,0.0,0.0,0.0,0.0,0.0,0.0,0.0,0.0,0.0,0.0,0.0,0.0,0.0,0.0,0.0,0.0,0.0,0.0,0.0,0.0,0.0,0.0,0.0,0.0,0.0,0.0,0.0,0.0,0.0,0.0,0.0,0.0,0.0,0.0,0.0,0.0,0.0,0.0,0.0,0.0,0.0,0.0,0.0,0.0,0.0,0.0,0.0,0.0,0.0,0.0,0.0,0.0,0.0,0.0,0.0,0.0,0.0,0.0,0.0,0.0,0.0,0.0,0.0,0.0,0.0,0.0,0.0,0.0,0.0,0.0,0.0,0.0,0.0,0.0,0.0,0.0,0.0,0.0,0.0,0.0,0.0,0.0,0.0,0.0,0.0,0.0,4.0,4.0,0.0,1.0,0.0,0.0,0.0,0.0,0.0,0.0,0.0,0.0,0.0,0.0,0.0,0.0,0.0,0.0,0.0,0.0,0.0,0.0,0.0,0.0,0.0,0.0,0.0,0.0,0.0,0.0,0.0,0.0,0.0,0.0,0.0,0.0,0.0,0.0,0.0,0.0,0.0,0.0,0.0,0.0,0.0,0.0,0.0,0.0,0.0,0.0,0.0,0.0,0.0,0.0,0.0,0.0,0.0,0.0,0.0,0.0,0.0,0.0,0.0,0.0,0.0,0.0,0.0,0.0,0.0,0.0,0.0,0.0,0.0,0.0,0.0,0.0,0.0,0.0,0.0,0.0,0.0,0.0,0.0,0.0,0.0,0.0,0.0,0.0,0.0,0.0,0.0,0.0,0.0,0.0,0.0,0.0,0.0,0.0,0.0,0.0,0.0,0.0,0.0,0.0,0.0,0.0,0.0,0.0,0.0,0.0,0.0,0.0,0.0,0.0,0.0,0.0,0.0,0.0,0.0,0.0,0.0,0.0,0.0,0.0,0.0,0.0,0.0,0.0,0.0,0.0,2.0,0.0,0.0,0.0,0.0,2.0,2.0,4.0
403,0,1,695,695,1024,1024,0,0,16,0,32,64,__amd_rocclr_copyBuffer,158975301267169,158975301270256,404,23,259247.0,1184.0,608.0,0.0,66.0,200.0,0.0,0.0,4301.0,4301.0,0.0,0.0,2.0,206243.0,0.0,0.0,4.0,3.0,4.0,4.0,0.0,0.0,0.0,0.0,0.0,0.0,0.0,0.0,0.0,0.0,0.0,0.0,0.0,0.0,0.0,0.0,0.0,0.0,0.0,0.0,0.0,0.0,0.0,0.0,0.0,0.0,0.0,0.0,0.0,0.0,0.0,0.0,0.0,0.0,0.0,0.0,0.0,0.0,0.0,0.0,0.0,0.0,0.0,0.0,0.0,0.0,0.0,0.0,0.0,0.0,0.0,0.0,0.0,0.0,0.0,0.0,0.0,0.0,0.0,0.0,0.0,0.0,0.0,0.0,0.0,0.0,0.0,0.0,0.0,0.0,0.0,0.0,0.0,0.0,0.0,0.0,0.0,0.0,0.0,0.0,0.0,0.0,0.0,0.0,0.0,0.0,0.0,0.0,0.0,0.0,0.0,0.0,0.0,0.0,0.0,0.0,0.0,0.0,0.0,0.0,0.0,0.0,0.0,0.0,0.0,0.0,0.0,0.0,0.0,0.0,0.0,0.0,0.0,0.0,0.0,0.0,0.0,0.0,4.0,4.0,0.0,1.0,0.0,0.0,0.0,0.0,0.0,0.0,0.0,0.0,0.0,0.0,0.0,0.0,0.0,0.0,0.0,0.0,0.0,0.0,0.0,0.0,0.0,0.0,0.0,0.0,0.0,0.0,0.0,0.0,0.0,0.0,0.0,0.0,0.0,0.0,0.0,0.0,0.0,0.0,0.0,0.0,0.0,0.0,0.0,0.0,0.0,0.0,0.0,0.0,0.0,0.0,0.0,0.0,0.0,0.0,0.0,0.0,0.0,0.0,0.0,0.0,0.0,0.0,0.0,0.0,0.0,0.0,0.0,0.0,0.0,0.0,0.0,0.0,0.0,0.0,0.0,0.0,0.0,0.0,0.0,0.0,0.0,0.0,0.0,0.0,0.0,0.0,0.0,0.0,0.0,0.0,0.0,0.0,0.0,0.0,0.0,0.0,0.0,0.0,0.0,0.0,0.0,0.0,0.0,0.0,0.0,0.0,0.0,0.0,0.0,0.0,0.0,0.0,0.0,0.0,0.0,0.0,0.0,0.0,0.0,0.0,0.0,0.0,0.0,0.0,0.0,0.0,2.0,0.0,0.0,0.0,0.0,2.0,2.0,4.0
404,0,1,695,695,1024,1024,0,0,16,0,32,64,__amd_rocclr_copyBuffer,158975301672488,158975301675615,405,23,258556.0,1184.0,7358.0,0.0,66.0,200.0,0.0,0.0,4456.0,4456.0,0.0,0.0,2.0,217146.0,0.0,0.0,4.0,3.0,4.0,4.0,0.0,0.0,0.0,0.0,0.0,0.0,1.0,0.0,1.0,0.0,0.0,0.0,0.0,0.0,0.0,0.0,1.0,0.0,0.0,0.0,1.0,0.0,0.0,0.0,0.0,0.0,0.0,0.0,0.0,0.0,0.0,0.0,1.0,0.0,0.0,0.0,0.0,0.0,0.0,0.0,0.0,0.0,0.0,0.0,0.0,0.0,0.0,1.0,0.0,0.0,0.0,0.0,0.0,0.0,0.0,1.0,0.0,0.0,0.0,1.0,0.0,0.0,0.0,0.0,0.0,0.0,0.0,0.0,1.0,0.0,0.0,0.0,0.0,0.0,0.0,0.0,0.0,0.0,0.0,0.0,0.0,0.0,1.0,0.0,0.0,1.0,0.0,0.0,0.0,0.0,0.0,0.0,0.0,0.0,0.0,0.0,0.0,0.0,0.0,1.0,1.0,0.0,0.0,0.0,0.0,0.0,0.0,0.0,1.0,0.0,0.0,0.0,1.0,0.0,0.0,0.0,0.0,0.0,4.0,4.0,1.0,1.0,0.0,0.0,0.0,0.0,0.0,0.0,0.0,0.0,0.0,0.0,0.0,0.0,0.0,0.0,0.0,0.0,0.0,0.0,0.0,0.0,0.0,0.0,0.0,0.0,0.0,0.0,0.0,0.0,0.0,0.0,0.0,0.0,0.0,0.0,0.0,0.0,0.0,0.0,0.0,0.0,0.0,0.0,0.0,0.0,0.0,0.0,0.0,0.0,0.0,0.0,0.0,0.0,0.0,0.0,0.0,0.0,0.0,0.0,0.0,0.0,0.0,0.0,0.0,0.0,0.0,0.0,0.0,0.0,0.0,0.0,0.0,0.0,0.0,0.0,0.0,0.0,0.0,0.0,0.0,0.0,0.0,0.0,0.0,0.0,0.0,0.0,0.0,0.0,0.0,0.0,0.0,0.0,0.0,0.0,0.0,0.0,0.0,0.0,0.0,0.0,0.0,0.0,0.0,0.0,0.0,0.0,0.0,0.0,0.0,0.0,0.0,0.0,0.0,0.0,0.0,0.0,0.0,0.0,0.0,0.0,0.0,0.0,0.0,0.0,0.0,0.0,2.0,0.0,0.0,0.0,0.0,2.0,2.0,4.0
405,0,1,695,695,1024,1024,0,0,16,0,32,64,__amd_rocclr_copyBuffer,158975302079130,158975302082097,406,23,249949.0,1184.0,608.0,0.0,66.0,200.0,0.0,0.0,4148.0,4148.0,0.0,0.0,2.0,205740.0,0.0,0.0,4.0,3.0,4.0,4.0,0.0,0.0,0.0,0.0,0.0,0.0,0.0,0.0,0.0,0.0,0.0,0.0,0.0,0.0,0.0,0.0,0.0,0.0,0.0,0.0,0.0,0.0,0.0,0.0,0.0,0.0,0.0,0.0,0.0,0.0,0.0,0.0,0.0,0.0,0.0,0.0,0.0,0.0,0.0,0.0,0.0,0.0,0.0,0.0,0.0,0.0,0.0,0.0,0.0,0.0,0.0,0.0,0.0,0.0,0.0,0.0,0.0,0.0,0.0,0.0,0.0,0.0,0.0,0.0,0.0,0.0,0.0,0.0,0.0,0.0,0.0,0.0,0.0,0.0,0.0,0.0,0.0,0.0,0.0,0.0,0.0,0.0,0.0,0.0,0.0,0.0,0.0,0.0,0.0,0.0,0.0,0.0,0.0,0.0,0.0,0.0,0.0,0.0,0.0,0.0,0.0,0.0,0.0,0.0,0.0,0.0,0.0,0.0,0.0,0.0,0.0,0.0,0.0,0.0,0.0,0.0,0.0,0.0,4.0,4.0,0.0,1.0,0.0,0.0,0.0,0.0,0.0,0.0,0.0,0.0,0.0,0.0,0.0,0.0,0.0,0.0,0.0,0.0,0.0,0.0,0.0,0.0,0.0,0.0,0.0,0.0,0.0,0.0,0.0,0.0,0.0,0.0,0.0,0.0,0.0,0.0,0.0,0.0,0.0,0.0,0.0,0.0,0.0,0.0,0.0,0.0,0.0,0.0,0.0,0.0,0.0,0.0,0.0,0.0,0.0,0.0,0.0,0.0,0.0,0.0,0.0,0.0,0.0,0.0,0.0,0.0,0.0,0.0,0.0,0.0,0.0,0.0,0.0,0.0,0.0,0.0,0.0,0.0,0.0,0.0,0.0,0.0,0.0,0.0,0.0,0.0,0.0,0.0,0.0,0.0,0.0,0.0,0.0,0.0,0.0,0.0,0.0,0.0,0.0,0.0,0.0,0.0,0.0,0.0,0.0,0.0,0.0,0.0,0.0,0.0,0.0,0.0,0.0,0.0,0.0,0.0,0.0,0.0,0.0,0.0,0.0,0.0,0.0,0.0,0.0,0.0,0.0,0.0,2.0,0.0,0.0,0.0,0.0,2.0,2.0,4.0
406,0,1,695,695,1024,1024,0,0,16,0,32,64,__amd_rocclr_copyBuffer,158975302484690,158975302487737,407,23,247953.0,1184.0,608.0,0.0,66.0,200.0,0.0,0.0,4172.0,4172.0,0.0,0.0,2.0,207145.0,0.0,0.0,4.0,3.0,4.0,4.0,0.0,0.0,0.0,0.0,0.0,0.0,0.0,0.0,0.0,0.0,0.0,0.0,0.0,0.0,0.0,0.0,0.0,0.0,0.0,0.0,0.0,0.0,0.0,0.0,0.0,0.0,0.0,0.0,0.0,0.0,0.0,0.0,0.0,0.0,0.0,0.0,0.0,0.0,0.0,0.0,0.0,0.0,0.0,0.0,0.0,0.0,0.0,0.0,0.0,0.0,0.0,0.0,0.0,0.0,0.0,0.0,0.0,0.0,0.0,0.0,0.0,0.0,0.0,0.0,0.0,0.0,0.0,0.0,0.0,0.0,0.0,0.0,0.0,0.0,0.0,0.0,0.0,0.0,0.0,0.0,0.0,0.0,0.0,0.0,0.0,0.0,0.0,0.0,0.0,0.0,0.0,0.0,0.0,0.0,0.0,0.0,0.0,0.0,0.0,0.0,0.0,0.0,0.0,0.0,0.0,0.0,0.0,0.0,0.0,0.0,0.0,0.0,0.0,0.0,0.0,0.0,0.0,0.0,4.0,4.0,0.0,1.0,0.0,0.0,0.0,0.0,0.0,0.0,0.0,0.0,0.0,0.0,0.0,0.0,0.0,0.0,0.0,0.0,0.0,0.0,0.0,0.0,0.0,0.0,0.0,0.0,0.0,0.0,0.0,0.0,0.0,0.0,0.0,0.0,0.0,0.0,0.0,0.0,0.0,0.0,0.0,0.0,0.0,0.0,0.0,0.0,0.0,0.0,0.0,0.0,0.0,0.0,0.0,0.0,0.0,0.0,0.0,0.0,0.0,0.0,0.0,0.0,0.0,0.0,0.0,0.0,0.0,0.0,0.0,0.0,0.0,0.0,0.0,0.0,0.0,0.0,0.0,0.0,0.0,0.0,0.0,0.0,0.0,0.0,0.0,0.0,0.0,0.0,0.0,0.0,0.0,0.0,0.0,0.0,0.0,0.0,0.0,0.0,0.0,0.0,0.0,0.0,0.0,0.0,0.0,0.0,0.0,0.0,0.0,0.0,0.0,0.0,0.0,0.0,0.0,0.0,0.0,0.0,0.0,0.0,0.0,0.0,0.0,0.0,0.0,0.0,0.0,0.0,2.0,0.0,0.0,0.0,0.0,2.0,2.0,4.0
407,0,1,695,695,1024,1024,0,0,16,0,32,64,__amd_rocclr_copyBuffer,158975302890450,158975302893577,408,23,233620.0,1184.0,608.0,0.0,66.0,200.0,0.0,0.0,4326.0,4326.0,0.0,0.0,2.0,201339.0,0.0,0.0,4.0,3.0,4.0,4.0,0.0,0.0,0.0,0.0,0.0,0.0,0.0,0.0,0.0,0.0,0.0,0.0,0.0,0.0,0.0,0.0,0.0,0.0,0.0,0.0,0.0,0.0,0.0,0.0,0.0,0.0,0.0,0.0,0.0,0.0,0.0,0.0,0.0,0.0,0.0,0.0,0.0,0.0,0.0,0.0,0.0,0.0,0.0,0.0,0.0,0.0,0.0,0.0,0.0,0.0,0.0,0.0,0.0,0.0,0.0,0.0,0.0,0.0,0.0,0.0,0.0,0.0,0.0,0.0,0.0,0.0,0.0,0.0,0.0,0.0,0.0,0.0,0.0,0.0,0.0,0.0,0.0,0.0,0.0,0.0,0.0,0.0,0.0,0.0,0.0,0.0,0.0,0.0,0.0,0.0,0.0,0.0,0.0,0.0,0.0,0.0,0.0,0.0,0.0,0.0,0.0,0.0,0.0,0.0,0.0,0.0,0.0,0.0,0.0,0.0,0.0,0.0,0.0,0.0,0.0,0.0,0.0,0.0,4.0,4.0,0.0,1.0,0.0,0.0,0.0,0.0,0.0,0.0,0.0,0.0,0.0,0.0,0.0,0.0,0.0,0.0,0.0,0.0,0.0,0.0,0.0,0.0,0.0,0.0,0.0,0.0,0.0,0.0,0.0,0.0,0.0,0.0,0.0,0.0,0.0,0.0,0.0,0.0,0.0,0.0,0.0,0.0,0.0,0.0,0.0,0.0,0.0,0.0,0.0,0.0,0.0,0.0,0.0,0.0,0.0,0.0,0.0,0.0,0.0,0.0,0.0,0.0,0.0,0.0,0.0,0.0,0.0,0.0,0.0,0.0,0.0,0.0,0.0,0.0,0.0,0.0,0.0,0.0,0.0,0.0,0.0,0.0,0.0,0.0,0.0,0.0,0.0,0.0,0.0,0.0,0.0,0.0,0.0,0.0,0.0,0.0,0.0,0.0,0.0,0.0,0.0,0.0,0.0,0.0,0.0,0.0,0.0,0.0,0.0,0.0,0.0,0.0,0.0,0.0,0.0,0.0,0.0,0.0,0.0,0.0,0.0,0.0,0.0,0.0,0.0,0.0,0.0,0.0,2.0,0.0,0.0,0.0,0.0,2.0,2.0,4.0
408,0,1,695,695,1024,1024,0,0,16,0,32,64,__amd_rocclr_copyBuffer,158975303299457,158975303302584,409,23,254852.0,1184.0,608.0,0.0,66.0,200.0,0.0,0.0,4285.0,4285.0,0.0,0.0,2.0,198789.0,0.0,0.0,4.0,3.0,4.0,4.0,0.0,0.0,0.0,0.0,0.0,0.0,0.0,0.0,0.0,0.0,0.0,0.0,0.0,0.0,0.0,0.0,0.0,0.0,0.0,0.0,0.0,0.0,0.0,0.0,0.0,0.0,0.0,0.0,0.0,0.0,0.0,0.0,0.0,0.0,0.0,0.0,0.0,0.0,0.0,0.0,0.0,0.0,0.0,0.0,0.0,0.0,0.0,0.0,0.0,0.0,0.0,0.0,0.0,0.0,0.0,0.0,0.0,0.0,0.0,0.0,0.0,0.0,0.0,0.0,0.0,0.0,0.0,0.0,0.0,0.0,0.0,0.0,0.0,0.0,0.0,0.0,0.0,0.0,0.0,0.0,0.0,0.0,0.0,0.0,0.0,0.0,0.0,0.0,0.0,0.0,0.0,0.0,0.0,0.0,0.0,0.0,0.0,0.0,0.0,0.0,0.0,0.0,0.0,0.0,0.0,0.0,0.0,0.0,0.0,0.0,0.0,0.0,0.0,0.0,0.0,0.0,0.0,0.0,4.0,4.0,0.0,1.0,0.0,0.0,0.0,0.0,0.0,0.0,0.0,0.0,0.0,0.0,0.0,0.0,0.0,0.0,0.0,0.0,0.0,0.0,0.0,0.0,0.0,0.0,0.0,0.0,0.0,0.0,0.0,0.0,0.0,0.0,0.0,0.0,0.0,0.0,0.0,0.0,0.0,0.0,0.0,0.0,0.0,0.0,0.0,0.0,0.0,0.0,0.0,0.0,0.0,0.0,0.0,0.0,0.0,0.0,0.0,0.0,0.0,0.0,0.0,0.0,0.0,0.0,0.0,0.0,0.0,0.0,0.0,0.0,0.0,0.0,0.0,0.0,0.0,0.0,0.0,0.0,0.0,0.0,0.0,0.0,0.0,0.0,0.0,0.0,0.0,0.0,0.0,0.0,0.0,0.0,0.0,0.0,0.0,0.0,0.0,0.0,0.0,0.0,0.0,0.0,0.0,0.0,0.0,0.0,0.0,0.0,0.0,0.0,0.0,0.0,0.0,0.0,0.0,0.0,0.0,0.0,0.0,0.0,0.0,0.0,0.0,0.0,0.0,0.0,0.0,0.0,2.0,0.0,0.0,0.0,0.0,2.0,2.0,4.0
409,0,1,695,695,512,512,0,0,16,0,32,64,__amd_rocclr_copyBuffer,158975303707422,158975303710469,410,23,245722.0,1184.0,608.0,0.0,34.0,104.0,0.0,0.0,4166.0,4166.0,0.0,0.0,2.0,207673.0,0.0,0.0,4.0,3.0,4.0,4.0,0.0,0.0,0.0,0.0,0.0,0.0,0.0,0.0,0.0,0.0,0.0,0.0,0.0,0.0,0.0,0.0,0.0,0.0,0.0,0.0,0.0,0.0,0.0,0.0,0.0,0.0,0.0,0.0,0.0,0.0,0.0,0.0,0.0,0.0,0.0,0.0,0.0,0.0,0.0,0.0,0.0,0.0,0.0,0.0,0.0,0.0,0.0,0.0,0.0,0.0,0.0,0.0,0.0,0.0,0.0,0.0,0.0,0.0,0.0,0.0,0.0,0.0,0.0,0.0,0.0,0.0,0.0,0.0,0.0,0.0,0.0,0.0,0.0,0.0,0.0,0.0,0.0,0.0,0.0,0.0,0.0,0.0,0.0,0.0,0.0,0.0,0.0,0.0,0.0,0.0,0.0,0.0,0.0,0.0,0.0,0.0,0.0,0.0,0.0,0.0,0.0,0.0,0.0,0.0,0.0,0.0,0.0,0.0,0.0,0.0,0.0,0.0,0.0,0.0,0.0,0.0,0.0,0.0,4.0,4.0,0.0,1.0,0.0,0.0,0.0,0.0,0.0,0.0,0.0,0.0,0.0,0.0,0.0,0.0,0.0,0.0,0.0,0.0,0.0,0.0,0.0,0.0,0.0,0.0,0.0,0.0,0.0,0.0,0.0,0.0,0.0,0.0,0.0,0.0,0.0,0.0,0.0,0.0,0.0,0.0,0.0,0.0,0.0,0.0,0.0,0.0,0.0,0.0,0.0,0.0,0.0,0.0,0.0,0.0,0.0,0.0,0.0,0.0,0.0,0.0,0.0,0.0,0.0,0.0,0.0,0.0,0.0,0.0,0.0,0.0,0.0,0.0,0.0,0.0,0.0,0.0,0.0,0.0,0.0,0.0,0.0,0.0,0.0,0.0,0.0,0.0,0.0,0.0,0.0,0.0,0.0,0.0,0.0,0.0,0.0,0.0,0.0,0.0,0.0,0.0,0.0,0.0,0.0,0.0,0.0,0.0,0.0,0.0,0.0,0.0,0.0,0.0,0.0,0.0,0.0,0.0,0.0,0.0,0.0,0.0,0.0,0.0,0.0,0.0,0.0,0.0,0.0,0.0,2.0,0.0,0.0,0.0,0.0,2.0,2.0,4.0
410,0,1,695,695,1024,1024,0,0,16,0,32,64,__amd_rocclr_copyBuffer,158975304114224,158975304117271,411,23,244886.0,1184.0,608.0,0.0,66.0,200.0,0.0,0.0,4200.0,4200.0,0.0,0.0,2.0,205298.0,0.0,0.0,4.0,3.0,4.0,4.0,0.0,0.0,0.0,0.0,0.0,0.0,0.0,0.0,0.0,0.0,0.0,0.0,0.0,0.0,0.0,0.0,0.0,0.0,0.0,0.0,0.0,0.0,0.0,0.0,0.0,0.0,0.0,0.0,0.0,0.0,0.0,0.0,0.0,0.0,0.0,0.0,0.0,0.0,0.0,0.0,0.0,0.0,0.0,0.0,0.0,0.0,0.0,0.0,0.0,0.0,0.0,0.0,0.0,0.0,0.0,0.0,0.0,0.0,0.0,0.0,0.0,0.0,0.0,0.0,0.0,0.0,0.0,0.0,0.0,0.0,0.0,0.0,0.0,0.0,0.0,0.0,0.0,0.0,0.0,0.0,0.0,0.0,0.0,0.0,0.0,0.0,0.0,0.0,0.0,0.0,0.0,0.0,0.0,0.0,0.0,0.0,0.0,0.0,0.0,0.0,0.0,0.0,0.0,0.0,0.0,0.0,0.0,0.0,0.0,0.0,0.0,0.0,0.0,0.0,0.0,0.0,0.0,0.0,4.0,4.0,0.0,1.0,0.0,0.0,0.0,0.0,0.0,0.0,0.0,0.0,0.0,0.0,0.0,0.0,0.0,0.0,0.0,0.0,0.0,0.0,0.0,0.0,0.0,0.0,0.0,0.0,0.0,0.0,0.0,0.0,0.0,0.0,0.0,0.0,0.0,0.0,0.0,0.0,0.0,0.0,0.0,0.0,0.0,0.0,0.0,0.0,0.0,0.0,0.0,0.0,0.0,0.0,0.0,0.0,0.0,0.0,0.0,0.0,0.0,0.0,0.0,0.0,0.0,0.0,0.0,0.0,0.0,0.0,0.0,0.0,0.0,0.0,0.0,0.0,0.0,0.0,0.0,0.0,0.0,0.0,0.0,0.0,0.0,0.0,0.0,0.0,0.0,0.0,0.0,0.0,0.0,0.0,0.0,0.0,0.0,0.0,0.0,0.0,0.0,0.0,0.0,0.0,0.0,0.0,0.0,0.0,0.0,0.0,0.0,0.0,0.0,0.0,0.0,0.0,0.0,0.0,0.0,0.0,0.0,0.0,0.0,0.0,0.0,0.0,0.0,0.0,0.0,0.0,2.0,0.0,0.0,0.0,0.0,2.0,2.0,4.0
411,0,1,695,695,1024,1024,0,0,16,0,32,64,__amd_rocclr_copyBuffer,158975304520225,158975304523272,412,23,250968.0,1184.0,608.0,0.0,66.0,200.0,0.0,0.0,4335.0,4335.0,0.0,0.0,2.0,205323.0,0.0,0.0,4.0,3.0,4.0,4.0,0.0,0.0,0.0,0.0,0.0,0.0,0.0,0.0,0.0,0.0,0.0,0.0,0.0,0.0,0.0,0.0,0.0,0.0,0.0,0.0,0.0,0.0,0.0,0.0,0.0,0.0,0.0,0.0,0.0,0.0,0.0,0.0,0.0,0.0,0.0,0.0,0.0,0.0,0.0,0.0,0.0,0.0,0.0,0.0,0.0,0.0,0.0,0.0,0.0,0.0,0.0,0.0,0.0,0.0,0.0,0.0,0.0,0.0,0.0,0.0,0.0,0.0,0.0,0.0,0.0,0.0,0.0,0.0,0.0,0.0,0.0,0.0,0.0,0.0,0.0,0.0,0.0,0.0,0.0,0.0,0.0,0.0,0.0,0.0,0.0,0.0,0.0,0.0,0.0,0.0,0.0,0.0,0.0,0.0,0.0,0.0,0.0,0.0,0.0,0.0,0.0,0.0,0.0,0.0,0.0,0.0,0.0,0.0,0.0,0.0,0.0,0.0,0.0,0.0,0.0,0.0,0.0,0.0,4.0,4.0,0.0,1.0,0.0,0.0,0.0,0.0,0.0,0.0,0.0,0.0,0.0,0.0,0.0,0.0,0.0,0.0,0.0,0.0,0.0,0.0,0.0,0.0,0.0,0.0,0.0,0.0,0.0,0.0,0.0,0.0,0.0,0.0,0.0,0.0,0.0,0.0,0.0,0.0,0.0,0.0,0.0,0.0,0.0,0.0,0.0,0.0,0.0,0.0,0.0,0.0,0.0,0.0,0.0,0.0,0.0,0.0,0.0,0.0,0.0,0.0,0.0,0.0,0.0,0.0,0.0,0.0,0.0,0.0,0.0,0.0,0.0,0.0,0.0,0.0,0.0,0.0,0.0,0.0,0.0,0.0,0.0,0.0,0.0,0.0,0.0,0.0,0.0,0.0,0.0,0.0,0.0,0.0,0.0,0.0,0.0,0.0,0.0,0.0,0.0,0.0,0.0,0.0,0.0,0.0,0.0,0.0,0.0,0.0,0.0,0.0,0.0,0.0,0.0,0.0,0.0,0.0,0.0,0.0,0.0,0.0,0.0,0.0,0.0,0.0,0.0,0.0,0.0,0.0,2.0,0.0,0.0,0.0,0.0,2.0,2.0,4.0
412,0,1,695,695,1024,1024,0,0,16,0,32,64,__amd_rocclr_copyBuffer,158975304926947,158975304930034,413,23,250219.0,1184.0,608.0,0.0,66.0,200.0,0.0,0.0,4301.0,4301.0,0.0,0.0,2.0,200815.0,0.0,0.0,4.0,3.0,4.0,4.0,0.0,0.0,0.0,0.0,0.0,0.0,0.0,0.0,0.0,0.0,0.0,0.0,0.0,0.0,0.0,0.0,0.0,0.0,0.0,0.0,0.0,0.0,0.0,0.0,0.0,0.0,0.0,0.0,0.0,0.0,0.0,0.0,0.0,0.0,0.0,0.0,0.0,0.0,0.0,0.0,0.0,0.0,0.0,0.0,0.0,0.0,0.0,0.0,0.0,0.0,0.0,0.0,0.0,0.0,0.0,0.0,0.0,0.0,0.0,0.0,0.0,0.0,0.0,0.0,0.0,0.0,0.0,0.0,0.0,0.0,0.0,0.0,0.0,0.0,0.0,0.0,0.0,0.0,0.0,0.0,0.0,0.0,0.0,0.0,0.0,0.0,0.0,0.0,0.0,0.0,0.0,0.0,0.0,0.0,0.0,0.0,0.0,0.0,0.0,0.0,0.0,0.0,0.0,0.0,0.0,0.0,0.0,0.0,0.0,0.0,0.0,0.0,0.0,0.0,0.0,0.0,0.0,0.0,4.0,4.0,0.0,1.0,0.0,0.0,0.0,0.0,0.0,0.0,0.0,0.0,0.0,0.0,0.0,0.0,0.0,0.0,0.0,0.0,0.0,0.0,0.0,0.0,0.0,0.0,0.0,0.0,0.0,0.0,0.0,0.0,0.0,0.0,0.0,0.0,0.0,0.0,0.0,0.0,0.0,0.0,0.0,0.0,0.0,0.0,0.0,0.0,0.0,0.0,0.0,0.0,0.0,0.0,0.0,0.0,0.0,0.0,0.0,0.0,0.0,0.0,0.0,0.0,0.0,0.0,0.0,0.0,0.0,0.0,0.0,0.0,0.0,0.0,0.0,0.0,0.0,0.0,0.0,0.0,0.0,0.0,0.0,0.0,0.0,0.0,0.0,0.0,0.0,0.0,0.0,0.0,0.0,0.0,0.0,0.0,0.0,0.0,0.0,0.0,0.0,0.0,0.0,0.0,0.0,0.0,0.0,0.0,0.0,0.0,0.0,0.0,0.0,0.0,0.0,0.0,0.0,0.0,0.0,0.0,0.0,0.0,0.0,0.0,0.0,0.0,0.0,0.0,0.0,0.0,2.0,0.0,0.0,0.0,0.0,2.0,2.0,4.0
413,0,1,695,695,1024,1024,0,0,16,0,32,64,__amd_rocclr_copyBuffer,158975305332547,158975305335594,414,23,253924.0,1184.0,608.0,0.0,66.0,200.0,0.0,0.0,4184.0,4184.0,0.0,0.0,2.0,201370.0,0.0,0.0,4.0,3.0,4.0,4.0,0.0,0.0,0.0,0.0,0.0,0.0,0.0,0.0,0.0,0.0,0.0,0.0,0.0,0.0,0.0,0.0,0.0,0.0,0.0,0.0,0.0,0.0,0.0,0.0,0.0,0.0,0.0,0.0,0.0,0.0,0.0,0.0,0.0,0.0,0.0,0.0,0.0,0.0,0.0,0.0,0.0,0.0,0.0,0.0,0.0,0.0,0.0,0.0,0.0,0.0,0.0,0.0,0.0,0.0,0.0,0.0,0.0,0.0,0.0,0.0,0.0,0.0,0.0,0.0,0.0,0.0,0.0,0.0,0.0,0.0,0.0,0.0,0.0,0.0,0.0,0.0,0.0,0.0,0.0,0.0,0.0,0.0,0.0,0.0,0.0,0.0,0.0,0.0,0.0,0.0,0.0,0.0,0.0,0.0,0.0,0.0,0.0,0.0,0.0,0.0,0.0,0.0,0.0,0.0,0.0,0.0,0.0,0.0,0.0,0.0,0.0,0.0,0.0,0.0,0.0,0.0,0.0,0.0,4.0,4.0,0.0,1.0,0.0,0.0,0.0,0.0,0.0,0.0,0.0,0.0,0.0,0.0,0.0,0.0,0.0,0.0,0.0,0.0,0.0,0.0,0.0,0.0,0.0,0.0,0.0,0.0,0.0,0.0,0.0,0.0,0.0,0.0,0.0,0.0,0.0,0.0,0.0,0.0,0.0,0.0,0.0,0.0,0.0,0.0,0.0,0.0,0.0,0.0,0.0,0.0,0.0,0.0,0.0,0.0,0.0,0.0,0.0,0.0,0.0,0.0,0.0,0.0,0.0,0.0,0.0,0.0,0.0,0.0,0.0,0.0,0.0,0.0,0.0,0.0,0.0,0.0,0.0,0.0,0.0,0.0,0.0,0.0,0.0,0.0,0.0,0.0,0.0,0.0,0.0,0.0,0.0,0.0,0.0,0.0,0.0,0.0,0.0,0.0,0.0,0.0,0.0,0.0,0.0,0.0,0.0,0.0,0.0,0.0,0.0,0.0,0.0,0.0,0.0,0.0,0.0,0.0,0.0,0.0,0.0,0.0,0.0,0.0,0.0,0.0,0.0,0.0,0.0,0.0,2.0,0.0,0.0,0.0,0.0,2.0,2.0,4.0
414,0,1,695,695,1024,1024,0,0,16,0,32,64,__amd_rocclr_copyBuffer,158975305738828,158975305741795,415,23,232283.0,1184.0,608.0,0.0,66.0,200.0,0.0,0.0,4209.0,4209.0,0.0,0.0,2.0,199762.0,0.0,0.0,4.0,3.0,4.0,4.0,0.0,0.0,0.0,0.0,0.0,0.0,0.0,0.0,0.0,0.0,0.0,0.0,0.0,0.0,0.0,0.0,0.0,0.0,0.0,0.0,0.0,0.0,0.0,0.0,0.0,0.0,0.0,0.0,0.0,0.0,0.0,0.0,0.0,0.0,0.0,0.0,0.0,0.0,0.0,0.0,0.0,0.0,0.0,0.0,0.0,0.0,0.0,0.0,0.0,0.0,0.0,0.0,0.0,0.0,0.0,0.0,0.0,0.0,0.0,0.0,0.0,0.0,0.0,0.0,0.0,0.0,0.0,0.0,0.0,0.0,0.0,0.0,0.0,0.0,0.0,0.0,0.0,0.0,0.0,0.0,0.0,0.0,0.0,0.0,0.0,0.0,0.0,0.0,0.0,0.0,0.0,0.0,0.0,0.0,0.0,0.0,0.0,0.0,0.0,0.0,0.0,0.0,0.0,0.0,0.0,0.0,0.0,0.0,0.0,0.0,0.0,0.0,0.0,0.0,0.0,0.0,0.0,0.0,4.0,4.0,0.0,1.0,0.0,0.0,0.0,0.0,0.0,0.0,0.0,0.0,0.0,0.0,0.0,0.0,0.0,0.0,0.0,0.0,0.0,0.0,0.0,0.0,0.0,0.0,0.0,0.0,0.0,0.0,0.0,0.0,0.0,0.0,0.0,0.0,0.0,0.0,0.0,0.0,0.0,0.0,0.0,0.0,0.0,0.0,0.0,0.0,0.0,0.0,0.0,0.0,0.0,0.0,0.0,0.0,0.0,0.0,0.0,0.0,0.0,0.0,0.0,0.0,0.0,0.0,0.0,0.0,0.0,0.0,0.0,0.0,0.0,0.0,0.0,0.0,0.0,0.0,0.0,0.0,0.0,0.0,0.0,0.0,0.0,0.0,0.0,0.0,0.0,0.0,0.0,0.0,0.0,0.0,0.0,0.0,0.0,0.0,0.0,0.0,0.0,0.0,0.0,0.0,0.0,0.0,0.0,0.0,0.0,0.0,0.0,0.0,0.0,0.0,0.0,0.0,0.0,0.0,0.0,0.0,0.0,0.0,0.0,0.0,0.0,0.0,0.0,0.0,0.0,0.0,2.0,0.0,0.0,0.0,0.0,2.0,2.0,4.0
415,0,1,695,695,1024,1024,0,0,16,0,32,64,__amd_rocclr_copyBuffer,158975306144468,158975306147635,416,23,247185.0,1184.0,608.0,0.0,66.0,200.0,0.0,0.0,4270.0,4270.0,0.0,0.0,2.0,204011.0,0.0,0.0,4.0,3.0,4.0,4.0,0.0,0.0,0.0,0.0,0.0,0.0,0.0,0.0,0.0,0.0,0.0,0.0,0.0,0.0,0.0,0.0,0.0,0.0,0.0,0.0,0.0,0.0,0.0,0.0,0.0,0.0,0.0,0.0,0.0,0.0,0.0,0.0,0.0,0.0,0.0,0.0,0.0,0.0,0.0,0.0,0.0,0.0,0.0,0.0,0.0,0.0,0.0,0.0,0.0,0.0,0.0,0.0,0.0,0.0,0.0,0.0,0.0,0.0,0.0,0.0,0.0,0.0,0.0,0.0,0.0,0.0,0.0,0.0,0.0,0.0,0.0,0.0,0.0,0.0,0.0,0.0,0.0,0.0,0.0,0.0,0.0,0.0,0.0,0.0,0.0,0.0,0.0,0.0,0.0,0.0,0.0,0.0,0.0,0.0,0.0,0.0,0.0,0.0,0.0,0.0,0.0,0.0,0.0,0.0,0.0,0.0,0.0,0.0,0.0,0.0,0.0,0.0,0.0,0.0,0.0,0.0,0.0,0.0,4.0,4.0,0.0,1.0,0.0,0.0,0.0,0.0,0.0,0.0,0.0,0.0,0.0,0.0,0.0,0.0,0.0,0.0,0.0,0.0,0.0,0.0,0.0,0.0,0.0,0.0,0.0,0.0,0.0,0.0,0.0,0.0,0.0,0.0,0.0,0.0,0.0,0.0,0.0,0.0,0.0,0.0,0.0,0.0,0.0,0.0,0.0,0.0,0.0,0.0,0.0,0.0,0.0,0.0,0.0,0.0,0.0,0.0,0.0,0.0,0.0,0.0,0.0,0.0,0.0,0.0,0.0,0.0,0.0,0.0,0.0,0.0,0.0,0.0,0.0,0.0,0.0,0.0,0.0,0.0,0.0,0.0,0.0,0.0,0.0,0.0,0.0,0.0,0.0,0.0,0.0,0.0,0.0,0.0,0.0,0.0,0.0,0.0,0.0,0.0,0.0,0.0,0.0,0.0,0.0,0.0,0.0,0.0,0.0,0.0,0.0,0.0,0.0,0.0,0.0,0.0,0.0,0.0,0.0,0.0,0.0,0.0,0.0,0.0,0.0,0.0,0.0,0.0,0.0,0.0,2.0,0.0,0.0,0.0,0.0,2.0,1.0,4.0
416,0,1,695,695,1024,1024,0,0,16,0,32,64,__amd_rocclr_copyBuffer,158975306550067,158975306553234,417,23,248465.0,1184.0,608.0,0.0,66.0,200.0,0.0,0.0,4325.0,4325.0,0.0,0.0,2.0,207421.0,0.0,0.0,4.0,3.0,4.0,4.0,0.0,0.0,0.0,0.0,0.0,0.0,0.0,0.0,0.0,0.0,0.0,0.0,0.0,0.0,0.0,0.0,0.0,0.0,0.0,0.0,0.0,0.0,0.0,0.0,0.0,0.0,0.0,0.0,0.0,0.0,0.0,0.0,0.0,0.0,0.0,0.0,0.0,0.0,0.0,0.0,0.0,0.0,0.0,0.0,0.0,0.0,0.0,0.0,0.0,0.0,0.0,0.0,0.0,0.0,0.0,0.0,0.0,0.0,0.0,0.0,0.0,0.0,0.0,0.0,0.0,0.0,0.0,0.0,0.0,0.0,0.0,0.0,0.0,0.0,0.0,0.0,0.0,0.0,0.0,0.0,0.0,0.0,0.0,0.0,0.0,0.0,0.0,0.0,0.0,0.0,0.0,0.0,0.0,0.0,0.0,0.0,0.0,0.0,0.0,0.0,0.0,0.0,0.0,0.0,0.0,0.0,0.0,0.0,0.0,0.0,0.0,0.0,0.0,0.0,0.0,0.0,0.0,0.0,4.0,4.0,0.0,1.0,0.0,0.0,0.0,0.0,0.0,0.0,0.0,0.0,0.0,0.0,0.0,0.0,0.0,0.0,0.0,0.0,0.0,0.0,0.0,0.0,0.0,0.0,0.0,0.0,0.0,0.0,0.0,0.0,0.0,0.0,0.0,0.0,0.0,0.0,0.0,0.0,0.0,0.0,0.0,0.0,0.0,0.0,0.0,0.0,0.0,0.0,0.0,0.0,0.0,0.0,0.0,0.0,0.0,0.0,0.0,0.0,0.0,0.0,0.0,0.0,0.0,0.0,0.0,0.0,0.0,0.0,0.0,0.0,0.0,0.0,0.0,0.0,0.0,0.0,0.0,0.0,0.0,0.0,0.0,0.0,0.0,0.0,0.0,0.0,0.0,0.0,0.0,0.0,0.0,0.0,0.0,0.0,0.0,0.0,0.0,0.0,0.0,0.0,0.0,0.0,0.0,0.0,0.0,0.0,0.0,0.0,0.0,0.0,0.0,0.0,0.0,0.0,0.0,0.0,0.0,0.0,0.0,0.0,0.0,0.0,0.0,0.0,0.0,0.0,0.0,0.0,2.0,0.0,0.0,0.0,0.0,2.0,2.0,4.0
417,0,1,695,695,512,512,0,0,16,0,32,64,__amd_rocclr_copyBuffer,158975306955907,158975306958874,418,23,247622.0,1184.0,608.0,0.0,34.0,104.0,0.0,0.0,4094.0,4094.0,0.0,0.0,2.0,198604.0,0.0,0.0,4.0,3.0,4.0,4.0,0.0,0.0,0.0,0.0,0.0,0.0,0.0,0.0,0.0,0.0,0.0,0.0,0.0,0.0,0.0,0.0,0.0,0.0,0.0,0.0,0.0,0.0,0.0,0.0,0.0,0.0,0.0,0.0,0.0,0.0,0.0,0.0,0.0,0.0,0.0,0.0,0.0,0.0,0.0,0.0,0.0,0.0,0.0,0.0,0.0,0.0,0.0,0.0,0.0,0.0,0.0,0.0,0.0,0.0,0.0,0.0,0.0,0.0,0.0,0.0,0.0,0.0,0.0,0.0,0.0,0.0,0.0,0.0,0.0,0.0,0.0,0.0,0.0,0.0,0.0,0.0,0.0,0.0,0.0,0.0,0.0,0.0,0.0,0.0,0.0,0.0,0.0,0.0,0.0,0.0,0.0,0.0,0.0,0.0,0.0,0.0,0.0,0.0,0.0,0.0,0.0,0.0,0.0,0.0,0.0,0.0,0.0,0.0,0.0,0.0,0.0,0.0,0.0,0.0,0.0,0.0,0.0,0.0,4.0,4.0,0.0,1.0,0.0,0.0,0.0,0.0,0.0,0.0,0.0,0.0,0.0,0.0,0.0,0.0,0.0,0.0,0.0,0.0,0.0,0.0,0.0,0.0,0.0,0.0,0.0,0.0,0.0,0.0,0.0,0.0,0.0,0.0,0.0,0.0,0.0,0.0,0.0,0.0,0.0,0.0,0.0,0.0,0.0,0.0,0.0,0.0,0.0,0.0,0.0,0.0,0.0,0.0,0.0,0.0,0.0,0.0,0.0,0.0,0.0,0.0,0.0,0.0,0.0,0.0,0.0,0.0,0.0,0.0,0.0,0.0,0.0,0.0,0.0,0.0,0.0,0.0,0.0,0.0,0.0,0.0,0.0,0.0,0.0,0.0,0.0,0.0,0.0,0.0,0.0,0.0,0.0,0.0,0.0,0.0,0.0,0.0,0.0,0.0,0.0,0.0,0.0,0.0,0.0,0.0,0.0,0.0,0.0,0.0,0.0,0.0,0.0,0.0,0.0,0.0,0.0,0.0,0.0,0.0,0.0,0.0,0.0,0.0,0.0,0.0,0.0,0.0,0.0,0.0,2.0,0.0,0.0,0.0,0.0,2.0,1.0,4.0
418,0,1,695,695,1024,1024,0,0,16,0,32,64,__amd_rocclr_copyBuffer,158975307363792,158975307367721,419,23,272027.0,1184.0,608.0,0.0,66.0,200.0,0.0,0.0,4128.0,4128.0,0.0,0.0,2.0,205102.0,0.0,0.0,4.0,3.0,4.0,4.0,0.0,0.0,0.0,0.0,0.0,0.0,0.0,0.0,0.0,0.0,0.0,0.0,0.0,0.0,0.0,0.0,0.0,0.0,0.0,0.0,0.0,0.0,0.0,0.0,0.0,0.0,0.0,0.0,0.0,0.0,0.0,0.0,0.0,0.0,0.0,0.0,0.0,0.0,0.0,0.0,0.0,0.0,0.0,0.0,0.0,0.0,0.0,0.0,0.0,0.0,0.0,0.0,0.0,0.0,0.0,0.0,0.0,0.0,0.0,0.0,0.0,0.0,0.0,0.0,0.0,0.0,0.0,0.0,0.0,0.0,0.0,0.0,0.0,0.0,0.0,0.0,0.0,0.0,0.0,0.0,0.0,0.0,0.0,0.0,0.0,0.0,0.0,0.0,0.0,0.0,0.0,0.0,0.0,0.0,0.0,0.0,0.0,0.0,0.0,0.0,0.0,0.0,0.0,0.0,0.0,0.0,0.0,0.0,0.0,0.0,0.0,0.0,0.0,0.0,0.0,0.0,0.0,0.0,4.0,4.0,0.0,1.0,0.0,0.0,0.0,0.0,0.0,0.0,0.0,0.0,0.0,0.0,0.0,0.0,0.0,0.0,0.0,0.0,0.0,0.0,0.0,0.0,0.0,0.0,0.0,0.0,0.0,0.0,0.0,0.0,0.0,0.0,0.0,0.0,0.0,0.0,0.0,0.0,0.0,0.0,0.0,0.0,0.0,0.0,0.0,0.0,0.0,0.0,0.0,0.0,0.0,0.0,0.0,0.0,0.0,0.0,0.0,0.0,0.0,0.0,0.0,0.0,0.0,0.0,0.0,0.0,0.0,0.0,0.0,0.0,0.0,0.0,0.0,0.0,0.0,0.0,0.0,0.0,0.0,0.0,0.0,0.0,0.0,0.0,0.0,0.0,0.0,0.0,0.0,0.0,0.0,0.0,0.0,0.0,0.0,0.0,0.0,0.0,0.0,0.0,0.0,0.0,0.0,0.0,0.0,0.0,0.0,0.0,0.0,0.0,0.0,0.0,0.0,0.0,0.0,0.0,0.0,0.0,0.0,0.0,0.0,0.0,0.0,0.0,0.0,0.0,0.0,0.0,2.0,0.0,0.0,0.0,0.0,2.0,1.0,4.0
419,0,1,695,695,1024,1024,0,0,16,0,32,64,__amd_rocclr_copyBuffer,158975307770595,158975307773722,420,23,258388.0,1184.0,608.0,0.0,66.0,200.0,0.0,0.0,4272.0,4272.0,0.0,0.0,2.0,207746.0,0.0,0.0,4.0,3.0,4.0,4.0,0.0,0.0,0.0,0.0,0.0,0.0,0.0,0.0,0.0,0.0,0.0,0.0,0.0,0.0,0.0,0.0,0.0,0.0,0.0,0.0,0.0,0.0,0.0,0.0,0.0,0.0,0.0,0.0,0.0,0.0,0.0,0.0,0.0,0.0,0.0,0.0,0.0,0.0,0.0,0.0,0.0,0.0,0.0,0.0,0.0,0.0,0.0,0.0,0.0,0.0,0.0,0.0,0.0,0.0,0.0,0.0,0.0,0.0,0.0,0.0,0.0,0.0,0.0,0.0,0.0,0.0,0.0,0.0,0.0,0.0,0.0,0.0,0.0,0.0,0.0,0.0,0.0,0.0,0.0,0.0,0.0,0.0,0.0,0.0,0.0,0.0,0.0,0.0,0.0,0.0,0.0,0.0,0.0,0.0,0.0,0.0,0.0,0.0,0.0,0.0,0.0,0.0,0.0,0.0,0.0,0.0,0.0,0.0,0.0,0.0,0.0,0.0,0.0,0.0,0.0,0.0,0.0,0.0,4.0,4.0,0.0,1.0,0.0,0.0,0.0,0.0,0.0,0.0,0.0,0.0,0.0,0.0,0.0,0.0,0.0,0.0,0.0,0.0,0.0,0.0,0.0,0.0,0.0,0.0,0.0,0.0,0.0,0.0,0.0,0.0,0.0,0.0,0.0,0.0,0.0,0.0,0.0,0.0,0.0,0.0,0.0,0.0,0.0,0.0,0.0,0.0,0.0,0.0,0.0,0.0,0.0,0.0,0.0,0.0,0.0,0.0,0.0,0.0,0.0,0.0,0.0,0.0,0.0,0.0,0.0,0.0,0.0,0.0,0.0,0.0,0.0,0.0,0.0,0.0,0.0,0.0,0.0,0.0,0.0,0.0,0.0,0.0,0.0,0.0,0.0,0.0,0.0,0.0,0.0,0.0,0.0,0.0,0.0,0.0,0.0,0.0,0.0,0.0,0.0,0.0,0.0,0.0,0.0,0.0,0.0,0.0,0.0,0.0,0.0,0.0,0.0,0.0,0.0,0.0,0.0,0.0,0.0,0.0,0.0,0.0,0.0,0.0,0.0,0.0,0.0,0.0,0.0,0.0,2.0,0.0,0.0,0.0,0.0,2.0,1.0,4.0
420,0,1,695,695,1024,1024,0,0,16,0,32,64,__amd_rocclr_copyBuffer,158975308179361,158975308182328,421,23,256680.0,1184.0,608.0,0.0,66.0,200.0,0.0,0.0,4065.0,4065.0,0.0,0.0,2.0,210330.0,0.0,0.0,4.0,3.0,4.0,4.0,0.0,0.0,0.0,0.0,0.0,0.0,0.0,0.0,0.0,0.0,0.0,0.0,0.0,0.0,0.0,0.0,0.0,0.0,0.0,0.0,0.0,0.0,0.0,0.0,0.0,0.0,0.0,0.0,0.0,0.0,0.0,0.0,0.0,0.0,0.0,0.0,0.0,0.0,0.0,0.0,0.0,0.0,0.0,0.0,0.0,0.0,0.0,0.0,0.0,0.0,0.0,0.0,0.0,0.0,0.0,0.0,0.0,0.0,0.0,0.0,0.0,0.0,0.0,0.0,0.0,0.0,0.0,0.0,0.0,0.0,0.0,0.0,0.0,0.0,0.0,0.0,0.0,0.0,0.0,0.0,0.0,0.0,0.0,0.0,0.0,0.0,0.0,0.0,0.0,0.0,0.0,0.0,0.0,0.0,0.0,0.0,0.0,0.0,0.0,0.0,0.0,0.0,0.0,0.0,0.0,0.0,0.0,0.0,0.0,0.0,0.0,0.0,0.0,0.0,0.0,0.0,0.0,0.0,4.0,4.0,0.0,1.0,0.0,0.0,0.0,0.0,0.0,0.0,0.0,0.0,0.0,0.0,0.0,0.0,0.0,0.0,0.0,0.0,0.0,0.0,0.0,0.0,0.0,0.0,0.0,0.0,0.0,0.0,0.0,0.0,0.0,0.0,0.0,0.0,0.0,0.0,0.0,0.0,0.0,0.0,0.0,0.0,0.0,0.0,0.0,0.0,0.0,0.0,0.0,0.0,0.0,0.0,0.0,0.0,0.0,0.0,0.0,0.0,0.0,0.0,0.0,0.0,0.0,0.0,0.0,0.0,0.0,0.0,0.0,0.0,0.0,0.0,0.0,0.0,0.0,0.0,0.0,0.0,0.0,0.0,0.0,0.0,0.0,0.0,0.0,0.0,0.0,0.0,0.0,0.0,0.0,0.0,0.0,0.0,0.0,0.0,0.0,0.0,0.0,0.0,0.0,0.0,0.0,0.0,0.0,0.0,0.0,0.0,0.0,0.0,0.0,0.0,0.0,0.0,0.0,0.0,0.0,0.0,0.0,0.0,0.0,0.0,0.0,0.0,0.0,0.0,0.0,0.0,2.0,0.0,0.0,0.0,0.0,2.0,1.0,4.0
421,0,1,695,695,512,512,0,0,16,0,32,64,__amd_rocclr_copyBuffer,158975308586444,158975308591536,422,23,278140.0,1184.0,608.0,0.0,38.0,140.0,0.0,0.0,12348.0,12348.0,0.0,0.0,6.0,208428.0,0.0,0.0,4.0,3.0,4.0,4.0,0.0,0.0,0.0,0.0,0.0,0.0,0.0,1.0,0.0,0.0,0.0,0.0,0.0,0.0,0.0,0.0,0.0,0.0,0.0,0.0,0.0,0.0,0.0,0.0,0.0,0.0,0.0,0.0,0.0,0.0,0.0,0.0,0.0,0.0,0.0,0.0,0.0,0.0,0.0,0.0,0.0,0.0,0.0,0.0,0.0,0.0,0.0,0.0,0.0,0.0,0.0,0.0,0.0,0.0,0.0,0.0,0.0,0.0,0.0,0.0,0.0,0.0,0.0,0.0,0.0,0.0,0.0,0.0,0.0,0.0,0.0,0.0,0.0,0.0,0.0,0.0,0.0,0.0,0.0,0.0,0.0,0.0,0.0,0.0,0.0,0.0,0.0,0.0,0.0,0.0,0.0,0.0,0.0,0.0,0.0,0.0,0.0,0.0,0.0,0.0,0.0,0.0,0.0,0.0,0.0,0.0,0.0,0.0,0.0,0.0,0.0,0.0,0.0,0.0,0.0,0.0,0.0,0.0,4.0,4.0,0.0,0.0,0.0,0.0,0.0,0.0,6.0,0.0,0.0,0.0,0.0,0.0,0.0,0.0,0.0,0.0,0.0,0.0,0.0,0.0,0.0,0.0,0.0,0.0,0.0,0.0,0.0,0.0,0.0,0.0,0.0,0.0,0.0,0.0,0.0,0.0,0.0,0.0,0.0,0.0,0.0,0.0,0.0,0.0,0.0,0.0,0.0,0.0,0.0,0.0,0.0,0.0,0.0,0.0,0.0,0.0,0.0,0.0,0.0,0.0,0.0,0.0,0.0,0.0,0.0,0.0,0.0,0.0,0.0,0.0,0.0,0.0,0.0,0.0,0.0,0.0,0.0,0.0,0.0,0.0,0.0,0.0,0.0,0.0,0.0,0.0,0.0,0.0,0.0,0.0,0.0,0.0,0.0,0.0,0.0,0.0,0.0,0.0,0.0,0.0,0.0,0.0,0.0,0.0,0.0,0.0,0.0,0.0,0.0,0.0,0.0,0.0,0.0,0.0,0.0,0.0,0.0,0.0,0.0,0.0,0.0,0.0,0.0,0.0,0.0,0.0,0.0,0.0,0.0,0.0,0.0,0.0,0.0,6.0,2.0,12.0
422,0,1,695,695,512,512,0,0,16,0,32,64,__amd_rocclr_copyBuffer,158975308996374,158975308998860,423,23,236660.0,1184.0,608.0,0.0,33.0,95.0,0.0,0.0,1767.0,1767.0,0.0,0.0,1.0,207368.0,0.0,0.0,4.0,3.0,4.0,4.0,0.0,0.0,0.0,0.0,0.0,0.0,0.0,0.0,1.0,0.0,0.0,0.0,0.0,0.0,0.0,0.0,0.0,0.0,0.0,0.0,0.0,0.0,0.0,0.0,0.0,0.0,0.0,0.0,0.0,0.0,0.0,0.0,0.0,0.0,0.0,0.0,0.0,0.0,0.0,0.0,0.0,0.0,0.0,0.0,0.0,0.0,0.0,0.0,0.0,0.0,0.0,0.0,0.0,0.0,0.0,0.0,0.0,0.0,0.0,0.0,0.0,0.0,0.0,0.0,0.0,0.0,0.0,0.0,0.0,0.0,0.0,0.0,0.0,0.0,0.0,0.0,0.0,0.0,0.0,0.0,0.0,0.0,0.0,0.0,0.0,0.0,0.0,0.0,0.0,0.0,0.0,0.0,0.0,0.0,0.0,0.0,0.0,0.0,0.0,0.0,0.0,0.0,0.0,0.0,0.0,0.0,0.0,0.0,0.0,0.0,0.0,0.0,0.0,0.0,0.0,0.0,0.0,0.0,4.0,4.0,0.0,0.0,0.0,0.0,0.0,0.0,0.0,0.0,0.0,0.0,0.0,0.0,0.0,0.0,0.0,0.0,1.0,0.0,0.0,0.0,0.0,0.0,0.0,0.0,0.0,0.0,0.0,0.0,0.0,0.0,0.0,0.0,0.0,0.0,0.0,0.0,0.0,0.0,0.0,0.0,0.0,0.0,0.0,0.0,0.0,0.0,0.0,0.0,0.0,0.0,0.0,0.0,0.0,0.0,0.0,0.0,0.0,0.0,0.0,0.0,0.0,0.0,0.0,0.0,0.0,0.0,0.0,0.0,0.0,0.0,0.0,0.0,0.0,0.0,0.0,0.0,0.0,0.0,0.0,0.0,0.0,0.0,0.0,0.0,0.0,0.0,0.0,0.0,0.0,0.0,0.0,0.0,0.0,0.0,0.0,0.0,0.0,0.0,0.0,0.0,0.0,0.0,0.0,0.0,0.0,0.0,0.0,0.0,0.0,0.0,0.0,0.0,0.0,0.0,0.0,0.0,0.0,0.0,0.0,0.0,0.0,0.0,0.0,0.0,0.0,0.0,0.0,0.0,0.0,0.0,0.0,0.0,0.0,1.0,0.0,2.0
423,0,1,695,695,512,512,0,0,16,0,32,64,__amd_rocclr_copyBuffer,158975309403417,158975309405902,424,23,247314.0,1184.0,608.0,0.0,33.0,95.0,0.0,0.0,1809.0,1809.0,0.0,0.0,1.0,216555.0,0.0,0.0,4.0,3.0,4.0,4.0,0.0,0.0,0.0,0.0,0.0,0.0,0.0,0.0,1.0,0.0,0.0,0.0,0.0,0.0,0.0,0.0,0.0,0.0,0.0,0.0,0.0,0.0,0.0,0.0,0.0,0.0,0.0,0.0,0.0,0.0,0.0,0.0,0.0,0.0,0.0,0.0,0.0,0.0,0.0,0.0,0.0,0.0,0.0,0.0,0.0,0.0,0.0,0.0,0.0,0.0,0.0,0.0,0.0,0.0,0.0,0.0,0.0,0.0,0.0,0.0,0.0,0.0,0.0,0.0,0.0,0.0,0.0,0.0,0.0,0.0,0.0,0.0,0.0,0.0,0.0,0.0,0.0,0.0,0.0,0.0,0.0,0.0,0.0,0.0,0.0,0.0,0.0,0.0,0.0,0.0,0.0,0.0,0.0,0.0,0.0,0.0,0.0,0.0,0.0,0.0,0.0,0.0,0.0,0.0,0.0,0.0,0.0,0.0,0.0,0.0,0.0,0.0,0.0,0.0,0.0,0.0,0.0,0.0,4.0,4.0,0.0,0.0,0.0,0.0,0.0,0.0,0.0,0.0,0.0,0.0,0.0,0.0,0.0,0.0,0.0,0.0,1.0,0.0,0.0,0.0,0.0,0.0,0.0,0.0,0.0,0.0,0.0,0.0,0.0,0.0,0.0,0.0,0.0,0.0,0.0,0.0,0.0,0.0,0.0,0.0,0.0,0.0,0.0,0.0,0.0,0.0,0.0,0.0,0.0,0.0,0.0,0.0,0.0,0.0,0.0,0.0,0.0,0.0,0.0,0.0,0.0,0.0,0.0,0.0,0.0,0.0,0.0,0.0,0.0,0.0,0.0,0.0,0.0,0.0,0.0,0.0,0.0,0.0,0.0,0.0,0.0,0.0,0.0,0.0,0.0,0.0,0.0,0.0,0.0,0.0,0.0,0.0,0.0,0.0,0.0,0.0,0.0,0.0,0.0,0.0,0.0,0.0,0.0,0.0,0.0,0.0,0.0,0.0,0.0,0.0,0.0,0.0,0.0,0.0,0.0,0.0,0.0,0.0,0.0,0.0,0.0,0.0,0.0,0.0,0.0,0.0,0.0,0.0,0.0,0.0,0.0,0.0,0.0,1.0,1.0,2.0
424,0,1,695,695,512,512,0,0,16,0,32,64,__amd_rocclr_copyBuffer,158975309812705,158975309815070,425,23,236649.0,1184.0,608.0,0.0,33.0,95.0,0.0,0.0,1693.0,1693.0,0.0,0.0,1.0,206300.0,0.0,0.0,4.0,3.0,4.0,4.0,0.0,0.0,0.0,0.0,0.0,0.0,0.0,0.0,1.0,0.0,0.0,0.0,0.0,0.0,0.0,0.0,0.0,0.0,0.0,0.0,0.0,0.0,0.0,0.0,0.0,0.0,0.0,0.0,0.0,0.0,0.0,0.0,0.0,0.0,0.0,0.0,0.0,0.0,0.0,0.0,0.0,0.0,0.0,0.0,0.0,0.0,0.0,0.0,0.0,0.0,0.0,0.0,0.0,0.0,0.0,0.0,0.0,0.0,0.0,0.0,0.0,0.0,0.0,0.0,0.0,0.0,0.0,0.0,0.0,0.0,0.0,0.0,0.0,0.0,0.0,0.0,0.0,0.0,0.0,0.0,0.0,0.0,0.0,0.0,0.0,0.0,0.0,0.0,0.0,0.0,0.0,0.0,0.0,0.0,0.0,0.0,0.0,0.0,0.0,0.0,0.0,0.0,0.0,0.0,0.0,0.0,0.0,0.0,0.0,0.0,0.0,0.0,0.0,0.0,0.0,0.0,0.0,0.0,4.0,4.0,0.0,0.0,0.0,0.0,0.0,0.0,0.0,0.0,0.0,0.0,0.0,0.0,0.0,0.0,0.0,0.0,1.0,0.0,0.0,0.0,0.0,0.0,0.0,0.0,0.0,0.0,0.0,0.0,0.0,0.0,0.0,0.0,0.0,0.0,0.0,0.0,0.0,0.0,0.0,0.0,0.0,0.0,0.0,0.0,0.0,0.0,0.0,0.0,0.0,0.0,0.0,0.0,0.0,0.0,0.0,0.0,0.0,0.0,0.0,0.0,0.0,0.0,0.0,0.0,0.0,0.0,0.0,0.0,0.0,0.0,0.0,0.0,0.0,0.0,0.0,0.0,0.0,0.0,0.0,0.0,0.0,0.0,0.0,0.0,0.0,0.0,0.0,0.0,0.0,0.0,0.0,0.0,0.0,0.0,0.0,0.0,0.0,0.0,0.0,0.0,0.0,0.0,0.0,0.0,0.0,0.0,0.0,0.0,0.0,0.0,0.0,0.0,0.0,0.0,0.0,0.0,0.0,0.0,0.0,0.0,0.0,0.0,0.0,0.0,0.0,0.0,0.0,0.0,0.0,0.0,0.0,0.0,0.0,1.0,0.0,2.0
425,0,1,695,695,1024,1024,0,0,16,0,32,64,__amd_rocclr_copyBuffer,158975310223677,158975310227124,426,23,245541.0,1184.0,608.0,0.0,67.0,205.0,0.0,0.0,6015.0,6015.0,0.0,0.0,3.0,205745.0,0.0,0.0,4.0,3.0,4.0,4.0,0.0,1.0,0.0,0.0,0.0,0.0,0.0,0.0,0.0,0.0,0.0,0.0,0.0,0.0,0.0,0.0,0.0,0.0,0.0,0.0,0.0,0.0,0.0,0.0,0.0,0.0,0.0,0.0,0.0,0.0,0.0,0.0,0.0,0.0,0.0,0.0,0.0,0.0,0.0,0.0,0.0,0.0,0.0,0.0,0.0,0.0,0.0,0.0,0.0,0.0,0.0,0.0,0.0,0.0,0.0,0.0,0.0,0.0,0.0,0.0,0.0,0.0,0.0,0.0,0.0,0.0,0.0,0.0,0.0,0.0,0.0,0.0,0.0,0.0,0.0,0.0,0.0,0.0,0.0,0.0,0.0,0.0,0.0,0.0,0.0,0.0,0.0,0.0,0.0,0.0,0.0,0.0,0.0,0.0,0.0,0.0,0.0,0.0,0.0,0.0,0.0,0.0,0.0,0.0,0.0,0.0,0.0,0.0,0.0,0.0,0.0,0.0,0.0,0.0,0.0,0.0,0.0,0.0,4.0,4.0,0.0,0.0,0.0,0.0,0.0,0.0,0.0,3.0,0.0,0.0,0.0,0.0,0.0,0.0,0.0,0.0,0.0,0.0,0.0,0.0,0.0,0.0,0.0,0.0,0.0,0.0,0.0,0.0,0.0,0.0,0.0,0.0,0.0,0.0,0.0,0.0,0.0,0.0,0.0,0.0,0.0,0.0,0.0,0.0,0.0,0.0,0.0,0.0,0.0,0.0,0.0,0.0,0.0,0.0,0.0,0.0,0.0,0.0,0.0,0.0,0.0,0.0,0.0,0.0,0.0,0.0,0.0,0.0,0.0,0.0,0.0,0.0,0.0,0.0,0.0,0.0,0.0,0.0,0.0,0.0,0.0,0.0,0.0,0.0,0.0,0.0,0.0,0.0,0.0,0.0,0.0,0.0,0.0,0.0,0.0,0.0,0.0,0.0,0.0,0.0,0.0,0.0,0.0,0.0,0.0,0.0,0.0,0.0,0.0,0.0,0.0,0.0,0.0,0.0,0.0,0.0,0.0,0.0,0.0,0.0,0.0,0.0,0.0,0.0,0.0,0.0,0.0,0.0,0.0,0.0,0.0,0.0,0.0,3.0,2.0,6.0
426,0,1,695,695,512,512,0,0,16,0,32,64,__amd_rocclr_copyBuffer,158975310628915,158975310631401,427,23,243110.0,1184.0,608.0,0.0,33.0,95.0,0.0,0.0,1886.0,1886.0,0.0,0.0,1.0,204460.0,0.0,0.0,4.0,3.0,4.0,4.0,0.0,0.0,0.0,0.0,0.0,0.0,0.0,0.0,1.0,0.0,0.0,0.0,0.0,0.0,0.0,0.0,0.0,0.0,0.0,0.0,0.0,0.0,0.0,0.0,0.0,0.0,0.0,0.0,0.0,0.0,0.0,0.0,0.0,0.0,0.0,0.0,0.0,0.0,0.0,0.0,0.0,0.0,0.0,0.0,0.0,0.0,0.0,0.0,0.0,0.0,0.0,0.0,0.0,0.0,0.0,0.0,0.0,0.0,0.0,0.0,0.0,0.0,0.0,0.0,0.0,0.0,0.0,0.0,0.0,0.0,0.0,0.0,0.0,0.0,0.0,0.0,0.0,0.0,0.0,0.0,0.0,0.0,0.0,0.0,0.0,0.0,0.0,0.0,0.0,0.0,0.0,0.0,0.0,0.0,0.0,0.0,0.0,0.0,0.0,0.0,0.0,0.0,0.0,0.0,0.0,0.0,0.0,0.0,0.0,0.0,0.0,0.0,0.0,0.0,0.0,0.0,0.0,0.0,4.0,4.0,0.0,0.0,0.0,0.0,0.0,0.0,0.0,0.0,0.0,0.0,0.0,0.0,0.0,0.0,0.0,0.0,1.0,0.0,0.0,0.0,0.0,0.0,0.0,0.0,0.0,0.0,0.0,0.0,0.0,0.0,0.0,0.0,0.0,0.0,0.0,0.0,0.0,0.0,0.0,0.0,0.0,0.0,0.0,0.0,0.0,0.0,0.0,0.0,0.0,0.0,0.0,0.0,0.0,0.0,0.0,0.0,0.0,0.0,0.0,0.0,0.0,0.0,0.0,0.0,0.0,0.0,0.0,0.0,0.0,0.0,0.0,0.0,0.0,0.0,0.0,0.0,0.0,0.0,0.0,0.0,0.0,0.0,0.0,0.0,0.0,0.0,0.0,0.0,0.0,0.0,0.0,0.0,0.0,0.0,0.0,0.0,0.0,0.0,0.0,0.0,0.0,0.0,0.0,0.0,0.0,0.0,0.0,0.0,0.0,0.0,0.0,0.0,0.0,0.0,0.0,0.0,0.0,0.0,0.0,0.0,0.0,0.0,0.0,0.0,0.0,0.0,0.0,0.0,0.0,0.0,0.0,0.0,0.0,1.0,1.0,2.0
427,0,1,695,695,512,512,0,0,16,0,32,64,__amd_rocclr_copyBuffer,158975311035758,158975311038284,428,23,240843.0,1184.0,608.0,0.0,33.0,95.0,0.0,0.0,1817.0,1817.0,0.0,0.0,1.0,205628.0,0.0,0.0,4.0,3.0,4.0,4.0,0.0,0.0,0.0,0.0,0.0,0.0,0.0,0.0,1.0,0.0,0.0,0.0,0.0,0.0,0.0,0.0,0.0,0.0,0.0,0.0,0.0,0.0,0.0,0.0,0.0,0.0,0.0,0.0,0.0,0.0,0.0,0.0,0.0,0.0,0.0,0.0,0.0,0.0,0.0,0.0,0.0,0.0,0.0,0.0,0.0,0.0,0.0,0.0,0.0,0.0,0.0,0.0,0.0,0.0,0.0,0.0,0.0,0.0,0.0,0.0,0.0,0.0,0.0,0.0,0.0,0.0,0.0,0.0,0.0,0.0,0.0,0.0,0.0,0.0,0.0,0.0,0.0,0.0,0.0,0.0,0.0,0.0,0.0,0.0,0.0,0.0,0.0,0.0,0.0,0.0,0.0,0.0,0.0,0.0,0.0,0.0,0.0,0.0,0.0,0.0,0.0,0.0,0.0,0.0,0.0,0.0,0.0,0.0,0.0,0.0,0.0,0.0,0.0,0.0,0.0,0.0,0.0,0.0,4.0,4.0,0.0,0.0,0.0,0.0,0.0,0.0,0.0,0.0,0.0,0.0,0.0,0.0,0.0,0.0,0.0,0.0,1.0,0.0,0.0,0.0,0.0,0.0,0.0,0.0,0.0,0.0,0.0,0.0,0.0,0.0,0.0,0.0,0.0,0.0,0.0,0.0,0.0,0.0,0.0,0.0,0.0,0.0,0.0,0.0,0.0,0.0,0.0,0.0,0.0,0.0,0.0,0.0,0.0,0.0,0.0,0.0,0.0,0.0,0.0,0.0,0.0,0.0,0.0,0.0,0.0,0.0,0.0,0.0,0.0,0.0,0.0,0.0,0.0,0.0,0.0,0.0,0.0,0.0,0.0,0.0,0.0,0.0,0.0,0.0,0.0,0.0,0.0,0.0,0.0,0.0,0.0,0.0,0.0,0.0,0.0,0.0,0.0,0.0,0.0,0.0,0.0,0.0,0.0,0.0,0.0,0.0,0.0,0.0,0.0,0.0,0.0,0.0,0.0,0.0,0.0,0.0,0.0,0.0,0.0,0.0,0.0,0.0,0.0,0.0,0.0,0.0,0.0,0.0,0.0,0.0,0.0,0.0,0.0,1.0,1.0,2.0
428,0,1,695,695,512,512,0,0,16,0,32,64,__amd_rocclr_copyBuffer,158975311440435,158975311443122,429,23,222804.0,1184.0,608.0,0.0,33.0,95.0,0.0,0.0,1798.0,1798.0,0.0,0.0,1.0,198786.0,0.0,0.0,4.0,3.0,4.0,4.0,0.0,0.0,0.0,0.0,0.0,0.0,0.0,0.0,1.0,0.0,0.0,0.0,0.0,0.0,0.0,0.0,0.0,0.0,0.0,0.0,0.0,0.0,0.0,0.0,0.0,0.0,0.0,0.0,0.0,0.0,0.0,0.0,0.0,0.0,0.0,0.0,0.0,0.0,0.0,0.0,0.0,0.0,0.0,0.0,0.0,0.0,0.0,0.0,0.0,0.0,0.0,0.0,0.0,0.0,0.0,0.0,0.0,0.0,0.0,0.0,0.0,0.0,0.0,0.0,0.0,0.0,0.0,0.0,0.0,0.0,0.0,0.0,0.0,0.0,0.0,0.0,0.0,0.0,0.0,0.0,0.0,0.0,0.0,0.0,0.0,0.0,0.0,0.0,0.0,0.0,0.0,0.0,0.0,0.0,0.0,0.0,0.0,0.0,0.0,0.0,0.0,0.0,0.0,0.0,0.0,0.0,0.0,0.0,0.0,0.0,0.0,0.0,0.0,0.0,0.0,0.0,0.0,0.0,4.0,4.0,0.0,0.0,0.0,0.0,0.0,0.0,0.0,0.0,0.0,0.0,0.0,0.0,0.0,0.0,0.0,0.0,1.0,0.0,0.0,0.0,0.0,0.0,0.0,0.0,0.0,0.0,0.0,0.0,0.0,0.0,0.0,0.0,0.0,0.0,0.0,0.0,0.0,0.0,0.0,0.0,0.0,0.0,0.0,0.0,0.0,0.0,0.0,0.0,0.0,0.0,0.0,0.0,0.0,0.0,0.0,0.0,0.0,0.0,0.0,0.0,0.0,0.0,0.0,0.0,0.0,0.0,0.0,0.0,0.0,0.0,0.0,0.0,0.0,0.0,0.0,0.0,0.0,0.0,0.0,0.0,0.0,0.0,0.0,0.0,0.0,0.0,0.0,0.0,0.0,0.0,0.0,0.0,0.0,0.0,0.0,0.0,0.0,0.0,0.0,0.0,0.0,0.0,0.0,0.0,0.0,0.0,0.0,0.0,0.0,0.0,0.0,0.0,0.0,0.0,0.0,0.0,0.0,0.0,0.0,0.0,0.0,0.0,0.0,0.0,0.0,0.0,0.0,0.0,0.0,0.0,0.0,0.0,0.0,1.0,1.0,2.0
429,0,1,695,695,512,512,0,0,16,0,32,64,__amd_rocclr_copyBuffer,158975311846276,158975311851367,430,23,283381.0,1184.0,608.0,0.0,38.0,140.0,0.0,0.0,12401.0,12401.0,0.0,0.0,6.0,212535.0,0.0,0.0,4.0,3.0,4.0,4.0,0.0,0.0,0.0,0.0,0.0,0.0,0.0,0.0,0.0,0.0,0.0,0.0,0.0,0.0,0.0,0.0,0.0,0.0,0.0,0.0,0.0,0.0,0.0,0.0,0.0,0.0,0.0,0.0,0.0,0.0,0.0,0.0,0.0,0.0,0.0,0.0,0.0,0.0,0.0,0.0,0.0,0.0,0.0,0.0,0.0,0.0,0.0,0.0,0.0,0.0,0.0,0.0,0.0,0.0,0.0,0.0,0.0,0.0,0.0,0.0,0.0,0.0,0.0,0.0,0.0,0.0,0.0,0.0,0.0,0.0,0.0,0.0,0.0,0.0,0.0,0.0,0.0,0.0,0.0,0.0,0.0,0.0,0.0,0.0,0.0,0.0,0.0,0.0,0.0,0.0,0.0,0.0,0.0,0.0,0.0,0.0,0.0,0.0,0.0,0.0,0.0,0.0,0.0,0.0,0.0,0.0,0.0,0.0,0.0,0.0,0.0,0.0,0.0,0.0,0.0,0.0,0.0,0.0,4.0,4.0,1.0,0.0,0.0,0.0,6.0,0.0,0.0,0.0,0.0,0.0,0.0,0.0,0.0,0.0,0.0,0.0,0.0,0.0,0.0,0.0,0.0,0.0,0.0,0.0,0.0,0.0,0.0,0.0,0.0,0.0,0.0,0.0,0.0,0.0,0.0,0.0,0.0,0.0,0.0,0.0,0.0,0.0,0.0,0.0,0.0,0.0,0.0,0.0,0.0,0.0,0.0,0.0,0.0,0.0,0.0,0.0,0.0,0.0,0.0,0.0,0.0,0.0,0.0,0.0,0.0,0.0,0.0,0.0,0.0,0.0,0.0,0.0,0.0,0.0,0.0,0.0,0.0,0.0,0.0,0.0,0.0,0.0,0.0,0.0,0.0,0.0,0.0,0.0,0.0,0.0,0.0,0.0,0.0,0.0,0.0,0.0,0.0,0.0,0.0,0.0,0.0,0.0,0.0,0.0,0.0,0.0,0.0,0.0,0.0,0.0,0.0,0.0,0.0,0.0,0.0,0.0,0.0,0.0,0.0,0.0,0.0,0.0,0.0,0.0,0.0,0.0,0.0,0.0,0.0,0.0,0.0,0.0,0.0,6.0,2.0,12.0
430,0,1,695,695,512,512,0,0,16,0,32,64,__amd_rocclr_copyBuffer,158975312256045,158975312258530,431,23,245528.0,1184.0,608.0,0.0,33.0,95.0,0.0,0.0,1898.0,1898.0,0.0,0.0,1.0,213366.0,0.0,0.0,4.0,3.0,4.0,4.0,0.0,0.0,0.0,0.0,0.0,0.0,0.0,0.0,1.0,0.0,0.0,0.0,0.0,0.0,0.0,0.0,0.0,0.0,0.0,0.0,0.0,0.0,0.0,0.0,0.0,0.0,0.0,0.0,0.0,0.0,0.0,0.0,0.0,0.0,0.0,0.0,0.0,0.0,0.0,0.0,0.0,0.0,0.0,0.0,0.0,0.0,0.0,0.0,0.0,0.0,0.0,0.0,0.0,0.0,0.0,0.0,0.0,0.0,0.0,0.0,0.0,0.0,0.0,0.0,0.0,0.0,0.0,0.0,0.0,0.0,0.0,0.0,0.0,0.0,0.0,0.0,0.0,0.0,0.0,0.0,0.0,0.0,0.0,0.0,0.0,0.0,0.0,0.0,0.0,0.0,0.0,0.0,0.0,0.0,0.0,0.0,0.0,0.0,0.0,0.0,0.0,0.0,0.0,0.0,0.0,0.0,0.0,0.0,0.0,0.0,0.0,0.0,0.0,0.0,0.0,0.0,0.0,0.0,4.0,4.0,0.0,0.0,0.0,0.0,0.0,0.0,0.0,0.0,0.0,0.0,0.0,0.0,0.0,0.0,0.0,0.0,1.0,0.0,0.0,0.0,0.0,0.0,0.0,0.0,0.0,0.0,0.0,0.0,0.0,0.0,0.0,0.0,0.0,0.0,0.0,0.0,0.0,0.0,0.0,0.0,0.0,0.0,0.0,0.0,0.0,0.0,0.0,0.0,0.0,0.0,0.0,0.0,0.0,0.0,0.0,0.0,0.0,0.0,0.0,0.0,0.0,0.0,0.0,0.0,0.0,0.0,0.0,0.0,0.0,0.0,0.0,0.0,0.0,0.0,0.0,0.0,0.0,0.0,0.0,0.0,0.0,0.0,0.0,0.0,0.0,0.0,0.0,0.0,0.0,0.0,0.0,0.0,0.0,0.0,0.0,0.0,0.0,0.0,0.0,0.0,0.0,0.0,0.0,0.0,0.0,0.0,0.0,0.0,0.0,0.0,0.0,0.0,0.0,0.0,0.0,0.0,0.0,0.0,0.0,0.0,0.0,0.0,0.0,0.0,0.0,0.0,0.0,0.0,0.0,0.0,0.0,0.0,0.0,1.0,1.0,2.0
431,0,1,695,695,512,512,0,0,16,0,32,64,__amd_rocclr_copyBuffer,158975312662927,158975312665413,432,23,240696.0,1184.0,608.0,0.0,33.0,95.0,0.0,0.0,1820.0,1820.0,0.0,0.0,1.0,202449.0,0.0,0.0,4.0,3.0,4.0,4.0,0.0,0.0,0.0,0.0,0.0,0.0,0.0,0.0,1.0,0.0,0.0,0.0,0.0,0.0,0.0,0.0,0.0,0.0,0.0,0.0,0.0,0.0,0.0,0.0,0.0,0.0,0.0,0.0,0.0,0.0,0.0,0.0,0.0,0.0,0.0,0.0,0.0,0.0,0.0,0.0,0.0,0.0,0.0,0.0,0.0,0.0,0.0,0.0,0.0,0.0,0.0,0.0,0.0,0.0,0.0,0.0,0.0,0.0,0.0,0.0,0.0,0.0,0.0,0.0,0.0,0.0,0.0,0.0,0.0,0.0,0.0,0.0,0.0,0.0,0.0,0.0,0.0,0.0,0.0,0.0,0.0,0.0,0.0,0.0,0.0,0.0,0.0,0.0,0.0,0.0,0.0,0.0,0.0,0.0,0.0,0.0,0.0,0.0,0.0,0.0,0.0,0.0,0.0,0.0,0.0,0.0,0.0,0.0,0.0,0.0,0.0,0.0,0.0,0.0,0.0,0.0,0.0,0.0,4.0,4.0,0.0,0.0,0.0,0.0,0.0,0.0,0.0,0.0,0.0,0.0,0.0,0.0,0.0,0.0,0.0,0.0,1.0,0.0,0.0,0.0,0.0,0.0,0.0,0.0,0.0,0.0,0.0,0.0,0.0,0.0,0.0,0.0,0.0,0.0,0.0,0.0,0.0,0.0,0.0,0.0,0.0,0.0,0.0,0.0,0.0,0.0,0.0,0.0,0.0,0.0,0.0,0.0,0.0,0.0,0.0,0.0,0.0,0.0,0.0,0.0,0.0,0.0,0.0,0.0,0.0,0.0,0.0,0.0,0.0,0.0,0.0,0.0,0.0,0.0,0.0,0.0,0.0,0.0,0.0,0.0,0.0,0.0,0.0,0.0,0.0,0.0,0.0,0.0,0.0,0.0,0.0,0.0,0.0,0.0,0.0,0.0,0.0,0.0,0.0,0.0,0.0,0.0,0.0,0.0,0.0,0.0,0.0,0.0,0.0,0.0,0.0,0.0,0.0,0.0,0.0,0.0,0.0,0.0,0.0,0.0,0.0,0.0,0.0,0.0,0.0,0.0,0.0,0.0,0.0,0.0,0.0,0.0,0.0,1.0,1.0,2.0
432,0,1,695,695,512,512,0,0,16,0,32,64,__amd_rocclr_copyBuffer,158975313068407,158975313070812,433,23,233710.0,1184.0,608.0,0.0,33.0,95.0,0.0,0.0,1807.0,1807.0,0.0,0.0,1.0,204943.0,0.0,0.0,4.0,3.0,4.0,4.0,0.0,0.0,0.0,0.0,0.0,0.0,0.0,0.0,1.0,0.0,0.0,0.0,0.0,0.0,0.0,0.0,0.0,0.0,0.0,0.0,0.0,0.0,0.0,0.0,0.0,0.0,0.0,0.0,0.0,0.0,0.0,0.0,0.0,0.0,0.0,0.0,0.0,0.0,0.0,0.0,0.0,0.0,0.0,0.0,0.0,0.0,0.0,0.0,0.0,0.0,0.0,0.0,0.0,0.0,0.0,0.0,0.0,0.0,0.0,0.0,0.0,0.0,0.0,0.0,0.0,0.0,0.0,0.0,0.0,0.0,0.0,0.0,0.0,0.0,0.0,0.0,0.0,0.0,0.0,0.0,0.0,0.0,0.0,0.0,0.0,0.0,0.0,0.0,0.0,0.0,0.0,0.0,0.0,0.0,0.0,0.0,0.0,0.0,0.0,0.0,0.0,0.0,0.0,0.0,0.0,0.0,0.0,0.0,0.0,0.0,0.0,0.0,0.0,0.0,0.0,0.0,0.0,0.0,4.0,4.0,0.0,0.0,0.0,0.0,0.0,0.0,0.0,0.0,0.0,0.0,0.0,0.0,0.0,0.0,0.0,0.0,1.0,0.0,0.0,0.0,0.0,0.0,0.0,0.0,0.0,0.0,0.0,0.0,0.0,0.0,0.0,0.0,0.0,0.0,0.0,0.0,0.0,0.0,0.0,0.0,0.0,0.0,0.0,0.0,0.0,0.0,0.0,0.0,0.0,0.0,0.0,0.0,0.0,0.0,0.0,0.0,0.0,0.0,0.0,0.0,0.0,0.0,0.0,0.0,0.0,0.0,0.0,0.0,0.0,0.0,0.0,0.0,0.0,0.0,0.0,0.0,0.0,0.0,0.0,0.0,0.0,0.0,0.0,0.0,0.0,0.0,0.0,0.0,0.0,0.0,0.0,0.0,0.0,0.0,0.0,0.0,0.0,0.0,0.0,0.0,0.0,0.0,0.0,0.0,0.0,0.0,0.0,0.0,0.0,0.0,0.0,0.0,0.0,0.0,0.0,0.0,0.0,0.0,0.0,0.0,0.0,0.0,0.0,0.0,0.0,0.0,0.0,0.0,0.0,0.0,0.0,0.0,0.0,1.0,1.0,2.0
433,0,1,695,695,1024,1024,0,0,16,0,32,64,__amd_rocclr_copyBuffer,158975313476532,158975313479860,434,23,257193.0,1184.0,608.0,0.0,67.0,205.0,0.0,0.0,5949.0,5949.0,0.0,0.0,3.0,210378.0,0.0,0.0,4.0,4.0,4.0,4.0,0.0,0.0,0.0,0.0,0.0,0.0,0.0,0.0,0.0,0.0,0.0,0.0,0.0,0.0,0.0,0.0,0.0,0.0,0.0,0.0,0.0,0.0,0.0,0.0,0.0,0.0,0.0,0.0,0.0,0.0,0.0,0.0,0.0,0.0,0.0,0.0,0.0,0.0,0.0,0.0,0.0,0.0,0.0,0.0,0.0,0.0,0.0,0.0,0.0,0.0,0.0,0.0,0.0,0.0,0.0,0.0,0.0,0.0,0.0,0.0,0.0,0.0,0.0,0.0,0.0,0.0,0.0,0.0,0.0,0.0,0.0,0.0,0.0,0.0,0.0,0.0,0.0,0.0,0.0,0.0,0.0,0.0,0.0,0.0,0.0,0.0,0.0,0.0,0.0,0.0,0.0,0.0,0.0,0.0,0.0,0.0,0.0,0.0,0.0,0.0,0.0,0.0,0.0,0.0,0.0,0.0,0.0,0.0,0.0,0.0,0.0,0.0,0.0,0.0,0.0,0.0,0.0,0.0,4.0,4.0,0.0,0.0,0.0,0.0,0.0,3.0,0.0,0.0,0.0,0.0,0.0,0.0,0.0,0.0,0.0,0.0,0.0,0.0,0.0,0.0,0.0,0.0,0.0,0.0,0.0,0.0,0.0,0.0,0.0,0.0,0.0,0.0,0.0,0.0,0.0,0.0,0.0,0.0,0.0,0.0,0.0,0.0,0.0,0.0,0.0,0.0,0.0,0.0,0.0,0.0,0.0,0.0,0.0,0.0,0.0,0.0,0.0,0.0,0.0,0.0,0.0,0.0,0.0,0.0,0.0,0.0,0.0,0.0,0.0,0.0,0.0,0.0,0.0,0.0,0.0,0.0,0.0,0.0,0.0,0.0,0.0,0.0,0.0,0.0,0.0,0.0,0.0,0.0,0.0,0.0,0.0,0.0,0.0,0.0,0.0,0.0,0.0,0.0,0.0,0.0,0.0,0.0,0.0,0.0,0.0,0.0,0.0,0.0,0.0,0.0,0.0,0.0,0.0,0.0,0.0,0.0,0.0,0.0,0.0,0.0,0.0,0.0,0.0,0.0,0.0,0.0,0.0,0.0,0.0,0.0,0.0,0.0,0.0,3.0,2.0,6.0
434,0,1,695,695,512,512,0,0,16,0,32,64,__amd_rocclr_copyBuffer,158975313886101,158975313888506,435,23,238378.0,1184.0,608.0,0.0,33.0,95.0,0.0,0.0,1821.0,1821.0,0.0,0.0,1.0,205886.0,0.0,0.0,4.0,3.0,4.0,4.0,0.0,0.0,0.0,0.0,0.0,0.0,0.0,0.0,1.0,0.0,0.0,0.0,0.0,0.0,0.0,0.0,0.0,0.0,0.0,0.0,0.0,0.0,0.0,0.0,0.0,0.0,0.0,0.0,0.0,0.0,0.0,0.0,0.0,0.0,0.0,0.0,0.0,0.0,0.0,0.0,0.0,0.0,0.0,0.0,0.0,0.0,0.0,0.0,0.0,0.0,0.0,0.0,0.0,0.0,0.0,0.0,0.0,0.0,0.0,0.0,0.0,0.0,0.0,0.0,0.0,0.0,0.0,0.0,0.0,0.0,0.0,0.0,0.0,0.0,0.0,0.0,0.0,0.0,0.0,0.0,0.0,0.0,0.0,0.0,0.0,0.0,0.0,0.0,0.0,0.0,0.0,0.0,0.0,0.0,0.0,0.0,0.0,0.0,0.0,0.0,0.0,0.0,0.0,0.0,0.0,0.0,0.0,0.0,0.0,0.0,0.0,0.0,0.0,0.0,0.0,0.0,0.0,0.0,4.0,4.0,0.0,0.0,0.0,0.0,0.0,0.0,0.0,0.0,0.0,0.0,0.0,0.0,0.0,0.0,0.0,0.0,1.0,0.0,0.0,0.0,0.0,0.0,0.0,0.0,0.0,0.0,0.0,0.0,0.0,0.0,0.0,0.0,0.0,0.0,0.0,0.0,0.0,0.0,0.0,0.0,0.0,0.0,0.0,0.0,0.0,0.0,0.0,0.0,0.0,0.0,0.0,0.0,0.0,0.0,0.0,0.0,0.0,0.0,0.0,0.0,0.0,0.0,0.0,0.0,0.0,0.0,0.0,0.0,0.0,0.0,0.0,0.0,0.0,0.0,0.0,0.0,0.0,0.0,0.0,0.0,0.0,0.0,0.0,0.0,0.0,0.0,0.0,0.0,0.0,0.0,0.0,0.0,0.0,0.0,0.0,0.0,0.0,0.0,0.0,0.0,0.0,0.0,0.0,0.0,0.0,0.0,0.0,0.0,0.0,0.0,0.0,0.0,0.0,0.0,0.0,0.0,0.0,0.0,0.0,0.0,0.0,0.0,0.0,0.0,0.0,0.0,0.0,0.0,0.0,0.0,0.0,0.0,0.0,1.0,1.0,2.0
435,0,1,695,695,512,512,0,0,16,0,32,64,__amd_rocclr_copyBuffer,158975314290498,158975314292903,436,23,244171.0,1184.0,608.0,0.0,33.0,95.0,0.0,0.0,1755.0,1755.0,0.0,0.0,1.0,200325.0,0.0,0.0,4.0,3.0,4.0,4.0,0.0,0.0,0.0,0.0,0.0,0.0,0.0,0.0,1.0,0.0,0.0,0.0,0.0,0.0,0.0,0.0,0.0,0.0,0.0,0.0,0.0,0.0,0.0,0.0,0.0,0.0,0.0,0.0,0.0,0.0,0.0,0.0,0.0,0.0,0.0,0.0,0.0,0.0,0.0,0.0,0.0,0.0,0.0,0.0,0.0,0.0,0.0,0.0,0.0,0.0,0.0,0.0,0.0,0.0,0.0,0.0,0.0,0.0,0.0,0.0,0.0,0.0,0.0,0.0,0.0,0.0,0.0,0.0,0.0,0.0,0.0,0.0,0.0,0.0,0.0,0.0,0.0,0.0,0.0,0.0,0.0,0.0,0.0,0.0,0.0,0.0,0.0,0.0,0.0,0.0,0.0,0.0,0.0,0.0,0.0,0.0,0.0,0.0,0.0,0.0,0.0,0.0,0.0,0.0,0.0,0.0,0.0,0.0,0.0,0.0,0.0,0.0,0.0,0.0,0.0,0.0,0.0,0.0,4.0,4.0,0.0,0.0,0.0,0.0,0.0,0.0,0.0,0.0,0.0,0.0,0.0,0.0,0.0,0.0,0.0,0.0,1.0,0.0,0.0,0.0,0.0,0.0,0.0,0.0,0.0,0.0,0.0,0.0,0.0,0.0,0.0,0.0,0.0,0.0,0.0,0.0,0.0,0.0,0.0,0.0,0.0,0.0,0.0,0.0,0.0,0.0,0.0,0.0,0.0,0.0,0.0,0.0,0.0,0.0,0.0,0.0,0.0,0.0,0.0,0.0,0.0,0.0,0.0,0.0,0.0,0.0,0.0,0.0,0.0,0.0,0.0,0.0,0.0,0.0,0.0,0.0,0.0,0.0,0.0,0.0,0.0,0.0,0.0,0.0,0.0,0.0,0.0,0.0,0.0,0.0,0.0,0.0,0.0,0.0,0.0,0.0,0.0,0.0,0.0,0.0,0.0,0.0,0.0,0.0,0.0,0.0,0.0,0.0,0.0,0.0,0.0,0.0,0.0,0.0,0.0,0.0,0.0,0.0,0.0,0.0,0.0,0.0,0.0,0.0,0.0,0.0,0.0,0.0,0.0,0.0,0.0,0.0,0.0,1.0,1.0,2.0
436,0,1,695,695,512,512,0,0,16,0,32,64,__amd_rocclr_copyBuffer,158975314702672,158975314705077,437,23,247951.0,1184.0,608.0,0.0,33.0,95.0,0.0,0.0,1648.0,1648.0,0.0,0.0,1.0,208626.0,0.0,0.0,4.0,3.0,4.0,4.0,0.0,0.0,0.0,0.0,0.0,0.0,0.0,0.0,1.0,0.0,0.0,0.0,0.0,0.0,0.0,0.0,0.0,0.0,0.0,0.0,0.0,0.0,0.0,0.0,0.0,0.0,0.0,0.0,0.0,0.0,0.0,0.0,0.0,0.0,0.0,0.0,0.0,0.0,0.0,0.0,0.0,0.0,0.0,0.0,0.0,0.0,0.0,0.0,0.0,0.0,0.0,0.0,0.0,0.0,0.0,0.0,0.0,0.0,0.0,0.0,0.0,0.0,0.0,0.0,0.0,0.0,0.0,0.0,0.0,0.0,0.0,0.0,0.0,0.0,0.0,0.0,0.0,0.0,0.0,0.0,0.0,0.0,0.0,0.0,0.0,0.0,0.0,0.0,0.0,0.0,0.0,0.0,0.0,0.0,0.0,0.0,0.0,0.0,0.0,0.0,0.0,0.0,0.0,0.0,0.0,0.0,0.0,0.0,0.0,0.0,0.0,0.0,0.0,0.0,0.0,0.0,0.0,0.0,4.0,4.0,0.0,0.0,0.0,0.0,0.0,0.0,0.0,0.0,0.0,0.0,0.0,0.0,0.0,0.0,0.0,0.0,1.0,0.0,0.0,0.0,0.0,0.0,0.0,0.0,0.0,0.0,0.0,0.0,0.0,0.0,0.0,0.0,0.0,0.0,0.0,0.0,0.0,0.0,0.0,0.0,0.0,0.0,0.0,0.0,0.0,0.0,0.0,0.0,0.0,0.0,0.0,0.0,0.0,0.0,0.0,0.0,0.0,0.0,0.0,0.0,0.0,0.0,0.0,0.0,0.0,0.0,0.0,0.0,0.0,0.0,0.0,0.0,0.0,0.0,0.0,0.0,0.0,0.0,0.0,0.0,0.0,0.0,0.0,0.0,0.0,0.0,0.0,0.0,0.0,0.0,0.0,0.0,0.0,0.0,0.0,0.0,0.0,0.0,0.0,0.0,0.0,0.0,0.0,0.0,0.0,0.0,0.0,0.0,0.0,0.0,0.0,0.0,0.0,0.0,0.0,0.0,0.0,0.0,0.0,0.0,0.0,0.0,0.0,0.0,0.0,0.0,0.0,0.0,0.0,0.0,0.0,0.0,0.0,1.0,1.0,2.0
437,0,1,695,695,512,512,0,0,16,0,32,64,__amd_rocclr_copyBuffer,158975315109675,158975315114646,438,23,285898.0,1184.0,608.0,0.0,38.0,140.0,0.0,0.0,12267.0,12267.0,0.0,0.0,6.0,207935.0,0.0,0.0,4.0,3.0,4.0,4.0,0.0,0.0,0.0,0.0,0.0,0.0,0.0,1.0,0.0,0.0,0.0,0.0,0.0,0.0,0.0,0.0,0.0,0.0,0.0,0.0,0.0,0.0,0.0,0.0,0.0,0.0,0.0,0.0,0.0,0.0,0.0,0.0,0.0,0.0,0.0,0.0,0.0,0.0,0.0,0.0,0.0,0.0,0.0,0.0,0.0,0.0,0.0,0.0,0.0,0.0,0.0,0.0,0.0,0.0,0.0,0.0,0.0,0.0,0.0,0.0,0.0,0.0,0.0,0.0,0.0,0.0,0.0,0.0,0.0,0.0,0.0,0.0,0.0,0.0,0.0,0.0,0.0,0.0,0.0,0.0,0.0,0.0,0.0,0.0,0.0,0.0,0.0,0.0,0.0,0.0,0.0,0.0,0.0,0.0,0.0,0.0,0.0,0.0,0.0,0.0,0.0,0.0,0.0,0.0,0.0,0.0,0.0,0.0,0.0,0.0,0.0,0.0,0.0,0.0,0.0,0.0,0.0,0.0,4.0,4.0,0.0,0.0,0.0,0.0,0.0,0.0,0.0,0.0,0.0,0.0,0.0,0.0,0.0,0.0,0.0,0.0,0.0,0.0,0.0,0.0,0.0,0.0,0.0,0.0,0.0,0.0,0.0,0.0,0.0,0.0,0.0,0.0,0.0,0.0,0.0,0.0,0.0,0.0,0.0,0.0,0.0,0.0,0.0,0.0,0.0,0.0,0.0,0.0,0.0,0.0,0.0,0.0,0.0,0.0,0.0,0.0,0.0,0.0,0.0,0.0,0.0,0.0,0.0,0.0,0.0,0.0,0.0,0.0,0.0,0.0,0.0,0.0,0.0,0.0,0.0,0.0,0.0,0.0,0.0,0.0,0.0,0.0,0.0,0.0,0.0,0.0,0.0,0.0,0.0,0.0,0.0,0.0,0.0,0.0,0.0,0.0,0.0,0.0,0.0,0.0,0.0,0.0,0.0,0.0,0.0,0.0,0.0,0.0,0.0,0.0,0.0,0.0,0.0,0.0,0.0,0.0,0.0,0.0,0.0,0.0,0.0,0.0,0.0,0.0,0.0,0.0,0.0,0.0,6.0,0.0,0.0,0.0,0.0,6.0,2.0,12.0
438,0,1,695,695,512,512,0,0,16,0,32,64,__amd_rocclr_copyBuffer,158975315518602,158975315521048,439,23,239866.0,1184.0,608.0,0.0,33.0,95.0,0.0,0.0,1837.0,1837.0,0.0,0.0,1.0,201704.0,0.0,0.0,4.0,3.0,4.0,4.0,0.0,0.0,0.0,0.0,0.0,0.0,0.0,0.0,1.0,0.0,0.0,0.0,0.0,0.0,0.0,0.0,0.0,0.0,0.0,0.0,0.0,0.0,0.0,0.0,0.0,0.0,0.0,0.0,0.0,0.0,0.0,0.0,0.0,0.0,0.0,0.0,0.0,0.0,0.0,0.0,0.0,0.0,0.0,0.0,0.0,0.0,0.0,0.0,0.0,0.0,0.0,0.0,0.0,0.0,0.0,0.0,0.0,0.0,0.0,0.0,0.0,0.0,0.0,0.0,0.0,0.0,0.0,0.0,0.0,0.0,0.0,0.0,0.0,0.0,0.0,0.0,0.0,0.0,0.0,0.0,0.0,0.0,0.0,0.0,0.0,0.0,0.0,0.0,0.0,0.0,0.0,0.0,0.0,0.0,0.0,0.0,0.0,0.0,0.0,0.0,0.0,0.0,0.0,0.0,0.0,0.0,0.0,0.0,0.0,0.0,0.0,0.0,0.0,0.0,0.0,0.0,0.0,0.0,4.0,4.0,0.0,0.0,0.0,0.0,0.0,0.0,0.0,0.0,0.0,0.0,0.0,0.0,0.0,0.0,0.0,0.0,1.0,0.0,0.0,0.0,0.0,0.0,0.0,0.0,0.0,0.0,0.0,0.0,0.0,0.0,0.0,0.0,0.0,0.0,0.0,0.0,0.0,0.0,0.0,0.0,0.0,0.0,0.0,0.0,0.0,0.0,0.0,0.0,0.0,0.0,0.0,0.0,0.0,0.0,0.0,0.0,0.0,0.0,0.0,0.0,0.0,0.0,0.0,0.0,0.0,0.0,0.0,0.0,0.0,0.0,0.0,0.0,0.0,0.0,0.0,0.0,0.0,0.0,0.0,0.0,0.0,0.0,0.0,0.0,0.0,0.0,0.0,0.0,0.0,0.0,0.0,0.0,0.0,0.0,0.0,0.0,0.0,0.0,0.0,0.0,0.0,0.0,0.0,0.0,0.0,0.0,0.0,0.0,0.0,0.0,0.0,0.0,0.0,0.0,0.0,0.0,0.0,0.0,0.0,0.0,0.0,0.0,0.0,0.0,0.0,0.0,0.0,0.0,0.0,0.0,0.0,0.0,0.0,1.0,1.0,2.0
439,0,1,695,695,512,512,0,0,16,0,32,64,__amd_rocclr_copyBuffer,158975315925725,158975315928090,440,23,245853.0,1184.0,608.0,0.0,33.0,95.0,0.0,0.0,1771.0,1771.0,0.0,0.0,1.0,212596.0,0.0,0.0,4.0,3.0,4.0,4.0,0.0,0.0,0.0,0.0,0.0,0.0,0.0,0.0,1.0,0.0,0.0,0.0,0.0,0.0,0.0,0.0,0.0,0.0,0.0,0.0,0.0,0.0,0.0,0.0,0.0,0.0,0.0,0.0,0.0,0.0,0.0,0.0,0.0,0.0,0.0,0.0,0.0,0.0,0.0,0.0,0.0,0.0,0.0,0.0,0.0,0.0,0.0,0.0,0.0,0.0,0.0,0.0,0.0,0.0,0.0,0.0,0.0,0.0,0.0,0.0,0.0,0.0,0.0,0.0,0.0,0.0,0.0,0.0,0.0,0.0,0.0,0.0,0.0,0.0,0.0,0.0,0.0,0.0,0.0,0.0,0.0,0.0,0.0,0.0,0.0,0.0,0.0,0.0,0.0,0.0,0.0,0.0,0.0,0.0,0.0,0.0,0.0,0.0,0.0,0.0,0.0,0.0,0.0,0.0,0.0,0.0,0.0,0.0,0.0,0.0,0.0,0.0,0.0,0.0,0.0,0.0,0.0,0.0,4.0,4.0,0.0,0.0,0.0,0.0,0.0,0.0,0.0,0.0,0.0,0.0,0.0,0.0,0.0,0.0,0.0,0.0,1.0,0.0,0.0,0.0,0.0,0.0,0.0,0.0,0.0,0.0,0.0,0.0,0.0,0.0,0.0,0.0,0.0,0.0,0.0,0.0,0.0,0.0,0.0,0.0,0.0,0.0,0.0,0.0,0.0,0.0,0.0,0.0,0.0,0.0,0.0,0.0,0.0,0.0,0.0,0.0,0.0,0.0,0.0,0.0,0.0,0.0,0.0,0.0,0.0,0.0,0.0,0.0,0.0,0.0,0.0,0.0,0.0,0.0,0.0,0.0,0.0,0.0,0.0,0.0,0.0,0.0,0.0,0.0,0.0,0.0,0.0,0.0,0.0,0.0,0.0,0.0,0.0,0.0,0.0,0.0,0.0,0.0,0.0,0.0,0.0,0.0,0.0,0.0,0.0,0.0,0.0,0.0,0.0,0.0,0.0,0.0,0.0,0.0,0.0,0.0,0.0,0.0,0.0,0.0,0.0,0.0,0.0,0.0,0.0,0.0,0.0,0.0,0.0,0.0,0.0,0.0,0.0,1.0,1.0,2.0
440,0,1,695,695,512,512,0,0,16,0,32,64,__amd_rocclr_copyBuffer,158975316332848,158975316335334,441,23,234492.0,1184.0,608.0,0.0,33.0,95.0,0.0,0.0,1819.0,1819.0,0.0,0.0,1.0,199327.0,0.0,0.0,4.0,3.0,4.0,4.0,0.0,0.0,0.0,0.0,0.0,0.0,0.0,0.0,1.0,0.0,0.0,0.0,0.0,0.0,0.0,0.0,0.0,0.0,0.0,0.0,0.0,0.0,0.0,0.0,0.0,0.0,0.0,0.0,0.0,0.0,0.0,0.0,0.0,0.0,0.0,0.0,0.0,0.0,0.0,0.0,0.0,0.0,0.0,0.0,0.0,0.0,0.0,0.0,0.0,0.0,0.0,0.0,0.0,0.0,0.0,0.0,0.0,0.0,0.0,0.0,0.0,0.0,0.0,0.0,0.0,0.0,0.0,0.0,0.0,0.0,0.0,0.0,0.0,0.0,0.0,0.0,0.0,0.0,0.0,0.0,0.0,0.0,0.0,0.0,0.0,0.0,0.0,0.0,0.0,0.0,0.0,0.0,0.0,0.0,0.0,0.0,0.0,0.0,0.0,0.0,0.0,0.0,0.0,0.0,0.0,0.0,0.0,0.0,0.0,0.0,0.0,0.0,0.0,0.0,0.0,0.0,0.0,0.0,4.0,4.0,0.0,0.0,0.0,0.0,0.0,0.0,0.0,0.0,0.0,0.0,0.0,0.0,0.0,0.0,0.0,0.0,1.0,0.0,0.0,0.0,0.0,0.0,0.0,0.0,0.0,0.0,0.0,0.0,0.0,0.0,0.0,0.0,0.0,0.0,0.0,0.0,0.0,0.0,0.0,0.0,0.0,0.0,0.0,0.0,0.0,0.0,0.0,0.0,0.0,0.0,0.0,0.0,0.0,0.0,0.0,0.0,0.0,0.0,0.0,0.0,0.0,0.0,0.0,0.0,0.0,0.0,0.0,0.0,0.0,0.0,0.0,0.0,0.0,0.0,0.0,0.0,0.0,0.0,0.0,0.0,0.0,0.0,0.0,0.0,0.0,0.0,0.0,0.0,0.0,0.0,0.0,0.0,0.0,0.0,0.0,0.0,0.0,0.0,0.0,0.0,0.0,0.0,0.0,0.0,0.0,0.0,0.0,0.0,0.0,0.0,0.0,0.0,0.0,0.0,0.0,0.0,0.0,0.0,0.0,0.0,0.0,0.0,0.0,0.0,0.0,0.0,0.0,0.0,0.0,0.0,0.0,0.0,0.0,1.0,1.0,2.0
441,0,1,695,695,1024,1024,0,0,16,0,32,64,__amd_rocclr_copyBuffer,158975316737165,158975316740492,442,23,262251.0,1184.0,9447.0,0.0,67.0,205.0,0.0,0.0,5767.0,5767.0,0.0,0.0,3.0,222356.0,0.0,0.0,4.0,3.0,4.0,4.0,0.0,1.0,0.0,1.0,0.0,0.0,1.0,0.0,0.0,0.0,0.0,0.0,1.0,0.0,0.0,0.0,0.0,0.0,0.0,0.0,1.0,0.0,0.0,0.0,0.0,0.0,0.0,0.0,0.0,0.0,0.0,0.0,1.0,0.0,0.0,0.0,0.0,0.0,0.0,0.0,0.0,0.0,1.0,0.0,0.0,0.0,0.0,0.0,0.0,0.0,0.0,1.0,0.0,0.0,0.0,0.0,1.0,0.0,0.0,1.0,0.0,0.0,0.0,0.0,0.0,0.0,0.0,0.0,1.0,0.0,0.0,0.0,0.0,0.0,0.0,0.0,0.0,1.0,0.0,0.0,0.0,0.0,0.0,0.0,0.0,1.0,0.0,0.0,0.0,0.0,0.0,0.0,0.0,0.0,0.0,1.0,0.0,0.0,0.0,0.0,0.0,0.0,0.0,0.0,1.0,0.0,0.0,0.0,0.0,0.0,0.0,0.0,1.0,0.0,0.0,0.0,0.0,0.0,4.0,4.0,1.0,0.0,0.0,0.0,0.0,0.0,0.0,0.0,0.0,0.0,0.0,0.0,0.0,0.0,0.0,0.0,0.0,0.0,0.0,0.0,0.0,0.0,0.0,0.0,0.0,0.0,0.0,0.0,0.0,0.0,0.0,0.0,0.0,0.0,0.0,0.0,0.0,0.0,0.0,0.0,0.0,0.0,0.0,0.0,0.0,0.0,0.0,0.0,0.0,0.0,0.0,0.0,0.0,0.0,0.0,0.0,0.0,0.0,0.0,0.0,0.0,0.0,0.0,0.0,0.0,0.0,0.0,0.0,0.0,0.0,0.0,0.0,0.0,0.0,0.0,0.0,0.0,0.0,0.0,0.0,0.0,0.0,0.0,0.0,0.0,0.0,0.0,0.0,0.0,0.0,0.0,0.0,0.0,0.0,0.0,0.0,0.0,0.0,0.0,0.0,0.0,0.0,0.0,0.0,0.0,0.0,0.0,0.0,0.0,0.0,0.0,0.0,0.0,0.0,0.0,0.0,0.0,0.0,0.0,0.0,0.0,0.0,0.0,0.0,0.0,0.0,0.0,0.0,0.0,3.0,0.0,0.0,0.0,3.0,2.0,6.0
442,0,1,695,695,512,512,0,0,16,0,32,64,__amd_rocclr_copyBuffer,158975317144448,158975317146934,443,23,241703.0,1184.0,608.0,0.0,33.0,95.0,0.0,0.0,1847.0,1847.0,0.0,0.0,1.0,196028.0,0.0,0.0,4.0,3.0,4.0,4.0,0.0,0.0,0.0,0.0,0.0,0.0,0.0,0.0,1.0,0.0,0.0,0.0,0.0,0.0,0.0,0.0,0.0,0.0,0.0,0.0,0.0,0.0,0.0,0.0,0.0,0.0,0.0,0.0,0.0,0.0,0.0,0.0,0.0,0.0,0.0,0.0,0.0,0.0,0.0,0.0,0.0,0.0,0.0,0.0,0.0,0.0,0.0,0.0,0.0,0.0,0.0,0.0,0.0,0.0,0.0,0.0,0.0,0.0,0.0,0.0,0.0,0.0,0.0,0.0,0.0,0.0,0.0,0.0,0.0,0.0,0.0,0.0,0.0,0.0,0.0,0.0,0.0,0.0,0.0,0.0,0.0,0.0,0.0,0.0,0.0,0.0,0.0,0.0,0.0,0.0,0.0,0.0,0.0,0.0,0.0,0.0,0.0,0.0,0.0,0.0,0.0,0.0,0.0,0.0,0.0,0.0,0.0,0.0,0.0,0.0,0.0,0.0,0.0,0.0,0.0,0.0,0.0,0.0,4.0,4.0,0.0,0.0,0.0,0.0,0.0,0.0,0.0,0.0,0.0,0.0,0.0,0.0,0.0,0.0,0.0,0.0,1.0,0.0,0.0,0.0,0.0,0.0,0.0,0.0,0.0,0.0,0.0,0.0,0.0,0.0,0.0,0.0,0.0,0.0,0.0,0.0,0.0,0.0,0.0,0.0,0.0,0.0,0.0,0.0,0.0,0.0,0.0,0.0,0.0,0.0,0.0,0.0,0.0,0.0,0.0,0.0,0.0,0.0,0.0,0.0,0.0,0.0,0.0,0.0,0.0,0.0,0.0,0.0,0.0,0.0,0.0,0.0,0.0,0.0,0.0,0.0,0.0,0.0,0.0,0.0,0.0,0.0,0.0,0.0,0.0,0.0,0.0,0.0,0.0,0.0,0.0,0.0,0.0,0.0,0.0,0.0,0.0,0.0,0.0,0.0,0.0,0.0,0.0,0.0,0.0,0.0,0.0,0.0,0.0,0.0,0.0,0.0,0.0,0.0,0.0,0.0,0.0,0.0,0.0,0.0,0.0,0.0,0.0,0.0,0.0,0.0,0.0,0.0,0.0,0.0,0.0,0.0,0.0,1.0,1.0,2.0
443,0,1,695,695,512,512,0,0,16,0,32,64,__amd_rocclr_copyBuffer,158975317551251,158975317553616,444,23,241793.0,1184.0,608.0,0.0,33.0,95.0,0.0,0.0,1776.0,1776.0,0.0,0.0,1.0,206614.0,0.0,0.0,4.0,3.0,4.0,4.0,0.0,0.0,0.0,0.0,0.0,0.0,0.0,0.0,1.0,0.0,0.0,0.0,0.0,0.0,0.0,0.0,0.0,0.0,0.0,0.0,0.0,0.0,0.0,0.0,0.0,0.0,0.0,0.0,0.0,0.0,0.0,0.0,0.0,0.0,0.0,0.0,0.0,0.0,0.0,0.0,0.0,0.0,0.0,0.0,0.0,0.0,0.0,0.0,0.0,0.0,0.0,0.0,0.0,0.0,0.0,0.0,0.0,0.0,0.0,0.0,0.0,0.0,0.0,0.0,0.0,0.0,0.0,0.0,0.0,0.0,0.0,0.0,0.0,0.0,0.0,0.0,0.0,0.0,0.0,0.0,0.0,0.0,0.0,0.0,0.0,0.0,0.0,0.0,0.0,0.0,0.0,0.0,0.0,0.0,0.0,0.0,0.0,0.0,0.0,0.0,0.0,0.0,0.0,0.0,0.0,0.0,0.0,0.0,0.0,0.0,0.0,0.0,0.0,0.0,0.0,0.0,0.0,0.0,4.0,4.0,0.0,0.0,0.0,0.0,0.0,0.0,0.0,0.0,0.0,0.0,0.0,0.0,0.0,0.0,0.0,0.0,1.0,0.0,0.0,0.0,0.0,0.0,0.0,0.0,0.0,0.0,0.0,0.0,0.0,0.0,0.0,0.0,0.0,0.0,0.0,0.0,0.0,0.0,0.0,0.0,0.0,0.0,0.0,0.0,0.0,0.0,0.0,0.0,0.0,0.0,0.0,0.0,0.0,0.0,0.0,0.0,0.0,0.0,0.0,0.0,0.0,0.0,0.0,0.0,0.0,0.0,0.0,0.0,0.0,0.0,0.0,0.0,0.0,0.0,0.0,0.0,0.0,0.0,0.0,0.0,0.0,0.0,0.0,0.0,0.0,0.0,0.0,0.0,0.0,0.0,0.0,0.0,0.0,0.0,0.0,0.0,0.0,0.0,0.0,0.0,0.0,0.0,0.0,0.0,0.0,0.0,0.0,0.0,0.0,0.0,0.0,0.0,0.0,0.0,0.0,0.0,0.0,0.0,0.0,0.0,0.0,0.0,0.0,0.0,0.0,0.0,0.0,0.0,0.0,0.0,0.0,0.0,0.0,1.0,1.0,2.0
444,0,1,695,695,512,512,0,0,16,0,32,64,__amd_rocclr_copyBuffer,158975317958775,158975317961260,445,23,255694.0,1184.0,608.0,0.0,33.0,95.0,0.0,0.0,1831.0,1831.0,0.0,0.0,1.0,207358.0,0.0,0.0,4.0,3.0,4.0,4.0,0.0,0.0,0.0,0.0,0.0,0.0,0.0,0.0,1.0,0.0,0.0,0.0,0.0,0.0,0.0,0.0,0.0,0.0,0.0,0.0,0.0,0.0,0.0,0.0,0.0,0.0,0.0,0.0,0.0,0.0,0.0,0.0,0.0,0.0,0.0,0.0,0.0,0.0,0.0,0.0,0.0,0.0,0.0,0.0,0.0,0.0,0.0,0.0,0.0,0.0,0.0,0.0,0.0,0.0,0.0,0.0,0.0,0.0,0.0,0.0,0.0,0.0,0.0,0.0,0.0,0.0,0.0,0.0,0.0,0.0,0.0,0.0,0.0,0.0,0.0,0.0,0.0,0.0,0.0,0.0,0.0,0.0,0.0,0.0,0.0,0.0,0.0,0.0,0.0,0.0,0.0,0.0,0.0,0.0,0.0,0.0,0.0,0.0,0.0,0.0,0.0,0.0,0.0,0.0,0.0,0.0,0.0,0.0,0.0,0.0,0.0,0.0,0.0,0.0,0.0,0.0,0.0,0.0,4.0,4.0,0.0,0.0,0.0,0.0,0.0,0.0,0.0,0.0,0.0,0.0,0.0,0.0,0.0,0.0,0.0,0.0,1.0,0.0,0.0,0.0,0.0,0.0,0.0,0.0,0.0,0.0,0.0,0.0,0.0,0.0,0.0,0.0,0.0,0.0,0.0,0.0,0.0,0.0,0.0,0.0,0.0,0.0,0.0,0.0,0.0,0.0,0.0,0.0,0.0,0.0,0.0,0.0,0.0,0.0,0.0,0.0,0.0,0.0,0.0,0.0,0.0,0.0,0.0,0.0,0.0,0.0,0.0,0.0,0.0,0.0,0.0,0.0,0.0,0.0,0.0,0.0,0.0,0.0,0.0,0.0,0.0,0.0,0.0,0.0,0.0,0.0,0.0,0.0,0.0,0.0,0.0,0.0,0.0,0.0,0.0,0.0,0.0,0.0,0.0,0.0,0.0,0.0,0.0,0.0,0.0,0.0,0.0,0.0,0.0,0.0,0.0,0.0,0.0,0.0,0.0,0.0,0.0,0.0,0.0,0.0,0.0,0.0,0.0,0.0,0.0,0.0,0.0,0.0,0.0,0.0,0.0,0.0,0.0,1.0,1.0,2.0
445,0,1,695,695,512,512,0,0,16,0,32,64,__amd_rocclr_copyBuffer,158975318368664,158975318373635,446,23,276990.0,1184.0,608.0,0.0,38.0,140.0,0.0,0.0,12316.0,12316.0,0.0,0.0,6.0,206004.0,0.0,0.0,4.0,3.0,4.0,4.0,0.0,1.0,0.0,0.0,0.0,0.0,0.0,0.0,0.0,0.0,0.0,0.0,0.0,0.0,0.0,0.0,0.0,0.0,0.0,0.0,0.0,0.0,0.0,0.0,0.0,0.0,0.0,0.0,0.0,0.0,0.0,0.0,0.0,0.0,0.0,0.0,0.0,0.0,0.0,0.0,0.0,0.0,0.0,0.0,0.0,0.0,0.0,0.0,0.0,0.0,0.0,0.0,0.0,0.0,0.0,0.0,0.0,0.0,0.0,0.0,0.0,0.0,0.0,0.0,0.0,0.0,0.0,0.0,0.0,0.0,0.0,0.0,0.0,0.0,0.0,0.0,0.0,0.0,0.0,0.0,0.0,0.0,0.0,0.0,0.0,0.0,0.0,0.0,0.0,0.0,0.0,0.0,0.0,0.0,0.0,0.0,0.0,0.0,0.0,0.0,0.0,0.0,0.0,0.0,0.0,0.0,0.0,0.0,0.0,0.0,0.0,0.0,0.0,0.0,0.0,0.0,0.0,0.0,4.0,4.0,0.0,0.0,0.0,0.0,0.0,0.0,0.0,0.0,0.0,0.0,0.0,0.0,0.0,0.0,0.0,0.0,0.0,0.0,0.0,0.0,0.0,0.0,0.0,0.0,0.0,0.0,0.0,0.0,0.0,0.0,0.0,0.0,0.0,0.0,0.0,0.0,0.0,0.0,0.0,0.0,0.0,0.0,0.0,0.0,0.0,0.0,0.0,0.0,0.0,0.0,0.0,0.0,0.0,0.0,0.0,0.0,0.0,0.0,0.0,0.0,0.0,0.0,0.0,0.0,0.0,0.0,0.0,0.0,0.0,0.0,0.0,0.0,0.0,0.0,0.0,0.0,0.0,0.0,0.0,0.0,0.0,0.0,0.0,0.0,0.0,0.0,0.0,0.0,0.0,0.0,0.0,0.0,0.0,0.0,0.0,0.0,0.0,0.0,0.0,0.0,0.0,0.0,0.0,0.0,0.0,0.0,0.0,0.0,0.0,0.0,0.0,0.0,0.0,0.0,0.0,0.0,0.0,0.0,0.0,0.0,0.0,0.0,0.0,0.0,0.0,0.0,6.0,0.0,0.0,0.0,0.0,0.0,0.0,6.0,2.0,12.0
446,0,1,695,695,512,512,0,0,16,0,32,64,__amd_rocclr_copyBuffer,158975318777311,158975318779796,447,23,232779.0,1184.0,608.0,0.0,33.0,95.0,0.0,0.0,1855.0,1855.0,0.0,0.0,1.0,198038.0,0.0,0.0,4.0,3.0,4.0,4.0,0.0,0.0,0.0,0.0,0.0,0.0,0.0,0.0,1.0,0.0,0.0,0.0,0.0,0.0,0.0,0.0,0.0,0.0,0.0,0.0,0.0,0.0,0.0,0.0,0.0,0.0,0.0,0.0,0.0,0.0,0.0,0.0,0.0,0.0,0.0,0.0,0.0,0.0,0.0,0.0,0.0,0.0,0.0,0.0,0.0,0.0,0.0,0.0,0.0,0.0,0.0,0.0,0.0,0.0,0.0,0.0,0.0,0.0,0.0,0.0,0.0,0.0,0.0,0.0,0.0,0.0,0.0,0.0,0.0,0.0,0.0,0.0,0.0,0.0,0.0,0.0,0.0,0.0,0.0,0.0,0.0,0.0,0.0,0.0,0.0,0.0,0.0,0.0,0.0,0.0,0.0,0.0,0.0,0.0,0.0,0.0,0.0,0.0,0.0,0.0,0.0,0.0,0.0,0.0,0.0,0.0,0.0,0.0,0.0,0.0,0.0,0.0,0.0,0.0,0.0,0.0,0.0,0.0,4.0,4.0,0.0,0.0,0.0,0.0,0.0,0.0,0.0,0.0,0.0,0.0,0.0,0.0,0.0,0.0,0.0,0.0,1.0,0.0,0.0,0.0,0.0,0.0,0.0,0.0,0.0,0.0,0.0,0.0,0.0,0.0,0.0,0.0,0.0,0.0,0.0,0.0,0.0,0.0,0.0,0.0,0.0,0.0,0.0,0.0,0.0,0.0,0.0,0.0,0.0,0.0,0.0,0.0,0.0,0.0,0.0,0.0,0.0,0.0,0.0,0.0,0.0,0.0,0.0,0.0,0.0,0.0,0.0,0.0,0.0,0.0,0.0,0.0,0.0,0.0,0.0,0.0,0.0,0.0,0.0,0.0,0.0,0.0,0.0,0.0,0.0,0.0,0.0,0.0,0.0,0.0,0.0,0.0,0.0,0.0,0.0,0.0,0.0,0.0,0.0,0.0,0.0,0.0,0.0,0.0,0.0,0.0,0.0,0.0,0.0,0.0,0.0,0.0,0.0,0.0,0.0,0.0,0.0,0.0,0.0,0.0,0.0,0.0,0.0,0.0,0.0,0.0,0.0,0.0,0.0,0.0,0.0,0.0,0.0,1.0,1.0,2.0
447,0,1,695,695,512,512,0,0,16,0,32,64,__amd_rocclr_copyBuffer,158975319183672,158975319186158,448,23,251440.0,1184.0,608.0,0.0,33.0,95.0,0.0,0.0,1785.0,1785.0,0.0,0.0,1.0,206381.0,0.0,0.0,4.0,3.0,4.0,4.0,0.0,0.0,0.0,0.0,0.0,0.0,0.0,0.0,1.0,0.0,0.0,0.0,0.0,0.0,0.0,0.0,0.0,0.0,0.0,0.0,0.0,0.0,0.0,0.0,0.0,0.0,0.0,0.0,0.0,0.0,0.0,0.0,0.0,0.0,0.0,0.0,0.0,0.0,0.0,0.0,0.0,0.0,0.0,0.0,0.0,0.0,0.0,0.0,0.0,0.0,0.0,0.0,0.0,0.0,0.0,0.0,0.0,0.0,0.0,0.0,0.0,0.0,0.0,0.0,0.0,0.0,0.0,0.0,0.0,0.0,0.0,0.0,0.0,0.0,0.0,0.0,0.0,0.0,0.0,0.0,0.0,0.0,0.0,0.0,0.0,0.0,0.0,0.0,0.0,0.0,0.0,0.0,0.0,0.0,0.0,0.0,0.0,0.0,0.0,0.0,0.0,0.0,0.0,0.0,0.0,0.0,0.0,0.0,0.0,0.0,0.0,0.0,0.0,0.0,0.0,0.0,0.0,0.0,4.0,4.0,0.0,0.0,0.0,0.0,0.0,0.0,0.0,0.0,0.0,0.0,0.0,0.0,0.0,0.0,0.0,0.0,1.0,0.0,0.0,0.0,0.0,0.0,0.0,0.0,0.0,0.0,0.0,0.0,0.0,0.0,0.0,0.0,0.0,0.0,0.0,0.0,0.0,0.0,0.0,0.0,0.0,0.0,0.0,0.0,0.0,0.0,0.0,0.0,0.0,0.0,0.0,0.0,0.0,0.0,0.0,0.0,0.0,0.0,0.0,0.0,0.0,0.0,0.0,0.0,0.0,0.0,0.0,0.0,0.0,0.0,0.0,0.0,0.0,0.0,0.0,0.0,0.0,0.0,0.0,0.0,0.0,0.0,0.0,0.0,0.0,0.0,0.0,0.0,0.0,0.0,0.0,0.0,0.0,0.0,0.0,0.0,0.0,0.0,0.0,0.0,0.0,0.0,0.0,0.0,0.0,0.0,0.0,0.0,0.0,0.0,0.0,0.0,0.0,0.0,0.0,0.0,0.0,0.0,0.0,0.0,0.0,0.0,0.0,0.0,0.0,0.0,0.0,0.0,0.0,0.0,0.0,0.0,0.0,1.0,1.0,2.0
448,0,1,695,695,512,512,0,0,16,0,32,64,__amd_rocclr_copyBuffer,158975319592840,158975319595205,449,23,236284.0,1184.0,608.0,0.0,33.0,95.0,0.0,0.0,1761.0,1761.0,0.0,0.0,1.0,205986.0,0.0,0.0,4.0,3.0,4.0,4.0,0.0,0.0,0.0,0.0,0.0,0.0,0.0,0.0,1.0,0.0,0.0,0.0,0.0,0.0,0.0,0.0,0.0,0.0,0.0,0.0,0.0,0.0,0.0,0.0,0.0,0.0,0.0,0.0,0.0,0.0,0.0,0.0,0.0,0.0,0.0,0.0,0.0,0.0,0.0,0.0,0.0,0.0,0.0,0.0,0.0,0.0,0.0,0.0,0.0,0.0,0.0,0.0,0.0,0.0,0.0,0.0,0.0,0.0,0.0,0.0,0.0,0.0,0.0,0.0,0.0,0.0,0.0,0.0,0.0,0.0,0.0,0.0,0.0,0.0,0.0,0.0,0.0,0.0,0.0,0.0,0.0,0.0,0.0,0.0,0.0,0.0,0.0,0.0,0.0,0.0,0.0,0.0,0.0,0.0,0.0,0.0,0.0,0.0,0.0,0.0,0.0,0.0,0.0,0.0,0.0,0.0,0.0,0.0,0.0,0.0,0.0,0.0,0.0,0.0,0.0,0.0,0.0,0.0,4.0,4.0,0.0,0.0,0.0,0.0,0.0,0.0,0.0,0.0,0.0,0.0,0.0,0.0,0.0,0.0,0.0,0.0,1.0,0.0,0.0,0.0,0.0,0.0,0.0,0.0,0.0,0.0,0.0,0.0,0.0,0.0,0.0,0.0,0.0,0.0,0.0,0.0,0.0,0.0,0.0,0.0,0.0,0.0,0.0,0.0,0.0,0.0,0.0,0.0,0.0,0.0,0.0,0.0,0.0,0.0,0.0,0.0,0.0,0.0,0.0,0.0,0.0,0.0,0.0,0.0,0.0,0.0,0.0,0.0,0.0,0.0,0.0,0.0,0.0,0.0,0.0,0.0,0.0,0.0,0.0,0.0,0.0,0.0,0.0,0.0,0.0,0.0,0.0,0.0,0.0,0.0,0.0,0.0,0.0,0.0,0.0,0.0,0.0,0.0,0.0,0.0,0.0,0.0,0.0,0.0,0.0,0.0,0.0,0.0,0.0,0.0,0.0,0.0,0.0,0.0,0.0,0.0,0.0,0.0,0.0,0.0,0.0,0.0,0.0,0.0,0.0,0.0,0.0,0.0,0.0,0.0,0.0,0.0,0.0,1.0,1.0,2.0
449,0,1,695,695,1024,1024,0,0,16,0,32,64,__amd_rocclr_copyBuffer,158975319997878,158975320001326,450,23,254076.0,1184.0,608.0,0.0,67.0,205.0,0.0,0.0,6024.0,6024.0,0.0,0.0,3.0,203273.0,0.0,0.0,4.0,3.0,4.0,4.0,0.0,0.0,0.0,0.0,0.0,0.0,0.0,1.0,0.0,0.0,0.0,0.0,0.0,0.0,0.0,0.0,0.0,0.0,0.0,0.0,0.0,0.0,0.0,0.0,0.0,0.0,0.0,0.0,0.0,0.0,0.0,0.0,0.0,0.0,0.0,0.0,0.0,0.0,0.0,0.0,0.0,0.0,0.0,0.0,0.0,0.0,0.0,0.0,0.0,0.0,0.0,0.0,0.0,0.0,0.0,0.0,0.0,0.0,0.0,0.0,0.0,0.0,0.0,0.0,0.0,0.0,0.0,0.0,0.0,0.0,0.0,0.0,0.0,0.0,0.0,0.0,0.0,0.0,0.0,0.0,0.0,0.0,0.0,0.0,0.0,0.0,0.0,0.0,0.0,0.0,0.0,0.0,0.0,0.0,0.0,0.0,0.0,0.0,0.0,0.0,0.0,0.0,0.0,0.0,0.0,0.0,0.0,0.0,0.0,0.0,0.0,0.0,0.0,0.0,0.0,0.0,0.0,0.0,4.0,4.0,0.0,0.0,0.0,0.0,0.0,0.0,0.0,0.0,0.0,0.0,0.0,0.0,0.0,0.0,0.0,0.0,0.0,0.0,0.0,0.0,0.0,0.0,0.0,0.0,0.0,0.0,0.0,0.0,0.0,0.0,0.0,0.0,0.0,0.0,0.0,0.0,0.0,0.0,0.0,0.0,0.0,0.0,0.0,0.0,0.0,0.0,0.0,0.0,0.0,0.0,0.0,0.0,0.0,0.0,0.0,0.0,0.0,0.0,0.0,0.0,0.0,0.0,0.0,0.0,0.0,0.0,0.0,0.0,0.0,0.0,0.0,0.0,0.0,0.0,0.0,0.0,0.0,0.0,0.0,0.0,0.0,0.0,0.0,0.0,0.0,0.0,0.0,0.0,0.0,0.0,0.0,0.0,0.0,0.0,0.0,0.0,0.0,0.0,0.0,0.0,0.0,0.0,0.0,0.0,0.0,0.0,0.0,0.0,0.0,0.0,0.0,0.0,0.0,0.0,0.0,0.0,0.0,0.0,0.0,0.0,0.0,0.0,0.0,0.0,0.0,0.0,0.0,3.0,0.0,0.0,0.0,0.0,0.0,3.0,2.0,6.0
450,0,1,695,695,512,512,0,0,16,0,32,64,__amd_rocclr_copyBuffer,158975320404841,158975320407407,451,23,248210.0,1184.0,8875.0,0.0,33.0,95.0,0.0,0.0,1932.0,1932.0,0.0,0.0,1.0,218179.0,0.0,0.0,4.0,3.0,4.0,4.0,0.0,0.0,1.0,0.0,0.0,0.0,0.0,0.0,1.0,0.0,0.0,1.0,0.0,0.0,0.0,0.0,0.0,0.0,1.0,0.0,0.0,0.0,0.0,0.0,0.0,0.0,0.0,0.0,0.0,0.0,1.0,0.0,0.0,0.0,0.0,0.0,0.0,0.0,0.0,0.0,0.0,1.0,0.0,0.0,0.0,1.0,0.0,0.0,0.0,0.0,1.0,0.0,0.0,0.0,0.0,0.0,0.0,1.0,0.0,0.0,0.0,0.0,0.0,0.0,0.0,1.0,0.0,0.0,0.0,0.0,0.0,0.0,0.0,0.0,0.0,0.0,1.0,0.0,0.0,0.0,0.0,0.0,0.0,1.0,0.0,0.0,0.0,0.0,0.0,0.0,0.0,0.0,0.0,0.0,1.0,0.0,0.0,0.0,0.0,0.0,0.0,0.0,0.0,1.0,0.0,0.0,0.0,0.0,0.0,1.0,0.0,1.0,0.0,0.0,0.0,0.0,0.0,0.0,5.0,4.0,0.0,0.0,0.0,0.0,0.0,0.0,0.0,0.0,0.0,0.0,0.0,0.0,0.0,0.0,0.0,0.0,1.0,0.0,0.0,0.0,0.0,0.0,0.0,0.0,0.0,0.0,0.0,0.0,0.0,0.0,0.0,0.0,0.0,0.0,0.0,0.0,0.0,0.0,0.0,0.0,0.0,0.0,0.0,0.0,0.0,0.0,0.0,0.0,0.0,0.0,0.0,0.0,0.0,0.0,0.0,0.0,0.0,0.0,0.0,0.0,0.0,0.0,0.0,0.0,0.0,0.0,0.0,0.0,0.0,0.0,0.0,0.0,0.0,0.0,0.0,0.0,0.0,0.0,0.0,0.0,0.0,0.0,0.0,0.0,0.0,0.0,0.0,0.0,0.0,0.0,0.0,0.0,0.0,0.0,0.0,0.0,0.0,0.0,0.0,0.0,0.0,0.0,0.0,0.0,0.0,0.0,0.0,0.0,0.0,0.0,0.0,0.0,0.0,0.0,0.0,0.0,0.0,0.0,0.0,0.0,0.0,0.0,0.0,0.0,0.0,0.0,0.0,0.0,0.0,0.0,0.0,0.0,0.0,1.0,1.0,2.0
451,0,1,695,695,512,512,0,0,16,0,32,64,__amd_rocclr_copyBuffer,158975320812285,158975320814770,452,23,235453.0,1184.0,608.0,0.0,33.0,95.0,0.0,0.0,1792.0,1792.0,0.0,0.0,1.0,199201.0,0.0,0.0,4.0,3.0,4.0,4.0,0.0,0.0,0.0,0.0,0.0,0.0,0.0,0.0,1.0,0.0,0.0,0.0,0.0,0.0,0.0,0.0,0.0,0.0,0.0,0.0,0.0,0.0,0.0,0.0,0.0,0.0,0.0,0.0,0.0,0.0,0.0,0.0,0.0,0.0,0.0,0.0,0.0,0.0,0.0,0.0,0.0,0.0,0.0,0.0,0.0,0.0,0.0,0.0,0.0,0.0,0.0,0.0,0.0,0.0,0.0,0.0,0.0,0.0,0.0,0.0,0.0,0.0,0.0,0.0,0.0,0.0,0.0,0.0,0.0,0.0,0.0,0.0,0.0,0.0,0.0,0.0,0.0,0.0,0.0,0.0,0.0,0.0,0.0,0.0,0.0,0.0,0.0,0.0,0.0,0.0,0.0,0.0,0.0,0.0,0.0,0.0,0.0,0.0,0.0,0.0,0.0,0.0,0.0,0.0,0.0,0.0,0.0,0.0,0.0,0.0,0.0,0.0,0.0,0.0,0.0,0.0,0.0,0.0,4.0,4.0,0.0,0.0,0.0,0.0,0.0,0.0,0.0,0.0,0.0,0.0,0.0,0.0,0.0,0.0,0.0,0.0,1.0,0.0,0.0,0.0,0.0,0.0,0.0,0.0,0.0,0.0,0.0,0.0,0.0,0.0,0.0,0.0,0.0,0.0,0.0,0.0,0.0,0.0,0.0,0.0,0.0,0.0,0.0,0.0,0.0,0.0,0.0,0.0,0.0,0.0,0.0,0.0,0.0,0.0,0.0,0.0,0.0,0.0,0.0,0.0,0.0,0.0,0.0,0.0,0.0,0.0,0.0,0.0,0.0,0.0,0.0,0.0,0.0,0.0,0.0,0.0,0.0,0.0,0.0,0.0,0.0,0.0,0.0,0.0,0.0,0.0,0.0,0.0,0.0,0.0,0.0,0.0,0.0,0.0,0.0,0.0,0.0,0.0,0.0,0.0,0.0,0.0,0.0,0.0,0.0,0.0,0.0,0.0,0.0,0.0,0.0,0.0,0.0,0.0,0.0,0.0,0.0,0.0,0.0,0.0,0.0,0.0,0.0,0.0,0.0,0.0,0.0,0.0,0.0,0.0,0.0,0.0,0.0,1.0,1.0,2.0
452,0,1,695,695,512,512,0,0,16,0,32,64,__amd_rocclr_copyBuffer,158975321220089,158975321222455,453,23,237795.0,1184.0,608.0,0.0,33.0,95.0,0.0,0.0,1766.0,1766.0,0.0,0.0,1.0,198801.0,0.0,0.0,4.0,3.0,4.0,4.0,0.0,0.0,0.0,0.0,0.0,0.0,0.0,0.0,1.0,0.0,0.0,0.0,0.0,0.0,0.0,0.0,0.0,0.0,0.0,0.0,0.0,0.0,0.0,0.0,0.0,0.0,0.0,0.0,0.0,0.0,0.0,0.0,0.0,0.0,0.0,0.0,0.0,0.0,0.0,0.0,0.0,0.0,0.0,0.0,0.0,0.0,0.0,0.0,0.0,0.0,0.0,0.0,0.0,0.0,0.0,0.0,0.0,0.0,0.0,0.0,0.0,0.0,0.0,0.0,0.0,0.0,0.0,0.0,0.0,0.0,0.0,0.0,0.0,0.0,0.0,0.0,0.0,0.0,0.0,0.0,0.0,0.0,0.0,0.0,0.0,0.0,0.0,0.0,0.0,0.0,0.0,0.0,0.0,0.0,0.0,0.0,0.0,0.0,0.0,0.0,0.0,0.0,0.0,0.0,0.0,0.0,0.0,0.0,0.0,0.0,0.0,0.0,0.0,0.0,0.0,0.0,0.0,0.0,4.0,4.0,0.0,0.0,0.0,0.0,0.0,0.0,0.0,0.0,0.0,0.0,0.0,0.0,0.0,0.0,0.0,0.0,1.0,0.0,0.0,0.0,0.0,0.0,0.0,0.0,0.0,0.0,0.0,0.0,0.0,0.0,0.0,0.0,0.0,0.0,0.0,0.0,0.0,0.0,0.0,0.0,0.0,0.0,0.0,0.0,0.0,0.0,0.0,0.0,0.0,0.0,0.0,0.0,0.0,0.0,0.0,0.0,0.0,0.0,0.0,0.0,0.0,0.0,0.0,0.0,0.0,0.0,0.0,0.0,0.0,0.0,0.0,0.0,0.0,0.0,0.0,0.0,0.0,0.0,0.0,0.0,0.0,0.0,0.0,0.0,0.0,0.0,0.0,0.0,0.0,0.0,0.0,0.0,0.0,0.0,0.0,0.0,0.0,0.0,0.0,0.0,0.0,0.0,0.0,0.0,0.0,0.0,0.0,0.0,0.0,0.0,0.0,0.0,0.0,0.0,0.0,0.0,0.0,0.0,0.0,0.0,0.0,0.0,0.0,0.0,0.0,0.0,0.0,0.0,0.0,0.0,0.0,0.0,0.0,1.0,1.0,2.0
453,0,1,695,695,512,512,0,0,16,0,32,64,__amd_rocclr_copyBuffer,158975321632585,158975321637716,454,23,289040.0,1184.0,608.0,0.0,38.0,140.0,0.0,0.0,12862.0,12862.0,0.0,0.0,6.0,206972.0,0.0,0.0,4.0,4.0,4.0,4.0,0.0,0.0,0.0,0.0,0.0,0.0,0.0,0.0,0.0,0.0,0.0,0.0,0.0,0.0,0.0,0.0,0.0,0.0,0.0,0.0,0.0,0.0,0.0,0.0,0.0,0.0,0.0,0.0,0.0,0.0,0.0,0.0,0.0,0.0,0.0,0.0,0.0,0.0,0.0,0.0,0.0,0.0,0.0,0.0,0.0,0.0,0.0,0.0,0.0,0.0,0.0,0.0,0.0,0.0,0.0,0.0,0.0,0.0,0.0,0.0,0.0,0.0,0.0,0.0,0.0,0.0,0.0,0.0,0.0,0.0,0.0,0.0,0.0,0.0,0.0,0.0,0.0,0.0,0.0,0.0,0.0,0.0,0.0,0.0,0.0,0.0,0.0,0.0,0.0,0.0,0.0,0.0,0.0,0.0,0.0,0.0,0.0,0.0,0.0,0.0,0.0,0.0,0.0,0.0,0.0,0.0,0.0,0.0,0.0,0.0,0.0,0.0,0.0,0.0,0.0,0.0,0.0,0.0,4.0,4.0,0.0,0.0,0.0,0.0,0.0,0.0,0.0,0.0,0.0,0.0,6.0,0.0,0.0,0.0,0.0,0.0,0.0,0.0,0.0,0.0,0.0,0.0,0.0,0.0,0.0,0.0,0.0,0.0,0.0,0.0,0.0,0.0,0.0,0.0,0.0,0.0,0.0,0.0,0.0,0.0,0.0,0.0,0.0,0.0,0.0,0.0,0.0,0.0,0.0,0.0,0.0,0.0,0.0,0.0,0.0,0.0,0.0,0.0,0.0,0.0,0.0,0.0,0.0,0.0,0.0,0.0,0.0,0.0,0.0,0.0,0.0,0.0,0.0,0.0,0.0,0.0,0.0,0.0,0.0,0.0,0.0,0.0,0.0,0.0,0.0,0.0,0.0,0.0,0.0,0.0,0.0,0.0,0.0,0.0,0.0,0.0,0.0,0.0,0.0,0.0,0.0,0.0,0.0,0.0,0.0,0.0,0.0,0.0,0.0,0.0,0.0,0.0,0.0,0.0,0.0,0.0,0.0,0.0,0.0,0.0,0.0,0.0,0.0,0.0,0.0,0.0,0.0,0.0,0.0,0.0,0.0,0.0,0.0,6.0,2.0,12.0
454,0,1,695,695,512,512,0,0,16,0,32,64,__amd_rocclr_copyBuffer,158975322039547,158975322042033,455,23,232550.0,1184.0,608.0,0.0,33.0,95.0,0.0,0.0,1875.0,1875.0,0.0,0.0,1.0,200771.0,0.0,0.0,4.0,3.0,4.0,4.0,0.0,0.0,0.0,0.0,0.0,0.0,0.0,0.0,1.0,0.0,0.0,0.0,0.0,0.0,0.0,0.0,0.0,0.0,0.0,0.0,0.0,0.0,0.0,0.0,0.0,0.0,0.0,0.0,0.0,0.0,0.0,0.0,0.0,0.0,0.0,0.0,0.0,0.0,0.0,0.0,0.0,0.0,0.0,0.0,0.0,0.0,0.0,0.0,0.0,0.0,0.0,0.0,0.0,0.0,0.0,0.0,0.0,0.0,0.0,0.0,0.0,0.0,0.0,0.0,0.0,0.0,0.0,0.0,0.0,0.0,0.0,0.0,0.0,0.0,0.0,0.0,0.0,0.0,0.0,0.0,0.0,0.0,0.0,0.0,0.0,0.0,0.0,0.0,0.0,0.0,0.0,0.0,0.0,0.0,0.0,0.0,0.0,0.0,0.0,0.0,0.0,0.0,0.0,0.0,0.0,0.0,0.0,0.0,0.0,0.0,0.0,0.0,0.0,0.0,0.0,0.0,0.0,0.0,4.0,4.0,0.0,0.0,0.0,0.0,0.0,0.0,0.0,0.0,0.0,0.0,0.0,0.0,0.0,0.0,0.0,0.0,1.0,0.0,0.0,0.0,0.0,0.0,0.0,0.0,0.0,0.0,0.0,0.0,0.0,0.0,0.0,0.0,0.0,0.0,0.0,0.0,0.0,0.0,0.0,0.0,0.0,0.0,0.0,0.0,0.0,0.0,0.0,0.0,0.0,0.0,0.0,0.0,0.0,0.0,0.0,0.0,0.0,0.0,0.0,0.0,0.0,0.0,0.0,0.0,0.0,0.0,0.0,0.0,0.0,0.0,0.0,0.0,0.0,0.0,0.0,0.0,0.0,0.0,0.0,0.0,0.0,0.0,0.0,0.0,0.0,0.0,0.0,0.0,0.0,0.0,0.0,0.0,0.0,0.0,0.0,0.0,0.0,0.0,0.0,0.0,0.0,0.0,0.0,0.0,0.0,0.0,0.0,0.0,0.0,0.0,0.0,0.0,0.0,0.0,0.0,0.0,0.0,0.0,0.0,0.0,0.0,0.0,0.0,0.0,0.0,0.0,0.0,0.0,0.0,0.0,0.0,0.0,0.0,1.0,1.0,2.0
455,0,1,695,695,512,512,0,0,16,0,32,64,__amd_rocclr_copyBuffer,158975322444987,158975322447472,456,23,235030.0,1184.0,608.0,0.0,33.0,95.0,0.0,0.0,1801.0,1801.0,0.0,0.0,1.0,201722.0,0.0,0.0,4.0,3.0,4.0,4.0,0.0,0.0,0.0,0.0,0.0,0.0,0.0,0.0,1.0,0.0,0.0,0.0,0.0,0.0,0.0,0.0,0.0,0.0,0.0,0.0,0.0,0.0,0.0,0.0,0.0,0.0,0.0,0.0,0.0,0.0,0.0,0.0,0.0,0.0,0.0,0.0,0.0,0.0,0.0,0.0,0.0,0.0,0.0,0.0,0.0,0.0,0.0,0.0,0.0,0.0,0.0,0.0,0.0,0.0,0.0,0.0,0.0,0.0,0.0,0.0,0.0,0.0,0.0,0.0,0.0,0.0,0.0,0.0,0.0,0.0,0.0,0.0,0.0,0.0,0.0,0.0,0.0,0.0,0.0,0.0,0.0,0.0,0.0,0.0,0.0,0.0,0.0,0.0,0.0,0.0,0.0,0.0,0.0,0.0,0.0,0.0,0.0,0.0,0.0,0.0,0.0,0.0,0.0,0.0,0.0,0.0,0.0,0.0,0.0,0.0,0.0,0.0,0.0,0.0,0.0,0.0,0.0,0.0,4.0,4.0,0.0,0.0,0.0,0.0,0.0,0.0,0.0,0.0,0.0,0.0,0.0,0.0,0.0,0.0,0.0,0.0,1.0,0.0,0.0,0.0,0.0,0.0,0.0,0.0,0.0,0.0,0.0,0.0,0.0,0.0,0.0,0.0,0.0,0.0,0.0,0.0,0.0,0.0,0.0,0.0,0.0,0.0,0.0,0.0,0.0,0.0,0.0,0.0,0.0,0.0,0.0,0.0,0.0,0.0,0.0,0.0,0.0,0.0,0.0,0.0,0.0,0.0,0.0,0.0,0.0,0.0,0.0,0.0,0.0,0.0,0.0,0.0,0.0,0.0,0.0,0.0,0.0,0.0,0.0,0.0,0.0,0.0,0.0,0.0,0.0,0.0,0.0,0.0,0.0,0.0,0.0,0.0,0.0,0.0,0.0,0.0,0.0,0.0,0.0,0.0,0.0,0.0,0.0,0.0,0.0,0.0,0.0,0.0,0.0,0.0,0.0,0.0,0.0,0.0,0.0,0.0,0.0,0.0,0.0,0.0,0.0,0.0,0.0,0.0,0.0,0.0,0.0,0.0,0.0,0.0,0.0,0.0,0.0,1.0,1.0,2.0
456,0,1,695,695,512,512,0,0,16,0,32,64,__amd_rocclr_copyBuffer,158975322853112,158975322855517,457,23,245304.0,1184.0,608.0,0.0,33.0,95.0,0.0,0.0,1778.0,1778.0,0.0,0.0,1.0,206748.0,0.0,0.0,4.0,3.0,4.0,4.0,0.0,0.0,0.0,0.0,0.0,0.0,0.0,0.0,1.0,0.0,0.0,0.0,0.0,0.0,0.0,0.0,0.0,0.0,0.0,0.0,0.0,0.0,0.0,0.0,0.0,0.0,0.0,0.0,0.0,0.0,0.0,0.0,0.0,0.0,0.0,0.0,0.0,0.0,0.0,0.0,0.0,0.0,0.0,0.0,0.0,0.0,0.0,0.0,0.0,0.0,0.0,0.0,0.0,0.0,0.0,0.0,0.0,0.0,0.0,0.0,0.0,0.0,0.0,0.0,0.0,0.0,0.0,0.0,0.0,0.0,0.0,0.0,0.0,0.0,0.0,0.0,0.0,0.0,0.0,0.0,0.0,0.0,0.0,0.0,0.0,0.0,0.0,0.0,0.0,0.0,0.0,0.0,0.0,0.0,0.0,0.0,0.0,0.0,0.0,0.0,0.0,0.0,0.0,0.0,0.0,0.0,0.0,0.0,0.0,0.0,0.0,0.0,0.0,0.0,0.0,0.0,0.0,0.0,4.0,4.0,0.0,0.0,0.0,0.0,0.0,0.0,0.0,0.0,0.0,0.0,0.0,0.0,0.0,0.0,0.0,0.0,1.0,0.0,0.0,0.0,0.0,0.0,0.0,0.0,0.0,0.0,0.0,0.0,0.0,0.0,0.0,0.0,0.0,0.0,0.0,0.0,0.0,0.0,0.0,0.0,0.0,0.0,0.0,0.0,0.0,0.0,0.0,0.0,0.0,0.0,0.0,0.0,0.0,0.0,0.0,0.0,0.0,0.0,0.0,0.0,0.0,0.0,0.0,0.0,0.0,0.0,0.0,0.0,0.0,0.0,0.0,0.0,0.0,0.0,0.0,0.0,0.0,0.0,0.0,0.0,0.0,0.0,0.0,0.0,0.0,0.0,0.0,0.0,0.0,0.0,0.0,0.0,0.0,0.0,0.0,0.0,0.0,0.0,0.0,0.0,0.0,0.0,0.0,0.0,0.0,0.0,0.0,0.0,0.0,0.0,0.0,0.0,0.0,0.0,0.0,0.0,0.0,0.0,0.0,0.0,0.0,0.0,0.0,0.0,0.0,0.0,0.0,0.0,0.0,0.0,0.0,0.0,0.0,1.0,1.0,2.0
457,0,1,695,695,1024,1024,0,0,16,0,32,64,__amd_rocclr_copyBuffer,158975323265327,158975323268774,458,23,276615.0,1184.0,608.0,0.0,67.0,205.0,0.0,0.0,5924.0,5924.0,0.0,0.0,3.0,208261.0,0.0,0.0,4.0,3.0,4.0,4.0,0.0,0.0,0.0,0.0,0.0,0.0,0.0,0.0,0.0,0.0,0.0,0.0,0.0,0.0,0.0,0.0,0.0,0.0,0.0,0.0,0.0,0.0,0.0,0.0,0.0,0.0,0.0,0.0,0.0,0.0,0.0,0.0,0.0,0.0,0.0,0.0,0.0,0.0,0.0,0.0,0.0,0.0,0.0,0.0,0.0,0.0,0.0,0.0,0.0,0.0,0.0,0.0,0.0,0.0,0.0,0.0,0.0,0.0,0.0,0.0,0.0,0.0,0.0,0.0,0.0,0.0,0.0,0.0,0.0,0.0,0.0,0.0,0.0,0.0,0.0,0.0,0.0,0.0,0.0,0.0,0.0,0.0,0.0,0.0,0.0,0.0,0.0,0.0,0.0,0.0,0.0,0.0,0.0,0.0,0.0,0.0,0.0,0.0,0.0,0.0,0.0,0.0,0.0,0.0,0.0,0.0,0.0,0.0,0.0,0.0,0.0,0.0,0.0,0.0,0.0,0.0,0.0,0.0,4.0,4.0,1.0,0.0,0.0,0.0,0.0,0.0,0.0,0.0,0.0,0.0,0.0,3.0,0.0,0.0,0.0,0.0,0.0,0.0,0.0,0.0,0.0,0.0,0.0,0.0,0.0,0.0,0.0,0.0,0.0,0.0,0.0,0.0,0.0,0.0,0.0,0.0,0.0,0.0,0.0,0.0,0.0,0.0,0.0,0.0,0.0,0.0,0.0,0.0,0.0,0.0,0.0,0.0,0.0,0.0,0.0,0.0,0.0,0.0,0.0,0.0,0.0,0.0,0.0,0.0,0.0,0.0,0.0,0.0,0.0,0.0,0.0,0.0,0.0,0.0,0.0,0.0,0.0,0.0,0.0,0.0,0.0,0.0,0.0,0.0,0.0,0.0,0.0,0.0,0.0,0.0,0.0,0.0,0.0,0.0,0.0,0.0,0.0,0.0,0.0,0.0,0.0,0.0,0.0,0.0,0.0,0.0,0.0,0.0,0.0,0.0,0.0,0.0,0.0,0.0,0.0,0.0,0.0,0.0,0.0,0.0,0.0,0.0,0.0,0.0,0.0,0.0,0.0,0.0,0.0,0.0,0.0,0.0,0.0,3.0,0.0,6.0
458,0,1,695,695,512,512,0,0,16,0,32,64,__amd_rocclr_copyBuffer,158975323675737,158975323678223,459,23,237017.0,1184.0,608.0,0.0,33.0,95.0,0.0,0.0,1875.0,1875.0,0.0,0.0,1.0,201139.0,0.0,0.0,4.0,3.0,4.0,4.0,0.0,0.0,0.0,0.0,0.0,0.0,0.0,0.0,1.0,0.0,0.0,0.0,0.0,0.0,0.0,0.0,0.0,0.0,0.0,0.0,0.0,0.0,0.0,0.0,0.0,0.0,0.0,0.0,0.0,0.0,0.0,0.0,0.0,0.0,0.0,0.0,0.0,0.0,0.0,0.0,0.0,0.0,0.0,0.0,0.0,0.0,0.0,0.0,0.0,0.0,0.0,0.0,0.0,0.0,0.0,0.0,0.0,0.0,0.0,0.0,0.0,0.0,0.0,0.0,0.0,0.0,0.0,0.0,0.0,0.0,0.0,0.0,0.0,0.0,0.0,0.0,0.0,0.0,0.0,0.0,0.0,0.0,0.0,0.0,0.0,0.0,0.0,0.0,0.0,0.0,0.0,0.0,0.0,0.0,0.0,0.0,0.0,0.0,0.0,0.0,0.0,0.0,0.0,0.0,0.0,0.0,0.0,0.0,0.0,0.0,0.0,0.0,0.0,0.0,0.0,0.0,0.0,0.0,4.0,4.0,0.0,0.0,0.0,0.0,0.0,0.0,0.0,0.0,0.0,0.0,0.0,0.0,0.0,0.0,0.0,0.0,1.0,0.0,0.0,0.0,0.0,0.0,0.0,0.0,0.0,0.0,0.0,0.0,0.0,0.0,0.0,0.0,0.0,0.0,0.0,0.0,0.0,0.0,0.0,0.0,0.0,0.0,0.0,0.0,0.0,0.0,0.0,0.0,0.0,0.0,0.0,0.0,0.0,0.0,0.0,0.0,0.0,0.0,0.0,0.0,0.0,0.0,0.0,0.0,0.0,0.0,0.0,0.0,0.0,0.0,0.0,0.0,0.0,0.0,0.0,0.0,0.0,0.0,0.0,0.0,0.0,0.0,0.0,0.0,0.0,0.0,0.0,0.0,0.0,0.0,0.0,0.0,0.0,0.0,0.0,0.0,0.0,0.0,0.0,0.0,0.0,0.0,0.0,0.0,0.0,0.0,0.0,0.0,0.0,0.0,0.0,0.0,0.0,0.0,0.0,0.0,0.0,0.0,0.0,0.0,0.0,0.0,0.0,0.0,0.0,0.0,0.0,0.0,0.0,0.0,0.0,0.0,0.0,1.0,1.0,2.0
459,0,1,695,695,512,512,0,0,16,0,32,64,__amd_rocclr_copyBuffer,158975324082539,158975324084905,460,23,234263.0,1184.0,608.0,0.0,33.0,95.0,0.0,0.0,1695.0,1695.0,0.0,0.0,1.0,208073.0,0.0,0.0,4.0,3.0,4.0,4.0,0.0,0.0,0.0,0.0,0.0,0.0,0.0,0.0,1.0,0.0,0.0,0.0,0.0,0.0,0.0,0.0,0.0,0.0,0.0,0.0,0.0,0.0,0.0,0.0,0.0,0.0,0.0,0.0,0.0,0.0,0.0,0.0,0.0,0.0,0.0,0.0,0.0,0.0,0.0,0.0,0.0,0.0,0.0,0.0,0.0,0.0,0.0,0.0,0.0,0.0,0.0,0.0,0.0,0.0,0.0,0.0,0.0,0.0,0.0,0.0,0.0,0.0,0.0,0.0,0.0,0.0,0.0,0.0,0.0,0.0,0.0,0.0,0.0,0.0,0.0,0.0,0.0,0.0,0.0,0.0,0.0,0.0,0.0,0.0,0.0,0.0,0.0,0.0,0.0,0.0,0.0,0.0,0.0,0.0,0.0,0.0,0.0,0.0,0.0,0.0,0.0,0.0,0.0,0.0,0.0,0.0,0.0,0.0,0.0,0.0,0.0,0.0,0.0,0.0,0.0,0.0,0.0,0.0,4.0,4.0,0.0,0.0,0.0,0.0,0.0,0.0,0.0,0.0,0.0,0.0,0.0,0.0,0.0,0.0,0.0,0.0,1.0,0.0,0.0,0.0,0.0,0.0,0.0,0.0,0.0,0.0,0.0,0.0,0.0,0.0,0.0,0.0,0.0,0.0,0.0,0.0,0.0,0.0,0.0,0.0,0.0,0.0,0.0,0.0,0.0,0.0,0.0,0.0,0.0,0.0,0.0,0.0,0.0,0.0,0.0,0.0,0.0,0.0,0.0,0.0,0.0,0.0,0.0,0.0,0.0,0.0,0.0,0.0,0.0,0.0,0.0,0.0,0.0,0.0,0.0,0.0,0.0,0.0,0.0,0.0,0.0,0.0,0.0,0.0,0.0,0.0,0.0,0.0,0.0,0.0,0.0,0.0,0.0,0.0,0.0,0.0,0.0,0.0,0.0,0.0,0.0,0.0,0.0,0.0,0.0,0.0,0.0,0.0,0.0,0.0,0.0,0.0,0.0,0.0,0.0,0.0,0.0,0.0,0.0,0.0,0.0,0.0,0.0,0.0,0.0,0.0,0.0,0.0,0.0,0.0,0.0,0.0,0.0,1.0,0.0,2.0
460,0,1,695,695,512,512,0,0,16,0,32,64,__amd_rocclr_copyBuffer,158975324491146,158975324493511,461,23,242644.0,1184.0,608.0,0.0,33.0,95.0,0.0,0.0,1685.0,1685.0,0.0,0.0,1.0,201508.0,0.0,0.0,4.0,3.0,4.0,4.0,0.0,0.0,0.0,0.0,0.0,0.0,0.0,0.0,1.0,0.0,0.0,0.0,0.0,0.0,0.0,0.0,0.0,0.0,0.0,0.0,0.0,0.0,0.0,0.0,0.0,0.0,0.0,0.0,0.0,0.0,0.0,0.0,0.0,0.0,0.0,0.0,0.0,0.0,0.0,0.0,0.0,0.0,0.0,0.0,0.0,0.0,0.0,0.0,0.0,0.0,0.0,0.0,0.0,0.0,0.0,0.0,0.0,0.0,0.0,0.0,0.0,0.0,0.0,0.0,0.0,0.0,0.0,0.0,0.0,0.0,0.0,0.0,0.0,0.0,0.0,0.0,0.0,0.0,0.0,0.0,0.0,0.0,0.0,0.0,0.0,0.0,0.0,0.0,0.0,0.0,0.0,0.0,0.0,0.0,0.0,0.0,0.0,0.0,0.0,0.0,0.0,0.0,0.0,0.0,0.0,0.0,0.0,0.0,0.0,0.0,0.0,0.0,0.0,0.0,0.0,0.0,0.0,0.0,4.0,4.0,0.0,0.0,0.0,0.0,0.0,0.0,0.0,0.0,0.0,0.0,0.0,0.0,0.0,0.0,0.0,0.0,1.0,0.0,0.0,0.0,0.0,0.0,0.0,0.0,0.0,0.0,0.0,0.0,0.0,0.0,0.0,0.0,0.0,0.0,0.0,0.0,0.0,0.0,0.0,0.0,0.0,0.0,0.0,0.0,0.0,0.0,0.0,0.0,0.0,0.0,0.0,0.0,0.0,0.0,0.0,0.0,0.0,0.0,0.0,0.0,0.0,0.0,0.0,0.0,0.0,0.0,0.0,0.0,0.0,0.0,0.0,0.0,0.0,0.0,0.0,0.0,0.0,0.0,0.0,0.0,0.0,0.0,0.0,0.0,0.0,0.0,0.0,0.0,0.0,0.0,0.0,0.0,0.0,0.0,0.0,0.0,0.0,0.0,0.0,0.0,0.0,0.0,0.0,0.0,0.0,0.0,0.0,0.0,0.0,0.0,0.0,0.0,0.0,0.0,0.0,0.0,0.0,0.0,0.0,0.0,0.0,0.0,0.0,0.0,0.0,0.0,0.0,0.0,0.0,0.0,0.0,0.0,0.0,1.0,0.0,2.0
461,0,1,695,695,512,512,0,0,16,0,32,64,__amd_rocclr_copyBuffer,158975324897668,158975324902799,462,23,285176.0,1184.0,608.0,0.0,38.0,140.0,0.0,0.0,12702.0,12702.0,0.0,0.0,6.0,210530.0,0.0,0.0,4.0,3.0,4.0,4.0,0.0,1.0,0.0,0.0,0.0,0.0,0.0,0.0,0.0,0.0,0.0,0.0,0.0,0.0,0.0,0.0,0.0,0.0,0.0,0.0,0.0,0.0,0.0,0.0,0.0,0.0,0.0,0.0,0.0,0.0,0.0,0.0,0.0,0.0,0.0,0.0,0.0,0.0,0.0,0.0,0.0,0.0,0.0,0.0,0.0,0.0,0.0,0.0,0.0,0.0,0.0,0.0,0.0,0.0,0.0,0.0,0.0,0.0,0.0,0.0,0.0,0.0,0.0,0.0,0.0,0.0,0.0,0.0,0.0,0.0,0.0,0.0,0.0,0.0,0.0,0.0,0.0,0.0,0.0,0.0,0.0,0.0,0.0,0.0,0.0,0.0,0.0,0.0,0.0,0.0,0.0,0.0,0.0,0.0,0.0,0.0,0.0,0.0,0.0,0.0,0.0,0.0,0.0,0.0,0.0,0.0,0.0,0.0,0.0,0.0,0.0,0.0,0.0,0.0,0.0,0.0,0.0,0.0,4.0,4.0,0.0,0.0,0.0,0.0,0.0,0.0,0.0,0.0,6.0,0.0,0.0,0.0,0.0,0.0,0.0,0.0,0.0,0.0,0.0,0.0,0.0,0.0,0.0,0.0,0.0,0.0,0.0,0.0,0.0,0.0,0.0,0.0,0.0,0.0,0.0,0.0,0.0,0.0,0.0,0.0,0.0,0.0,0.0,0.0,0.0,0.0,0.0,0.0,0.0,0.0,0.0,0.0,0.0,0.0,0.0,0.0,0.0,0.0,0.0,0.0,0.0,0.0,0.0,0.0,0.0,0.0,0.0,0.0,0.0,0.0,0.0,0.0,0.0,0.0,0.0,0.0,0.0,0.0,0.0,0.0,0.0,0.0,0.0,0.0,0.0,0.0,0.0,0.0,0.0,0.0,0.0,0.0,0.0,0.0,0.0,0.0,0.0,0.0,0.0,0.0,0.0,0.0,0.0,0.0,0.0,0.0,0.0,0.0,0.0,0.0,0.0,0.0,0.0,0.0,0.0,0.0,0.0,0.0,0.0,0.0,0.0,0.0,0.0,0.0,0.0,0.0,0.0,0.0,0.0,0.0,0.0,0.0,0.0,6.0,0.0,12.0
462,0,1,695,695,512,512,0,0,16,0,32,64,__amd_rocclr_copyBuffer,158975325305512,158975325308800,463,23,246613.0,1184.0,608.0,0.0,33.0,95.0,0.0,0.0,1835.0,1835.0,0.0,0.0,1.0,187854.0,0.0,0.0,4.0,3.0,4.0,4.0,0.0,0.0,0.0,0.0,0.0,0.0,0.0,0.0,1.0,0.0,0.0,0.0,0.0,0.0,0.0,0.0,0.0,0.0,0.0,0.0,0.0,0.0,0.0,0.0,0.0,0.0,0.0,0.0,0.0,0.0,0.0,0.0,0.0,0.0,0.0,0.0,0.0,0.0,0.0,0.0,0.0,0.0,0.0,0.0,0.0,0.0,0.0,0.0,0.0,0.0,0.0,0.0,0.0,0.0,0.0,0.0,0.0,0.0,0.0,0.0,0.0,0.0,0.0,0.0,0.0,0.0,0.0,0.0,0.0,0.0,0.0,0.0,0.0,0.0,0.0,0.0,0.0,0.0,0.0,0.0,0.0,0.0,0.0,0.0,0.0,0.0,0.0,0.0,0.0,0.0,0.0,0.0,0.0,0.0,0.0,0.0,0.0,0.0,0.0,0.0,0.0,0.0,0.0,0.0,0.0,0.0,0.0,0.0,0.0,0.0,0.0,0.0,0.0,0.0,0.0,0.0,0.0,0.0,4.0,4.0,0.0,0.0,0.0,0.0,0.0,0.0,0.0,0.0,0.0,0.0,0.0,0.0,0.0,0.0,0.0,0.0,1.0,0.0,0.0,0.0,0.0,0.0,0.0,0.0,0.0,0.0,0.0,0.0,0.0,0.0,0.0,0.0,0.0,0.0,0.0,0.0,0.0,0.0,0.0,0.0,0.0,0.0,0.0,0.0,0.0,0.0,0.0,0.0,0.0,0.0,0.0,0.0,0.0,0.0,0.0,0.0,0.0,0.0,0.0,0.0,0.0,0.0,0.0,0.0,0.0,0.0,0.0,0.0,0.0,0.0,0.0,0.0,0.0,0.0,0.0,0.0,0.0,0.0,0.0,0.0,0.0,0.0,0.0,0.0,0.0,0.0,0.0,0.0,0.0,0.0,0.0,0.0,0.0,0.0,0.0,0.0,0.0,0.0,0.0,0.0,0.0,0.0,0.0,0.0,0.0,0.0,0.0,0.0,0.0,0.0,0.0,0.0,0.0,0.0,0.0,0.0,0.0,0.0,0.0,0.0,0.0,0.0,0.0,0.0,0.0,0.0,0.0,0.0,0.0,0.0,0.0,0.0,0.0,1.0,0.0,2.0
463,0,1,695,695,512,512,0,0,16,0,32,64,__amd_rocclr_copyBuffer,158975325716484,158975325718890,464,23,239783.0,1184.0,608.0,0.0,33.0,95.0,0.0,0.0,1691.0,1691.0,0.0,0.0,1.0,201249.0,0.0,0.0,4.0,3.0,4.0,4.0,0.0,0.0,0.0,0.0,0.0,0.0,0.0,0.0,1.0,0.0,0.0,0.0,0.0,0.0,0.0,0.0,0.0,0.0,0.0,0.0,0.0,0.0,0.0,0.0,0.0,0.0,0.0,0.0,0.0,0.0,0.0,0.0,0.0,0.0,0.0,0.0,0.0,0.0,0.0,0.0,0.0,0.0,0.0,0.0,0.0,0.0,0.0,0.0,0.0,0.0,0.0,0.0,0.0,0.0,0.0,0.0,0.0,0.0,0.0,0.0,0.0,0.0,0.0,0.0,0.0,0.0,0.0,0.0,0.0,0.0,0.0,0.0,0.0,0.0,0.0,0.0,0.0,0.0,0.0,0.0,0.0,0.0,0.0,0.0,0.0,0.0,0.0,0.0,0.0,0.0,0.0,0.0,0.0,0.0,0.0,0.0,0.0,0.0,0.0,0.0,0.0,0.0,0.0,0.0,0.0,0.0,0.0,0.0,0.0,0.0,0.0,0.0,0.0,0.0,0.0,0.0,0.0,0.0,4.0,4.0,0.0,0.0,0.0,0.0,0.0,0.0,0.0,0.0,0.0,0.0,0.0,0.0,0.0,0.0,0.0,0.0,1.0,0.0,0.0,0.0,0.0,0.0,0.0,0.0,0.0,0.0,0.0,0.0,0.0,0.0,0.0,0.0,0.0,0.0,0.0,0.0,0.0,0.0,0.0,0.0,0.0,0.0,0.0,0.0,0.0,0.0,0.0,0.0,0.0,0.0,0.0,0.0,0.0,0.0,0.0,0.0,0.0,0.0,0.0,0.0,0.0,0.0,0.0,0.0,0.0,0.0,0.0,0.0,0.0,0.0,0.0,0.0,0.0,0.0,0.0,0.0,0.0,0.0,0.0,0.0,0.0,0.0,0.0,0.0,0.0,0.0,0.0,0.0,0.0,0.0,0.0,0.0,0.0,0.0,0.0,0.0,0.0,0.0,0.0,0.0,0.0,0.0,0.0,0.0,0.0,0.0,0.0,0.0,0.0,0.0,0.0,0.0,0.0,0.0,0.0,0.0,0.0,0.0,0.0,0.0,0.0,0.0,0.0,0.0,0.0,0.0,0.0,0.0,0.0,0.0,0.0,0.0,0.0,1.0,0.0,2.0
464,0,1,695,695,512,512,0,0,16,0,32,64,__amd_rocclr_copyBuffer,158975326122565,158975326124970,465,23,236476.0,1184.0,608.0,0.0,33.0,95.0,0.0,0.0,1688.0,1688.0,0.0,0.0,1.0,201285.0,0.0,0.0,4.0,3.0,4.0,4.0,0.0,0.0,0.0,0.0,0.0,0.0,0.0,0.0,1.0,0.0,0.0,0.0,0.0,0.0,0.0,0.0,0.0,0.0,0.0,0.0,0.0,0.0,0.0,0.0,0.0,0.0,0.0,0.0,0.0,0.0,0.0,0.0,0.0,0.0,0.0,0.0,0.0,0.0,0.0,0.0,0.0,0.0,0.0,0.0,0.0,0.0,0.0,0.0,0.0,0.0,0.0,0.0,0.0,0.0,0.0,0.0,0.0,0.0,0.0,0.0,0.0,0.0,0.0,0.0,0.0,0.0,0.0,0.0,0.0,0.0,0.0,0.0,0.0,0.0,0.0,0.0,0.0,0.0,0.0,0.0,0.0,0.0,0.0,0.0,0.0,0.0,0.0,0.0,0.0,0.0,0.0,0.0,0.0,0.0,0.0,0.0,0.0,0.0,0.0,0.0,0.0,0.0,0.0,0.0,0.0,0.0,0.0,0.0,0.0,0.0,0.0,0.0,0.0,0.0,0.0,0.0,0.0,0.0,4.0,4.0,0.0,0.0,0.0,0.0,0.0,0.0,0.0,0.0,0.0,0.0,0.0,0.0,0.0,0.0,0.0,0.0,1.0,0.0,0.0,0.0,0.0,0.0,0.0,0.0,0.0,0.0,0.0,0.0,0.0,0.0,0.0,0.0,0.0,0.0,0.0,0.0,0.0,0.0,0.0,0.0,0.0,0.0,0.0,0.0,0.0,0.0,0.0,0.0,0.0,0.0,0.0,0.0,0.0,0.0,0.0,0.0,0.0,0.0,0.0,0.0,0.0,0.0,0.0,0.0,0.0,0.0,0.0,0.0,0.0,0.0,0.0,0.0,0.0,0.0,0.0,0.0,0.0,0.0,0.0,0.0,0.0,0.0,0.0,0.0,0.0,0.0,0.0,0.0,0.0,0.0,0.0,0.0,0.0,0.0,0.0,0.0,0.0,0.0,0.0,0.0,0.0,0.0,0.0,0.0,0.0,0.0,0.0,0.0,0.0,0.0,0.0,0.0,0.0,0.0,0.0,0.0,0.0,0.0,0.0,0.0,0.0,0.0,0.0,0.0,0.0,0.0,0.0,0.0,0.0,0.0,0.0,0.0,0.0,1.0,0.0,2.0
465,0,1,695,695,1024,1024,0,0,16,0,32,64,__amd_rocclr_copyBuffer,158975326531211,158975326534659,466,23,258660.0,1184.0,608.0,0.0,67.0,205.0,0.0,0.0,5952.0,5952.0,0.0,0.0,3.0,205439.0,0.0,0.0,4.0,3.0,4.0,4.0,0.0,0.0,0.0,0.0,0.0,0.0,0.0,1.0,0.0,0.0,0.0,0.0,0.0,0.0,0.0,0.0,0.0,0.0,0.0,0.0,0.0,0.0,0.0,0.0,0.0,0.0,0.0,0.0,0.0,0.0,0.0,0.0,0.0,0.0,0.0,0.0,0.0,0.0,0.0,0.0,0.0,0.0,0.0,0.0,0.0,0.0,0.0,0.0,0.0,0.0,0.0,0.0,0.0,0.0,0.0,0.0,0.0,0.0,0.0,0.0,0.0,0.0,0.0,0.0,0.0,0.0,0.0,0.0,0.0,0.0,0.0,0.0,0.0,0.0,0.0,0.0,0.0,0.0,0.0,0.0,0.0,0.0,0.0,0.0,0.0,0.0,0.0,0.0,0.0,0.0,0.0,0.0,0.0,0.0,0.0,0.0,0.0,0.0,0.0,0.0,0.0,0.0,0.0,0.0,0.0,0.0,0.0,0.0,0.0,0.0,0.0,0.0,0.0,0.0,0.0,0.0,0.0,0.0,4.0,4.0,0.0,0.0,0.0,0.0,0.0,0.0,0.0,0.0,0.0,3.0,0.0,0.0,0.0,0.0,0.0,0.0,0.0,0.0,0.0,0.0,0.0,0.0,0.0,0.0,0.0,0.0,0.0,0.0,0.0,0.0,0.0,0.0,0.0,0.0,0.0,0.0,0.0,0.0,0.0,0.0,0.0,0.0,0.0,0.0,0.0,0.0,0.0,0.0,0.0,0.0,0.0,0.0,0.0,0.0,0.0,0.0,0.0,0.0,0.0,0.0,0.0,0.0,0.0,0.0,0.0,0.0,0.0,0.0,0.0,0.0,0.0,0.0,0.0,0.0,0.0,0.0,0.0,0.0,0.0,0.0,0.0,0.0,0.0,0.0,0.0,0.0,0.0,0.0,0.0,0.0,0.0,0.0,0.0,0.0,0.0,0.0,0.0,0.0,0.0,0.0,0.0,0.0,0.0,0.0,0.0,0.0,0.0,0.0,0.0,0.0,0.0,0.0,0.0,0.0,0.0,0.0,0.0,0.0,0.0,0.0,0.0,0.0,0.0,0.0,0.0,0.0,0.0,0.0,0.0,0.0,0.0,0.0,0.0,3.0,0.0,6.0
466,0,1,695,695,512,512,0,0,16,0,32,64,__amd_rocclr_copyBuffer,158975326937974,158975326940339,467,23,238295.0,1184.0,608.0,0.0,33.0,95.0,0.0,0.0,1774.0,1774.0,0.0,0.0,1.0,203966.0,0.0,0.0,4.0,3.0,4.0,4.0,0.0,0.0,0.0,0.0,0.0,0.0,0.0,0.0,1.0,0.0,0.0,0.0,0.0,0.0,0.0,0.0,0.0,0.0,0.0,0.0,0.0,0.0,0.0,0.0,0.0,0.0,0.0,0.0,0.0,0.0,0.0,0.0,0.0,0.0,0.0,0.0,0.0,0.0,0.0,0.0,0.0,0.0,0.0,0.0,0.0,0.0,0.0,0.0,0.0,0.0,0.0,0.0,0.0,0.0,0.0,0.0,0.0,0.0,0.0,0.0,0.0,0.0,0.0,0.0,0.0,0.0,0.0,0.0,0.0,0.0,0.0,0.0,0.0,0.0,0.0,0.0,0.0,0.0,0.0,0.0,0.0,0.0,0.0,0.0,0.0,0.0,0.0,0.0,0.0,0.0,0.0,0.0,0.0,0.0,0.0,0.0,0.0,0.0,0.0,0.0,0.0,0.0,0.0,0.0,0.0,0.0,0.0,0.0,0.0,0.0,0.0,0.0,0.0,0.0,0.0,0.0,0.0,0.0,4.0,4.0,0.0,0.0,0.0,0.0,0.0,0.0,0.0,0.0,0.0,0.0,0.0,0.0,0.0,0.0,0.0,0.0,1.0,0.0,0.0,0.0,0.0,0.0,0.0,0.0,0.0,0.0,0.0,0.0,0.0,0.0,0.0,0.0,0.0,0.0,0.0,0.0,0.0,0.0,0.0,0.0,0.0,0.0,0.0,0.0,0.0,0.0,0.0,0.0,0.0,0.0,0.0,0.0,0.0,0.0,0.0,0.0,0.0,0.0,0.0,0.0,0.0,0.0,0.0,0.0,0.0,0.0,0.0,0.0,0.0,0.0,0.0,0.0,0.0,0.0,0.0,0.0,0.0,0.0,0.0,0.0,0.0,0.0,0.0,0.0,0.0,0.0,0.0,0.0,0.0,0.0,0.0,0.0,0.0,0.0,0.0,0.0,0.0,0.0,0.0,0.0,0.0,0.0,0.0,0.0,0.0,0.0,0.0,0.0,0.0,0.0,0.0,0.0,0.0,0.0,0.0,0.0,0.0,0.0,0.0,0.0,0.0,0.0,0.0,0.0,0.0,0.0,0.0,0.0,0.0,0.0,0.0,0.0,0.0,1.0,0.0,2.0
467,0,1,695,695,512,512,0,0,16,0,32,64,__amd_rocclr_copyBuffer,158975327342571,158975327344936,468,23,236240.0,1184.0,608.0,0.0,33.0,95.0,0.0,0.0,1695.0,1695.0,0.0,0.0,1.0,198511.0,0.0,0.0,4.0,3.0,4.0,4.0,0.0,0.0,0.0,0.0,0.0,0.0,0.0,0.0,1.0,0.0,0.0,0.0,0.0,0.0,0.0,0.0,0.0,0.0,0.0,0.0,0.0,0.0,0.0,0.0,0.0,0.0,0.0,0.0,0.0,0.0,0.0,0.0,0.0,0.0,0.0,0.0,0.0,0.0,0.0,0.0,0.0,0.0,0.0,0.0,0.0,0.0,0.0,0.0,0.0,0.0,0.0,0.0,0.0,0.0,0.0,0.0,0.0,0.0,0.0,0.0,0.0,0.0,0.0,0.0,0.0,0.0,0.0,0.0,0.0,0.0,0.0,0.0,0.0,0.0,0.0,0.0,0.0,0.0,0.0,0.0,0.0,0.0,0.0,0.0,0.0,0.0,0.0,0.0,0.0,0.0,0.0,0.0,0.0,0.0,0.0,0.0,0.0,0.0,0.0,0.0,0.0,0.0,0.0,0.0,0.0,0.0,0.0,0.0,0.0,0.0,0.0,0.0,0.0,0.0,0.0,0.0,0.0,0.0,4.0,4.0,0.0,0.0,0.0,0.0,0.0,0.0,0.0,0.0,0.0,0.0,0.0,0.0,0.0,0.0,0.0,0.0,1.0,0.0,0.0,0.0,0.0,0.0,0.0,0.0,0.0,0.0,0.0,0.0,0.0,0.0,0.0,0.0,0.0,0.0,0.0,0.0,0.0,0.0,0.0,0.0,0.0,0.0,0.0,0.0,0.0,0.0,0.0,0.0,0.0,0.0,0.0,0.0,0.0,0.0,0.0,0.0,0.0,0.0,0.0,0.0,0.0,0.0,0.0,0.0,0.0,0.0,0.0,0.0,0.0,0.0,0.0,0.0,0.0,0.0,0.0,0.0,0.0,0.0,0.0,0.0,0.0,0.0,0.0,0.0,0.0,0.0,0.0,0.0,0.0,0.0,0.0,0.0,0.0,0.0,0.0,0.0,0.0,0.0,0.0,0.0,0.0,0.0,0.0,0.0,0.0,0.0,0.0,0.0,0.0,0.0,0.0,0.0,0.0,0.0,0.0,0.0,0.0,0.0,0.0,0.0,0.0,0.0,0.0,0.0,0.0,0.0,0.0,0.0,0.0,0.0,0.0,0.0,0.0,1.0,0.0,2.0
468,0,1,695,695,512,512,0,0,16,0,32,64,__amd_rocclr_copyBuffer,158975327748451,158975327750736,469,23,231892.0,1184.0,608.0,0.0,33.0,95.0,0.0,0.0,1523.0,1523.0,0.0,0.0,1.0,203444.0,0.0,0.0,4.0,3.0,4.0,4.0,0.0,0.0,0.0,0.0,0.0,0.0,0.0,0.0,1.0,0.0,0.0,0.0,0.0,0.0,0.0,0.0,0.0,0.0,0.0,0.0,0.0,0.0,0.0,0.0,0.0,0.0,0.0,0.0,0.0,0.0,0.0,0.0,0.0,0.0,0.0,0.0,0.0,0.0,0.0,0.0,0.0,0.0,0.0,0.0,0.0,0.0,0.0,0.0,0.0,0.0,0.0,0.0,0.0,0.0,0.0,0.0,0.0,0.0,0.0,0.0,0.0,0.0,0.0,0.0,0.0,0.0,0.0,0.0,0.0,0.0,0.0,0.0,0.0,0.0,0.0,0.0,0.0,0.0,0.0,0.0,0.0,0.0,0.0,0.0,0.0,0.0,0.0,0.0,0.0,0.0,0.0,0.0,0.0,0.0,0.0,0.0,0.0,0.0,0.0,0.0,0.0,0.0,0.0,0.0,0.0,0.0,0.0,0.0,0.0,0.0,0.0,0.0,0.0,0.0,0.0,0.0,0.0,0.0,4.0,4.0,0.0,0.0,0.0,0.0,0.0,0.0,0.0,0.0,0.0,0.0,0.0,0.0,0.0,0.0,0.0,0.0,1.0,0.0,0.0,0.0,0.0,0.0,0.0,0.0,0.0,0.0,0.0,0.0,0.0,0.0,0.0,0.0,0.0,0.0,0.0,0.0,0.0,0.0,0.0,0.0,0.0,0.0,0.0,0.0,0.0,0.0,0.0,0.0,0.0,0.0,0.0,0.0,0.0,0.0,0.0,0.0,0.0,0.0,0.0,0.0,0.0,0.0,0.0,0.0,0.0,0.0,0.0,0.0,0.0,0.0,0.0,0.0,0.0,0.0,0.0,0.0,0.0,0.0,0.0,0.0,0.0,0.0,0.0,0.0,0.0,0.0,0.0,0.0,0.0,0.0,0.0,0.0,0.0,0.0,0.0,0.0,0.0,0.0,0.0,0.0,0.0,0.0,0.0,0.0,0.0,0.0,0.0,0.0,0.0,0.0,0.0,0.0,0.0,0.0,0.0,0.0,0.0,0.0,0.0,0.0,0.0,0.0,0.0,0.0,0.0,0.0,0.0,0.0,0.0,0.0,0.0,0.0,0.0,1.0,0.0,2.0
