Dispatch_ID,GPU_ID,Queue_ID,PID,TID,Grid_Size,Workgroup_Size,LDS_Per_Workgroup,Scratch_Per_Workitem,Arch_VGPR,Accum_VGPR,SGPR,Wave_Size,Kernel_Name,Start_Timestamp,End_Timestamp,Correlation_ID,Kernel_ID,CPC_CPC_STAT_IDLE,CPC_CPC_UTCL2IU_BUSY,SQC_DCACHE_HITS,SQC_ICACHE_MISSES_DUPLICATE,SQ_INSTS_VALU_FMA_F16,SQ_INSTS_VALU_MFMA_MOPS_BF16,SQ_INSTS_VALU_MUL_F16,SQ_INST_LEVEL_SMEM,SQ_ACCUM_PREV_HIRES,SQ_VALU_MFMA_BUSY_CYCLES,TA_BUFFER_WRITE_WAVEFRONTS_sum,TA_FLAT_ATOMIC_WAVEFRONTS_sum,TCC_BUBBLE_sum,TCC_EA0_RDREQ_LEVEL_sum,TCC_MISS_sum,TCC_PROBE_sum,TCP_GATE_EN1_sum,TCP_TCC_READ_REQ_sum,TCP_UTCL1_PERMISSION_MISS_sum,TCP_WRITE_TAGCONFLICT_STALL_CYCLES_sum
0,0,1,675,675,622592,256,0,0,56,0,48,64,"void at::native::(anonymous namespace)::distribution_elementwise_grid_stride_kernel<float, 4, at::native::templates::cuda::normal_and_transform<c10::Half, float, at::CUDAGeneratorImpl*, at::native::templates::cuda::normal_kernel<at::CUDAGeneratorImpl*>(at::TensorBase const&, double, double, at::CUDAGeneratorImpl*)::{lambda()#1}::operator()() const::{lambda()#3}::operator()() const::{lambda(float)#1}>(at::TensorIteratorBase&, at::CUDAGeneratorImpl*, at::native::templates::cuda::normal_kernel<at::CUDAGeneratorImpl*>(at::TensorBase const&, double, double, at::CUDAGeneratorImpl*)::{lambda()#1}::operator()() const::{lambda()#3}::operator()() const::{lambda(float)#1})::{lambda(hiprandStatePhilox4_32_10*)#2}, at::native::(anonymous namespace)::distribution_nullary_kernel<c10::Half, float, HIP_vector_type<float, 4u>, at::CUDAGeneratorImpl*, at::native::templates::cuda::normal_and_transform<c10::Half, float, at::CUDAGeneratorImpl*, at::native::templates::cuda::normal_kernel<at::CUDAGeneratorImpl*>(at::TensorBase const&, double, double, at::CUDAGeneratorImpl*)::{lambda()#1}::operator()() const::{lambda()#3}::operator()() const::{lambda(float)#1}>(at::TensorIteratorBase&, at::CUDAGeneratorImpl*, at::native::templates::cuda::normal_kernel<at::CUDAGeneratorImpl*>(at::TensorBase const&, double, double, at::CUDAGeneratorImpl*)::{lambda()#1}::operator()() const::{lambda()#3}::operator()() const::{lambda(float)#1})::{lambda(hiprandStatePhilox4_32_10*)#2}, at::native::templates::cuda::normal_kernel<at::CUDAGeneratorImpl*>(at::TensorBase const&, double, double, at::CUDAGeneratorImpl*)::{lambda()#1}::operator()() const::{lambda()#3}::operator()() const::{lambda(float)#1}>(at::TensorIteratorBase&, at::CUDAGeneratorImpl*, at::native::templates::cuda::normal_and_transform<c10::Half, float, at::CUDAGeneratorImpl*, at::native::templates::cuda::normal_kernel<at::CUDAGeneratorImpl*>(at::TensorBase const&, double, double, at::CUDAGeneratorImpl*)::{lambda()#1}::operator()() const::{lambda()#3}::operator()() const::{lambda(float)#1}>(at::TensorIteratorBase&, at::CUDAGeneratorImpl*, at::native::templates::cuda::normal_kernel<at::CUDAGeneratorImpl*>(at::TensorBase const&, double, double, at::CUDAGeneratorImpl*)::{lambda()#1}::operator()() const::{lambda()#3}::operator()() const::{lambda(float)#1})::{lambda(hiprandStatePhilox4_32_10*)#2} const&, at::native::templates::cuda::normal_kernel<at::CUDAGeneratorImpl*>(at::TensorBase const&, double, double, at::CUDAGeneratorImpl*)::{lambda()#1}::operator()() const::{lambda()#3}::operator()() const::{lambda(float)#1})::{lambda(int, float)#1}>(long, at::PhiloxCudaState, at::native::templates::cuda::normal_and_transform<c10::Half, float, at::CUDAGeneratorImpl*, at::native::templates::cuda::normal_kernel<at::CUDAGeneratorImpl*>(at::TensorBase const&, double, double, at::CUDAGeneratorImpl*)::{lambda()#1}::operator()() const::{lambda()#3}::operator()() const::{lambda(float)#1}>(at::TensorIteratorBase&, at::CUDAGeneratorImpl*, at::native::templates::cuda::normal_kernel<at::CUDAGeneratorImpl*>(at::TensorBase const&, double, double, at::CUDAGeneratorImpl*)::{lambda()#1}::operator()() const::{lambda()#3}::operator()() const::{lambda(float)#1})::{lambda(hiprandStatePhilox4_32_10*)#2}, at::native::(anonymous namespace)::distribution_nullary_kernel<c10::Half, float, HIP_vector_type<float, 4u>, at::CUDAGeneratorImpl*, at::native::templates::cuda::normal_and_transform<c10::Half, float, at::CUDAGeneratorImpl*, at::native::templates::cuda::normal_kernel<at::CUDAGeneratorImpl*>(at::TensorBase const&, double, double, at::CUDAGeneratorImpl*)::{lambda()#1}::operator()() const::{lambda()#3}::operator()() const::{lambda(float)#1}>(at::TensorIteratorBase&, at::CUDAGeneratorImpl*, at::native::templates::cuda::normal_kernel<at::CUDAGeneratorImpl*>(at::TensorBase const&, double, double, at::CUDAGeneratorImpl*)::{lambda()#1}::operator()() const::{lambda()#3}::operator()() const::{lambda(float)#1})::{lambda(hiprandStatePhilox4_32_10*)#2}, at::native::templates::cuda::normal_kernel<at::CUDAGeneratorImpl*>(at::TensorBase const&, double, double, at::CUDAGeneratorImpl*)::{lambda()#1}::operator()() const::{lambda()#3}::operator()() const::{lambda(float)#1}>(at::TensorIteratorBase&, at::CUDAGeneratorImpl*, at::native::templates::cuda::normal_and_transform<c10::Half, float, at::CUDAGeneratorImpl*, at::native::templates::cuda::normal_kernel<at::CUDAGeneratorImpl*>(at::TensorBase const&, double, double, at::CUDAGeneratorImpl*)::{lambda()#1}::operator()() const::{lambda()#3}::operator()() const::{lambda(float)#1}>(at::TensorIteratorBase&, at::CUDAGeneratorImpl*, at::native::templates::cuda::normal_kernel<at::CUDAGeneratorImpl*>(at::TensorBase const&, double, double, at::CUDAGeneratorImpl*)::{lambda()#1}::operator()() const::{lambda()#3}::operator()() const::{lambda(float)#1})::{lambda(hiprandStatePhilox4_32_10*)#2} const&, at::native::templates::cuda::normal_kernel<at::CUDAGeneratorImpl*>(at::TensorBase const&, double, double, at::CUDAGeneratorImpl*)::{lambda()#1}::operator()() const::{lambda()#3}::operator()() const::{lambda(float)#1})::{lambda(int, float)#1})",158970298840182,158970298848120,1,13,0.0,9872.0,67904.0,18894.0,16384.0,0.0,0.0,46077360.0,46077360.0,0.0,0.0,0.0,0.0,184422.0,16704.0,0.0,4801052.0,0.0,0.0,0.0
1,0,1,675,675,622592,256,0,0,56,0,48,64,"void at::native::(anonymous namespace)::distribution_elementwise_grid_stride_kernel<float, 4, at::native::templates::cuda::normal_and_transform<c10::Half, float, at::CUDAGeneratorImpl*, at::native::templates::cuda::normal_kernel<at::CUDAGeneratorImpl*>(at::TensorBase const&, double, double, at::CUDAGeneratorImpl*)::{lambda()#1}::operator()() const::{lambda()#3}::operator()() const::{lambda(float)#1}>(at::TensorIteratorBase&, at::CUDAGeneratorImpl*, at::native::templates::cuda::normal_kernel<at::CUDAGeneratorImpl*>(at::TensorBase const&, double, double, at::CUDAGeneratorImpl*)::{lambda()#1}::operator()() const::{lambda()#3}::operator()() const::{lambda(float)#1})::{lambda(hiprandStatePhilox4_32_10*)#2}, at::native::(anonymous namespace)::distribution_nullary_kernel<c10::Half, float, HIP_vector_type<float, 4u>, at::CUDAGeneratorImpl*, at::native::templates::cuda::normal_and_transform<c10::Half, float, at::CUDAGeneratorImpl*, at::native::templates::cuda::normal_kernel<at::CUDAGeneratorImpl*>(at::TensorBase const&, double, double, at::CUDAGeneratorImpl*)::{lambda()#1}::operator()() const::{lambda()#3}::operator()() const::{lambda(float)#1}>(at::TensorIteratorBase&, at::CUDAGeneratorImpl*, at::native::templates::cuda::normal_kernel<at::CUDAGeneratorImpl*>(at::TensorBase const&, double, double, at::CUDAGeneratorImpl*)::{lambda()#1}::operator()() const::{lambda()#3}::operator()() const::{lambda(float)#1})::{lambda(hiprandStatePhilox4_32_10*)#2}, at::native::templates::cuda::normal_kernel<at::CUDAGeneratorImpl*>(at::TensorBase const&, double, double, at::CUDAGeneratorImpl*)::{lambda()#1}::operator()() const::{lambda()#3}::operator()() const::{lambda(float)#1}>(at::TensorIteratorBase&, at::CUDAGeneratorImpl*, at::native::templates::cuda::normal_and_transform<c10::Half, float, at::CUDAGeneratorImpl*, at::native::templates::cuda::normal_kernel<at::CUDAGeneratorImpl*>(at::TensorBase const&, double, double, at::CUDAGeneratorImpl*)::{lambda()#1}::operator()() const::{lambda()#3}::operator()() const::{lambda(float)#1}>(at::TensorIteratorBase&, at::CUDAGeneratorImpl*, at::native::templates::cuda::normal_kernel<at::CUDAGeneratorImpl*>(at::TensorBase const&, double, double, at::CUDAGeneratorImpl*)::{lambda()#1}::operator()() const::{lambda()#3}::operator()() const::{lambda(float)#1})::{lambda(hiprandStatePhilox4_32_10*)#2} const&, at::native::templates::cuda::normal_kernel<at::CUDAGeneratorImpl*>(at::TensorBase const&, double, double, at::CUDAGeneratorImpl*)::{lambda()#1}::operator()() const::{lambda()#3}::operator()() const::{lambda(float)#1})::{lambda(int, float)#1}>(long, at::PhiloxCudaState, at::native::templates::cuda::normal_and_transform<c10::Half, float, at::CUDAGeneratorImpl*, at::native::templates::cuda::normal_kernel<at::CUDAGeneratorImpl*>(at::TensorBase const&, double, double, at::CUDAGeneratorImpl*)::{lambda()#1}::operator()() const::{lambda()#3}::operator()() const::{lambda(float)#1}>(at::TensorIteratorBase&, at::CUDAGeneratorImpl*, at::native::templates::cuda::normal_kernel<at::CUDAGeneratorImpl*>(at::TensorBase const&, double, double, at::CUDAGeneratorImpl*)::{lambda()#1}::operator()() const::{lambda()#3}::operator()() const::{lambda(float)#1})::{lambda(hiprandStatePhilox4_32_10*)#2}, at::native::(anonymous namespace)::distribution_nullary_kernel<c10::Half, float, HIP_vector_type<float, 4u>, at::CUDAGeneratorImpl*, at::native::templates::cuda::normal_and_transform<c10::Half, float, at::CUDAGeneratorImpl*, at::native::templates::cuda::normal_kernel<at::CUDAGeneratorImpl*>(at::TensorBase const&, double, double, at::CUDAGeneratorImpl*)::{lambda()#1}::operator()() const::{lambda()#3}::operator()() const::{lambda(float)#1}>(at::TensorIteratorBase&, at::CUDAGeneratorImpl*, at::native::templates::cuda::normal_kernel<at::CUDAGeneratorImpl*>(at::TensorBase const&, double, double, at::CUDAGeneratorImpl*)::{lambda()#1}::operator()() const::{lambda()#3}::operator()() const::{lambda(float)#1})::{lambda(hiprandStatePhilox4_32_10*)#2}, at::native::templates::cuda::normal_kernel<at::CUDAGeneratorImpl*>(at::TensorBase const&, double, double, at::CUDAGeneratorImpl*)::{lambda()#1}::operator()() const::{lambda()#3}::operator()() const::{lambda(float)#1}>(at::TensorIteratorBase&, at::CUDAGeneratorImpl*, at::native::templates::cuda::normal_and_transform<c10::Half, float, at::CUDAGeneratorImpl*, at::native::templates::cuda::normal_kernel<at::CUDAGeneratorImpl*>(at::TensorBase const&, double, double, at::CUDAGeneratorImpl*)::{lambda()#1}::operator()() const::{lambda()#3}::operator()() const::{lambda(float)#1}>(at::TensorIteratorBase&, at::CUDAGeneratorImpl*, at::native::templates::cuda::normal_kernel<at::CUDAGeneratorImpl*>(at::TensorBase const&, double, double, at::CUDAGeneratorImpl*)::{lambda()#1}::operator()() const::{lambda()#3}::operator()() const::{lambda(float)#1})::{lambda(hiprandStatePhilox4_32_10*)#2} const&, at::native::templates::cuda::normal_kernel<at::CUDAGeneratorImpl*>(at::TensorBase const&, double, double, at::CUDAGeneratorImpl*)::{lambda()#1}::operator()() const::{lambda()#3}::operator()() const::{lambda(float)#1})::{lambda(int, float)#1})",158970299252260,158970299259277,2,13,0.0,1088.0,67904.0,13893.0,16384.0,0.0,0.0,23590922.0,23590922.0,0.0,0.0,0.0,0.0,178845.0,16674.0,0.0,4179430.0,0.0,0.0,0.0
2,0,1,675,675,1024,256,0,0,56,0,48,64,"void at::native::(anonymous namespace)::distribution_elementwise_grid_stride_kernel<float, 4, at::native::templates::cuda::normal_and_transform<c10::Half, float, at::CUDAGeneratorImpl*, at::native::templates::cuda::normal_kernel<at::CUDAGeneratorImpl*>(at::TensorBase const&, double, double, at::CUDAGeneratorImpl*)::{lambda()#1}::operator()() const::{lambda()#3}::operator()() const::{lambda(float)#1}>(at::TensorIteratorBase&, at::CUDAGeneratorImpl*, at::native::templates::cuda::normal_kernel<at::CUDAGeneratorImpl*>(at::TensorBase const&, double, double, at::CUDAGeneratorImpl*)::{lambda()#1}::operator()() const::{lambda()#3}::operator()() const::{lambda(float)#1})::{lambda(hiprandStatePhilox4_32_10*)#2}, at::native::(anonymous namespace)::distribution_nullary_kernel<c10::Half, float, HIP_vector_type<float, 4u>, at::CUDAGeneratorImpl*, at::native::templates::cuda::normal_and_transform<c10::Half, float, at::CUDAGeneratorImpl*, at::native::templates::cuda::normal_kernel<at::CUDAGeneratorImpl*>(at::TensorBase const&, double, double, at::CUDAGeneratorImpl*)::{lambda()#1}::operator()() const::{lambda()#3}::operator()() const::{lambda(float)#1}>(at::TensorIteratorBase&, at::CUDAGeneratorImpl*, at::native::templates::cuda::normal_kernel<at::CUDAGeneratorImpl*>(at::TensorBase const&, double, double, at::CUDAGeneratorImpl*)::{lambda()#1}::operator()() const::{lambda()#3}::operator()() const::{lambda(float)#1})::{lambda(hiprandStatePhilox4_32_10*)#2}, at::native::templates::cuda::normal_kernel<at::CUDAGeneratorImpl*>(at::TensorBase const&, double, double, at::CUDAGeneratorImpl*)::{lambda()#1}::operator()() const::{lambda()#3}::operator()() const::{lambda(float)#1}>(at::TensorIteratorBase&, at::CUDAGeneratorImpl*, at::native::templates::cuda::normal_and_transform<c10::Half, float, at::CUDAGeneratorImpl*, at::native::templates::cuda::normal_kernel<at::CUDAGeneratorImpl*>(at::TensorBase const&, double, double, at::CUDAGeneratorImpl*)::{lambda()#1}::operator()() const::{lambda()#3}::operator()() const::{lambda(float)#1}>(at::TensorIteratorBase&, at::CUDAGeneratorImpl*, at::native::templates::cuda::normal_kernel<at::CUDAGeneratorImpl*>(at::TensorBase const&, double, double, at::CUDAGeneratorImpl*)::{lambda()#1}::operator()() const::{lambda()#3}::operator()() const::{lambda(float)#1})::{lambda(hiprandStatePhilox4_32_10*)#2} const&, at::native::templates::cuda::normal_kernel<at::CUDAGeneratorImpl*>(at::TensorBase const&, double, double, at::CUDAGeneratorImpl*)::{lambda()#1}::operator()() const::{lambda()#3}::operator()() const::{lambda(float)#1})::{lambda(int, float)#1}>(long, at::PhiloxCudaState, at::native::templates::cuda::normal_and_transform<c10::Half, float, at::CUDAGeneratorImpl*, at::native::templates::cuda::normal_kernel<at::CUDAGeneratorImpl*>(at::TensorBase const&, double, double, at::CUDAGeneratorImpl*)::{lambda()#1}::operator()() const::{lambda()#3}::operator()() const::{lambda(float)#1}>(at::TensorIteratorBase&, at::CUDAGeneratorImpl*, at::native::templates::cuda::normal_kernel<at::CUDAGeneratorImpl*>(at::TensorBase const&, double, double, at::CUDAGeneratorImpl*)::{lambda()#1}::operator()() const::{lambda()#3}::operator()() const::{lambda(float)#1})::{lambda(hiprandStatePhilox4_32_10*)#2}, at::native::(anonymous namespace)::distribution_nullary_kernel<c10::Half, float, HIP_vector_type<float, 4u>, at::CUDAGeneratorImpl*, at::native::templates::cuda::normal_and_transform<c10::Half, float, at::CUDAGeneratorImpl*, at::native::templates::cuda::normal_kernel<at::CUDAGeneratorImpl*>(at::TensorBase const&, double, double, at::CUDAGeneratorImpl*)::{lambda()#1}::operator()() const::{lambda()#3}::operator()() const::{lambda(float)#1}>(at::TensorIteratorBase&, at::CUDAGeneratorImpl*, at::native::templates::cuda::normal_kernel<at::CUDAGeneratorImpl*>(at::TensorBase const&, double, double, at::CUDAGeneratorImpl*)::{lambda()#1}::operator()() const::{lambda()#3}::operator()() const::{lambda(float)#1})::{lambda(hiprandStatePhilox4_32_10*)#2}, at::native::templates::cuda::normal_kernel<at::CUDAGeneratorImpl*>(at::TensorBase const&, double, double, at::CUDAGeneratorImpl*)::{lambda()#1}::operator()() const::{lambda()#3}::operator()() const::{lambda(float)#1}>(at::TensorIteratorBase&, at::CUDAGeneratorImpl*, at::native::templates::cuda::normal_and_transform<c10::Half, float, at::CUDAGeneratorImpl*, at::native::templates::cuda::normal_kernel<at::CUDAGeneratorImpl*>(at::TensorBase const&, double, double, at::CUDAGeneratorImpl*)::{lambda()#1}::operator()() const::{lambda()#3}::operator()() const::{lambda(float)#1}>(at::TensorIteratorBase&, at::CUDAGeneratorImpl*, at::native::templates::cuda::normal_kernel<at::CUDAGeneratorImpl*>(at::TensorBase const&, double, double, at::CUDAGeneratorImpl*)::{lambda()#1}::operator()() const::{lambda()#3}::operator()() const::{lambda(float)#1})::{lambda(hiprandStatePhilox4_32_10*)#2} const&, at::native::templates::cuda::normal_kernel<at::CUDAGeneratorImpl*>(at::TensorBase const&, double, double, at::CUDAGeneratorImpl*)::{lambda()#1}::operator()() const::{lambda()#3}::operator()() const::{lambda(float)#1})::{lambda(int, float)#1})",158970299610053,158970299613501,3,13,0.0,1136.0,48.0,48.0,16.0,0.0,0.0,82992.0,82992.0,0.0,0.0,0.0,0.0,94181.0,168.0,0.0,1157308.0,0.0,0.0,0.0
3,0,1,675,675,16384,256,0,0,16,192,48,64,matmulbias_kernel,158970667284107,158970667318505,4,27,0.0,10417.0,0.0,740.0,0.0,0.0,0.0,0.0,0.0,4194304.0,4096.0,0.0,147584.0,104173691.0,164708.0,0.0,21518017.0,262272.0,128.0,196608.0
4,0,1,675,675,4194304,256,0,0,12,4,32,64,"void at::native::vectorized_elementwise_kernel<4, at::native::FillFunctor<int>, std::array<char*, 1ul> >(int, at::native::FillFunctor<int>, std::array<char*, 1ul>)",158970680773587,158970680831518,5,107,0.0,1816.0,60705.0,4128.0,0.0,0.0,0.0,12004866.0,12004866.0,0.0,0.0,0.0,0.0,169517.0,2097452.0,0.0,34270728.0,0.0,0.0,0.0
5,0,1,675,675,16384,256,0,0,16,192,48,64,matmulbias_kernel,158970681208535,158970681242652,6,27,0.0,1136.0,0.0,741.0,0.0,0.0,0.0,0.0,0.0,4194304.0,4096.0,0.0,147584.0,103062502.0,164688.0,0.0,21475248.0,262272.0,0.0,196608.0
6,0,1,675,675,4194304,256,0,0,12,4,32,64,"void at::native::vectorized_elementwise_kernel<4, at::native::FillFunctor<int>, std::array<char*, 1ul> >(int, at::native::FillFunctor<int>, std::array<char*, 1ul>)",158970681617263,158970681674593,7,107,0.0,1136.0,60728.0,3631.0,0.0,0.0,0.0,10483562.0,10483562.0,0.0,0.0,0.0,0.0,73209.0,2097256.0,0.0,33989205.0,0.0,0.0,0.0
7,0,1,675,675,16384,256,0,0,16,192,48,64,matmulbias_kernel,158970682051570,158970682084966,8,27,0.0,1136.0,0.0,705.0,0.0,0.0,0.0,0.0,0.0,4194304.0,4096.0,0.0,147584.0,103466630.0,164704.0,0.0,21143944.0,262272.0,0.0,196608.0
8,0,1,675,675,4194304,256,0,0,12,4,32,64,"void at::native::vectorized_elementwise_kernel<4, at::native::FillFunctor<int>, std::array<char*, 1ul> >(int, at::native::FillFunctor<int>, std::array<char*, 1ul>)",158970682444262,158970682501552,9,107,0.0,1136.0,60729.0,3548.0,0.0,0.0,0.0,9879170.0,9879170.0,0.0,0.0,0.0,0.0,82429.0,2097272.0,0.0,33843924.0,0.0,0.0,0.0
9,0,1,675,675,16384,256,0,0,16,192,48,64,matmulbias_kernel,158970682864777,158970682899496,10,27,0.0,1136.0,0.0,749.0,0.0,0.0,0.0,0.0,0.0,4194304.0,4096.0,0.0,147584.0,105223546.0,164688.0,0.0,21511010.0,262272.0,0.0,196608.0
10,0,1,675,675,4194304,256,0,0,12,4,32,64,"void at::native::vectorized_elementwise_kernel<4, at::native::FillFunctor<int>, std::array<char*, 1ul> >(int, at::native::FillFunctor<int>, std::array<char*, 1ul>)",158970683280201,158970683338012,11,107,0.0,1136.0,60740.0,3586.0,0.0,0.0,0.0,10433252.0,10433252.0,0.0,0.0,0.0,0.0,80439.0,2097272.0,0.0,34136479.0,0.0,0.0,0.0
11,0,1,675,675,16384,256,0,0,16,192,48,64,matmulbias_kernel,158970683692417,158970683726655,12,27,0.0,1136.0,0.0,736.0,0.0,0.0,0.0,0.0,0.0,4194304.0,4096.0,0.0,147584.0,103581392.0,164688.0,0.0,21557660.0,262272.0,0.0,196608.0
12,0,1,675,675,4194304,256,0,0,12,4,32,64,"void at::native::vectorized_elementwise_kernel<4, at::native::FillFunctor<int>, std::array<char*, 1ul> >(int, at::native::FillFunctor<int>, std::array<char*, 1ul>)",158970684099662,158970684157072,13,107,0.0,1136.0,60708.0,3571.0,0.0,0.0,0.0,11813776.0,11813776.0,0.0,0.0,0.0,0.0,82593.0,2097272.0,0.0,33986166.0,0.0,0.0,0.0
13,0,1,675,675,16384,256,0,0,16,192,48,64,matmulbias_kernel,158970684510074,158970684543911,14,27,0.0,1136.0,0.0,764.0,0.0,0.0,0.0,0.0,0.0,4194304.0,4096.0,0.0,147584.0,105744900.0,164704.0,0.0,21439728.0,262272.0,0.0,196608.0
14,0,1,675,675,16384,256,0,0,16,192,48,64,matmulbias_kernel,158970685117815,158970685150088,15,27,0.0,1136.0,0.0,693.0,0.0,0.0,0.0,0.0,0.0,4194304.0,4096.0,0.0,147584.0,88263377.0,164688.0,0.0,20237738.0,262272.0,0.0,196608.0
15,0,1,675,675,16384,256,0,0,16,192,48,64,matmulbias_kernel,158970685498519,158970685531635,16,27,0.0,1136.0,0.0,714.0,0.0,0.0,0.0,0.0,0.0,4194304.0,4096.0,0.0,147584.0,88900545.0,164688.0,0.0,20312821.0,262272.0,0.0,196608.0
16,0,1,675,675,16384,256,0,0,16,192,48,64,matmulbias_kernel,158970685878543,158970685911097,17,27,0.0,1136.0,0.0,684.0,0.0,0.0,0.0,0.0,0.0,4194304.0,4096.0,0.0,147584.0,87581560.0,164688.0,0.0,20132192.0,262272.0,0.0,196608.0
17,0,1,675,675,16384,256,0,0,16,192,48,64,matmulbias_kernel,158970686324155,158970686354303,18,27,0.0,1136.0,0.0,670.0,0.0,0.0,0.0,0.0,0.0,4194304.0,4096.0,0.0,147584.0,76684541.0,164688.0,0.0,19201951.0,262272.0,0.0,196608.0
18,0,1,675,675,16384,256,0,0,16,192,48,64,matmulbias_kernel,158970686702173,158970686732322,19,27,0.0,1136.0,0.0,686.0,0.0,0.0,0.0,0.0,0.0,4194304.0,4096.0,0.0,147584.0,77610585.0,164688.0,0.0,19260538.0,262272.0,0.0,196608.0
19,0,1,675,675,16384,256,0,0,16,192,48,64,matmulbias_kernel,158970687100037,158970687130466,20,27,0.0,1136.0,0.0,698.0,0.0,0.0,0.0,0.0,0.0,4194304.0,4096.0,0.0,147584.0,77010477.0,164688.0,0.0,19221065.0,262272.0,0.0,196608.0
20,0,1,675,675,16384,256,0,0,16,192,48,64,matmulbias_kernel,158970687486114,158970687516383,21,27,0.0,1136.0,0.0,683.0,0.0,0.0,0.0,0.0,0.0,4194304.0,4096.0,0.0,147584.0,77655277.0,164688.0,0.0,19296022.0,262272.0,0.0,196608.0
21,0,1,675,675,4194304,256,0,0,12,4,32,64,"void at::native::vectorized_elementwise_kernel<4, at::native::FillFunctor<int>, std::array<char*, 1ul> >(int, at::native::FillFunctor<int>, std::array<char*, 1ul>)",158970687864654,158970687906950,22,107,0.0,1561.0,60853.0,2937.0,0.0,0.0,0.0,8045400.0,8045400.0,0.0,0.0,0.0,0.0,54525.0,2097256.0,0.0,25121479.0,0.0,0.0,0.0
22,0,1,675,675,16384,256,0,0,16,192,48,64,matmulbias_kernel,158970688274425,158970688304293,23,27,0.0,1136.0,0.0,683.0,0.0,0.0,0.0,0.0,0.0,4194304.0,4096.0,0.0,147584.0,76664133.0,164704.0,0.0,19268398.0,262272.0,0.0,196608.0
23,0,1,675,675,4194304,256,0,0,12,4,32,64,"void at::native::vectorized_elementwise_kernel<4, at::native::FillFunctor<int>, std::array<char*, 1ul> >(int, at::native::FillFunctor<int>, std::array<char*, 1ul>)",158970688663509,158970688705764,24,107,0.0,1136.0,60843.0,3048.0,0.0,0.0,0.0,7822756.0,7822756.0,0.0,0.0,0.0,0.0,61298.0,2097272.0,0.0,25035290.0,0.0,0.0,0.0
24,0,1,675,675,16384,256,0,0,16,192,48,64,matmulbias_kernel,158970689063657,158970689094006,25,27,0.0,1136.0,0.0,709.0,0.0,0.0,0.0,0.0,0.0,4194304.0,4096.0,0.0,147584.0,76519984.0,164688.0,0.0,19185922.0,262272.0,0.0,196608.0
25,0,1,675,675,4194304,256,0,0,12,4,32,64,"void at::native::vectorized_elementwise_kernel<4, at::native::FillFunctor<int>, std::array<char*, 1ul> >(int, at::native::FillFunctor<int>, std::array<char*, 1ul>)",158970689434339,158970689476515,26,107,0.0,1136.0,60760.0,3066.0,0.0,0.0,0.0,9113952.0,9113952.0,0.0,0.0,0.0,0.0,63075.0,2097256.0,0.0,25066286.0,0.0,0.0,0.0
26,0,1,675,675,16384,256,0,0,16,192,48,64,matmulbias_kernel,158970689819615,158970689850044,27,27,0.0,1136.0,0.0,681.0,0.0,0.0,0.0,0.0,0.0,4194304.0,4096.0,0.0,147584.0,76019805.0,164704.0,0.0,19233329.0,262272.0,0.0,196608.0
27,0,1,675,675,4194304,256,0,0,12,4,32,64,"void at::native::vectorized_elementwise_kernel<4, at::native::FillFunctor<int>, std::array<char*, 1ul> >(int, at::native::FillFunctor<int>, std::array<char*, 1ul>)",158970690209781,158970690252157,28,107,0.0,1136.0,60731.0,3403.0,0.0,0.0,0.0,11565128.0,11565128.0,0.0,0.0,0.0,0.0,62986.0,2097272.0,0.0,25213586.0,0.0,0.0,0.0
28,0,1,675,675,16384,256,0,0,16,192,48,64,matmulbias_kernel,158970690612095,158970690642243,29,27,0.0,1136.0,0.0,663.0,0.0,0.0,0.0,0.0,0.0,4194304.0,4096.0,0.0,147584.0,78144082.0,164688.0,0.0,19221190.0,262272.0,0.0,196608.0
29,0,1,675,675,4194304,256,0,0,12,4,32,64,"void at::native::vectorized_elementwise_kernel<4, at::native::FillFunctor<int>, std::array<char*, 1ul> >(int, at::native::FillFunctor<int>, std::array<char*, 1ul>)",158970691007272,158970691049568,30,107,0.0,1136.0,60857.0,3028.0,0.0,0.0,0.0,7566644.0,7566644.0,0.0,0.0,0.0,0.0,63915.0,2097272.0,0.0,25189127.0,0.0,0.0,0.0
30,0,1,675,675,16384,256,0,0,16,192,48,64,matmulbias_kernel,158970691408784,158970691438973,31,27,0.0,1136.0,0.0,679.0,0.0,0.0,0.0,0.0,0.0,4194304.0,4096.0,0.0,147584.0,76823278.0,164688.0,0.0,19200825.0,262272.0,0.0,196608.0
31,0,1,675,675,4194304,256,0,0,12,4,32,64,"void at::native::vectorized_elementwise_kernel<4, at::native::FillFunctor<int>, std::array<char*, 1ul> >(int, at::native::FillFunctor<int>, std::array<char*, 1ul>)",158970691787765,158970691829861,32,107,0.0,1136.0,60816.0,3018.0,0.0,0.0,0.0,8086450.0,8086450.0,0.0,0.0,0.0,0.0,62584.0,2097272.0,0.0,25059736.0,0.0,0.0,0.0
32,0,1,675,675,16384,256,0,0,16,192,48,64,matmulbias_kernel,158970692191562,158970692222032,33,27,0.0,1136.0,0.0,716.0,0.0,0.0,0.0,0.0,0.0,4194304.0,4096.0,0.0,147584.0,78677976.0,164688.0,0.0,19380938.0,262272.0,0.0,196608.0
33,0,1,675,675,4194304,256,0,0,12,4,32,64,"void at::native::vectorized_elementwise_kernel<4, at::native::FillFunctor<int>, std::array<char*, 1ul> >(int, at::native::FillFunctor<int>, std::array<char*, 1ul>)",158970692586419,158970692628635,34,107,0.0,1136.0,60807.0,3046.0,0.0,0.0,0.0,7966948.0,7966948.0,0.0,0.0,0.0,0.0,62040.0,2097272.0,0.0,25009834.0,0.0,0.0,0.0
34,0,1,675,675,16384,256,0,0,16,192,48,64,matmulbias_kernel,158970692988092,158970693018681,35,27,0.0,1136.0,0.0,698.0,0.0,0.0,0.0,0.0,0.0,4194304.0,4096.0,0.0,147584.0,80443888.0,164704.0,0.0,19484260.0,262272.0,0.0,196608.0
35,0,1,675,675,4194304,256,0,0,12,4,32,64,"void at::native::vectorized_elementwise_kernel<4, at::native::FillFunctor<int>, std::array<char*, 1ul> >(int, at::native::FillFunctor<int>, std::array<char*, 1ul>)",158970693382908,158970693425485,36,107,0.0,1136.0,60826.0,2973.0,0.0,0.0,0.0,7684304.0,7684304.0,0.0,0.0,0.0,0.0,60383.0,2097256.0,0.0,25195684.0,0.0,0.0,0.0
36,0,1,675,675,16384,256,0,0,16,192,48,64,matmulbias_kernel,158970693781253,158970693812043,37,27,0.0,1136.0,0.0,700.0,0.0,0.0,0.0,0.0,0.0,4194304.0,4096.0,0.0,147584.0,82395706.0,164704.0,0.0,19711742.0,262272.0,0.0,196608.0
37,0,1,675,675,4194304,256,0,0,12,4,32,64,"void at::native::vectorized_elementwise_kernel<4, at::native::FillFunctor<int>, std::array<char*, 1ul> >(int, at::native::FillFunctor<int>, std::array<char*, 1ul>)",158970694170778,158970694213194,38,107,0.0,1136.0,60752.0,2969.0,0.0,0.0,0.0,8336768.0,8336768.0,0.0,0.0,0.0,0.0,67649.0,2097256.0,0.0,25084538.0,0.0,0.0,0.0
38,0,1,675,675,16384,256,0,0,16,192,48,64,matmulbias_kernel,158970694572891,158970694604162,39,27,0.0,1136.0,0.0,747.0,0.0,0.0,0.0,0.0,0.0,4194304.0,4096.0,0.0,147584.0,82433993.0,164704.0,0.0,19897703.0,262272.0,0.0,196608.0
39,0,1,675,675,4194304,256,0,0,12,4,32,64,"void at::native::vectorized_elementwise_kernel<4, at::native::FillFunctor<int>, std::array<char*, 1ul> >(int, at::native::FillFunctor<int>, std::array<char*, 1ul>)",158970694965543,158970695007679,40,107,0.0,1136.0,60752.0,3035.0,0.0,0.0,0.0,9976718.0,9976718.0,0.0,0.0,0.0,0.0,63780.0,2097256.0,0.0,25071506.0,0.0,0.0,0.0
40,0,1,675,675,16384,256,0,0,16,192,48,64,matmulbias_kernel,158970695374833,158970695408229,41,27,0.0,1136.0,0.0,711.0,0.0,0.0,0.0,0.0,0.0,4194304.0,4096.0,0.0,147584.0,84180056.0,164688.0,0.0,21377942.0,262272.0,0.0,196608.0
41,0,1,675,675,4194304,256,0,0,12,4,32,64,"void at::native::vectorized_elementwise_kernel<4, at::native::FillFunctor<int>, std::array<char*, 1ul> >(int, at::native::FillFunctor<int>, std::array<char*, 1ul>)",158970695768688,158970695810904,42,107,0.0,1136.0,60752.0,3000.0,0.0,0.0,0.0,9789232.0,9789232.0,0.0,0.0,0.0,0.0,73276.0,2097272.0,0.0,25087674.0,0.0,0.0,0.0
42,0,1,675,675,16384,256,0,0,16,192,48,64,matmulbias_kernel,158970696177095,158970696212095,43,27,0.0,1136.0,0.0,748.0,0.0,0.0,0.0,0.0,0.0,4194304.0,4096.0,0.0,147584.0,85025013.0,164688.0,0.0,22070263.0,262272.0,0.0,196608.0
43,0,1,675,675,4194304,256,0,0,12,4,32,64,"void at::native::vectorized_elementwise_kernel<4, at::native::FillFunctor<int>, std::array<char*, 1ul> >(int, at::native::FillFunctor<int>, std::array<char*, 1ul>)",158970696583779,158970696626155,44,107,0.0,1136.0,60676.0,3748.0,0.0,0.0,0.0,14862026.0,14862026.0,0.0,0.0,0.0,0.0,68111.0,2097272.0,0.0,25180720.0,0.0,0.0,0.0
44,0,1,675,675,16384,256,0,0,16,192,48,64,matmulbias_kernel,158970696988619,158970697024099,45,27,0.0,1136.0,0.0,684.0,0.0,0.0,0.0,0.0,0.0,4194304.0,4096.0,0.0,147584.0,84171792.0,164688.0,0.0,22269325.0,262272.0,0.0,196608.0
45,0,1,675,675,4194304,256,0,0,12,4,32,64,"void at::native::vectorized_elementwise_kernel<4, at::native::FillFunctor<int>, std::array<char*, 1ul> >(int, at::native::FillFunctor<int>, std::array<char*, 1ul>)",158970697378424,158970697420961,46,107,0.0,1136.0,60724.0,3416.0,0.0,0.0,0.0,11929256.0,11929256.0,0.0,0.0,0.0,0.0,61762.0,2097272.0,0.0,25197578.0,0.0,0.0,0.0
46,0,1,675,675,16384,256,0,0,16,192,48,64,matmulbias_kernel,158970697785870,158970697821070,47,27,0.0,1136.0,0.0,703.0,0.0,0.0,0.0,0.0,0.0,4194304.0,4096.0,0.0,147584.0,84179155.0,164688.0,0.0,22161984.0,262272.0,0.0,196608.0
47,0,1,675,675,4194304,256,0,0,12,4,32,64,"void at::native::vectorized_elementwise_kernel<4, at::native::FillFunctor<int>, std::array<char*, 1ul> >(int, at::native::FillFunctor<int>, std::array<char*, 1ul>)",158970698168459,158970698211075,48,107,0.0,1136.0,60782.0,3008.0,0.0,0.0,0.0,8573206.0,8573206.0,0.0,0.0,0.0,0.0,58462.0,2097256.0,0.0,25195030.0,0.0,0.0,0.0
48,0,1,675,675,16384,256,0,0,16,192,48,64,matmulbias_kernel,158970698575704,158970698611144,49,27,0.0,1136.0,0.0,674.0,0.0,0.0,0.0,0.0,0.0,4194304.0,4096.0,0.0,147584.0,84501710.0,164704.0,0.0,22386800.0,262272.0,0.0,196608.0
49,0,1,675,675,4194304,256,0,0,12,4,32,64,"void at::native::vectorized_elementwise_kernel<4, at::native::FillFunctor<int>, std::array<char*, 1ul> >(int, at::native::FillFunctor<int>, std::array<char*, 1ul>)",158970698971763,158970699014661,50,107,0.0,1136.0,60737.0,3408.0,0.0,0.0,0.0,10834702.0,10834702.0,0.0,0.0,0.0,0.0,57838.0,2097256.0,0.0,25276419.0,0.0,0.0,0.0
50,0,1,675,675,16384,256,0,0,16,192,48,64,matmulbias_kernel,158970699377124,158970699413046,51,27,0.0,1136.0,0.0,695.0,0.0,0.0,0.0,0.0,0.0,4194304.0,4096.0,0.0,147584.0,84390164.0,164704.0,0.0,22418988.0,262272.0,0.0,196608.0
51,0,1,675,675,4194304,256,0,0,12,4,32,64,"void at::native::vectorized_elementwise_kernel<4, at::native::FillFunctor<int>, std::array<char*, 1ul> >(int, at::native::FillFunctor<int>, std::array<char*, 1ul>)",158970699776511,158970699819208,52,107,0.0,1136.0,60765.0,3003.0,0.0,0.0,0.0,10401312.0,10401312.0,0.0,0.0,0.0,0.0,58197.0,2097256.0,0.0,25209730.0,0.0,0.0,0.0
52,0,1,675,675,16384,256,0,0,16,192,48,64,matmulbias_kernel,158970700182794,158970700217914,53,27,0.0,1136.0,0.0,683.0,0.0,0.0,0.0,0.0,0.0,4194304.0,4096.0,0.0,147584.0,84550107.0,164704.0,0.0,22316338.0,262272.0,0.0,196608.0
53,0,1,675,675,4194304,256,0,0,12,4,32,64,"void at::native::vectorized_elementwise_kernel<4, at::native::FillFunctor<int>, std::array<char*, 1ul> >(int, at::native::FillFunctor<int>, std::array<char*, 1ul>)",158970700586952,158970700629128,54,107,0.0,1136.0,60755.0,3033.0,0.0,0.0,0.0,10476128.0,10476128.0,0.0,0.0,0.0,0.0,57893.0,2097256.0,0.0,25080203.0,0.0,0.0,0.0
54,0,1,675,675,16384,256,0,0,16,192,48,64,matmulbias_kernel,158970700986540,158970701021579,55,27,0.0,1136.0,0.0,674.0,0.0,0.0,0.0,0.0,0.0,4194304.0,4096.0,0.0,147584.0,83580994.0,164704.0,0.0,22011763.0,262272.0,0.0,196608.0
55,0,1,675,675,4194304,256,0,0,12,4,32,64,"void at::native::vectorized_elementwise_kernel<4, at::native::FillFunctor<int>, std::array<char*, 1ul> >(int, at::native::FillFunctor<int>, std::array<char*, 1ul>)",158970701377909,158970701420526,56,107,0.0,1136.0,60802.0,3045.0,0.0,0.0,0.0,8381020.0,8381020.0,0.0,0.0,0.0,0.0,57780.0,2097256.0,0.0,25281900.0,0.0,0.0,0.0
56,0,1,675,675,16384,256,0,0,16,192,48,64,matmulbias_kernel,158970701770921,158970701806242,57,27,0.0,1136.0,0.0,749.0,0.0,0.0,0.0,0.0,0.0,4194304.0,4096.0,0.0,147584.0,84344916.0,164688.0,0.0,22430472.0,262272.0,0.0,196608.0
57,0,1,675,675,4194304,256,0,0,12,4,32,64,"void at::native::vectorized_elementwise_kernel<4, at::native::FillFunctor<int>, std::array<char*, 1ul> >(int, at::native::FillFunctor<int>, std::array<char*, 1ul>)",158970702168505,158970702211121,58,107,0.0,1136.0,60756.0,3022.0,0.0,0.0,0.0,10422206.0,10422206.0,0.0,0.0,0.0,0.0,62866.0,2097272.0,0.0,25241624.0,0.0,0.0,0.0
58,0,1,675,675,16384,256,0,0,16,192,48,64,matmulbias_kernel,158970702578356,158970702613716,59,27,0.0,1136.0,0.0,677.0,0.0,0.0,0.0,0.0,0.0,4194304.0,4096.0,0.0,147584.0,83912725.0,164688.0,0.0,22172172.0,262272.0,0.0,196608.0
59,0,1,675,675,4194304,256,0,0,12,4,32,64,"void at::native::vectorized_elementwise_kernel<4, at::native::FillFunctor<int>, std::array<char*, 1ul> >(int, at::native::FillFunctor<int>, std::array<char*, 1ul>)",158970702978745,158970703021001,60,107,0.0,1136.0,60720.0,3525.0,0.0,0.0,0.0,12006042.0,12006042.0,0.0,0.0,0.0,0.0,64574.0,2097272.0,0.0,25175137.0,0.0,0.0,0.0
60,0,1,675,675,16384,256,0,0,16,192,48,64,matmulbias_kernel,158970703378693,158970703413733,61,27,0.0,1136.0,0.0,698.0,0.0,0.0,0.0,0.0,0.0,4194304.0,4096.0,0.0,147584.0,85089578.0,164688.0,0.0,22414917.0,262272.0,0.0,196608.0
61,0,1,675,675,4194304,256,0,0,12,4,32,64,"void at::native::vectorized_elementwise_kernel<4, at::native::FillFunctor<int>, std::array<char*, 1ul> >(int, at::native::FillFunctor<int>, std::array<char*, 1ul>)",158970703778241,158970703820337,62,107,0.0,1136.0,60794.0,2954.0,0.0,0.0,0.0,8082408.0,8082408.0,0.0,0.0,0.0,0.0,62249.0,2097272.0,0.0,25067173.0,0.0,0.0,0.0
62,0,1,675,675,16384,256,0,0,16,192,48,64,matmulbias_kernel,158970704179192,158970704214873,63,27,0.0,1136.0,0.0,675.0,0.0,0.0,0.0,0.0,0.0,4194304.0,4096.0,0.0,147584.0,84765366.0,164688.0,0.0,22380961.0,262272.0,0.0,196608.0
63,0,1,675,675,4194304,256,0,0,12,4,32,64,"void at::native::vectorized_elementwise_kernel<4, at::native::FillFunctor<int>, std::array<char*, 1ul> >(int, at::native::FillFunctor<int>, std::array<char*, 1ul>)",158970704582388,158970704624724,64,107,0.0,1136.0,60808.0,3028.0,0.0,0.0,0.0,8462394.0,8462394.0,0.0,0.0,0.0,0.0,63487.0,2097272.0,0.0,25107317.0,0.0,0.0,0.0
64,0,1,675,675,16384,256,0,0,16,192,48,64,matmulbias_kernel,158970704984461,158970705019781,65,27,0.0,1134.0,0.0,704.0,0.0,0.0,0.0,0.0,0.0,4194304.0,4096.0,0.0,147584.0,86567772.0,164704.0,0.0,22418912.0,262272.0,0.0,196608.0
65,0,1,675,675,4194304,256,0,0,12,4,32,64,"void at::native::vectorized_elementwise_kernel<4, at::native::FillFunctor<int>, std::array<char*, 1ul> >(int, at::native::FillFunctor<int>, std::array<char*, 1ul>)",158970705371821,158970705414357,66,107,0.0,1136.0,60784.0,3056.0,0.0,0.0,0.0,7787442.0,7787442.0,0.0,0.0,0.0,0.0,76115.0,2097272.0,0.0,25160118.0,0.0,0.0,0.0
66,0,1,675,675,16384,256,0,0,16,192,48,64,matmulbias_kernel,158970705774776,158970705809776,67,27,0.0,1136.0,0.0,693.0,0.0,0.0,0.0,0.0,0.0,4194304.0,4096.0,0.0,147584.0,85685803.0,164688.0,0.0,22023901.0,262272.0,0.0,196608.0
67,0,1,675,675,4194304,256,0,0,12,4,32,64,"void at::native::vectorized_elementwise_kernel<4, at::native::FillFunctor<int>, std::array<char*, 1ul> >(int, at::native::FillFunctor<int>, std::array<char*, 1ul>)",158970706167308,158970706209684,68,107,0.0,1136.0,60781.0,3033.0,0.0,0.0,0.0,7663688.0,7663688.0,0.0,0.0,0.0,0.0,71316.0,2097272.0,0.0,25084387.0,0.0,0.0,0.0
68,0,1,675,675,16384,256,0,0,16,192,48,64,matmulbias_kernel,158970706570544,158970706606225,69,27,0.0,1136.0,0.0,667.0,0.0,0.0,0.0,0.0,0.0,4194304.0,4096.0,0.0,147584.0,85660993.0,164688.0,0.0,22476397.0,262272.0,0.0,196608.0
69,0,1,675,675,4194304,256,0,0,12,4,32,64,"void at::native::vectorized_elementwise_kernel<4, at::native::FillFunctor<int>, std::array<char*, 1ul> >(int, at::native::FillFunctor<int>, std::array<char*, 1ul>)",158970706956180,158970706998836,70,107,0.0,1136.0,60725.0,3379.0,0.0,0.0,0.0,11422026.0,11422026.0,0.0,0.0,0.0,0.0,68280.0,2097272.0,0.0,25218941.0,0.0,0.0,0.0
70,0,1,675,675,16384,256,0,0,16,192,48,64,matmulbias_kernel,158970707359616,158970707394615,71,27,0.0,1136.0,0.0,676.0,0.0,0.0,0.0,0.0,0.0,4194304.0,4096.0,0.0,147584.0,84891486.0,164688.0,0.0,22203666.0,262272.0,0.0,196608.0
71,0,1,675,675,4194304,256,0,0,12,4,32,64,"void at::native::vectorized_elementwise_kernel<4, at::native::FillFunctor<int>, std::array<char*, 1ul> >(int, at::native::FillFunctor<int>, std::array<char*, 1ul>)",158970707753430,158970707795927,72,107,0.0,1136.0,60742.0,3017.0,0.0,0.0,0.0,11036690.0,11036690.0,0.0,0.0,0.0,0.0,57367.0,2097256.0,0.0,25213493.0,0.0,0.0,0.0
72,0,1,675,675,16384,256,0,0,16,192,48,64,matmulbias_kernel,158970708158230,158970708193670,73,27,0.0,1136.0,0.0,739.0,0.0,0.0,0.0,0.0,0.0,4194304.0,4096.0,0.0,147584.0,84474438.0,164704.0,0.0,22431214.0,262272.0,0.0,196608.0
73,0,1,675,675,4194304,256,0,0,12,4,32,64,"void at::native::vectorized_elementwise_kernel<4, at::native::FillFunctor<int>, std::array<char*, 1ul> >(int, at::native::FillFunctor<int>, std::array<char*, 1ul>)",158970708547234,158970708589650,74,107,0.0,1136.0,60693.0,3834.0,0.0,0.0,0.0,12632574.0,12632574.0,0.0,0.0,0.0,0.0,60504.0,2097256.0,0.0,25270299.0,0.0,0.0,0.0
74,0,1,675,675,16384,256,0,0,16,192,48,64,matmulbias_kernel,158970708950389,158970708985669,75,27,0.0,1136.0,0.0,706.0,0.0,0.0,0.0,0.0,0.0,4194304.0,4096.0,0.0,147584.0,83996494.0,164704.0,0.0,22160738.0,262272.0,0.0,196608.0
75,0,1,675,675,4194304,256,0,0,12,4,32,64,"void at::native::vectorized_elementwise_kernel<4, at::native::FillFunctor<int>, std::array<char*, 1ul> >(int, at::native::FillFunctor<int>, std::array<char*, 1ul>)",158970709342761,158970709385417,76,107,0.0,1136.0,60751.0,3008.0,0.0,0.0,0.0,11015832.0,11015832.0,0.0,0.0,0.0,0.0,61209.0,2097272.0,0.0,25266136.0,0.0,0.0,0.0
76,0,1,675,675,16384,256,0,0,16,192,48,64,matmulbias_kernel,158970709741426,158970709776506,77,27,0.0,1136.0,0.0,694.0,0.0,0.0,0.0,0.0,0.0,4194304.0,4096.0,0.0,147584.0,83730526.0,164704.0,0.0,22225709.0,262272.0,0.0,196608.0
77,0,1,675,675,4194304,256,0,0,12,4,32,64,"void at::native::vectorized_elementwise_kernel<4, at::native::FillFunctor<int>, std::array<char*, 1ul> >(int, at::native::FillFunctor<int>, std::array<char*, 1ul>)",158970710124937,158970710167474,78,107,0.0,1136.0,60744.0,3058.0,0.0,0.0,0.0,11313818.0,11313818.0,0.0,0.0,0.0,0.0,56832.0,2097256.0,0.0,25286259.0,0.0,0.0,0.0
78,0,1,675,675,16384,256,0,0,16,192,48,64,matmulbias_kernel,158970710525607,158970710560968,79,27,0.0,1136.0,0.0,698.0,0.0,0.0,0.0,0.0,0.0,4194304.0,4096.0,0.0,147584.0,84096275.0,164704.0,0.0,22250591.0,262272.0,0.0,196608.0
79,0,1,675,675,32768,512,0,0,108,4,48,64,matmulbias_kernel,158970712878442,158970712901334,80,196,0.0,8490.0,0.0,699.0,0.0,0.0,0.0,0.0,0.0,4194304.0,4096.0,0.0,147584.0,76777135.0,164344.0,0.0,14527963.0,262272.0,0.0,196608.0
80,0,1,675,675,4194304,256,0,0,12,4,32,64,"void at::native::vectorized_elementwise_kernel<4, at::native::FillFunctor<int>, std::array<char*, 1ul> >(int, at::native::FillFunctor<int>, std::array<char*, 1ul>)",158970713338126,158970713380622,81,107,0.0,1136.0,60805.0,3036.0,0.0,0.0,0.0,8952726.0,8952726.0,0.0,0.0,0.0,0.0,55785.0,2097256.0,0.0,25003156.0,0.0,0.0,0.0
81,0,1,675,675,32768,512,0,0,108,4,48,64,matmulbias_kernel,158970713744729,158970713767822,82,196,0.0,1136.0,0.0,828.0,0.0,0.0,0.0,0.0,0.0,4194304.0,4096.0,0.0,147584.0,79011821.0,164328.0,0.0,14679502.0,262272.0,0.0,196608.0
82,0,1,675,675,4194304,256,0,0,12,4,32,64,"void at::native::vectorized_elementwise_kernel<4, at::native::FillFunctor<int>, std::array<char*, 1ul> >(int, at::native::FillFunctor<int>, std::array<char*, 1ul>)",158970714120262,158970714162559,83,107,0.0,1136.0,60802.0,3051.0,0.0,0.0,0.0,8572166.0,8572166.0,0.0,0.0,0.0,0.0,55108.0,2097256.0,0.0,25131185.0,0.0,0.0,0.0
83,0,1,675,675,32768,512,0,0,108,4,48,64,matmulbias_kernel,158970714523258,158970714546751,84,196,0.0,1136.0,0.0,855.0,0.0,0.0,0.0,0.0,0.0,4194304.0,4096.0,0.0,147584.0,80879602.0,164328.0,0.0,14947859.0,262272.0,0.0,196608.0
84,0,1,675,675,4194304,256,0,0,12,4,32,64,"void at::native::vectorized_elementwise_kernel<4, at::native::FillFunctor<int>, std::array<char*, 1ul> >(int, at::native::FillFunctor<int>, std::array<char*, 1ul>)",158970714885441,158970714927897,85,107,0.0,1136.0,60837.0,2987.0,0.0,0.0,0.0,8318796.0,8318796.0,0.0,0.0,0.0,0.0,55300.0,2097256.0,0.0,25078469.0,0.0,0.0,0.0
85,0,1,675,675,32768,512,0,0,108,4,48,64,matmulbias_kernel,158970715286351,158970715309764,86,196,0.0,1136.0,0.0,743.0,0.0,0.0,0.0,0.0,0.0,4194304.0,4096.0,0.0,147584.0,79459509.0,164328.0,0.0,14863340.0,262272.0,0.0,196608.0
86,0,1,675,675,4194304,256,0,0,12,4,32,64,"void at::native::vectorized_elementwise_kernel<4, at::native::FillFunctor<int>, std::array<char*, 1ul> >(int, at::native::FillFunctor<int>, std::array<char*, 1ul>)",158970715668299,158970715710635,87,107,0.0,1136.0,60752.0,3093.0,0.0,0.0,0.0,10476148.0,10476148.0,0.0,0.0,0.0,0.0,60138.0,2097256.0,0.0,25089058.0,0.0,0.0,0.0
87,0,1,675,675,32768,512,0,0,108,4,48,64,matmulbias_kernel,158970716074301,158970716097955,88,196,0.0,1136.0,0.0,747.0,0.0,0.0,0.0,0.0,0.0,4194304.0,4096.0,0.0,147584.0,84274682.0,164328.0,0.0,15104191.0,262272.0,0.0,196608.0
88,0,1,675,675,4194304,256,0,0,12,4,32,64,"void at::native::vectorized_elementwise_kernel<4, at::native::FillFunctor<int>, std::array<char*, 1ul> >(int, at::native::FillFunctor<int>, std::array<char*, 1ul>)",158970716460659,158970716503155,89,107,0.0,1136.0,60756.0,3062.0,0.0,0.0,0.0,9968208.0,9968208.0,0.0,0.0,0.0,0.0,57739.0,2097256.0,0.0,25106723.0,0.0,0.0,0.0
89,0,1,675,675,32768,512,0,0,108,4,48,64,matmulbias_kernel,158970716862451,158970716886265,90,196,0.0,1136.0,0.0,694.0,0.0,0.0,0.0,0.0,0.0,4194304.0,4096.0,0.0,147584.0,85278826.0,164328.0,0.0,15277995.0,262272.0,0.0,196608.0
90,0,1,675,675,32768,512,0,0,108,4,48,64,matmulbias_kernel,158970717513209,158970717536061,91,196,0.0,1136.0,0.0,708.0,0.0,0.0,0.0,0.0,0.0,4194304.0,4096.0,0.0,147584.0,77042210.0,164328.0,0.0,14478618.0,262272.0,0.0,196608.0
91,0,1,675,675,32768,512,0,0,108,4,48,64,matmulbias_kernel,158970717900088,158970717922820,92,196,0.0,1136.0,0.0,712.0,0.0,0.0,0.0,0.0,0.0,4194304.0,4096.0,0.0,147584.0,76154495.0,164328.0,0.0,14388635.0,262272.0,0.0,196608.0
92,0,1,675,675,32768,512,0,0,108,4,48,64,matmulbias_kernel,158970718285283,158970718308295,93,196,0.0,1136.0,0.0,806.0,0.0,0.0,0.0,0.0,0.0,4194304.0,4096.0,0.0,147584.0,78156953.0,164328.0,0.0,14651313.0,262272.0,0.0,196608.0
93,0,1,675,675,32768,512,0,0,108,4,48,64,matmulbias_kernel,158970718677133,158970718700146,94,196,0.0,1136.0,0.0,827.0,0.0,0.0,0.0,0.0,0.0,4194304.0,4096.0,0.0,147584.0,78375014.0,164328.0,0.0,14681660.0,262272.0,0.0,196608.0
94,0,1,675,675,32768,512,0,0,108,4,48,64,matmulbias_kernel,158970719062048,158970719084899,95,196,0.0,1136.0,0.0,797.0,0.0,0.0,0.0,0.0,0.0,4194304.0,4096.0,0.0,147584.0,78711619.0,164328.0,0.0,14580943.0,262272.0,0.0,196608.0
95,0,1,675,675,32768,512,0,0,108,4,48,64,matmulbias_kernel,158970719449528,158970719472580,96,196,0.0,1136.0,0.0,826.0,0.0,0.0,0.0,0.0,0.0,4194304.0,4096.0,0.0,147584.0,78242564.0,164328.0,0.0,14542652.0,262272.0,0.0,196608.0
96,0,1,675,675,32768,512,0,0,108,4,48,64,matmulbias_kernel,158970719831876,158970719854728,97,196,0.0,1136.0,0.0,818.0,0.0,0.0,0.0,0.0,0.0,4194304.0,4096.0,0.0,147584.0,80604556.0,164328.0,0.0,14537980.0,262272.0,0.0,196608.0
97,0,1,675,675,32768,512,0,0,108,4,48,64,matmulbias_kernel,158970720200514,158970720223406,98,196,0.0,1136.0,0.0,843.0,0.0,0.0,0.0,0.0,0.0,4194304.0,4096.0,0.0,147584.0,78761624.0,164328.0,0.0,14552527.0,262272.0,0.0,196608.0
98,0,1,675,675,32768,512,0,0,108,4,48,64,matmulbias_kernel,158970720586751,158970720609643,99,196,0.0,1136.0,0.0,849.0,0.0,0.0,0.0,0.0,0.0,4194304.0,4096.0,0.0,147584.0,79147991.0,164328.0,0.0,14605855.0,262272.0,0.0,196608.0
99,0,1,675,675,32768,512,0,0,108,4,48,64,matmulbias_kernel,158970720967055,158970720989947,100,196,0.0,1136.0,0.0,829.0,0.0,0.0,0.0,0.0,0.0,4194304.0,4096.0,0.0,147584.0,78377325.0,164328.0,0.0,14574562.0,262272.0,0.0,196608.0
100,0,1,675,675,32768,512,0,0,108,4,48,64,matmulbias_kernel,158970721352731,158970721375623,101,196,0.0,1184.0,0.0,841.0,0.0,0.0,0.0,0.0,0.0,4194304.0,4096.0,0.0,147584.0,77983593.0,164329.0,0.0,14575375.0,262272.0,0.0,196608.0
101,0,1,675,675,32768,512,0,0,108,4,48,64,matmulbias_kernel,158970721730429,158970721753441,102,196,0.0,1136.0,0.0,849.0,0.0,0.0,0.0,0.0,0.0,4194304.0,4096.0,0.0,147584.0,78676057.0,164328.0,0.0,14572055.0,262272.0,0.0,196608.0
102,0,1,675,675,32768,512,0,0,108,4,48,64,matmulbias_kernel,158970722115584,158970722138556,103,196,0.0,1136.0,0.0,836.0,0.0,0.0,0.0,0.0,0.0,4194304.0,4096.0,0.0,147584.0,78441890.0,164328.0,0.0,14604594.0,262272.0,0.0,196608.0
103,0,1,675,675,32768,512,0,0,108,4,48,64,matmulbias_kernel,158970722498974,158970722521906,104,196,0.0,1136.0,0.0,807.0,0.0,0.0,0.0,0.0,0.0,4194304.0,4096.0,0.0,147584.0,77849020.0,164328.0,0.0,14550369.0,262272.0,0.0,196608.0
104,0,1,675,675,32768,512,0,0,108,4,48,64,matmulbias_kernel,158970722883809,158970722906701,105,196,0.0,1136.0,0.0,811.0,0.0,0.0,0.0,0.0,0.0,4194304.0,4096.0,0.0,147584.0,78606708.0,164328.0,0.0,14537730.0,262272.0,0.0,196608.0
105,0,1,675,675,32768,512,0,0,108,4,48,64,matmulbias_kernel,158970723264112,158970723287044,106,196,0.0,1136.0,0.0,809.0,0.0,0.0,0.0,0.0,0.0,4194304.0,4096.0,0.0,147584.0,78884731.0,164328.0,0.0,14580149.0,262272.0,0.0,196608.0
106,0,1,675,675,32768,512,0,0,108,4,48,64,matmulbias_kernel,158970723653517,158970723676369,107,196,0.0,1136.0,0.0,791.0,0.0,0.0,0.0,0.0,0.0,4194304.0,4096.0,0.0,147584.0,79076236.0,164328.0,0.0,14601213.0,262272.0,0.0,196608.0
107,0,1,675,675,32768,512,0,0,108,4,48,64,matmulbias_kernel,158970724052623,158970724075676,108,196,0.0,1136.0,0.0,842.0,0.0,0.0,0.0,0.0,0.0,4194304.0,4096.0,0.0,147584.0,78520782.0,164328.0,0.0,14636733.0,262272.0,0.0,196608.0
108,0,1,675,675,32768,512,0,0,108,4,48,64,matmulbias_kernel,158970724437899,158970724460831,109,196,0.0,1136.0,0.0,820.0,0.0,0.0,0.0,0.0,0.0,4194304.0,4096.0,0.0,147584.0,78479869.0,164328.0,0.0,14573361.0,262272.0,0.0,196608.0
109,0,1,675,675,32768,512,0,0,108,4,48,64,matmulbias_kernel,158970724831112,158970724853964,110,196,0.0,1136.0,0.0,860.0,0.0,0.0,0.0,0.0,0.0,4194304.0,4096.0,0.0,147584.0,79819014.0,164328.0,0.0,14587077.0,262272.0,0.0,196608.0
110,0,1,675,675,32768,512,0,0,108,4,48,64,matmulbias_kernel,158970725221398,158970725244370,111,196,0.0,1136.0,0.0,827.0,0.0,0.0,0.0,0.0,0.0,4194304.0,4096.0,0.0,147584.0,79347273.0,164344.0,0.0,14617102.0,262272.0,0.0,196608.0
111,0,1,675,675,32768,512,0,0,108,4,48,64,matmulbias_kernel,158970725611885,158970725634857,112,196,0.0,1136.0,0.0,831.0,0.0,0.0,0.0,0.0,0.0,4194304.0,4096.0,0.0,147584.0,78584588.0,164328.0,0.0,14601531.0,262272.0,0.0,196608.0
112,0,1,675,675,32768,512,0,0,108,4,48,64,matmulbias_kernel,158970726001891,158970726024783,113,196,0.0,1136.0,0.0,781.0,0.0,0.0,0.0,0.0,0.0,4194304.0,4096.0,0.0,147584.0,78188739.0,164328.0,0.0,14549618.0,262272.0,0.0,196608.0
113,0,1,675,675,32768,512,0,0,108,4,48,64,matmulbias_kernel,158970726396227,158970726418918,114,196,0.0,1136.0,0.0,826.0,0.0,0.0,0.0,0.0,0.0,4194304.0,4096.0,0.0,147584.0,79117153.0,164328.0,0.0,14576248.0,262272.0,0.0,196608.0
114,0,1,675,675,32768,512,0,0,108,4,48,64,matmulbias_kernel,158970726785792,158970726808804,115,196,0.0,1136.0,0.0,834.0,0.0,0.0,0.0,0.0,0.0,4194304.0,4096.0,0.0,147584.0,79383038.0,164328.0,0.0,14641152.0,262272.0,0.0,196608.0
115,0,1,675,675,32768,512,0,0,108,4,48,64,matmulbias_kernel,158970727176158,158970727199211,116,196,0.0,1136.0,0.0,837.0,0.0,0.0,0.0,0.0,0.0,4194304.0,4096.0,0.0,147584.0,78460166.0,164328.0,0.0,14537424.0,262272.0,0.0,196608.0
116,0,1,675,675,32768,512,0,0,108,4,48,64,matmulbias_kernel,158970727561594,158970727584406,117,196,0.0,1136.0,0.0,787.0,0.0,0.0,0.0,0.0,0.0,4194304.0,4096.0,0.0,147584.0,79248758.0,164344.0,0.0,14587066.0,262272.0,0.0,196608.0
117,0,1,675,675,32768,512,0,0,108,4,48,64,matmulbias_kernel,158970727958095,158970727980987,118,196,0.0,1136.0,0.0,810.0,0.0,0.0,0.0,0.0,0.0,4194304.0,4096.0,0.0,147584.0,78766370.0,164344.0,0.0,14569568.0,262272.0,0.0,196608.0
118,0,1,675,675,32768,512,0,0,108,4,48,64,matmulbias_kernel,158970728342808,158970728365700,119,196,0.0,1136.0,0.0,859.0,0.0,0.0,0.0,0.0,0.0,4194304.0,4096.0,0.0,147584.0,78631876.0,164328.0,0.0,14626098.0,262272.0,0.0,196608.0
119,0,1,675,675,32768,512,0,0,108,4,48,64,matmulbias_kernel,158970728740833,158970728763845,120,196,0.0,1136.0,0.0,862.0,0.0,0.0,0.0,0.0,0.0,4194304.0,4096.0,0.0,147584.0,77995046.0,164344.0,0.0,14566153.0,262272.0,0.0,196608.0
120,0,1,675,675,32768,512,0,0,108,4,48,64,matmulbias_kernel,158970729131961,158970729154853,121,196,0.0,1136.0,0.0,787.0,0.0,0.0,0.0,0.0,0.0,4194304.0,4096.0,0.0,147584.0,77635788.0,164344.0,0.0,14544321.0,262272.0,0.0,196608.0
121,0,1,675,675,4194304,256,0,0,12,4,32,64,"void at::native::vectorized_elementwise_kernel<4, at::native::FillFunctor<int>, std::array<char*, 1ul> >(int, at::native::FillFunctor<int>, std::array<char*, 1ul>)",158970729526417,158970729568553,122,107,0.0,1816.0,60784.0,2961.0,0.0,0.0,0.0,7793056.0,7793056.0,0.0,0.0,0.0,0.0,61221.0,2097256.0,0.0,25004010.0,0.0,0.0,0.0
122,0,1,675,675,32768,512,0,0,108,4,48,64,matmulbias_kernel,158970729947574,158970729971468,123,196,0.0,1136.0,0.0,725.0,0.0,0.0,0.0,0.0,0.0,4194304.0,4096.0,0.0,147584.0,84761404.0,164344.0,0.0,15200118.0,262272.0,0.0,196608.0
123,0,1,675,675,4194304,256,0,0,12,4,32,64,"void at::native::vectorized_elementwise_kernel<4, at::native::FillFunctor<int>, std::array<char*, 1ul> >(int, at::native::FillFunctor<int>, std::array<char*, 1ul>)",158970730347567,158970730390305,124,107,0.0,1136.0,60760.0,3422.0,0.0,0.0,0.0,9592826.0,9592826.0,0.0,0.0,0.0,0.0,56582.0,2097256.0,0.0,25327498.0,0.0,0.0,0.0
124,0,1,675,675,32768,512,0,0,108,4,48,64,matmulbias_kernel,158970730797032,158970730820807,125,196,0.0,1088.0,0.0,737.0,0.0,0.0,0.0,0.0,0.0,4194304.0,4096.0,0.0,147584.0,86684559.0,164328.0,0.0,15255835.0,262272.0,0.0,196608.0
125,0,1,675,675,4194304,256,0,0,12,4,32,64,"void at::native::vectorized_elementwise_kernel<4, at::native::FillFunctor<int>, std::array<char*, 1ul> >(int, at::native::FillFunctor<int>, std::array<char*, 1ul>)",158970731193056,158970731235513,126,107,0.0,1136.0,60744.0,3063.0,0.0,0.0,0.0,9924470.0,9924470.0,0.0,0.0,0.0,0.0,63616.0,2097256.0,0.0,25208843.0,0.0,0.0,0.0
126,0,1,675,675,32768,512,0,0,108,4,48,64,matmulbias_kernel,158970731604676,158970731628851,127,196,0.0,1136.0,0.0,781.0,0.0,0.0,0.0,0.0,0.0,4194304.0,4096.0,0.0,147584.0,83964298.0,164328.0,0.0,15397488.0,262272.0,0.0,196608.0
127,0,1,675,675,4194304,256,0,0,12,4,32,64,"void at::native::vectorized_elementwise_kernel<4, at::native::FillFunctor<int>, std::array<char*, 1ul> >(int, at::native::FillFunctor<int>, std::array<char*, 1ul>)",158970731999417,158970732041714,128,107,0.0,1136.0,60752.0,3047.0,0.0,0.0,0.0,9820586.0,9820586.0,0.0,0.0,0.0,0.0,62108.0,2097256.0,0.0,25182042.0,0.0,0.0,0.0
128,0,1,675,675,32768,512,0,0,108,4,48,64,matmulbias_kernel,158970732409273,158970732433929,129,196,0.0,1136.0,0.0,758.0,0.0,0.0,0.0,0.0,0.0,4194304.0,4096.0,0.0,147584.0,82768801.0,164344.0,0.0,15743805.0,262272.0,0.0,196608.0
129,0,1,675,675,4194304,256,0,0,12,4,32,64,"void at::native::vectorized_elementwise_kernel<4, at::native::FillFunctor<int>, std::array<char*, 1ul> >(int, at::native::FillFunctor<int>, std::array<char*, 1ul>)",158970732796517,158970732839094,130,107,0.0,1136.0,60740.0,3374.0,0.0,0.0,0.0,11115446.0,11115446.0,0.0,0.0,0.0,0.0,57070.0,2097256.0,0.0,25206986.0,0.0,0.0,0.0
130,0,1,675,675,32768,512,0,0,108,4,48,64,matmulbias_kernel,158970733208859,158970733233715,131,196,0.0,1136.0,0.0,1050.0,0.0,0.0,0.0,0.0,0.0,4194304.0,4096.0,0.0,147584.0,81717901.0,164328.0,0.0,15827183.0,262272.0,0.0,196608.0
131,0,1,675,675,4194304,256,0,0,12,4,32,64,"void at::native::vectorized_elementwise_kernel<4, at::native::FillFunctor<int>, std::array<char*, 1ul> >(int, at::native::FillFunctor<int>, std::array<char*, 1ul>)",158970733603159,158970733645896,132,107,0.0,1136.0,60795.0,2950.0,0.0,0.0,0.0,8295414.0,8295414.0,0.0,0.0,0.0,0.0,64497.0,2097272.0,0.0,25141772.0,0.0,0.0,0.0
132,0,1,675,675,32768,512,0,0,108,4,48,64,matmulbias_kernel,158970734007763,158970734033461,133,196,0.0,1136.0,0.0,682.0,0.0,0.0,0.0,0.0,0.0,4194304.0,4096.0,0.0,147584.0,82076538.0,164328.0,0.0,15990036.0,262272.0,0.0,196608.0
133,0,1,675,675,4194304,256,0,0,12,4,32,64,"void at::native::vectorized_elementwise_kernel<4, at::native::FillFunctor<int>, std::array<char*, 1ul> >(int, at::native::FillFunctor<int>, std::array<char*, 1ul>)",158970734405270,158970734447807,134,107,0.0,1136.0,60714.0,3791.0,0.0,0.0,0.0,12338796.0,12338796.0,0.0,0.0,0.0,0.0,65332.0,2097272.0,0.0,25270024.0,0.0,0.0,0.0
134,0,1,675,675,32768,512,0,0,108,4,48,64,matmulbias_kernel,158970734821340,158970734847400,135,196,0.0,1136.0,0.0,753.0,0.0,0.0,0.0,0.0,0.0,4194304.0,4096.0,0.0,147584.0,83790698.0,164344.0,0.0,16252261.0,262272.0,0.0,196608.0
135,0,1,675,675,4194304,256,0,0,12,4,32,64,"void at::native::vectorized_elementwise_kernel<4, at::native::FillFunctor<int>, std::array<char*, 1ul> >(int, at::native::FillFunctor<int>, std::array<char*, 1ul>)",158970735226184,158970735268641,136,107,0.0,1136.0,60747.0,3400.0,0.0,0.0,0.0,10777880.0,10777880.0,0.0,0.0,0.0,0.0,57750.0,2097256.0,0.0,25191384.0,0.0,0.0,0.0
136,0,1,675,675,32768,512,0,0,108,4,48,64,matmulbias_kernel,158970735635479,158970735661458,137,196,0.0,1136.0,0.0,824.0,0.0,0.0,0.0,0.0,0.0,4194304.0,4096.0,0.0,147584.0,84593885.0,164344.0,0.0,16502412.0,262272.0,0.0,196608.0
137,0,1,675,675,4194304,256,0,0,12,4,32,64,"void at::native::vectorized_elementwise_kernel<4, at::native::FillFunctor<int>, std::array<char*, 1ul> >(int, at::native::FillFunctor<int>, std::array<char*, 1ul>)",158970736029699,158970736072036,138,107,0.0,1136.0,60804.0,3028.0,0.0,0.0,0.0,8347504.0,8347504.0,0.0,0.0,0.0,0.0,57601.0,2097256.0,0.0,25103374.0,0.0,0.0,0.0
138,0,1,675,675,32768,512,0,0,108,4,48,64,matmulbias_kernel,158970736451782,158970736477842,139,196,0.0,1136.0,0.0,772.0,0.0,0.0,0.0,0.0,0.0,4194304.0,4096.0,0.0,147584.0,84294317.0,164344.0,0.0,16370574.0,262272.0,0.0,196608.0
139,0,1,675,675,4194304,256,0,0,12,4,32,64,"void at::native::vectorized_elementwise_kernel<4, at::native::FillFunctor<int>, std::array<char*, 1ul> >(int, at::native::FillFunctor<int>, std::array<char*, 1ul>)",158970736845040,158970736887257,140,107,0.0,1136.0,60792.0,3044.0,0.0,0.0,0.0,8469160.0,8469160.0,0.0,0.0,0.0,0.0,56729.0,2097256.0,0.0,25037860.0,0.0,0.0,0.0
140,0,1,675,675,32768,512,0,0,108,4,48,64,matmulbias_kernel,158970737252531,158970737278510,141,196,0.0,1136.0,0.0,773.0,0.0,0.0,0.0,0.0,0.0,4194304.0,4096.0,0.0,147584.0,85910839.0,164344.0,0.0,16551638.0,262272.0,0.0,196608.0
141,0,1,675,675,4194304,256,0,0,12,4,32,64,"void at::native::vectorized_elementwise_kernel<4, at::native::FillFunctor<int>, std::array<char*, 1ul> >(int, at::native::FillFunctor<int>, std::array<char*, 1ul>)",158970737655010,158970737697466,142,107,0.0,1136.0,60792.0,3031.0,0.0,0.0,0.0,8374554.0,8374554.0,0.0,0.0,0.0,0.0,56341.0,2097256.0,0.0,25157290.0,0.0,0.0,0.0
142,0,1,675,675,32768,512,0,0,108,4,48,64,matmulbias_kernel,158970738076011,158970738102471,143,196,0.0,1136.0,0.0,748.0,0.0,0.0,0.0,0.0,0.0,4194304.0,4096.0,0.0,147584.0,85580650.0,164344.0,0.0,16584319.0,262272.0,0.0,196608.0
143,0,1,675,675,4194304,256,0,0,12,4,32,64,"void at::native::vectorized_elementwise_kernel<4, at::native::FillFunctor<int>, std::array<char*, 1ul> >(int, at::native::FillFunctor<int>, std::array<char*, 1ul>)",158970738481537,158970738523993,144,107,0.0,1136.0,60784.0,2975.0,0.0,0.0,0.0,8587384.0,8587384.0,0.0,0.0,0.0,0.0,62923.0,2097272.0,0.0,25065286.0,0.0,0.0,0.0
144,0,1,675,675,32768,512,0,0,108,4,48,64,matmulbias_kernel,158970738901535,158970738927916,145,196,0.0,1136.0,0.0,752.0,0.0,0.0,0.0,0.0,0.0,4194304.0,4096.0,0.0,147584.0,85492945.0,164328.0,0.0,16601191.0,262272.0,0.0,196608.0
145,0,1,675,675,4194304,256,0,0,12,4,32,64,"void at::native::vectorized_elementwise_kernel<4, at::native::FillFunctor<int>, std::array<char*, 1ul> >(int, at::native::FillFunctor<int>, std::array<char*, 1ul>)",158970739310950,158970739353608,146,107,0.0,1136.0,60740.0,3068.0,0.0,0.0,0.0,11035072.0,11035072.0,0.0,0.0,0.0,0.0,66086.0,2097272.0,0.0,25172302.0,0.0,0.0,0.0
146,0,1,675,675,32768,512,0,0,108,4,48,64,matmulbias_kernel,158970739723091,158970739749391,147,196,0.0,1136.0,0.0,696.0,0.0,0.0,0.0,0.0,0.0,4194304.0,4096.0,0.0,147584.0,85592739.0,164328.0,0.0,16687727.0,262272.0,0.0,196608.0
147,0,1,675,675,4194304,256,0,0,12,4,32,64,"void at::native::vectorized_elementwise_kernel<4, at::native::FillFunctor<int>, std::array<char*, 1ul> >(int, at::native::FillFunctor<int>, std::array<char*, 1ul>)",158970740127053,158970740169390,148,107,0.0,1136.0,60732.0,2918.0,0.0,0.0,0.0,10962976.0,10962976.0,0.0,0.0,0.0,0.0,63553.0,2097272.0,0.0,25099929.0,0.0,0.0,0.0
148,0,1,675,675,32768,512,0,0,108,4,48,64,matmulbias_kernel,158970740549378,158970740575758,149,196,0.0,1136.0,0.0,728.0,0.0,0.0,0.0,0.0,0.0,4194304.0,4096.0,0.0,147584.0,85316160.0,164328.0,0.0,16584810.0,262272.0,0.0,196608.0
149,0,1,675,675,4194304,256,0,0,12,4,32,64,"void at::native::vectorized_elementwise_kernel<4, at::native::FillFunctor<int>, std::array<char*, 1ul> >(int, at::native::FillFunctor<int>, std::array<char*, 1ul>)",158970740948689,158970740990785,150,107,0.0,1136.0,60742.0,3016.0,0.0,0.0,0.0,9682480.0,9682480.0,0.0,0.0,0.0,0.0,67768.0,2097272.0,0.0,25010758.0,0.0,0.0,0.0
150,0,1,675,675,32768,512,0,0,108,4,48,64,matmulbias_kernel,158970741373820,158970741400360,151,196,0.0,1136.0,0.0,679.0,0.0,0.0,0.0,0.0,0.0,4194304.0,4096.0,0.0,147584.0,86294695.0,164328.0,0.0,16793427.0,262272.0,0.0,196608.0
151,0,1,675,675,4194304,256,0,0,12,4,32,64,"void at::native::vectorized_elementwise_kernel<4, at::native::FillFunctor<int>, std::array<char*, 1ul> >(int, at::native::FillFunctor<int>, std::array<char*, 1ul>)",158970741784397,158970741826694,152,107,0.0,1136.0,60751.0,3025.0,0.0,0.0,0.0,10014126.0,10014126.0,0.0,0.0,0.0,0.0,70390.0,2097272.0,0.0,25150754.0,0.0,0.0,0.0
152,0,1,675,675,32768,512,0,0,108,4,48,64,matmulbias_kernel,158970742202993,158970742229533,153,196,0.0,1136.0,0.0,771.0,0.0,0.0,0.0,0.0,0.0,4194304.0,4096.0,0.0,147584.0,86112725.0,164344.0,0.0,16742011.0,262272.0,0.0,196608.0
153,0,1,675,675,4194304,256,0,0,12,4,32,64,"void at::native::vectorized_elementwise_kernel<4, at::native::FillFunctor<int>, std::array<char*, 1ul> >(int, at::native::FillFunctor<int>, std::array<char*, 1ul>)",158970742605552,158970742648330,154,107,0.0,1136.0,60721.0,3420.0,0.0,0.0,0.0,12035066.0,12035066.0,0.0,0.0,0.0,0.0,61589.0,2097272.0,0.0,25219654.0,0.0,0.0,0.0
154,0,1,675,675,32768,512,0,0,108,4,48,64,matmulbias_kernel,158970743027195,158970743053014,155,196,0.0,1136.0,0.0,691.0,0.0,0.0,0.0,0.0,0.0,4194304.0,4096.0,0.0,147584.0,84561158.0,164344.0,0.0,16315122.0,262272.0,0.0,196608.0
155,0,1,675,675,4194304,256,0,0,12,4,32,64,"void at::native::vectorized_elementwise_kernel<4, at::native::FillFunctor<int>, std::array<char*, 1ul> >(int, at::native::FillFunctor<int>, std::array<char*, 1ul>)",158970743424061,158970743466477,156,107,0.0,1136.0,60781.0,2997.0,0.0,0.0,0.0,9344666.0,9344666.0,0.0,0.0,0.0,0.0,57317.0,2097256.0,0.0,25093790.0,0.0,0.0,0.0
156,0,1,675,675,32768,512,0,0,108,4,48,64,matmulbias_kernel,158970743840772,158970743866832,157,196,0.0,1136.0,0.0,668.0,0.0,0.0,0.0,0.0,0.0,4194304.0,4096.0,0.0,147584.0,85335226.0,164344.0,0.0,16560653.0,262272.0,0.0,196608.0
157,0,1,675,675,4194304,256,0,0,12,4,32,64,"void at::native::vectorized_elementwise_kernel<4, at::native::FillFunctor<int>, std::array<char*, 1ul> >(int, at::native::FillFunctor<int>, std::array<char*, 1ul>)",158970744246178,158970744288434,158,107,0.0,1136.0,60730.0,3336.0,0.0,0.0,0.0,11637944.0,11637944.0,0.0,0.0,0.0,0.0,62968.0,2097272.0,0.0,25107906.0,0.0,0.0,0.0
158,0,1,675,675,32768,512,0,0,108,4,48,64,matmulbias_kernel,158970744661045,158970744687184,159,196,0.0,1136.0,0.0,825.0,0.0,0.0,0.0,0.0,0.0,4194304.0,4096.0,0.0,147584.0,84719551.0,164344.0,0.0,16416465.0,262272.0,0.0,196608.0
159,0,1,675,675,4194304,256,0,0,12,4,32,64,"void at::native::vectorized_elementwise_kernel<4, at::native::FillFunctor<int>, std::array<char*, 1ul> >(int, at::native::FillFunctor<int>, std::array<char*, 1ul>)",158970745076193,158970745118529,160,107,0.0,1136.0,60748.0,2990.0,0.0,0.0,0.0,10962684.0,10962684.0,0.0,0.0,0.0,0.0,56766.0,2097256.0,0.0,25233608.0,0.0,0.0,0.0
160,0,1,675,675,32768,512,0,0,108,4,48,64,matmulbias_kernel,158970745494748,158970745520888,161,196,0.0,1136.0,0.0,716.0,0.0,0.0,0.0,0.0,0.0,4194304.0,4096.0,0.0,147584.0,84593434.0,164344.0,0.0,16409963.0,262272.0,0.0,196608.0
161,0,1,675,675,4194304,256,0,0,12,4,32,64,"void at::native::vectorized_elementwise_kernel<4, at::native::FillFunctor<int>, std::array<char*, 1ul> >(int, at::native::FillFunctor<int>, std::array<char*, 1ul>)",158970745885440,158970745928057,162,107,0.0,1136.0,60705.0,3751.0,0.0,0.0,0.0,13407856.0,13407856.0,0.0,0.0,0.0,0.0,67328.0,2097272.0,0.0,25281120.0,0.0,0.0,0.0
162,0,1,675,675,32768,512,0,0,108,4,48,64,matmulbias_kernel,158970746310130,158970746336309,163,196,0.0,1136.0,0.0,775.0,0.0,0.0,0.0,0.0,0.0,4194304.0,4096.0,0.0,147584.0,84826448.0,164344.0,0.0,16456199.0,262272.0,0.0,196608.0
163,0,1,675,675,4194304,256,0,0,12,4,32,64,"void at::native::vectorized_elementwise_kernel<4, at::native::FillFunctor<int>, std::array<char*, 1ul> >(int, at::native::FillFunctor<int>, std::array<char*, 1ul>)",158970746721188,158970746763886,164,107,0.0,1136.0,60791.0,3009.0,0.0,0.0,0.0,9009114.0,9009114.0,0.0,0.0,0.0,0.0,62932.0,2097272.0,0.0,25078184.0,0.0,0.0,0.0
164,0,1,675,675,32768,512,0,0,108,4,48,64,matmulbias_kernel,158970747143993,158970747169772,165,196,0.0,1136.0,0.0,770.0,0.0,0.0,0.0,0.0,0.0,4194304.0,4096.0,0.0,147584.0,84330305.0,164328.0,0.0,16252630.0,262272.0,0.0,196608.0
165,0,1,675,675,4194304,256,0,0,12,4,32,64,"void at::native::vectorized_elementwise_kernel<4, at::native::FillFunctor<int>, std::array<char*, 1ul> >(int, at::native::FillFunctor<int>, std::array<char*, 1ul>)",158970747554611,158970747597308,166,107,0.0,1136.0,60746.0,3030.0,0.0,0.0,0.0,10876618.0,10876618.0,0.0,0.0,0.0,0.0,63765.0,2097272.0,0.0,25178226.0,0.0,0.0,0.0
166,0,1,675,675,32768,512,0,0,108,4,48,64,matmulbias_kernel,158970747973167,158970747999306,167,196,0.0,1136.0,0.0,713.0,0.0,0.0,0.0,0.0,0.0,4194304.0,4096.0,0.0,147584.0,84842495.0,164328.0,0.0,16418717.0,262272.0,0.0,196608.0
167,0,1,675,675,4194304,256,0,0,12,4,32,64,"void at::native::vectorized_elementwise_kernel<4, at::native::FillFunctor<int>, std::array<char*, 1ul> >(int, at::native::FillFunctor<int>, std::array<char*, 1ul>)",158970748379895,158970748422352,168,107,0.0,1136.0,60740.0,3061.0,0.0,0.0,0.0,11082012.0,11082012.0,0.0,0.0,0.0,0.0,64496.0,2097272.0,0.0,25126194.0,0.0,0.0,0.0
168,0,1,675,675,32768,512,0,0,108,4,48,64,matmulbias_kernel,158970748796687,158970748823027,169,196,0.0,1136.0,0.0,776.0,0.0,0.0,0.0,0.0,0.0,4194304.0,4096.0,0.0,147584.0,84444237.0,164344.0,0.0,16428703.0,262272.0,0.0,196608.0
169,0,1,675,675,4194304,256,0,0,12,4,32,64,"void at::native::vectorized_elementwise_kernel<4, at::native::FillFunctor<int>, std::array<char*, 1ul> >(int, at::native::FillFunctor<int>, std::array<char*, 1ul>)",158970749202132,158970749244669,170,107,0.0,1136.0,60768.0,3001.0,0.0,0.0,0.0,9798080.0,9798080.0,0.0,0.0,0.0,0.0,66342.0,2097272.0,0.0,25196265.0,0.0,0.0,0.0
170,0,1,675,675,32768,512,0,0,108,4,48,64,matmulbias_kernel,158970749631713,158970749657492,171,196,0.0,1136.0,0.0,748.0,0.0,0.0,0.0,0.0,0.0,4194304.0,4096.0,0.0,147584.0,84909683.0,164344.0,0.0,16432854.0,262272.0,0.0,196608.0
171,0,1,675,675,4194304,256,0,0,12,4,32,64,"void at::native::vectorized_elementwise_kernel<4, at::native::FillFunctor<int>, std::array<char*, 1ul> >(int, at::native::FillFunctor<int>, std::array<char*, 1ul>)",158970750028699,158970750071076,172,107,0.0,1136.0,60781.0,2965.0,0.0,0.0,0.0,9071818.0,9071818.0,0.0,0.0,0.0,0.0,56659.0,2097256.0,0.0,25108536.0,0.0,0.0,0.0
172,0,1,675,675,32768,512,0,0,108,4,48,64,matmulbias_kernel,158970750462650,158970750488629,173,196,0.0,1136.0,0.0,716.0,0.0,0.0,0.0,0.0,0.0,4194304.0,4096.0,0.0,147584.0,84932055.0,164344.0,0.0,16331871.0,262272.0,0.0,196608.0
173,0,1,675,675,4194304,256,0,0,12,4,32,64,"void at::native::vectorized_elementwise_kernel<4, at::native::FillFunctor<int>, std::array<char*, 1ul> >(int, at::native::FillFunctor<int>, std::array<char*, 1ul>)",158970750863245,158970750905581,174,107,0.0,1136.0,60785.0,3041.0,0.0,0.0,0.0,8027492.0,8027492.0,0.0,0.0,0.0,0.0,72979.0,2097272.0,0.0,25093520.0,0.0,0.0,0.0
174,0,1,675,675,32768,512,0,0,108,4,48,64,matmulbias_kernel,158970751293467,158970751319847,175,196,0.0,1136.0,0.0,748.0,0.0,0.0,0.0,0.0,0.0,4194304.0,4096.0,0.0,147584.0,85580012.0,164344.0,0.0,16644913.0,262272.0,0.0,196608.0
175,0,1,675,675,4194304,256,0,0,12,4,32,64,"void at::native::vectorized_elementwise_kernel<4, at::native::FillFunctor<int>, std::array<char*, 1ul> >(int, at::native::FillFunctor<int>, std::array<char*, 1ul>)",158970751705929,158970751748185,176,107,0.0,1136.0,60791.0,2992.0,0.0,0.0,0.0,8149768.0,8149768.0,0.0,0.0,0.0,0.0,68440.0,2097272.0,0.0,25071527.0,0.0,0.0,0.0
176,0,1,675,675,32768,512,0,0,108,4,48,64,matmulbias_kernel,158970752134427,158970752160727,177,196,0.0,1136.0,0.0,787.0,0.0,0.0,0.0,0.0,0.0,4194304.0,4096.0,0.0,147584.0,85675292.0,164344.0,0.0,16727224.0,262272.0,0.0,196608.0
177,0,1,675,675,4194304,256,0,0,12,4,32,64,"void at::native::vectorized_elementwise_kernel<4, at::native::FillFunctor<int>, std::array<char*, 1ul> >(int, at::native::FillFunctor<int>, std::array<char*, 1ul>)",158970752552702,158970752595520,178,107,0.0,1136.0,60748.0,3005.0,0.0,0.0,0.0,9434954.0,9434954.0,0.0,0.0,0.0,0.0,64919.0,2097272.0,0.0,25147384.0,0.0,0.0,0.0
178,0,1,675,675,32768,512,0,0,108,4,48,64,matmulbias_kernel,158970752991504,158970753017603,179,196,0.0,1136.0,0.0,775.0,0.0,0.0,0.0,0.0,0.0,4194304.0,4096.0,0.0,147584.0,84574451.0,164344.0,0.0,16538976.0,262272.0,0.0,196608.0
179,0,1,675,675,4194304,256,0,0,12,4,32,64,"void at::native::vectorized_elementwise_kernel<4, at::native::FillFunctor<int>, std::array<char*, 1ul> >(int, at::native::FillFunctor<int>, std::array<char*, 1ul>)",158970753398152,158970753440409,180,107,0.0,1136.0,60758.0,3003.0,0.0,0.0,0.0,10528496.0,10528496.0,0.0,0.0,0.0,0.0,62750.0,2097272.0,0.0,25029410.0,0.0,0.0,0.0
180,0,1,675,675,32768,512,0,0,108,4,48,64,matmulbias_kernel,158970753825167,158970753851347,181,196,0.0,1136.0,0.0,802.0,0.0,0.0,0.0,0.0,0.0,4194304.0,4096.0,0.0,147584.0,85251573.0,164328.0,0.0,16545008.0,262272.0,0.0,196608.0
181,0,1,675,675,4194304,256,0,0,12,4,32,64,"void at::native::vectorized_elementwise_kernel<4, at::native::FillFunctor<int>, std::array<char*, 1ul> >(int, at::native::FillFunctor<int>, std::array<char*, 1ul>)",158970754241638,158970754284015,182,107,0.0,1136.0,60756.0,3002.0,0.0,0.0,0.0,9953794.0,9953794.0,0.0,0.0,0.0,0.0,63868.0,2097272.0,0.0,25109973.0,0.0,0.0,0.0
182,0,1,675,675,32768,512,0,0,108,4,48,64,matmulbias_kernel,158970754678876,158970754705056,183,196,0.0,1136.0,0.0,779.0,0.0,0.0,0.0,0.0,0.0,4194304.0,4096.0,0.0,147584.0,84288393.0,164328.0,0.0,16449148.0,262272.0,0.0,196608.0
183,0,1,675,675,4194304,256,0,0,12,4,32,64,"void at::native::vectorized_elementwise_kernel<4, at::native::FillFunctor<int>, std::array<char*, 1ul> >(int, at::native::FillFunctor<int>, std::array<char*, 1ul>)",158970755099396,158970755141773,184,107,0.0,1136.0,60752.0,3119.0,0.0,0.0,0.0,10120718.0,10120718.0,0.0,0.0,0.0,0.0,66371.0,2097272.0,0.0,25161010.0,0.0,0.0,0.0
184,0,1,675,675,32768,512,0,0,108,4,48,64,matmulbias_kernel,158970755522482,158970755548662,185,196,0.0,1136.0,0.0,704.0,0.0,0.0,0.0,0.0,0.0,4194304.0,4096.0,0.0,147584.0,85393112.0,164328.0,0.0,16463580.0,262272.0,0.0,196608.0
185,0,1,675,675,4194304,256,0,0,12,4,32,64,"void at::native::vectorized_elementwise_kernel<4, at::native::FillFunctor<int>, std::array<char*, 1ul> >(int, at::native::FillFunctor<int>, std::array<char*, 1ul>)",158970755927246,158970755969783,186,107,0.0,1136.0,60747.0,3044.0,0.0,0.0,0.0,10573054.0,10573054.0,0.0,0.0,0.0,0.0,63031.0,2097272.0,0.0,25115444.0,0.0,0.0,0.0
186,0,1,675,675,32768,512,0,0,108,4,48,64,matmulbias_kernel,158970756347726,158970756373665,187,196,0.0,1136.0,0.0,771.0,0.0,0.0,0.0,0.0,0.0,4194304.0,4096.0,0.0,147584.0,84613219.0,164328.0,0.0,16294098.0,262272.0,0.0,196608.0
187,0,1,675,675,4194304,256,0,0,12,4,32,64,"void at::native::vectorized_elementwise_kernel<4, at::native::FillFunctor<int>, std::array<char*, 1ul> >(int, at::native::FillFunctor<int>, std::array<char*, 1ul>)",158970756759907,158970756802164,188,107,0.0,1136.0,60740.0,3809.0,0.0,0.0,0.0,9093044.0,9093044.0,0.0,0.0,0.0,0.0,65642.0,2097272.0,0.0,25073227.0,0.0,0.0,0.0
188,0,1,675,675,32768,512,0,0,108,4,48,64,matmulbias_kernel,158970757195662,158970757221802,189,196,0.0,1136.0,0.0,690.0,0.0,0.0,0.0,0.0,0.0,4194304.0,4096.0,0.0,147584.0,84629346.0,164328.0,0.0,16412171.0,262272.0,0.0,196608.0
189,0,1,675,675,4194304,256,0,0,12,4,32,64,"void at::native::vectorized_elementwise_kernel<4, at::native::FillFunctor<int>, std::array<char*, 1ul> >(int, at::native::FillFunctor<int>, std::array<char*, 1ul>)",158970757598341,158970757640558,190,107,0.0,1136.0,60748.0,3042.0,0.0,0.0,0.0,10649612.0,10649612.0,0.0,0.0,0.0,0.0,63192.0,2097272.0,0.0,25109779.0,0.0,0.0,0.0
190,0,1,675,675,32768,512,0,0,108,4,48,64,matmulbias_kernel,158970758024033,158970758049973,191,196,0.0,1136.0,0.0,692.0,0.0,0.0,0.0,0.0,0.0,4194304.0,4096.0,0.0,147584.0,84931256.0,164344.0,0.0,16520907.0,262272.0,0.0,196608.0
191,0,1,675,675,4194304,256,0,0,12,4,32,64,"void at::native::vectorized_elementwise_kernel<4, at::native::FillFunctor<int>, std::array<char*, 1ul> >(int, at::native::FillFunctor<int>, std::array<char*, 1ul>)",158970758431363,158970758473900,192,107,0.0,1136.0,60744.0,3340.0,0.0,0.0,0.0,10974264.0,10974264.0,0.0,0.0,0.0,0.0,58428.0,2097256.0,0.0,25123901.0,0.0,0.0,0.0
192,0,1,675,675,32768,512,0,0,108,4,48,64,matmulbias_kernel,158970758861786,158970758888126,193,196,0.0,1136.0,0.0,694.0,0.0,0.0,0.0,0.0,0.0,4194304.0,4096.0,0.0,147584.0,85596288.0,164344.0,0.0,16678135.0,262272.0,0.0,196608.0
193,0,1,675,675,4194304,256,0,0,12,4,32,64,"void at::native::vectorized_elementwise_kernel<4, at::native::FillFunctor<int>, std::array<char*, 1ul> >(int, at::native::FillFunctor<int>, std::array<char*, 1ul>)",158970759272002,158970759314500,194,107,0.0,1136.0,60763.0,2892.0,0.0,0.0,0.0,10082078.0,10082078.0,0.0,0.0,0.0,0.0,56684.0,2097256.0,0.0,25166172.0,0.0,0.0,0.0
194,0,1,675,675,32768,512,0,0,108,4,48,64,matmulbias_kernel,158970759706314,158970759732574,195,196,0.0,1136.0,0.0,773.0,0.0,0.0,0.0,0.0,0.0,4194304.0,4096.0,0.0,147584.0,85064965.0,164344.0,0.0,16650200.0,262272.0,0.0,196608.0
195,0,1,675,675,4194304,256,0,0,12,4,32,64,"void at::native::vectorized_elementwise_kernel<4, at::native::FillFunctor<int>, std::array<char*, 1ul> >(int, at::native::FillFunctor<int>, std::array<char*, 1ul>)",158970760098810,158970760141187,196,107,0.0,1136.0,60841.0,3019.0,0.0,0.0,0.0,8212888.0,8212888.0,0.0,0.0,0.0,0.0,65786.0,2097272.0,0.0,25237599.0,0.0,0.0,0.0
196,0,1,675,675,32768,512,0,0,108,4,48,64,matmulbias_kernel,158970760522337,158970760548477,197,196,0.0,1136.0,0.0,754.0,0.0,0.0,0.0,0.0,0.0,4194304.0,4096.0,0.0,147584.0,85130643.0,164344.0,0.0,16459067.0,262272.0,0.0,196608.0
197,0,1,675,675,4194304,256,0,0,12,4,32,64,"void at::native::vectorized_elementwise_kernel<4, at::native::FillFunctor<int>, std::array<char*, 1ul> >(int, at::native::FillFunctor<int>, std::array<char*, 1ul>)",158970760946786,158970760988802,198,107,0.0,1136.0,60768.0,3035.0,0.0,0.0,0.0,9344054.0,9344054.0,0.0,0.0,0.0,0.0,60288.0,2097256.0,0.0,25045971.0,0.0,0.0,0.0
198,0,1,675,675,32768,512,0,0,108,4,48,64,matmulbias_kernel,158970761374723,158970761400983,199,196,0.0,1136.0,0.0,712.0,0.0,0.0,0.0,0.0,0.0,4194304.0,4096.0,0.0,147584.0,85029666.0,164344.0,0.0,16495479.0,262272.0,0.0,196608.0
199,0,1,675,675,4194304,256,0,0,12,4,32,64,"void at::native::vectorized_elementwise_kernel<4, at::native::FillFunctor<int>, std::array<char*, 1ul> >(int, at::native::FillFunctor<int>, std::array<char*, 1ul>)",158970761786944,158970761829441,200,107,0.0,1136.0,60748.0,2993.0,0.0,0.0,0.0,9617968.0,9617968.0,0.0,0.0,0.0,0.0,67974.0,2097272.0,0.0,25144832.0,0.0,0.0,0.0
200,0,1,675,675,32768,512,0,0,108,4,48,64,matmulbias_kernel,158970762216084,158970762241863,201,196,0.0,1136.0,0.0,856.0,0.0,0.0,0.0,0.0,0.0,4194304.0,4096.0,0.0,147584.0,85150694.0,164344.0,0.0,16367559.0,262272.0,0.0,196608.0
201,0,1,675,675,4194304,256,0,0,12,4,32,64,"void at::native::vectorized_elementwise_kernel<4, at::native::FillFunctor<int>, std::array<char*, 1ul> >(int, at::native::FillFunctor<int>, std::array<char*, 1ul>)",158970762635041,158970762677016,202,107,0.0,1136.0,60895.0,3097.0,0.0,0.0,0.0,6927588.0,6927588.0,0.0,0.0,0.0,0.0,74080.0,2097272.0,0.0,24998210.0,0.0,0.0,0.0
202,0,1,675,675,32768,512,0,0,108,4,48,64,matmulbias_kernel,158970763075205,158970763101425,203,196,0.0,1136.0,0.0,713.0,0.0,0.0,0.0,0.0,0.0,4194304.0,4096.0,0.0,147584.0,84839612.0,164344.0,0.0,16512028.0,262272.0,0.0,196608.0
203,0,1,675,675,4194304,256,0,0,12,4,32,64,"void at::native::vectorized_elementwise_kernel<4, at::native::FillFunctor<int>, std::array<char*, 1ul> >(int, at::native::FillFunctor<int>, std::array<char*, 1ul>)",158970763495325,158970763538223,204,107,0.0,1136.0,60890.0,3015.0,0.0,0.0,0.0,8067680.0,8067680.0,0.0,0.0,0.0,0.0,60596.0,2097272.0,0.0,25218836.0,0.0,0.0,0.0
204,0,1,675,675,32768,512,0,0,108,4,48,64,matmulbias_kernel,158970763918370,158970763944350,205,196,0.0,1136.0,0.0,782.0,0.0,0.0,0.0,0.0,0.0,4194304.0,4096.0,0.0,147584.0,84727725.0,164344.0,0.0,16439743.0,262272.0,0.0,196608.0
205,0,1,675,675,4194304,256,0,0,12,4,32,64,"void at::native::vectorized_elementwise_kernel<4, at::native::FillFunctor<int>, std::array<char*, 1ul> >(int, at::native::FillFunctor<int>, std::array<char*, 1ul>)",158970764337848,158970764379824,206,107,0.0,1136.0,60870.0,3039.0,0.0,0.0,0.0,8009194.0,8009194.0,0.0,0.0,0.0,0.0,63001.0,2097272.0,0.0,24872878.0,0.0,0.0,0.0
206,0,1,675,675,32768,512,0,0,108,4,48,64,matmulbias_kernel,158970764769393,158970764795573,207,196,0.0,1136.0,0.0,706.0,0.0,0.0,0.0,0.0,0.0,4194304.0,4096.0,0.0,147584.0,84967259.0,164328.0,0.0,16524292.0,262272.0,0.0,196608.0
207,0,1,675,675,4194304,256,0,0,12,4,32,64,"void at::native::vectorized_elementwise_kernel<4, at::native::FillFunctor<int>, std::array<char*, 1ul> >(int, at::native::FillFunctor<int>, std::array<char*, 1ul>)",158970765180813,158970765222829,208,107,0.0,1136.0,60851.0,3044.0,0.0,0.0,0.0,8292522.0,8292522.0,0.0,0.0,0.0,0.0,62590.0,2097272.0,0.0,24969723.0,0.0,0.0,0.0
208,0,1,675,675,32768,512,0,0,108,4,48,64,matmulbias_kernel,158970765614763,158970765640703,209,196,0.0,1136.0,0.0,748.0,0.0,0.0,0.0,0.0,0.0,4194304.0,4096.0,0.0,147584.0,84554216.0,164344.0,0.0,16435672.0,262272.0,0.0,196608.0
209,0,1,675,675,4194304,256,0,0,12,4,32,64,"void at::native::vectorized_elementwise_kernel<4, at::native::FillFunctor<int>, std::array<char*, 1ul> >(int, at::native::FillFunctor<int>, std::array<char*, 1ul>)",158970766028749,158970766071045,210,107,0.0,1136.0,60756.0,3023.0,0.0,0.0,0.0,9940926.0,9940926.0,0.0,0.0,0.0,0.0,63007.0,2097272.0,0.0,25010876.0,0.0,0.0,0.0
210,0,1,675,675,32768,512,0,0,108,4,48,64,matmulbias_kernel,158970766472321,158970766497940,211,196,0.0,1136.0,0.0,741.0,0.0,0.0,0.0,0.0,0.0,4194304.0,4096.0,0.0,147584.0,84488202.0,164328.0,0.0,16214961.0,262272.0,0.0,196608.0
211,0,1,675,675,4194304,256,0,0,12,4,32,64,"void at::native::vectorized_elementwise_kernel<4, at::native::FillFunctor<int>, std::array<char*, 1ul> >(int, at::native::FillFunctor<int>, std::array<char*, 1ul>)",158970766892601,158970766935018,212,107,0.0,1136.0,60741.0,3409.0,0.0,0.0,0.0,11150258.0,11150258.0,0.0,0.0,0.0,0.0,62662.0,2097272.0,0.0,25131122.0,0.0,0.0,0.0
212,0,1,675,675,32768,512,0,0,108,4,48,64,matmulbias_kernel,158970767321460,158970767347560,213,196,0.0,1136.0,0.0,737.0,0.0,0.0,0.0,0.0,0.0,4194304.0,4096.0,0.0,147584.0,84664792.0,164344.0,0.0,16450088.0,262272.0,0.0,196608.0
213,0,1,675,675,4194304,256,0,0,12,4,32,64,"void at::native::vectorized_elementwise_kernel<4, at::native::FillFunctor<int>, std::array<char*, 1ul> >(int, at::native::FillFunctor<int>, std::array<char*, 1ul>)",158970767728469,158970767771367,214,107,0.0,1136.0,60763.0,2996.0,0.0,0.0,0.0,10083162.0,10083162.0,0.0,0.0,0.0,0.0,58154.0,2097256.0,0.0,25063888.0,0.0,0.0,0.0
214,0,1,675,675,32768,512,0,0,108,4,48,64,matmulbias_kernel,158970768175810,158970768201710,215,196,0.0,1136.0,0.0,769.0,0.0,0.0,0.0,0.0,0.0,4194304.0,4096.0,0.0,147584.0,84888044.0,164344.0,0.0,16294492.0,262272.0,0.0,196608.0
215,0,1,675,675,4194304,256,0,0,12,4,32,64,"void at::native::vectorized_elementwise_kernel<4, at::native::FillFunctor<int>, std::array<char*, 1ul> >(int, at::native::FillFunctor<int>, std::array<char*, 1ul>)",158970768584904,158970768627562,216,107,0.0,1136.0,60712.0,3851.0,0.0,0.0,0.0,11759106.0,11759106.0,0.0,0.0,0.0,0.0,63579.0,2097272.0,0.0,25214940.0,0.0,0.0,0.0
216,0,1,675,675,32768,512,0,0,108,4,48,64,matmulbias_kernel,158970768998288,158970769024428,217,196,0.0,1136.0,0.0,768.0,0.0,0.0,0.0,0.0,0.0,4194304.0,4096.0,0.0,147584.0,84930962.0,164344.0,0.0,16561733.0,262272.0,0.0,196608.0
217,0,1,675,675,4194304,256,0,0,12,4,32,64,"void at::native::vectorized_elementwise_kernel<4, at::native::FillFunctor<int>, std::array<char*, 1ul> >(int, at::native::FillFunctor<int>, std::array<char*, 1ul>)",158970769411592,158970769454289,218,107,0.0,1136.0,60757.0,3008.0,0.0,0.0,0.0,10177112.0,10177112.0,0.0,0.0,0.0,0.0,64146.0,2097272.0,0.0,25074164.0,0.0,0.0,0.0
218,0,1,675,675,32768,512,0,0,108,4,48,64,matmulbias_kernel,158970769852759,158970769878658,219,196,0.0,1136.0,0.0,777.0,0.0,0.0,0.0,0.0,0.0,4194304.0,4096.0,0.0,147584.0,84722810.0,164344.0,0.0,16302822.0,262272.0,0.0,196608.0
219,0,1,675,675,4194304,256,0,0,12,4,32,64,"void at::native::vectorized_elementwise_kernel<4, at::native::FillFunctor<int>, std::array<char*, 1ul> >(int, at::native::FillFunctor<int>, std::array<char*, 1ul>)",158970770274722,158970770317059,220,107,0.0,1136.0,60820.0,3078.0,0.0,0.0,0.0,7320996.0,7320996.0,0.0,0.0,0.0,0.0,61904.0,2097256.0,0.0,25008274.0,0.0,0.0,0.0
220,0,1,675,675,32768,512,0,0,108,4,48,64,matmulbias_kernel,158970770722184,158970770747883,221,196,0.0,1136.0,0.0,886.0,0.0,0.0,0.0,0.0,0.0,4194304.0,4096.0,0.0,147584.0,85204100.0,164344.0,0.0,16368131.0,262272.0,0.0,196608.0
221,0,1,675,675,4194304,256,0,0,12,4,32,64,"void at::native::vectorized_elementwise_kernel<4, at::native::FillFunctor<int>, std::array<char*, 1ul> >(int, at::native::FillFunctor<int>, std::array<char*, 1ul>)",158970771145270,158970771187607,222,107,0.0,1136.0,60759.0,3084.0,0.0,0.0,0.0,9474328.0,9474328.0,0.0,0.0,0.0,0.0,63340.0,2097272.0,0.0,25156408.0,0.0,0.0,0.0
222,0,1,675,675,32768,512,0,0,108,4,48,64,matmulbias_kernel,158970771596340,158970771622199,223,196,0.0,1136.0,0.0,765.0,0.0,0.0,0.0,0.0,0.0,4194304.0,4096.0,0.0,147584.0,84479648.0,164344.0,0.0,16446031.0,262272.0,0.0,196608.0
223,0,1,675,675,4194304,256,0,0,12,4,32,64,"void at::native::vectorized_elementwise_kernel<4, at::native::FillFunctor<int>, std::array<char*, 1ul> >(int, at::native::FillFunctor<int>, std::array<char*, 1ul>)",158970772009764,158970772052180,224,107,0.0,1136.0,60775.0,3022.0,0.0,0.0,0.0,9016528.0,9016528.0,0.0,0.0,0.0,0.0,62758.0,2097256.0,0.0,25067008.0,0.0,0.0,0.0
224,0,1,675,675,32768,512,0,0,108,4,48,64,matmulbias_kernel,158970772440307,158970772466567,225,196,0.0,1136.0,0.0,699.0,0.0,0.0,0.0,0.0,0.0,4194304.0,4096.0,0.0,147584.0,84860393.0,164344.0,0.0,16576379.0,262272.0,0.0,196608.0
225,0,1,675,675,4194304,256,0,0,12,4,32,64,"void at::native::vectorized_elementwise_kernel<4, at::native::FillFunctor<int>, std::array<char*, 1ul> >(int, at::native::FillFunctor<int>, std::array<char*, 1ul>)",158970772857339,158970772899756,226,107,0.0,1136.0,60754.0,3057.0,0.0,0.0,0.0,9494952.0,9494952.0,0.0,0.0,0.0,0.0,66294.0,2097272.0,0.0,25141815.0,0.0,0.0,0.0
226,0,1,675,675,32768,512,0,0,108,4,48,64,matmulbias_kernel,158970773305482,158970773331341,227,196,0.0,1136.0,0.0,753.0,0.0,0.0,0.0,0.0,0.0,4194304.0,4096.0,0.0,147584.0,85001722.0,164344.0,0.0,16424654.0,262272.0,0.0,196608.0
227,0,1,675,675,4194304,256,0,0,12,4,32,64,"void at::native::vectorized_elementwise_kernel<4, at::native::FillFunctor<int>, std::array<char*, 1ul> >(int, at::native::FillFunctor<int>, std::array<char*, 1ul>)",158970773729009,158970773770904,228,107,0.0,1136.0,60848.0,2997.0,0.0,0.0,0.0,7710034.0,7710034.0,0.0,0.0,0.0,0.0,62159.0,2097272.0,0.0,24917885.0,0.0,0.0,0.0
228,0,1,675,675,32768,512,0,0,108,4,48,64,matmulbias_kernel,158970774180600,158970774206419,229,196,0.0,1136.0,0.0,792.0,0.0,0.0,0.0,0.0,0.0,4194304.0,4096.0,0.0,147584.0,84395628.0,164344.0,0.0,16376917.0,262272.0,0.0,196608.0
229,0,1,675,675,4194304,256,0,0,12,4,32,64,"void at::native::vectorized_elementwise_kernel<4, at::native::FillFunctor<int>, std::array<char*, 1ul> >(int, at::native::FillFunctor<int>, std::array<char*, 1ul>)",158970774609178,158970774651555,230,107,0.0,1136.0,60760.0,3073.0,0.0,0.0,0.0,10137614.0,10137614.0,0.0,0.0,0.0,0.0,62050.0,2097272.0,0.0,25118731.0,0.0,0.0,0.0
230,0,1,675,675,32768,512,0,0,108,4,48,64,matmulbias_kernel,158970775059807,158970775085786,231,196,0.0,1136.0,0.0,694.0,0.0,0.0,0.0,0.0,0.0,4194304.0,4096.0,0.0,147584.0,83781841.0,164328.0,0.0,16399072.0,262272.0,0.0,196608.0
231,0,1,675,675,4194304,256,0,0,12,4,32,64,"void at::native::vectorized_elementwise_kernel<4, at::native::FillFunctor<int>, std::array<char*, 1ul> >(int, at::native::FillFunctor<int>, std::array<char*, 1ul>)",158970775478884,158970775521381,232,107,0.0,1136.0,60756.0,2993.0,0.0,0.0,0.0,9807122.0,9807122.0,0.0,0.0,0.0,0.0,61005.0,2097272.0,0.0,25145188.0,0.0,0.0,0.0
232,0,1,675,675,32768,512,0,0,108,4,48,64,matmulbias_kernel,158970775923379,158970775949518,233,196,0.0,1136.0,0.0,666.0,0.0,0.0,0.0,0.0,0.0,4194304.0,4096.0,0.0,147584.0,84194713.0,164344.0,0.0,16369214.0,262272.0,0.0,196608.0
233,0,1,675,675,4194304,256,0,0,12,4,32,64,"void at::native::vectorized_elementwise_kernel<4, at::native::FillFunctor<int>, std::array<char*, 1ul> >(int, at::native::FillFunctor<int>, std::array<char*, 1ul>)",158970776337324,158970776379380,234,107,0.0,1136.0,60832.0,3005.0,0.0,0.0,0.0,7935452.0,7935452.0,0.0,0.0,0.0,0.0,67273.0,2097272.0,0.0,24966109.0,0.0,0.0,0.0
234,0,1,675,675,32768,512,0,0,108,4,48,64,matmulbias_kernel,158970776777048,158970776803227,235,196,0.0,1136.0,0.0,738.0,0.0,0.0,0.0,0.0,0.0,4194304.0,4096.0,0.0,147584.0,84062471.0,164344.0,0.0,16493354.0,262272.0,0.0,196608.0
235,0,1,675,675,4194304,256,0,0,12,4,32,64,"void at::native::vectorized_elementwise_kernel<4, at::native::FillFunctor<int>, std::array<char*, 1ul> >(int, at::native::FillFunctor<int>, std::array<char*, 1ul>)",158970777201617,158970777243793,236,107,0.0,1136.0,60820.0,3056.0,0.0,0.0,0.0,7996732.0,7996732.0,0.0,0.0,0.0,0.0,61805.0,2097272.0,0.0,25106711.0,0.0,0.0,0.0
236,0,1,675,675,32768,512,0,0,108,4,48,64,matmulbias_kernel,158970777652085,158970777678105,237,196,0.0,1136.0,0.0,753.0,0.0,0.0,0.0,0.0,0.0,4194304.0,4096.0,0.0,147584.0,83722025.0,164344.0,0.0,16353646.0,262272.0,0.0,196608.0
237,0,1,675,675,4194304,256,0,0,12,4,32,64,"void at::native::vectorized_elementwise_kernel<4, at::native::FillFunctor<int>, std::array<char*, 1ul> >(int, at::native::FillFunctor<int>, std::array<char*, 1ul>)",158970778073568,158970778116105,238,107,0.0,1136.0,60815.0,3065.0,0.0,0.0,0.0,7917996.0,7917996.0,0.0,0.0,0.0,0.0,62717.0,2097272.0,0.0,25056783.0,0.0,0.0,0.0
238,0,1,675,675,32768,512,0,0,108,4,48,64,matmulbias_kernel,158970778515016,158970778540995,239,196,0.0,1136.0,0.0,800.0,0.0,0.0,0.0,0.0,0.0,4194304.0,4096.0,0.0,147584.0,83783161.0,164344.0,0.0,16317930.0,262272.0,0.0,196608.0
239,0,1,675,675,4194304,256,0,0,12,4,32,64,"void at::native::vectorized_elementwise_kernel<4, at::native::FillFunctor<int>, std::array<char*, 1ul> >(int, at::native::FillFunctor<int>, std::array<char*, 1ul>)",158970778932008,158970778974104,240,107,0.0,1136.0,60845.0,2993.0,0.0,0.0,0.0,7836568.0,7836568.0,0.0,0.0,0.0,0.0,63135.0,2097272.0,0.0,24920362.0,0.0,0.0,0.0
240,0,1,675,675,32768,512,0,0,108,4,48,64,matmulbias_kernel,158970779366880,158970779392940,241,196,0.0,1136.0,0.0,747.0,0.0,0.0,0.0,0.0,0.0,4194304.0,4096.0,0.0,147584.0,84546131.0,164328.0,0.0,16458978.0,262272.0,0.0,196608.0
241,0,1,675,675,4194304,256,0,0,12,4,32,64,"void at::native::vectorized_elementwise_kernel<4, at::native::FillFunctor<int>, std::array<char*, 1ul> >(int, at::native::FillFunctor<int>, std::array<char*, 1ul>)",158970779800350,158970779842847,242,107,0.0,1136.0,60744.0,2977.0,0.0,0.0,0.0,9875038.0,9875038.0,0.0,0.0,0.0,0.0,68448.0,2097272.0,0.0,25124921.0,0.0,0.0,0.0
242,0,1,675,675,32768,512,0,0,108,4,48,64,matmulbias_kernel,158970780240755,158970780266695,243,196,0.0,1136.0,0.0,741.0,0.0,0.0,0.0,0.0,0.0,4194304.0,4096.0,0.0,147584.0,83929638.0,164344.0,0.0,16447049.0,262272.0,0.0,196608.0
243,0,1,675,675,4194304,256,0,0,12,4,32,64,"void at::native::vectorized_elementwise_kernel<4, at::native::FillFunctor<int>, std::array<char*, 1ul> >(int, at::native::FillFunctor<int>, std::array<char*, 1ul>)",158970780666367,158970780708944,244,107,0.0,1136.0,60687.0,4078.0,0.0,0.0,0.0,13050300.0,13050300.0,0.0,0.0,0.0,0.0,65664.0,2097272.0,0.0,25163289.0,0.0,0.0,0.0
244,0,1,675,675,32768,512,0,0,108,4,48,64,matmulbias_kernel,158970781113789,158970781139808,245,196,0.0,1136.0,0.0,791.0,0.0,0.0,0.0,0.0,0.0,4194304.0,4096.0,0.0,147584.0,84093544.0,164344.0,0.0,16467006.0,262272.0,0.0,196608.0
245,0,1,675,675,4194304,256,0,0,12,4,32,64,"void at::native::vectorized_elementwise_kernel<4, at::native::FillFunctor<int>, std::array<char*, 1ul> >(int, at::native::FillFunctor<int>, std::array<char*, 1ul>)",158970781536915,158970781579291,246,107,0.0,1136.0,60750.0,3027.0,0.0,0.0,0.0,9968894.0,9968894.0,0.0,0.0,0.0,0.0,63652.0,2097272.0,0.0,25133097.0,0.0,0.0,0.0
246,0,1,675,675,32768,512,0,0,108,4,48,64,matmulbias_kernel,158970781978603,158970782004743,247,196,0.0,1136.0,0.0,742.0,0.0,0.0,0.0,0.0,0.0,4194304.0,4096.0,0.0,147584.0,84099470.0,164344.0,0.0,16534001.0,262272.0,0.0,196608.0
247,0,1,675,675,4194304,256,0,0,12,4,32,64,"void at::native::vectorized_elementwise_kernel<4, at::native::FillFunctor<int>, std::array<char*, 1ul> >(int, at::native::FillFunctor<int>, std::array<char*, 1ul>)",158970782392107,158970782434364,248,107,0.0,1136.0,60745.0,3032.0,0.0,0.0,0.0,9586008.0,9586008.0,0.0,0.0,0.0,0.0,66313.0,2097256.0,0.0,25069433.0,0.0,0.0,0.0
248,0,1,675,675,32768,512,0,0,108,4,48,64,matmulbias_kernel,158970782826860,158970782852598,249,196,0.0,1136.0,0.0,726.0,0.0,0.0,0.0,0.0,0.0,4194304.0,4096.0,0.0,147584.0,83549296.0,164344.0,0.0,16112343.0,262272.0,0.0,196608.0
249,0,1,675,675,4194304,256,0,0,12,4,32,64,"void at::native::vectorized_elementwise_kernel<4, at::native::FillFunctor<int>, std::array<char*, 1ul> >(int, at::native::FillFunctor<int>, std::array<char*, 1ul>)",158970783235272,158970783277529,250,107,0.0,1136.0,60742.0,2999.0,0.0,0.0,0.0,10576662.0,10576662.0,0.0,0.0,0.0,0.0,64368.0,2097272.0,0.0,25065183.0,0.0,0.0,0.0
250,0,1,675,675,32768,512,0,0,108,4,48,64,matmulbias_kernel,158970783663049,158970783688707,251,196,0.0,1136.0,0.0,746.0,0.0,0.0,0.0,0.0,0.0,4194304.0,4096.0,0.0,147584.0,83655318.0,164344.0,0.0,16146836.0,262272.0,0.0,196608.0
251,0,1,675,675,4194304,256,0,0,12,4,32,64,"void at::native::vectorized_elementwise_kernel<4, at::native::FillFunctor<int>, std::array<char*, 1ul> >(int, at::native::FillFunctor<int>, std::array<char*, 1ul>)",158970784074829,158970784117005,252,107,0.0,1136.0,60792.0,3029.0,0.0,0.0,0.0,8602594.0,8602594.0,0.0,0.0,0.0,0.0,67963.0,2097272.0,0.0,25030161.0,0.0,0.0,0.0
252,0,1,675,675,32768,512,0,0,108,4,48,64,matmulbias_kernel,158970784517640,158970784543579,253,196,0.0,1136.0,0.0,728.0,0.0,0.0,0.0,0.0,0.0,4194304.0,4096.0,0.0,147584.0,83252865.0,164344.0,0.0,16283367.0,262272.0,0.0,196608.0
253,0,1,675,675,4194304,256,0,0,12,4,32,64,"void at::native::vectorized_elementwise_kernel<4, at::native::FillFunctor<int>, std::array<char*, 1ul> >(int, at::native::FillFunctor<int>, std::array<char*, 1ul>)",158970784935073,158970784977289,254,107,0.0,1136.0,60749.0,3011.0,0.0,0.0,0.0,11028228.0,11028228.0,0.0,0.0,0.0,0.0,62443.0,2097272.0,0.0,25109747.0,0.0,0.0,0.0
254,0,1,675,675,32768,512,0,0,108,4,48,64,matmulbias_kernel,158970785369425,158970785395364,255,196,0.0,1136.0,0.0,794.0,0.0,0.0,0.0,0.0,0.0,4194304.0,4096.0,0.0,147584.0,84394784.0,164344.0,0.0,16421563.0,262272.0,0.0,196608.0
255,0,1,675,675,4194304,256,0,0,12,4,32,64,"void at::native::vectorized_elementwise_kernel<4, at::native::FillFunctor<int>, std::array<char*, 1ul> >(int, at::native::FillFunctor<int>, std::array<char*, 1ul>)",158970785784332,158970785826829,256,107,0.0,1136.0,60764.0,2999.0,0.0,0.0,0.0,9890072.0,9890072.0,0.0,0.0,0.0,0.0,61222.0,2097272.0,0.0,25015143.0,0.0,0.0,0.0
256,0,1,675,675,32768,512,0,0,108,4,48,64,matmulbias_kernel,158970786211307,158970786237166,257,196,0.0,1136.0,0.0,793.0,0.0,0.0,0.0,0.0,0.0,4194304.0,4096.0,0.0,147584.0,83067536.0,164328.0,0.0,16341154.0,262272.0,0.0,196608.0
257,0,1,675,675,4194304,256,0,0,12,4,32,64,"void at::native::vectorized_elementwise_kernel<4, at::native::FillFunctor<int>, std::array<char*, 1ul> >(int, at::native::FillFunctor<int>, std::array<char*, 1ul>)",158970786636036,158970786678854,258,107,0.0,1136.0,60753.0,3035.0,0.0,0.0,0.0,10496250.0,10496250.0,0.0,0.0,0.0,0.0,64767.0,2097272.0,0.0,25145111.0,0.0,0.0,0.0
258,0,1,675,675,32768,512,0,0,108,4,48,64,matmulbias_kernel,158970787060285,158970787086184,259,196,0.0,1136.0,0.0,770.0,0.0,0.0,0.0,0.0,0.0,4194304.0,4096.0,0.0,147584.0,83703794.0,164344.0,0.0,16443881.0,262272.0,0.0,196608.0
259,0,1,675,675,4194304,256,0,0,12,4,32,64,"void at::native::vectorized_elementwise_kernel<4, at::native::FillFunctor<int>, std::array<char*, 1ul> >(int, at::native::FillFunctor<int>, std::array<char*, 1ul>)",158970787478800,158970787521097,260,107,0.0,1136.0,60778.0,3071.0,0.0,0.0,0.0,8689438.0,8689438.0,0.0,0.0,0.0,0.0,63234.0,2097272.0,0.0,25127946.0,0.0,0.0,0.0
260,0,1,675,675,32768,512,0,0,108,4,48,64,matmulbias_kernel,158970787914996,158970787941136,261,196,0.0,1136.0,0.0,724.0,0.0,0.0,0.0,0.0,0.0,4194304.0,4096.0,0.0,147584.0,83308278.0,164328.0,0.0,16251908.0,262272.0,0.0,196608.0
261,0,1,675,675,4194304,256,0,0,12,4,32,64,"void at::native::vectorized_elementwise_kernel<4, at::native::FillFunctor<int>, std::array<char*, 1ul> >(int, at::native::FillFunctor<int>, std::array<char*, 1ul>)",158970788322326,158970788364984,262,107,0.0,1136.0,60716.0,3047.0,0.0,0.0,0.0,12803220.0,12803220.0,0.0,0.0,0.0,0.0,66045.0,2097272.0,0.0,25280443.0,0.0,0.0,0.0
262,0,1,675,675,32768,512,0,0,108,4,48,64,matmulbias_kernel,158970788750103,158970788776202,263,196,0.0,1136.0,0.0,780.0,0.0,0.0,0.0,0.0,0.0,4194304.0,4096.0,0.0,147584.0,83417738.0,164344.0,0.0,16359563.0,262272.0,0.0,196608.0
263,0,1,675,675,4194304,256,0,0,12,4,32,64,"void at::native::vectorized_elementwise_kernel<4, at::native::FillFunctor<int>, std::array<char*, 1ul> >(int, at::native::FillFunctor<int>, std::array<char*, 1ul>)",158970789156872,158970789199328,264,107,0.0,1136.0,60740.0,3043.0,0.0,0.0,0.0,10061046.0,10061046.0,0.0,0.0,0.0,0.0,66992.0,2097272.0,0.0,25093870.0,0.0,0.0,0.0
264,0,1,675,675,32768,512,0,0,108,4,48,64,matmulbias_kernel,158970789578193,158970789603772,265,196,0.0,1136.0,0.0,790.0,0.0,0.0,0.0,0.0,0.0,4194304.0,4096.0,0.0,147584.0,83097031.0,164344.0,0.0,16105311.0,262272.0,0.0,196608.0
265,0,1,675,675,4194304,256,0,0,12,4,32,64,"void at::native::vectorized_elementwise_kernel<4, at::native::FillFunctor<int>, std::array<char*, 1ul> >(int, at::native::FillFunctor<int>, std::array<char*, 1ul>)",158970789994825,158970790036881,266,107,0.0,1136.0,60803.0,3088.0,0.0,0.0,0.0,8571600.0,8571600.0,0.0,0.0,0.0,0.0,62506.0,2097272.0,0.0,25069213.0,0.0,0.0,0.0
266,0,1,675,675,32768,512,0,0,108,4,48,64,matmulbias_kernel,158970790429778,158970790455637,267,196,0.0,1136.0,0.0,770.0,0.0,0.0,0.0,0.0,0.0,4194304.0,4096.0,0.0,147584.0,83400736.0,164344.0,0.0,16264094.0,262272.0,0.0,196608.0
267,0,1,675,675,4194304,256,0,0,12,4,32,64,"void at::native::vectorized_elementwise_kernel<4, at::native::FillFunctor<int>, std::array<char*, 1ul> >(int, at::native::FillFunctor<int>, std::array<char*, 1ul>)",158970790842039,158970790884536,268,107,0.0,1136.0,60752.0,3708.0,0.0,0.0,0.0,10162056.0,10162056.0,0.0,0.0,0.0,0.0,67561.0,2097272.0,0.0,25162727.0,0.0,0.0,0.0
268,0,1,675,675,32768,512,0,0,108,4,48,64,matmulbias_kernel,158970791273143,158970791299163,269,196,0.0,1136.0,0.0,772.0,0.0,0.0,0.0,0.0,0.0,4194304.0,4096.0,0.0,147584.0,83211089.0,164344.0,0.0,16289514.0,262272.0,0.0,196608.0
269,0,1,675,675,4194304,256,0,0,12,4,32,64,"void at::native::vectorized_elementwise_kernel<4, at::native::FillFunctor<int>, std::array<char*, 1ul> >(int, at::native::FillFunctor<int>, std::array<char*, 1ul>)",158970791675742,158970791718079,270,107,0.0,1136.0,60790.0,3004.0,0.0,0.0,0.0,8505402.0,8505402.0,0.0,0.0,0.0,0.0,65517.0,2097272.0,0.0,25096707.0,0.0,0.0,0.0
270,0,1,675,675,32768,512,0,0,108,4,48,64,matmulbias_kernel,158970792110455,158970792136073,271,196,0.0,1136.0,0.0,888.0,0.0,0.0,0.0,0.0,0.0,4194304.0,4096.0,0.0,147584.0,84057553.0,164328.0,0.0,16356344.0,262272.0,0.0,196608.0
271,0,1,675,675,4194304,256,0,0,12,4,32,64,"void at::native::vectorized_elementwise_kernel<4, at::native::FillFunctor<int>, std::array<char*, 1ul> >(int, at::native::FillFunctor<int>, std::array<char*, 1ul>)",158970792524039,158970792566456,272,107,0.0,1136.0,60800.0,2970.0,0.0,0.0,0.0,7859188.0,7859188.0,0.0,0.0,0.0,0.0,64045.0,2097272.0,0.0,25102984.0,0.0,0.0,0.0
272,0,1,675,675,32768,512,0,0,108,4,48,64,matmulbias_kernel,158970792954381,158970792980481,273,196,0.0,1136.0,0.0,730.0,0.0,0.0,0.0,0.0,0.0,4194304.0,4096.0,0.0,147584.0,82998163.0,164344.0,0.0,16409110.0,262272.0,0.0,196608.0
273,0,1,675,675,4194304,256,0,0,12,4,32,64,"void at::native::vectorized_elementwise_kernel<4, at::native::FillFunctor<int>, std::array<char*, 1ul> >(int, at::native::FillFunctor<int>, std::array<char*, 1ul>)",158970793353402,158970793395939,274,107,0.0,1136.0,60756.0,3011.0,0.0,0.0,0.0,9844322.0,9844322.0,0.0,0.0,0.0,0.0,68190.0,2097272.0,0.0,25136540.0,0.0,0.0,0.0
274,0,1,675,675,32768,512,0,0,108,4,48,64,matmulbias_kernel,158970793801217,158970793827036,275,196,0.0,1088.0,0.0,763.0,0.0,0.0,0.0,0.0,0.0,4194304.0,4096.0,0.0,147584.0,83100700.0,164344.0,0.0,16189273.0,262272.0,0.0,196608.0
275,0,1,675,675,4194304,256,0,0,12,4,32,64,"void at::native::vectorized_elementwise_kernel<4, at::native::FillFunctor<int>, std::array<char*, 1ul> >(int, at::native::FillFunctor<int>, std::array<char*, 1ul>)",158970794199601,158970794242178,276,107,0.0,1136.0,60740.0,3046.0,0.0,0.0,0.0,11331916.0,11331916.0,0.0,0.0,0.0,0.0,57687.0,2097256.0,0.0,25213799.0,0.0,0.0,0.0
276,0,1,675,675,32768,512,0,0,108,4,48,64,matmulbias_kernel,158970794634789,158970794660527,277,196,0.0,1136.0,0.0,759.0,0.0,0.0,0.0,0.0,0.0,4194304.0,4096.0,0.0,147584.0,83365156.0,164344.0,0.0,16244751.0,262272.0,0.0,196608.0
277,0,1,675,675,4194304,256,0,0,12,4,32,64,"void at::native::vectorized_elementwise_kernel<4, at::native::FillFunctor<int>, std::array<char*, 1ul> >(int, at::native::FillFunctor<int>, std::array<char*, 1ul>)",158970795047124,158970795089661,278,107,0.0,1136.0,60748.0,3089.0,0.0,0.0,0.0,11045748.0,11045748.0,0.0,0.0,0.0,0.0,62619.0,2097272.0,0.0,24961518.0,0.0,0.0,0.0
278,0,1,675,675,32768,512,0,0,108,4,48,64,matmulbias_kernel,158970795472770,158970795498548,279,196,0.0,1136.0,0.0,798.0,0.0,0.0,0.0,0.0,0.0,4194304.0,4096.0,0.0,147584.0,83204658.0,164344.0,0.0,16244963.0,262272.0,0.0,196608.0
279,0,1,675,675,4194304,256,0,0,12,4,32,64,"void at::native::vectorized_elementwise_kernel<4, at::native::FillFunctor<int>, std::array<char*, 1ul> >(int, at::native::FillFunctor<int>, std::array<char*, 1ul>)",158970795873238,158970795915655,280,107,0.0,1136.0,60748.0,3060.0,0.0,0.0,0.0,11399314.0,11399314.0,0.0,0.0,0.0,0.0,57534.0,2097256.0,0.0,25189254.0,0.0,0.0,0.0
280,0,1,675,675,32768,512,0,0,108,4,48,64,matmulbias_kernel,158970796304417,158970796330035,281,196,0.0,1136.0,0.0,742.0,0.0,0.0,0.0,0.0,0.0,4194304.0,4096.0,0.0,147584.0,83692664.0,164344.0,0.0,16280686.0,262272.0,0.0,196608.0
281,0,1,675,675,4194304,256,0,0,12,4,32,64,"void at::native::vectorized_elementwise_kernel<4, at::native::FillFunctor<int>, std::array<char*, 1ul> >(int, at::native::FillFunctor<int>, std::array<char*, 1ul>)",158970796716672,158970796759048,282,107,0.0,1136.0,60735.0,3034.0,0.0,0.0,0.0,10848542.0,10848542.0,0.0,0.0,0.0,0.0,63412.0,2097272.0,0.0,25193035.0,0.0,0.0,0.0
282,0,1,675,675,32768,512,0,0,108,4,48,64,matmulbias_kernel,158970797141355,158970797166933,283,196,0.0,1136.0,0.0,761.0,0.0,0.0,0.0,0.0,0.0,4194304.0,4096.0,0.0,147584.0,83645736.0,164344.0,0.0,16139451.0,262272.0,0.0,196608.0
283,0,1,675,675,4194304,256,0,0,12,4,32,64,"void at::native::vectorized_elementwise_kernel<4, at::native::FillFunctor<int>, std::array<char*, 1ul> >(int, at::native::FillFunctor<int>, std::array<char*, 1ul>)",158970797544229,158970797586606,284,107,0.0,1136.0,60776.0,2975.0,0.0,0.0,0.0,9388122.0,9388122.0,0.0,0.0,0.0,0.0,62901.0,2097272.0,0.0,25036176.0,0.0,0.0,0.0
284,0,1,675,675,32768,512,0,0,108,4,48,64,matmulbias_kernel,158970797961857,158970797987635,285,196,0.0,1136.0,0.0,776.0,0.0,0.0,0.0,0.0,0.0,4194304.0,4096.0,0.0,147584.0,83652546.0,164344.0,0.0,16287681.0,262272.0,0.0,196608.0
285,0,1,675,675,4194304,256,0,0,12,4,32,64,"void at::native::vectorized_elementwise_kernel<4, at::native::FillFunctor<int>, std::array<char*, 1ul> >(int, at::native::FillFunctor<int>, std::array<char*, 1ul>)",158970798372068,158970798414444,286,107,0.0,1136.0,60744.0,3002.0,0.0,0.0,0.0,10821338.0,10821338.0,0.0,0.0,0.0,0.0,66459.0,2097272.0,0.0,25086216.0,0.0,0.0,0.0
286,0,1,675,675,32768,512,0,0,108,4,48,64,matmulbias_kernel,158970798799317,158970798824975,287,196,0.0,1136.0,0.0,771.0,0.0,0.0,0.0,0.0,0.0,4194304.0,4096.0,0.0,147584.0,83619270.0,164328.0,0.0,16230058.0,262272.0,0.0,196608.0
287,0,1,675,675,4194304,256,0,0,12,4,32,64,"void at::native::vectorized_elementwise_kernel<4, at::native::FillFunctor<int>, std::array<char*, 1ul> >(int, at::native::FillFunctor<int>, std::array<char*, 1ul>)",158970799214379,158970799256514,288,107,0.0,1136.0,60739.0,3022.0,0.0,0.0,0.0,11486266.0,11486266.0,0.0,0.0,0.0,0.0,62376.0,2097272.0,0.0,25028974.0,0.0,0.0,0.0
288,0,1,675,675,32768,512,0,0,108,4,48,64,matmulbias_kernel,158970799643793,158970799669852,289,196,0.0,1136.0,0.0,789.0,0.0,0.0,0.0,0.0,0.0,4194304.0,4096.0,0.0,147584.0,83522917.0,164344.0,0.0,16349108.0,262272.0,0.0,196608.0
289,0,1,675,675,4194304,256,0,0,12,4,32,64,"void at::native::vectorized_elementwise_kernel<4, at::native::FillFunctor<int>, std::array<char*, 1ul> >(int, at::native::FillFunctor<int>, std::array<char*, 1ul>)",158970800056088,158970800098384,290,107,0.0,1136.0,60744.0,3045.0,0.0,0.0,0.0,11591502.0,11591502.0,0.0,0.0,0.0,0.0,64789.0,2097272.0,0.0,25068456.0,0.0,0.0,0.0
290,0,1,675,675,32768,512,0,0,108,4,48,64,matmulbias_kernel,158970800480331,158970800505949,291,196,0.0,1136.0,0.0,777.0,0.0,0.0,0.0,0.0,0.0,4194304.0,4096.0,0.0,147584.0,83217642.0,164328.0,0.0,16185512.0,262272.0,0.0,196608.0
291,0,1,675,675,4194304,256,0,0,12,4,32,64,"void at::native::vectorized_elementwise_kernel<4, at::native::FillFunctor<int>, std::array<char*, 1ul> >(int, at::native::FillFunctor<int>, std::array<char*, 1ul>)",158970800882323,158970800924579,292,107,0.0,1136.0,60756.0,3432.0,0.0,0.0,0.0,9930506.0,9930506.0,0.0,0.0,0.0,0.0,63818.0,2097272.0,0.0,25074134.0,0.0,0.0,0.0
292,0,1,675,675,32768,512,0,0,108,4,48,64,matmulbias_kernel,158970801306806,158970801332584,293,196,0.0,1136.0,0.0,724.0,0.0,0.0,0.0,0.0,0.0,4194304.0,4096.0,0.0,147584.0,83740258.0,164344.0,0.0,16253579.0,262272.0,0.0,196608.0
293,0,1,675,675,4194304,256,0,0,12,4,32,64,"void at::native::vectorized_elementwise_kernel<4, at::native::FillFunctor<int>, std::array<char*, 1ul> >(int, at::native::FillFunctor<int>, std::array<char*, 1ul>)",158970801715734,158970801758471,294,107,0.0,1136.0,60720.0,3770.0,0.0,0.0,0.0,12157596.0,12157596.0,0.0,0.0,0.0,0.0,68435.0,2097272.0,0.0,25312933.0,0.0,0.0,0.0
294,0,1,675,675,32768,512,0,0,108,4,48,64,matmulbias_kernel,158970802145509,158970802171167,295,196,0.0,1136.0,0.0,785.0,0.0,0.0,0.0,0.0,0.0,4194304.0,4096.0,0.0,147584.0,83592682.0,164344.0,0.0,16251127.0,262272.0,0.0,196608.0
295,0,1,675,675,4194304,256,0,0,12,4,32,64,"void at::native::vectorized_elementwise_kernel<4, at::native::FillFunctor<int>, std::array<char*, 1ul> >(int, at::native::FillFunctor<int>, std::array<char*, 1ul>)",158970802542890,158970802585547,296,107,0.0,1136.0,60751.0,3068.0,0.0,0.0,0.0,11238202.0,11238202.0,0.0,0.0,0.0,0.0,64396.0,2097272.0,0.0,25183191.0,0.0,0.0,0.0
296,0,1,675,675,32768,512,0,0,108,4,48,64,matmulbias_kernel,158970802964727,158970802990345,297,196,0.0,1136.0,0.0,770.0,0.0,0.0,0.0,0.0,0.0,4194304.0,4096.0,0.0,147584.0,83086068.0,164344.0,0.0,16080908.0,262272.0,0.0,196608.0
297,0,1,675,675,4194304,256,0,0,12,4,32,64,"void at::native::vectorized_elementwise_kernel<4, at::native::FillFunctor<int>, std::array<char*, 1ul> >(int, at::native::FillFunctor<int>, std::array<char*, 1ul>)",158970803378466,158970803420602,298,107,0.0,1136.0,60769.0,3074.0,0.0,0.0,0.0,9385460.0,9385460.0,0.0,0.0,0.0,0.0,63868.0,2097272.0,0.0,24990365.0,0.0,0.0,0.0
298,0,1,675,675,32768,512,0,0,108,4,48,64,matmulbias_kernel,158970803809484,158970803835062,299,196,0.0,1136.0,0.0,714.0,0.0,0.0,0.0,0.0,0.0,4194304.0,4096.0,0.0,147584.0,82744159.0,164328.0,0.0,16100676.0,262272.0,0.0,196608.0
299,0,1,675,675,4194304,256,0,0,12,4,32,64,"void at::native::vectorized_elementwise_kernel<4, at::native::FillFunctor<int>, std::array<char*, 1ul> >(int, at::native::FillFunctor<int>, std::array<char*, 1ul>)",158970804211596,158970804253932,300,107,0.0,1136.0,60778.0,3038.0,0.0,0.0,0.0,9332142.0,9332142.0,0.0,0.0,0.0,0.0,63384.0,2097272.0,0.0,25155921.0,0.0,0.0,0.0
300,0,1,675,675,32768,512,0,0,108,4,48,64,matmulbias_kernel,158970804629344,158970804655243,301,196,0.0,1136.0,0.0,809.0,0.0,0.0,0.0,0.0,0.0,4194304.0,4096.0,0.0,147584.0,83792895.0,164344.0,0.0,16389661.0,262272.0,0.0,196608.0
301,0,1,675,675,4194304,256,0,0,12,4,32,64,"void at::native::vectorized_elementwise_kernel<4, at::native::FillFunctor<int>, std::array<char*, 1ul> >(int, at::native::FillFunctor<int>, std::array<char*, 1ul>)",158970805028409,158970805070585,302,107,0.0,1136.0,60777.0,2992.0,0.0,0.0,0.0,8393720.0,8393720.0,0.0,0.0,0.0,0.0,61304.0,2097256.0,0.0,24953585.0,0.0,0.0,0.0
302,0,1,675,675,32768,512,0,0,108,4,48,64,matmulbias_kernel,158970805445395,158970805471334,303,196,0.0,1136.0,0.0,790.0,0.0,0.0,0.0,0.0,0.0,4194304.0,4096.0,0.0,147584.0,83102720.0,164344.0,0.0,16338557.0,262272.0,0.0,196608.0
303,0,1,675,675,4194304,256,0,0,12,4,32,64,"void at::native::vectorized_elementwise_kernel<4, at::native::FillFunctor<int>, std::array<char*, 1ul> >(int, at::native::FillFunctor<int>, std::array<char*, 1ul>)",158970805845262,158970805887438,304,107,0.0,1136.0,60820.0,3040.0,0.0,0.0,0.0,8743546.0,8743546.0,0.0,0.0,0.0,0.0,61615.0,2097272.0,0.0,24961347.0,0.0,0.0,0.0
304,0,1,675,675,32768,512,0,0,108,4,48,64,matmulbias_kernel,158970806264614,158970806290312,305,196,0.0,1136.0,0.0,730.0,0.0,0.0,0.0,0.0,0.0,4194304.0,4096.0,0.0,147584.0,83659809.0,164344.0,0.0,16237766.0,262272.0,0.0,196608.0
305,0,1,675,675,4194304,256,0,0,12,4,32,64,"void at::native::vectorized_elementwise_kernel<4, at::native::FillFunctor<int>, std::array<char*, 1ul> >(int, at::native::FillFunctor<int>, std::array<char*, 1ul>)",158970806668169,158970806710786,306,107,0.0,1136.0,60760.0,3028.0,0.0,0.0,0.0,10795706.0,10795706.0,0.0,0.0,0.0,0.0,61663.0,2097272.0,0.0,25108487.0,0.0,0.0,0.0
306,0,1,675,675,32768,512,0,0,108,4,48,64,matmulbias_kernel,158970807078701,158970807104680,307,196,0.0,1136.0,0.0,741.0,0.0,0.0,0.0,0.0,0.0,4194304.0,4096.0,0.0,147584.0,83009673.0,164344.0,0.0,16255367.0,262272.0,0.0,196608.0
307,0,1,675,675,4194304,256,0,0,12,4,32,64,"void at::native::vectorized_elementwise_kernel<4, at::native::FillFunctor<int>, std::array<char*, 1ul> >(int, at::native::FillFunctor<int>, std::array<char*, 1ul>)",158970807481014,158970807523390,308,107,0.0,1136.0,60725.0,3455.0,0.0,0.0,0.0,11747742.0,11747742.0,0.0,0.0,0.0,0.0,65118.0,2097272.0,0.0,25117402.0,0.0,0.0,0.0
308,0,1,675,675,32768,512,0,0,108,4,48,64,matmulbias_kernel,158970807897919,158970807923778,309,196,0.0,1136.0,0.0,788.0,0.0,0.0,0.0,0.0,0.0,4194304.0,4096.0,0.0,147584.0,83221372.0,164344.0,0.0,16294957.0,262272.0,0.0,196608.0
309,0,1,675,675,4194304,256,0,0,12,4,32,64,"void at::native::vectorized_elementwise_kernel<4, at::native::FillFunctor<int>, std::array<char*, 1ul> >(int, at::native::FillFunctor<int>, std::array<char*, 1ul>)",158970808292495,158970808334710,310,107,0.0,1136.0,60754.0,3089.0,0.0,0.0,0.0,10313752.0,10313752.0,0.0,0.0,0.0,0.0,63526.0,2097272.0,0.0,25121710.0,0.0,0.0,0.0
310,0,1,675,675,32768,512,0,0,108,4,48,64,matmulbias_kernel,158970808711245,158970808737103,311,196,0.0,1136.0,0.0,790.0,0.0,0.0,0.0,0.0,0.0,4194304.0,4096.0,0.0,147584.0,83554308.0,164344.0,0.0,16344279.0,262272.0,0.0,196608.0
311,0,1,675,675,4194304,256,0,0,12,4,32,64,"void at::native::vectorized_elementwise_kernel<4, at::native::FillFunctor<int>, std::array<char*, 1ul> >(int, at::native::FillFunctor<int>, std::array<char*, 1ul>)",158970809110791,158970809153007,312,107,0.0,1136.0,60752.0,3014.0,0.0,0.0,0.0,10420866.0,10420866.0,0.0,0.0,0.0,0.0,57411.0,2097256.0,0.0,25083476.0,0.0,0.0,0.0
312,0,1,675,675,32768,512,0,0,108,4,48,64,matmulbias_kernel,158970809533751,158970809559369,313,196,0.0,1136.0,0.0,739.0,0.0,0.0,0.0,0.0,0.0,4194304.0,4096.0,0.0,147584.0,83374035.0,164344.0,0.0,16297507.0,262272.0,0.0,196608.0
313,0,1,675,675,4194304,256,0,0,12,4,32,64,"void at::native::vectorized_elementwise_kernel<4, at::native::FillFunctor<int>, std::array<char*, 1ul> >(int, at::native::FillFunctor<int>, std::array<char*, 1ul>)",158970809933698,158970809976195,314,107,0.0,1136.0,60756.0,3085.0,0.0,0.0,0.0,10333460.0,10333460.0,0.0,0.0,0.0,0.0,64552.0,2097272.0,0.0,25133694.0,0.0,0.0,0.0
314,0,1,675,675,32768,512,0,0,108,4,48,64,matmulbias_kernel,158970810351727,158970810377505,315,196,0.0,1136.0,0.0,742.0,0.0,0.0,0.0,0.0,0.0,4194304.0,4096.0,0.0,147584.0,83502585.0,164344.0,0.0,16162476.0,262272.0,0.0,196608.0
315,0,1,675,675,4194304,256,0,0,12,4,32,64,"void at::native::vectorized_elementwise_kernel<4, at::native::FillFunctor<int>, std::array<char*, 1ul> >(int, at::native::FillFunctor<int>, std::array<char*, 1ul>)",158970810750511,158970810793128,316,107,0.0,1136.0,60855.0,3007.0,0.0,0.0,0.0,8718788.0,8718788.0,0.0,0.0,0.0,0.0,62394.0,2097272.0,0.0,25010460.0,0.0,0.0,0.0
316,0,1,675,675,32768,512,0,0,108,4,48,64,matmulbias_kernel,158970811165573,158970811191351,317,196,0.0,1136.0,0.0,794.0,0.0,0.0,0.0,0.0,0.0,4194304.0,4096.0,0.0,147584.0,83980330.0,164344.0,0.0,16343880.0,262272.0,0.0,196608.0
317,0,1,675,675,4194304,256,0,0,12,4,32,64,"void at::native::vectorized_elementwise_kernel<4, at::native::FillFunctor<int>, std::array<char*, 1ul> >(int, at::native::FillFunctor<int>, std::array<char*, 1ul>)",158970811562834,158970811605291,318,107,0.0,1136.0,60742.0,3016.0,0.0,0.0,0.0,10845858.0,10845858.0,0.0,0.0,0.0,0.0,64334.0,2097272.0,0.0,25074105.0,0.0,0.0,0.0
318,0,1,675,675,32768,512,0,0,108,4,48,64,matmulbias_kernel,158970811977375,158970812003434,319,196,0.0,1136.0,0.0,695.0,0.0,0.0,0.0,0.0,0.0,4194304.0,4096.0,0.0,147584.0,83324403.0,164344.0,0.0,16320399.0,262272.0,0.0,196608.0
319,0,1,675,675,4194304,256,0,0,12,4,32,64,"void at::native::vectorized_elementwise_kernel<4, at::native::FillFunctor<int>, std::array<char*, 1ul> >(int, at::native::FillFunctor<int>, std::array<char*, 1ul>)",158970812371469,158970812413564,320,107,0.0,1136.0,60712.0,3940.0,0.0,0.0,0.0,11540020.0,11540020.0,0.0,0.0,0.0,0.0,73981.0,2097272.0,0.0,25062062.0,0.0,0.0,0.0
320,0,1,675,675,32768,512,0,0,108,4,48,64,matmulbias_kernel,158970812780798,158970812806335,321,196,0.0,1136.0,0.0,834.0,0.0,0.0,0.0,0.0,0.0,4194304.0,4096.0,0.0,147584.0,82897614.0,164344.0,0.0,16194236.0,262272.0,0.0,196608.0
321,0,1,675,675,4194304,256,0,0,12,4,32,64,"void at::native::vectorized_elementwise_kernel<4, at::native::FillFunctor<int>, std::array<char*, 1ul> >(int, at::native::FillFunctor<int>, std::array<char*, 1ul>)",158970813172647,158970813214983,322,107,0.0,1136.0,60728.0,3002.0,0.0,0.0,0.0,11576104.0,11576104.0,0.0,0.0,0.0,0.0,63492.0,2097272.0,0.0,25080188.0,0.0,0.0,0.0
322,0,1,675,675,32768,512,0,0,108,4,48,64,matmulbias_kernel,158970813581975,158970813607633,323,196,0.0,1136.0,0.0,781.0,0.0,0.0,0.0,0.0,0.0,4194304.0,4096.0,0.0,147584.0,82837073.0,164344.0,0.0,16218075.0,262272.0,0.0,196608.0
323,0,1,675,675,4194304,256,0,0,12,4,32,64,"void at::native::vectorized_elementwise_kernel<4, at::native::FillFunctor<int>, std::array<char*, 1ul> >(int, at::native::FillFunctor<int>, std::array<char*, 1ul>)",158970813980600,158970814022896,324,107,0.0,1136.0,60872.0,3006.0,0.0,0.0,0.0,8290676.0,8290676.0,0.0,0.0,0.0,0.0,59990.0,2097272.0,0.0,25148224.0,0.0,0.0,0.0
324,0,1,675,675,32768,512,0,0,108,4,48,64,matmulbias_kernel,158970814394258,158970814420197,325,196,0.0,1136.0,0.0,779.0,0.0,0.0,0.0,0.0,0.0,4194304.0,4096.0,0.0,147584.0,83016437.0,164344.0,0.0,16334829.0,262272.0,0.0,196608.0
325,0,1,675,675,4194304,256,0,0,12,4,32,64,"void at::native::vectorized_elementwise_kernel<4, at::native::FillFunctor<int>, std::array<char*, 1ul> >(int, at::native::FillFunctor<int>, std::array<char*, 1ul>)",158970814789074,158970814831370,326,107,0.0,1136.0,60738.0,3372.0,0.0,0.0,0.0,11172662.0,11172662.0,0.0,0.0,0.0,0.0,62723.0,2097272.0,0.0,25029799.0,0.0,0.0,0.0
326,0,1,675,675,32768,512,0,0,108,4,48,64,matmulbias_kernel,158970815195476,158970815221294,327,196,0.0,1136.0,0.0,775.0,0.0,0.0,0.0,0.0,0.0,4194304.0,4096.0,0.0,147584.0,83222361.0,164344.0,0.0,16343208.0,262272.0,0.0,196608.0
327,0,1,675,675,4194304,256,0,0,12,4,32,64,"void at::native::vectorized_elementwise_kernel<4, at::native::FillFunctor<int>, std::array<char*, 1ul> >(int, at::native::FillFunctor<int>, std::array<char*, 1ul>)",158970815594341,158970815636717,328,107,0.0,1136.0,60755.0,3074.0,0.0,0.0,0.0,9379488.0,9379488.0,0.0,0.0,0.0,0.0,65111.0,2097272.0,0.0,25021711.0,0.0,0.0,0.0
328,0,1,675,675,32768,512,0,0,108,4,48,64,matmulbias_kernel,158970816004151,158970816030170,329,196,0.0,1136.0,0.0,695.0,0.0,0.0,0.0,0.0,0.0,4194304.0,4096.0,0.0,147584.0,82924305.0,164344.0,0.0,16263140.0,262272.0,0.0,196608.0
329,0,1,675,675,4194304,256,0,0,12,4,32,64,"void at::native::vectorized_elementwise_kernel<4, at::native::FillFunctor<int>, std::array<char*, 1ul> >(int, at::native::FillFunctor<int>, std::array<char*, 1ul>)",158970816399327,158970816441543,330,107,0.0,1136.0,60854.0,3030.0,0.0,0.0,0.0,8628378.0,8628378.0,0.0,0.0,0.0,0.0,62762.0,2097272.0,0.0,25015618.0,0.0,0.0,0.0
330,0,1,675,675,32768,512,0,0,108,4,48,64,matmulbias_kernel,158970816808094,158970816833873,331,196,0.0,1136.0,0.0,827.0,0.0,0.0,0.0,0.0,0.0,4194304.0,4096.0,0.0,147584.0,83403891.0,164344.0,0.0,16326053.0,262272.0,0.0,196608.0
331,0,1,675,675,4194304,256,0,0,12,4,32,64,"void at::native::vectorized_elementwise_kernel<4, at::native::FillFunctor<int>, std::array<char*, 1ul> >(int, at::native::FillFunctor<int>, std::array<char*, 1ul>)",158970817195373,158970817237709,332,107,0.0,1136.0,60847.0,3009.0,0.0,0.0,0.0,8734688.0,8734688.0,0.0,0.0,0.0,0.0,60837.0,2097272.0,0.0,25266203.0,0.0,0.0,0.0
332,0,1,675,675,32768,512,0,0,108,4,48,64,matmulbias_kernel,158970817608751,158970817634730,333,196,0.0,1136.0,0.0,804.0,0.0,0.0,0.0,0.0,0.0,4194304.0,4096.0,0.0,147584.0,82701352.0,164344.0,0.0,16263177.0,262272.0,0.0,196608.0
333,0,1,675,675,4194304,256,0,0,12,4,32,64,"void at::native::vectorized_elementwise_kernel<4, at::native::FillFunctor<int>, std::array<char*, 1ul> >(int, at::native::FillFunctor<int>, std::array<char*, 1ul>)",158970817995308,158970818037484,334,107,0.0,1136.0,60756.0,3052.0,0.0,0.0,0.0,10152516.0,10152516.0,0.0,0.0,0.0,0.0,58155.0,2097256.0,0.0,25025328.0,0.0,0.0,0.0
334,0,1,675,675,32768,512,0,0,108,4,48,64,matmulbias_kernel,158970818418668,158970818444567,335,196,0.0,1136.0,0.0,754.0,0.0,0.0,0.0,0.0,0.0,4194304.0,4096.0,0.0,147584.0,83975050.0,164344.0,0.0,16369184.0,262272.0,0.0,196608.0
335,0,1,675,675,4194304,256,0,0,12,4,32,64,"void at::native::vectorized_elementwise_kernel<4, at::native::FillFunctor<int>, std::array<char*, 1ul> >(int, at::native::FillFunctor<int>, std::array<char*, 1ul>)",158970818807871,158970818850328,336,107,0.0,1136.0,60841.0,3041.0,0.0,0.0,0.0,8482948.0,8482948.0,0.0,0.0,0.0,0.0,62269.0,2097272.0,0.0,25070948.0,0.0,0.0,0.0
336,0,1,675,675,32768,512,0,0,108,4,48,64,matmulbias_kernel,158970819218804,158970819244703,337,196,0.0,1136.0,0.0,772.0,0.0,0.0,0.0,0.0,0.0,4194304.0,4096.0,0.0,147584.0,83415680.0,164344.0,0.0,16334997.0,262272.0,0.0,196608.0
337,0,1,675,675,4194304,256,0,0,12,4,32,64,"void at::native::vectorized_elementwise_kernel<4, at::native::FillFunctor<int>, std::array<char*, 1ul> >(int, at::native::FillFunctor<int>, std::array<char*, 1ul>)",158970819612417,158970819654713,338,107,0.0,1136.0,60760.0,3015.0,0.0,0.0,0.0,10100010.0,10100010.0,0.0,0.0,0.0,0.0,61184.0,2097272.0,0.0,25057633.0,0.0,0.0,0.0
338,0,1,675,675,32768,512,0,0,108,4,48,64,matmulbias_kernel,158970820020422,158970820046401,339,196,0.0,1136.0,0.0,770.0,0.0,0.0,0.0,0.0,0.0,4194304.0,4096.0,0.0,147584.0,83609485.0,164344.0,0.0,16374425.0,262272.0,0.0,196608.0
339,0,1,675,675,4194304,256,0,0,12,4,32,64,"void at::native::vectorized_elementwise_kernel<4, at::native::FillFunctor<int>, std::array<char*, 1ul> >(int, at::native::FillFunctor<int>, std::array<char*, 1ul>)",158970820415759,158970820458536,340,107,0.0,1136.0,60748.0,3175.0,0.0,0.0,0.0,10329014.0,10329014.0,0.0,0.0,0.0,0.0,65732.0,2097272.0,0.0,25211405.0,0.0,0.0,0.0
340,0,1,675,675,32768,512,0,0,108,4,48,64,matmulbias_kernel,158970820823845,158970820849584,341,196,0.0,1136.0,0.0,683.0,0.0,0.0,0.0,0.0,0.0,4194304.0,4096.0,0.0,147584.0,83157902.0,164344.0,0.0,16215615.0,262272.0,0.0,196608.0
341,0,1,675,675,4194304,256,0,0,12,4,32,64,"void at::native::vectorized_elementwise_kernel<4, at::native::FillFunctor<int>, std::array<char*, 1ul> >(int, at::native::FillFunctor<int>, std::array<char*, 1ul>)",158970821212447,158970821255224,342,107,0.0,1136.0,60768.0,3056.0,0.0,0.0,0.0,9712700.0,9712700.0,0.0,0.0,0.0,0.0,57330.0,2097256.0,0.0,25211301.0,0.0,0.0,0.0
342,0,1,675,675,32768,512,0,0,108,4,48,64,matmulbias_kernel,158970821620172,158970821646111,343,196,0.0,1136.0,0.0,795.0,0.0,0.0,0.0,0.0,0.0,4194304.0,4096.0,0.0,147584.0,83537775.0,164328.0,0.0,16294661.0,262272.0,0.0,196608.0
343,0,1,675,675,4194304,256,0,0,12,4,32,64,"void at::native::vectorized_elementwise_kernel<4, at::native::FillFunctor<int>, std::array<char*, 1ul> >(int, at::native::FillFunctor<int>, std::array<char*, 1ul>)",158970822009615,158970822051671,344,107,0.0,1136.0,60764.0,3006.0,0.0,0.0,0.0,9679112.0,9679112.0,0.0,0.0,0.0,0.0,63959.0,2097272.0,0.0,25035192.0,0.0,0.0,0.0
344,0,1,675,675,32768,512,0,0,108,4,48,64,matmulbias_kernel,158970822420508,158970822446046,345,196,0.0,1136.0,0.0,731.0,0.0,0.0,0.0,0.0,0.0,4194304.0,4096.0,0.0,147584.0,83511147.0,164328.0,0.0,16175368.0,262272.0,0.0,196608.0
345,0,1,675,675,4194304,256,0,0,12,4,32,64,"void at::native::vectorized_elementwise_kernel<4, at::native::FillFunctor<int>, std::array<char*, 1ul> >(int, at::native::FillFunctor<int>, std::array<char*, 1ul>)",158970822813279,158970822855735,346,107,0.0,1136.0,60744.0,4172.0,0.0,0.0,0.0,9687508.0,9687508.0,0.0,0.0,0.0,0.0,67468.0,2097272.0,0.0,25061711.0,0.0,0.0,0.0
346,0,1,675,675,32768,512,0,0,108,4,48,64,matmulbias_kernel,158970823214389,158970823240087,347,196,0.0,1136.0,0.0,747.0,0.0,0.0,0.0,0.0,0.0,4194304.0,4096.0,0.0,147584.0,83587207.0,164344.0,0.0,16361834.0,262272.0,0.0,196608.0
347,0,1,675,675,4194304,256,0,0,12,4,32,64,"void at::native::vectorized_elementwise_kernel<4, at::native::FillFunctor<int>, std::array<char*, 1ul> >(int, at::native::FillFunctor<int>, std::array<char*, 1ul>)",158970823603792,158970823646529,348,107,0.0,1136.0,60752.0,3109.0,0.0,0.0,0.0,10507066.0,10507066.0,0.0,0.0,0.0,0.0,64125.0,2097272.0,0.0,25164825.0,0.0,0.0,0.0
348,0,1,675,675,32768,512,0,0,108,4,48,64,matmulbias_kernel,158970824009433,158970824035331,349,196,0.0,1136.0,0.0,813.0,0.0,0.0,0.0,0.0,0.0,4194304.0,4096.0,0.0,147584.0,83004475.0,164328.0,0.0,16226726.0,262272.0,0.0,196608.0
349,0,1,675,675,4194304,256,0,0,12,4,32,64,"void at::native::vectorized_elementwise_kernel<4, at::native::FillFunctor<int>, std::array<char*, 1ul> >(int, at::native::FillFunctor<int>, std::array<char*, 1ul>)",158970824398154,158970824441172,350,107,0.0,1136.0,60767.0,3004.0,0.0,0.0,0.0,9819410.0,9819410.0,0.0,0.0,0.0,0.0,63507.0,2097272.0,0.0,25042251.0,0.0,0.0,0.0
350,0,1,675,675,32768,512,0,0,108,4,48,64,matmulbias_kernel,158970824803955,158970824829974,351,196,0.0,1136.0,0.0,734.0,0.0,0.0,0.0,0.0,0.0,4194304.0,4096.0,0.0,147584.0,83807711.0,164328.0,0.0,16406077.0,262272.0,0.0,196608.0
351,0,1,675,675,4194304,256,0,0,12,4,32,64,"void at::native::vectorized_elementwise_kernel<4, at::native::FillFunctor<int>, std::array<char*, 1ul> >(int, at::native::FillFunctor<int>, std::array<char*, 1ul>)",158970825199412,158970825241788,352,107,0.0,1136.0,60740.0,3150.0,0.0,0.0,0.0,9686050.0,9686050.0,0.0,0.0,0.0,0.0,69067.0,2097272.0,0.0,25127471.0,0.0,0.0,0.0
352,0,1,675,675,32768,512,0,0,108,4,48,64,matmulbias_kernel,158970825605734,158970825631633,353,196,0.0,1136.0,0.0,681.0,0.0,0.0,0.0,0.0,0.0,4194304.0,4096.0,0.0,147584.0,83735026.0,164344.0,0.0,16377261.0,262272.0,0.0,196608.0
353,0,1,675,675,4194304,256,0,0,12,4,32,64,"void at::native::vectorized_elementwise_kernel<4, at::native::FillFunctor<int>, std::array<char*, 1ul> >(int, at::native::FillFunctor<int>, std::array<char*, 1ul>)",158970825993013,158970826035509,354,107,0.0,1136.0,60831.0,3072.0,0.0,0.0,0.0,7778532.0,7778532.0,0.0,0.0,0.0,0.0,63016.0,2097272.0,0.0,25140916.0,0.0,0.0,0.0
354,0,1,675,675,32768,512,0,0,108,4,48,64,matmulbias_kernel,158970826394003,158970826419621,355,196,0.0,1136.0,0.0,809.0,0.0,0.0,0.0,0.0,0.0,4194304.0,4096.0,0.0,147584.0,83091556.0,164344.0,0.0,16198177.0,262272.0,0.0,196608.0
355,0,1,675,675,4194304,256,0,0,12,4,32,64,"void at::native::vectorized_elementwise_kernel<4, at::native::FillFunctor<int>, std::array<char*, 1ul> >(int, at::native::FillFunctor<int>, std::array<char*, 1ul>)",158970826781442,158970826823577,356,107,0.0,1136.0,60772.0,3049.0,0.0,0.0,0.0,9827612.0,9827612.0,0.0,0.0,0.0,0.0,61502.0,2097272.0,0.0,25151761.0,0.0,0.0,0.0
356,0,1,675,675,32768,512,0,0,108,4,48,64,matmulbias_kernel,158970827187844,158970827213542,357,196,0.0,1136.0,0.0,850.0,0.0,0.0,0.0,0.0,0.0,4194304.0,4096.0,0.0,147584.0,83216254.0,164344.0,0.0,16114942.0,262272.0,0.0,196608.0
357,0,1,675,675,4194304,256,0,0,12,4,32,64,"void at::native::vectorized_elementwise_kernel<4, at::native::FillFunctor<int>, std::array<char*, 1ul> >(int, at::native::FillFunctor<int>, std::array<char*, 1ul>)",158970827578730,158970827620946,358,107,0.0,1136.0,60770.0,2986.0,0.0,0.0,0.0,10015702.0,10015702.0,0.0,0.0,0.0,0.0,64833.0,2097272.0,0.0,25087087.0,0.0,0.0,0.0
358,0,1,675,675,32768,512,0,0,108,4,48,64,matmulbias_kernel,158970827986095,158970828011793,359,196,0.0,1136.0,0.0,746.0,0.0,0.0,0.0,0.0,0.0,4194304.0,4096.0,0.0,147584.0,83663976.0,164344.0,0.0,16277920.0,262272.0,0.0,196608.0
359,0,1,675,675,4194304,256,0,0,12,4,32,64,"void at::native::vectorized_elementwise_kernel<4, at::native::FillFunctor<int>, std::array<char*, 1ul> >(int, at::native::FillFunctor<int>, std::array<char*, 1ul>)",158970828378745,158970828421442,360,107,0.0,1136.0,60700.0,2997.0,0.0,0.0,0.0,13839830.0,13839830.0,0.0,0.0,0.0,0.0,63882.0,2097272.0,0.0,25197715.0,0.0,0.0,0.0
360,0,1,675,675,32768,512,0,0,108,4,48,64,matmulbias_kernel,158970828779134,158970828805113,361,196,0.0,1136.0,0.0,817.0,0.0,0.0,0.0,0.0,0.0,4194304.0,4096.0,0.0,147584.0,83407933.0,164328.0,0.0,16348736.0,262272.0,0.0,196608.0
361,0,1,675,675,4194304,256,0,0,12,4,32,64,"void at::native::vectorized_elementwise_kernel<4, at::native::FillFunctor<int>, std::array<char*, 1ul> >(int, at::native::FillFunctor<int>, std::array<char*, 1ul>)",158970829169419,158970829211836,362,107,0.0,1136.0,60798.0,3061.0,0.0,0.0,0.0,8249624.0,8249624.0,0.0,0.0,0.0,0.0,62594.0,2097272.0,0.0,25111012.0,0.0,0.0,0.0
362,0,1,675,675,32768,512,0,0,108,4,48,64,matmulbias_kernel,158970829573616,158970829599595,363,196,0.0,1136.0,0.0,692.0,0.0,0.0,0.0,0.0,0.0,4194304.0,4096.0,0.0,147584.0,83051138.0,164344.0,0.0,16194565.0,262272.0,0.0,196608.0
363,0,1,675,675,4194304,256,0,0,12,4,32,64,"void at::native::vectorized_elementwise_kernel<4, at::native::FillFunctor<int>, std::array<char*, 1ul> >(int, at::native::FillFunctor<int>, std::array<char*, 1ul>)",158970829962819,158970830005075,364,107,0.0,1136.0,60857.0,3049.0,0.0,0.0,0.0,7617432.0,7617432.0,0.0,0.0,0.0,0.0,62000.0,2097272.0,0.0,24890319.0,0.0,0.0,0.0
364,0,1,675,675,32768,512,0,0,108,4,48,64,matmulbias_kernel,158970830363689,158970830389427,365,196,0.0,1136.0,0.0,774.0,0.0,0.0,0.0,0.0,0.0,4194304.0,4096.0,0.0,147584.0,83381547.0,164344.0,0.0,16303893.0,262272.0,0.0,196608.0
365,0,1,675,675,4194304,256,0,0,12,4,32,64,"void at::native::vectorized_elementwise_kernel<4, at::native::FillFunctor<int>, std::array<char*, 1ul> >(int, at::native::FillFunctor<int>, std::array<char*, 1ul>)",158970830752812,158970830795268,366,107,0.0,1136.0,60760.0,3011.0,0.0,0.0,0.0,9444064.0,9444064.0,0.0,0.0,0.0,0.0,64770.0,2097272.0,0.0,25182619.0,0.0,0.0,0.0
366,0,1,675,675,32768,512,0,0,108,4,48,64,matmulbias_kernel,158970831157690,158970831183589,367,196,0.0,1136.0,0.0,735.0,0.0,0.0,0.0,0.0,0.0,4194304.0,4096.0,0.0,147584.0,82765895.0,164344.0,0.0,16240135.0,262272.0,0.0,196608.0
367,0,1,675,675,4194304,256,0,0,12,4,32,64,"void at::native::vectorized_elementwise_kernel<4, at::native::FillFunctor<int>, std::array<char*, 1ul> >(int, at::native::FillFunctor<int>, std::array<char*, 1ul>)",158970831544608,158970831586744,368,107,0.0,1136.0,60860.0,2975.0,0.0,0.0,0.0,7472224.0,7472224.0,0.0,0.0,0.0,0.0,57344.0,2097256.0,0.0,25065759.0,0.0,0.0,0.0
368,0,1,675,675,32768,512,0,0,108,4,48,64,matmulbias_kernel,158970831954137,158970831980276,369,196,0.0,1136.0,0.0,778.0,0.0,0.0,0.0,0.0,0.0,4194304.0,4096.0,0.0,147584.0,83729397.0,164344.0,0.0,16451498.0,262272.0,0.0,196608.0
369,0,1,675,675,4194304,256,0,0,12,4,32,64,"void at::native::vectorized_elementwise_kernel<4, at::native::FillFunctor<int>, std::array<char*, 1ul> >(int, at::native::FillFunctor<int>, std::array<char*, 1ul>)",158970832342699,158970832385235,370,107,0.0,1136.0,60749.0,3037.0,0.0,0.0,0.0,10201928.0,10201928.0,0.0,0.0,0.0,0.0,67032.0,2097272.0,0.0,25103140.0,0.0,0.0,0.0
370,0,1,675,675,32768,512,0,0,108,4,48,64,matmulbias_kernel,158970832744490,158970832770349,371,196,0.0,1136.0,0.0,752.0,0.0,0.0,0.0,0.0,0.0,4194304.0,4096.0,0.0,147584.0,82991481.0,164344.0,0.0,16252483.0,262272.0,0.0,196608.0
371,0,1,675,675,4194304,256,0,0,12,4,32,64,"void at::native::vectorized_elementwise_kernel<4, at::native::FillFunctor<int>, std::array<char*, 1ul> >(int, at::native::FillFunctor<int>, std::array<char*, 1ul>)",158970833127359,158970833169575,372,107,0.0,1136.0,60760.0,2910.0,0.0,0.0,0.0,10175072.0,10175072.0,0.0,0.0,0.0,0.0,62994.0,2097272.0,0.0,25106726.0,0.0,0.0,0.0
372,0,1,675,675,32768,512,0,0,108,4,48,64,matmulbias_kernel,158970833531195,158970833557094,373,196,0.0,1136.0,0.0,737.0,0.0,0.0,0.0,0.0,0.0,4194304.0,4096.0,0.0,147584.0,83246719.0,164344.0,0.0,16412131.0,262272.0,0.0,196608.0
373,0,1,675,675,4194304,256,0,0,12,4,32,64,"void at::native::vectorized_elementwise_kernel<4, at::native::FillFunctor<int>, std::array<char*, 1ul> >(int, at::native::FillFunctor<int>, std::array<char*, 1ul>)",158970833912300,158970833954997,374,107,0.0,1136.0,60696.0,3822.0,0.0,0.0,0.0,13242048.0,13242048.0,0.0,0.0,0.0,0.0,69868.0,2097272.0,0.0,25297230.0,0.0,0.0,0.0
374,0,1,675,675,32768,512,0,0,108,4,48,64,matmulbias_kernel,158970834315334,158970834340832,375,196,0.0,1136.0,0.0,790.0,0.0,0.0,0.0,0.0,0.0,4194304.0,4096.0,0.0,147584.0,83039688.0,164344.0,0.0,16163259.0,262272.0,0.0,196608.0
375,0,1,675,675,16384,256,0,0,16,192,48,64,matmulbias_kernel,158970861957824,158970861988533,376,27,0.0,8931.0,0.0,869.0,0.0,0.0,0.0,0.0,0.0,4194304.0,4096.0,0.0,147584.0,77391803.0,164704.0,0.0,19509257.0,262272.0,0.0,196608.0
376,0,1,675,675,512,256,0,0,8,0,32,64,"void at::native::(anonymous namespace)::CatArrayBatchedCopy_contig<at::native::(anonymous namespace)::OpaqueType<2u>, unsigned int, 1, 128, 1>(at::native::(anonymous namespace)::OpaqueType<2u>*, at::native::(anonymous namespace)::CatArrInputTensorMetadata<at::native::(anonymous namespace)::OpaqueType<2u>, unsigned int, 128, 1>, at::native::(anonymous namespace)::TensorSizeStride<unsigned int, 4u>, int, unsigned int)",158970884008441,158970884011128,377,323,0.0,8232.0,4.0,6.0,0.0,0.0,0.0,31782.0,31782.0,0.0,0.0,0.0,2.0,13469.0,40.0,0.0,1019080.0,2.0,0.0,0.0
377,0,1,675,675,512,256,0,0,8,0,32,64,"void at::native::(anonymous namespace)::CatArrayBatchedCopy_contig<at::native::(anonymous namespace)::OpaqueType<2u>, unsigned int, 1, 128, 1>(at::native::(anonymous namespace)::OpaqueType<2u>*, at::native::(anonymous namespace)::CatArrInputTensorMetadata<at::native::(anonymous namespace)::OpaqueType<2u>, unsigned int, 128, 1>, at::native::(anonymous namespace)::TensorSizeStride<unsigned int, 4u>, int, unsigned int)",158970884378401,158970884380485,378,323,0.0,1136.0,4.0,6.0,0.0,0.0,0.0,26268.0,26268.0,0.0,0.0,0.0,2.0,7438.0,20.0,0.0,985367.0,2.0,0.0,0.0
378,0,1,675,675,512,256,0,0,8,0,32,64,"void at::native::(anonymous namespace)::CatArrayBatchedCopy_contig<at::native::(anonymous namespace)::OpaqueType<2u>, unsigned int, 1, 128, 1>(at::native::(anonymous namespace)::OpaqueType<2u>*, at::native::(anonymous namespace)::CatArrInputTensorMetadata<at::native::(anonymous namespace)::OpaqueType<2u>, unsigned int, 128, 1>, at::native::(anonymous namespace)::TensorSizeStride<unsigned int, 4u>, int, unsigned int)",158970884742867,158970884744992,379,323,0.0,1136.0,4.0,6.0,0.0,0.0,0.0,22818.0,22818.0,0.0,0.0,0.0,2.0,7128.0,20.0,0.0,996978.0,2.0,0.0,0.0
379,0,1,675,675,512,256,0,0,8,0,32,64,"void at::native::(anonymous namespace)::CatArrayBatchedCopy_contig<at::native::(anonymous namespace)::OpaqueType<2u>, unsigned int, 1, 128, 1>(at::native::(anonymous namespace)::OpaqueType<2u>*, at::native::(anonymous namespace)::CatArrInputTensorMetadata<at::native::(anonymous namespace)::OpaqueType<2u>, unsigned int, 128, 1>, at::native::(anonymous namespace)::TensorSizeStride<unsigned int, 4u>, int, unsigned int)",158970885114591,158970885116595,380,323,0.0,1136.0,4.0,6.0,0.0,0.0,0.0,23964.0,23964.0,0.0,0.0,0.0,2.0,6456.0,20.0,0.0,1010027.0,2.0,0.0,0.0
380,0,1,675,675,512,256,0,0,8,0,32,64,"void at::native::(anonymous namespace)::CatArrayBatchedCopy_contig<at::native::(anonymous namespace)::OpaqueType<2u>, unsigned int, 1, 128, 1>(at::native::(anonymous namespace)::OpaqueType<2u>*, at::native::(anonymous namespace)::CatArrInputTensorMetadata<at::native::(anonymous namespace)::OpaqueType<2u>, unsigned int, 128, 1>, at::native::(anonymous namespace)::TensorSizeStride<unsigned int, 4u>, int, unsigned int)",158970885483668,158970885485793,381,323,0.0,1136.0,4.0,6.0,0.0,0.0,0.0,28678.0,28678.0,0.0,0.0,0.0,2.0,7466.0,20.0,0.0,998282.0,2.0,0.0,0.0
381,0,1,675,675,512,256,0,0,8,0,32,64,"void at::native::(anonymous namespace)::CatArrayBatchedCopy_contig<at::native::(anonymous namespace)::OpaqueType<2u>, unsigned int, 1, 128, 1>(at::native::(anonymous namespace)::OpaqueType<2u>*, at::native::(anonymous namespace)::CatArrInputTensorMetadata<at::native::(anonymous namespace)::OpaqueType<2u>, unsigned int, 128, 1>, at::native::(anonymous namespace)::TensorSizeStride<unsigned int, 4u>, int, unsigned int)",158970885848936,158970885851222,382,323,0.0,1136.0,4.0,6.0,0.0,0.0,0.0,32640.0,32640.0,0.0,0.0,0.0,2.0,8642.0,20.0,0.0,996919.0,2.0,0.0,0.0
382,0,1,675,675,1536,256,0,0,8,0,32,64,"void at::native::(anonymous namespace)::CatArrayBatchedCopy_contig<at::native::(anonymous namespace)::OpaqueType<2u>, unsigned int, 1, 128, 1>(at::native::(anonymous namespace)::OpaqueType<2u>*, at::native::(anonymous namespace)::CatArrInputTensorMetadata<at::native::(anonymous namespace)::OpaqueType<2u>, unsigned int, 128, 1>, at::native::(anonymous namespace)::TensorSizeStride<unsigned int, 4u>, int, unsigned int)",158970886216811,158970886219337,383,323,0.0,1136.0,12.0,18.0,0.0,0.0,0.0,89100.0,89100.0,0.0,0.0,0.0,6.0,25435.0,68.0,0.0,1134091.0,6.0,6.0,0.0
383,0,1,675,675,256,256,0,0,24,0,32,64,"void at::native::vectorized_elementwise_kernel<8, at::native::AbsFunctor<c10::Half>, std::array<char*, 2ul> >(int, at::native::AbsFunctor<c10::Half>, std::array<char*, 2ul>)",158970894149956,158970894152722,384,473,0.0,8402.0,0.0,6.0,0.0,0.0,0.0,9232.0,9232.0,0.0,0.0,0.0,1.0,15538.0,41.0,2.0,979251.0,1.0,1.0,0.0
384,0,1,675,675,256,256,0,0,24,0,32,64,"void at::native::vectorized_elementwise_kernel<8, at::native::AUnaryFunctor<c10::Half, c10::Half, bool, at::native::(anonymous namespace)::CompareEqFunctor<c10::Half> >, std::array<char*, 2ul> >(int, at::native::AUnaryFunctor<c10::Half, c10::Half, bool, at::native::(anonymous namespace)::CompareEqFunctor<c10::Half> >, std::array<char*, 2ul>)",158970945389572,158970945392499,385,735,0.0,1816.0,0.0,9.0,0.0,0.0,0.0,4758.0,4758.0,0.0,0.0,0.0,1.0,12163.0,40.0,0.0,986130.0,1.0,1.0,0.0
385,0,1,675,675,256,256,0,0,40,0,32,64,"void at::native::vectorized_elementwise_kernel<8, at::native::BinaryFunctor<c10::Half, c10::Half, bool, at::native::(anonymous namespace)::CompareEqFunctor<c10::Half> >, std::array<char*, 3ul> >(int, at::native::BinaryFunctor<c10::Half, c10::Half, bool, at::native::(anonymous namespace)::CompareEqFunctor<c10::Half> >, std::array<char*, 3ul>)",158970945789398,158970945791924,386,663,0.0,1088.0,0.0,10.0,0.0,0.0,0.0,8820.0,8820.0,0.0,0.0,0.0,1.0,19995.0,34.0,0.0,975606.0,1.0,1.0,0.0
386,0,1,675,675,256,256,0,0,36,4,80,64,"void at::native::vectorized_elementwise_kernel<16, at::native::BinaryFunctor<bool, bool, bool, at::native::binary_internal::MulFunctor<bool> >, std::array<char*, 3ul> >(int, at::native::BinaryFunctor<bool, bool, bool, at::native::binary_internal::MulFunctor<bool> >, std::array<char*, 3ul>)",158970970536535,158970970538981,387,866,0.0,1816.0,0.0,5.0,0.0,0.0,0.0,13608.0,13608.0,0.0,0.0,0.0,2.0,21361.0,55.0,0.0,976974.0,2.0,1.0,0.0
387,0,1,675,675,256,256,0,0,24,0,32,64,"void at::native::vectorized_elementwise_kernel<8, at::native::AUnaryFunctor<c10::Half, c10::Half, bool, at::native::(anonymous namespace)::CompareEqFunctor<c10::Half> >, std::array<char*, 2ul> >(int, at::native::AUnaryFunctor<c10::Half, c10::Half, bool, at::native::(anonymous namespace)::CompareEqFunctor<c10::Half> >, std::array<char*, 2ul>)",158970970908259,158970970911185,388,735,0.0,1136.0,0.0,9.0,0.0,0.0,0.0,3166.0,3166.0,0.0,0.0,0.0,1.0,12397.0,40.0,0.0,975284.0,1.0,1.0,0.0
388,0,1,675,675,256,256,0,0,36,4,80,64,"void at::native::vectorized_elementwise_kernel<16, at::native::BinaryFunctor<bool, bool, bool, at::native::BitwiseAndFunctor<bool> >, std::array<char*, 3ul> >(int, at::native::BinaryFunctor<bool, bool, bool, at::native::BitwiseAndFunctor<bool> >, std::array<char*, 3ul>)",158971000694049,158971000696776,389,1102,0.0,1816.0,0.0,12.0,0.0,0.0,0.0,13848.0,13848.0,0.0,0.0,0.0,2.0,12855.0,39.0,0.0,981514.0,2.0,1.0,0.0
389,0,1,675,675,256,256,512,0,8,0,32,64,"void rocprim::ROCPRIM_400001_NS::detail::block_reduce_kernel<true, false, 16u, rocprim::ROCPRIM_400001_NS::detail::wrapped_reduce_config<rocprim::ROCPRIM_400001_NS::default_config, int>, int, hipcub::HIPCUB_400000_NS::TransformInputIterator<bool, at::native::(anonymous namespace)::NonZeroOp<bool>, bool const*, long>, int*, int, hipcub::HIPCUB_400000_NS::detail::convert_binary_result_type_wrapper<hipcub::HIPCUB_400000_NS::Sum, hipcub::HIPCUB_400000_NS::TransformInputIterator<bool, at::native::(anonymous namespace)::NonZeroOp<bool>, bool const*, long>, int> >(hipcub::HIPCUB_400000_NS::TransformInputIterator<bool, at::native::(anonymous namespace)::NonZeroOp<bool>, bool const*, long>, unsigned long, int*, int, hipcub::HIPCUB_400000_NS::detail::convert_binary_result_type_wrapper<hipcub::HIPCUB_400000_NS::Sum, hipcub::HIPCUB_400000_NS::TransformInputIterator<bool, at::native::(anonymous namespace)::NonZeroOp<bool>, bool const*, long>, int>)",158971036911163,158971036913248,390,1640,0.0,1816.0,1.0,3.0,0.0,0.0,0.0,5832.0,5832.0,0.0,0.0,0.0,1.0,7380.0,17.0,1.0,967359.0,1.0,1.0,0.0
390,0,1,675,675,512,512,0,0,16,0,32,64,__amd_rocclr_copyBuffer,158971037302049,158971037306539,391,22,0.0,9487.0,0.0,7.0,0.0,0.0,0.0,0.0,0.0,0.0,0.0,0.0,1.0,19832.0,31.0,0.0,1191586.0,1.0,0.0,0.0
391,0,1,675,675,256,256,0,0,12,4,48,64,__amd_rocclr_fillBufferAligned,158971037674374,158971037676338,392,26,0.0,1136.0,0.0,5.0,0.0,0.0,0.0,0.0,0.0,0.0,0.0,0.0,1.0,16849.0,16.0,0.0,1152314.0,1.0,0.0,0.0
392,0,1,675,675,256,256,0,0,12,4,48,64,__amd_rocclr_fillBufferAligned,158971038042769,158971038044493,393,26,0.0,1136.0,0.0,3.0,0.0,0.0,0.0,0.0,0.0,0.0,0.0,0.0,1.0,13813.0,32.0,0.0,1164308.0,1.0,0.0,0.0
393,0,1,675,675,256,256,0,0,8,0,16,64,"void rocprim::ROCPRIM_400001_NS::detail::init_lookback_scan_state_kernel<rocprim::ROCPRIM_400001_NS::detail::lookback_scan_state<unsigned int, false, true> const>(rocprim::ROCPRIM_400001_NS::detail::lookback_scan_state<unsigned int, false, true> const, unsigned int, unsigned int, rocprim::ROCPRIM_400001_NS::detail::lookback_scan_state<unsigned int, false, true> const::value_type*)",158971042659472,158971042661356,394,1672,0.0,8213.0,0.0,3.0,0.0,0.0,0.0,9528.0,9528.0,0.0,0.0,0.0,0.0,6804.0,32.0,0.0,982639.0,0.0,0.0,0.0
394,0,1,675,675,512,512,29184,0,52,52,112,64,"void rocprim::ROCPRIM_400001_NS::detail::partition_kernel<(rocprim::ROCPRIM_400001_NS::detail::select_method)0, true, rocprim::ROCPRIM_400001_NS::detail::wrapped_partition_config<rocprim::ROCPRIM_400001_NS::default_config, (rocprim::ROCPRIM_400001_NS::detail::partition_subalgo)5, long, rocprim::ROCPRIM_400001_NS::empty_type>, hipcub::HIPCUB_400000_NS::CountingInputIterator<long, long>, rocprim::ROCPRIM_400001_NS::empty_type*, hipcub::HIPCUB_400000_NS::TransformInputIterator<bool, at::native::(anonymous namespace)::NonZeroOp<bool>, bool const*, long>, rocprim::ROCPRIM_400001_NS::tuple<long*, rocprim::ROCPRIM_400001_NS::empty_type>, rocprim::ROCPRIM_400001_NS::tuple<rocprim::ROCPRIM_400001_NS::empty_type*, rocprim::ROCPRIM_400001_NS::empty_type*>, rocprim::ROCPRIM_400001_NS::empty_type, rocprim::ROCPRIM_400001_NS::detail::lookback_scan_state<unsigned int, false, true>, rocprim::ROCPRIM_400001_NS::detail::block_id_wrapper<unsigned int, false>, rocprim::ROCPRIM_400001_NS::empty_type>(hipcub::HIPCUB_400000_NS::CountingInputIterator<long, long>, rocprim::ROCPRIM_400001_NS::empty_type*, hipcub::HIPCUB_400000_NS::TransformInputIterator<bool, at::native::(anonymous namespace)::NonZeroOp<bool>, bool const*, long>, rocprim::ROCPRIM_400001_NS::tuple<long*, rocprim::ROCPRIM_400001_NS::empty_type>, rocprim::ROCPRIM_400001_NS::tuple<rocprim::ROCPRIM_400001_NS::empty_type*, rocprim::ROCPRIM_400001_NS::empty_type*>, unsigned long*, unsigned long*, unsigned long, unsigned long, rocprim::ROCPRIM_400001_NS::empty_type, rocprim::ROCPRIM_400001_NS::detail::lookback_scan_state<unsigned int, false, true>, unsigned int, rocprim::ROCPRIM_400001_NS::detail::vsmem_t, rocprim::ROCPRIM_400001_NS::detail::block_id_wrapper<unsigned int, false>, rocprim::ROCPRIM_400001_NS::empty_type)",158971043026906,158971043030995,395,1643,0.0,1221.0,16.0,21.0,0.0,0.0,0.0,41658.0,41658.0,0.0,0.0,0.0,1.0,19369.0,49.0,4.0,1012566.0,1.0,1.0,0.0
395,0,1,675,675,256,256,0,0,8,0,32,64,"void rocprim::ROCPRIM_400001_NS::detail::transform_kernel<true, rocprim::ROCPRIM_400001_NS::detail::wrapped_transform_config<rocprim::ROCPRIM_400001_NS::default_config, unsigned long, true>, unsigned long, unsigned long*, int*, rocprim::ROCPRIM_400001_NS::identity<void> >(unsigned long*, unsigned long, int*, rocprim::ROCPRIM_400001_NS::identity<void>)",158971043397827,158971043399511,396,1498,0.0,1136.0,0.0,3.0,0.0,0.0,0.0,6600.0,6600.0,0.0,0.0,0.0,1.0,7418.0,14.0,0.0,960077.0,1.0,1.0,0.0
396,0,1,675,675,128,128,0,0,16,0,80,64,"void at::native::index_elementwise_kernel<128, 4, at::native::gpu_index_kernel<at::native::index_kernel_impl<at::native::OpaqueType<2> >(at::TensorIteratorBase&, c10::ArrayRef<long>, c10::ArrayRef<long>)::{lambda(char*, char const*, long)#1}>(at::TensorIteratorBase&, c10::ArrayRef<long>, c10::ArrayRef<long>, at::native::index_kernel_impl<at::native::OpaqueType<2> >(at::TensorIteratorBase&, c10::ArrayRef<long>, c10::ArrayRef<long>)::{lambda(char*, char const*, long)#1} const&, bool)::{lambda(int)#1}>(long, at::native::gpu_index_kernel<at::native::index_kernel_impl<at::native::OpaqueType<2> >(at::TensorIteratorBase&, c10::ArrayRef<long>, c10::ArrayRef<long>)::{lambda(char*, char const*, long)#1}>(at::TensorIteratorBase&, c10::ArrayRef<long>, c10::ArrayRef<long>, at::native::index_kernel_impl<at::native::OpaqueType<2> >(at::TensorIteratorBase&, c10::ArrayRef<long>, c10::ArrayRef<long>)::{lambda(char*, char const*, long)#1} const&, bool)::{lambda(int)#1})",158971076448342,158971076450867,397,1853,0.0,1816.0,3.0,3.0,0.0,0.0,0.0,7710.0,7710.0,0.0,0.0,0.0,4.0,13774.0,44.0,1.0,978616.0,4.0,1.0,0.0
397,0,1,675,675,256,256,0,0,24,0,32,64,"void at::native::vectorized_elementwise_kernel<8, at::native::AbsFunctor<c10::Half>, std::array<char*, 2ul> >(int, at::native::AbsFunctor<c10::Half>, std::array<char*, 2ul>)",158971076822029,158971076824114,398,473,0.0,1816.0,0.0,6.0,0.0,0.0,0.0,4416.0,4416.0,0.0,0.0,0.0,1.0,10413.0,23.0,2.0,966478.0,1.0,1.0,0.0
398,0,1,675,675,128,128,0,0,20,4,64,64,"void at::native::elementwise_kernel_manual_unroll<128, 4, at::native::gpu_kernel_impl<at::native::direct_copy_kernel_cuda(at::TensorIteratorBase&)::{lambda()#3}::operator()() const::{lambda()#6}::operator()() const::{lambda(double)#1}>(at::TensorIteratorBase&, at::native::direct_copy_kernel_cuda(at::TensorIteratorBase&)::{lambda()#3}::operator()() const::{lambda()#6}::operator()() const::{lambda(double)#1} const&)::{lambda(int, bool)#1}>(int, at::native::gpu_kernel_impl<at::native::direct_copy_kernel_cuda(at::TensorIteratorBase&)::{lambda()#3}::operator()() const::{lambda()#6}::operator()() const::{lambda(double)#1}>(at::TensorIteratorBase&, at::native::direct_copy_kernel_cuda(at::TensorIteratorBase&)::{lambda()#3}::operator()() const::{lambda()#6}::operator()() const::{lambda(double)#1} const&)::{lambda(int, bool)#1})",158971113953364,158971113956691,399,1951,0.0,1816.0,0.0,3.0,0.0,0.0,0.0,5928.0,5928.0,0.0,0.0,0.0,1.0,48050.0,95.0,0.0,995582.0,2.0,1.0,0.0
399,0,1,675,675,32,32,512,0,32,0,80,64,"void at::native::reduce_kernel<512, 1, at::native::ReduceOp<double, at::native::func_wrapper_t<double, at::native::MinNanFunctor<double> >, unsigned int, double, 4, 4> >(at::native::ReduceOp<double, at::native::func_wrapper_t<double, at::native::MinNanFunctor<double> >, unsigned int, double, 4, 4>)",158971124155363,158971124159372,400,2250,0.0,1816.0,8.0,1.0,0.0,0.0,0.0,7086.0,7086.0,0.0,0.0,0.0,3.0,31205.0,63.0,1.0,1002214.0,3.0,1.0,0.0
400,0,1,675,675,32,32,512,0,32,0,80,64,"void at::native::reduce_kernel<512, 1, at::native::ReduceOp<double, at::native::func_wrapper_t<double, at::native::MaxNanFunctor<double> >, unsigned int, double, 4, 4> >(at::native::ReduceOp<double, at::native::func_wrapper_t<double, at::native::MaxNanFunctor<double> >, unsigned int, double, 4, 4>)",158971134672849,158971134676778,401,2310,0.0,1816.0,8.0,2.0,0.0,0.0,0.0,6916.0,6916.0,0.0,0.0,0.0,3.0,27415.0,63.0,1.0,1006308.0,3.0,1.0,0.0
401,0,1,675,675,256,256,0,0,24,0,32,64,"void at::native::vectorized_elementwise_kernel<8, at::native::ceil_kernel_cuda(at::TensorIteratorBase&)::{lambda()#1}::operator()() const::{lambda()#3}::operator()() const::{lambda(c10::Half)#1}, std::array<char*, 2ul> >(int, at::native::ceil_kernel_cuda(at::TensorIteratorBase&)::{lambda()#1}::operator()() const::{lambda()#3}::operator()() const::{lambda(c10::Half)#1}, std::array<char*, 2ul>)",158971165446018,158971165448103,402,2526,0.0,1816.0,4.0,3.0,0.0,0.0,0.0,2358.0,2358.0,0.0,0.0,0.0,1.0,11660.0,24.0,0.0,964891.0,1.0,1.0,0.0
402,0,1,675,675,256,256,0,0,40,0,32,64,"void at::native::vectorized_elementwise_kernel<8, at::native::BinaryFunctor<c10::Half, c10::Half, bool, at::native::(anonymous namespace)::CompareEqFunctor<c10::Half> >, std::array<char*, 3ul> >(int, at::native::BinaryFunctor<c10::Half, c10::Half, bool, at::native::(anonymous namespace)::CompareEqFunctor<c10::Half> >, std::array<char*, 3ul>)",158971165818784,158971165821430,403,663,0.0,1816.0,0.0,9.0,0.0,0.0,0.0,13386.0,13386.0,0.0,0.0,0.0,2.0,20271.0,35.0,1.0,978792.0,2.0,1.0,0.0
403,0,1,675,675,512,512,0,0,16,0,32,64,__amd_rocclr_copyBuffer,158971166184534,158971166187501,404,22,0.0,2496.0,0.0,7.0,0.0,0.0,0.0,0.0,0.0,0.0,0.0,0.0,1.0,9601.0,15.0,0.0,1169539.0,1.0,0.0,0.0
404,0,1,675,675,256,256,0,0,76,4,32,64,"void at::native::vectorized_elementwise_kernel<4, at::native::BinaryFunctor<double, double, double, at::native::binary_internal::DivFunctor<double> >, std::array<char*, 3ul> >(int, at::native::BinaryFunctor<double, double, double, at::native::binary_internal::DivFunctor<double> >, std::array<char*, 3ul>)",158971195028799,158971195031245,405,2762,0.0,1816.0,0.0,9.0,0.0,0.0,0.0,8580.0,8580.0,0.0,0.0,0.0,2.0,11842.0,36.0,1.0,985634.0,2.0,1.0,0.0
405,0,1,675,675,256,256,0,0,40,0,64,64,"void at::native::vectorized_elementwise_kernel<4, at::native::compare_scalar_kernel<double>(at::TensorIteratorBase&, at::native::(anonymous namespace)::OpType, double)::{lambda(double)#1}, std::array<char*, 2ul> >(int, at::native::compare_scalar_kernel<double>(at::TensorIteratorBase&, at::native::(anonymous namespace)::OpType, double)::{lambda(double)#1}, std::array<char*, 2ul>)",158971213907213,158971213910541,406,2943,0.0,1816.0,0.0,17.0,0.0,0.0,0.0,17760.0,17760.0,0.0,0.0,0.0,1.0,16459.0,49.0,1.0,1008406.0,1.0,1.0,0.0
406,0,1,675,675,512,512,0,0,16,0,32,64,__amd_rocclr_copyBuffer,158971214280460,158971214283026,407,22,0.0,1136.0,0.0,7.0,0.0,0.0,0.0,0.0,0.0,0.0,0.0,0.0,1.0,9208.0,13.0,0.0,1157714.0,1.0,0.0,0.0
407,0,1,675,675,256,256,0,0,40,0,64,64,"void at::native::vectorized_elementwise_kernel<4, at::native::compare_scalar_kernel<double>(at::TensorIteratorBase&, at::native::(anonymous namespace)::OpType, double)::{lambda(double)#1}, std::array<char*, 2ul> >(int, at::native::compare_scalar_kernel<double>(at::TensorIteratorBase&, at::native::(anonymous namespace)::OpType, double)::{lambda(double)#1}, std::array<char*, 2ul>)",158971214649818,158971214653146,408,2943,0.0,1136.0,0.0,13.0,0.0,0.0,0.0,17504.0,17504.0,0.0,0.0,0.0,1.0,16202.0,49.0,1.0,988983.0,1.0,1.0,0.0
408,0,1,675,675,512,512,0,0,16,0,32,64,__amd_rocclr_copyBuffer,158971215016731,158971215019337,409,22,0.0,1136.0,0.0,7.0,0.0,0.0,0.0,0.0,0.0,0.0,0.0,0.0,1.0,9244.0,13.0,0.0,1159002.0,1.0,0.0,0.0
409,0,1,675,675,256,256,0,0,40,0,64,64,"void at::native::vectorized_elementwise_kernel<4, at::native::compare_scalar_kernel<double>(at::TensorIteratorBase&, at::native::(anonymous namespace)::OpType, double)::{lambda(double)#1}, std::array<char*, 2ul> >(int, at::native::compare_scalar_kernel<double>(at::TensorIteratorBase&, at::native::(anonymous namespace)::OpType, double)::{lambda(double)#1}, std::array<char*, 2ul>)",158971215386690,158971215389937,410,2943,0.0,1136.0,0.0,13.0,0.0,0.0,0.0,18400.0,18400.0,0.0,0.0,0.0,1.0,16260.0,49.0,1.0,981584.0,1.0,1.0,0.0
410,0,1,675,675,512,512,0,0,16,0,32,64,__amd_rocclr_copyBuffer,158971215761340,158971215765389,411,22,0.0,1221.0,0.0,7.0,0.0,0.0,0.0,0.0,0.0,0.0,0.0,0.0,1.0,9207.0,13.0,0.0,1170092.0,1.0,0.0,0.0
411,0,1,675,675,512,512,0,0,16,0,32,64,__amd_rocclr_copyBuffer,158971216143327,158971216146654,412,22,0.0,1136.0,0.0,7.0,0.0,0.0,0.0,0.0,0.0,0.0,0.0,0.0,1.0,9391.0,15.0,0.0,1167709.0,1.0,0.0,0.0
412,0,1,675,675,1024,1024,0,0,16,0,32,64,__amd_rocclr_copyBuffer,158971216513567,158971216516614,413,22,0.0,1136.0,0.0,15.0,0.0,0.0,0.0,0.0,0.0,0.0,0.0,0.0,1.0,9003.0,13.0,0.0,1164410.0,1.0,0.0,0.0
413,0,1,675,675,1024,1024,0,0,16,0,32,64,__amd_rocclr_copyBuffer,158971216884288,158971216887335,414,22,0.0,1136.0,0.0,15.0,0.0,0.0,0.0,0.0,0.0,0.0,0.0,0.0,1.0,9058.0,13.0,0.0,1172705.0,1.0,0.0,0.0
414,0,1,675,675,1024,1024,0,0,16,0,32,64,__amd_rocclr_copyBuffer,158971217253205,158971217256132,415,22,0.0,1136.0,0.0,15.0,0.0,0.0,0.0,0.0,0.0,0.0,0.0,0.0,1.0,9066.0,13.0,0.0,1162262.0,1.0,0.0,0.0
415,0,1,675,675,1024,1024,0,0,16,0,32,64,__amd_rocclr_copyBuffer,158971217622363,158971217625330,416,22,0.0,1136.0,0.0,15.0,0.0,0.0,0.0,0.0,0.0,0.0,0.0,0.0,1.0,9036.0,13.0,0.0,1159110.0,1.0,0.0,0.0
416,0,1,675,675,1024,1024,0,0,16,0,32,64,__amd_rocclr_copyBuffer,158971217991480,158971217994447,417,22,0.0,1136.0,0.0,15.0,0.0,0.0,0.0,0.0,0.0,0.0,0.0,0.0,1.0,9060.0,13.0,0.0,1175980.0,1.0,0.0,0.0
417,0,1,675,675,1024,1024,0,0,16,0,32,64,__amd_rocclr_copyBuffer,158971218362282,158971218365248,418,22,0.0,1136.0,0.0,15.0,0.0,0.0,0.0,0.0,0.0,0.0,0.0,0.0,1.0,9026.0,13.0,0.0,1155767.0,1.0,0.0,0.0
418,0,1,675,675,1024,1024,0,0,16,0,32,64,__amd_rocclr_copyBuffer,158971218732482,158971218735448,419,22,0.0,1221.0,0.0,15.0,0.0,0.0,0.0,0.0,0.0,0.0,0.0,0.0,1.0,8994.0,13.0,0.0,1162176.0,1.0,0.0,0.0
419,0,1,675,675,512,512,0,0,16,0,32,64,__amd_rocclr_copyBuffer,158971219100637,158971219103684,420,22,0.0,1136.0,0.0,7.0,0.0,0.0,0.0,0.0,0.0,0.0,0.0,0.0,1.0,8994.0,13.0,0.0,1174006.0,1.0,0.0,0.0
420,0,1,675,675,1024,1024,0,0,16,0,32,64,__amd_rocclr_copyBuffer,158971219471037,158971219474084,421,22,0.0,1136.0,0.0,15.0,0.0,0.0,0.0,0.0,0.0,0.0,0.0,0.0,1.0,9072.0,13.0,0.0,1164482.0,1.0,0.0,0.0
421,0,1,675,675,1024,1024,0,0,16,0,32,64,__amd_rocclr_copyBuffer,158971219844365,158971219847452,422,22,0.0,1136.0,0.0,15.0,0.0,0.0,0.0,0.0,0.0,0.0,0.0,0.0,1.0,9049.0,13.0,0.0,1160191.0,1.0,0.0,0.0
422,0,1,675,675,1024,1024,0,0,16,0,32,64,__amd_rocclr_copyBuffer,158971220214003,158971220216970,423,22,0.0,1136.0,0.0,15.0,0.0,0.0,0.0,0.0,0.0,0.0,0.0,0.0,1.0,9039.0,13.0,0.0,1175796.0,1.0,0.0,0.0
423,0,1,675,675,1024,1024,0,0,16,0,32,64,__amd_rocclr_copyBuffer,158971220580996,158971220583963,424,22,0.0,1136.0,0.0,15.0,0.0,0.0,0.0,0.0,0.0,0.0,0.0,0.0,1.0,9049.0,13.0,0.0,1158948.0,1.0,0.0,0.0
424,0,1,675,675,1024,1024,0,0,16,0,32,64,__amd_rocclr_copyBuffer,158971220953762,158971220956688,425,22,0.0,1136.0,0.0,15.0,0.0,0.0,0.0,0.0,0.0,0.0,0.0,0.0,1.0,9020.0,13.0,0.0,1137944.0,1.0,0.0,0.0
425,0,1,675,675,1024,1024,0,0,16,0,32,64,__amd_rocclr_copyBuffer,158971221322679,158971221325646,426,22,0.0,1136.0,0.0,15.0,0.0,0.0,0.0,0.0,0.0,0.0,0.0,0.0,1.0,9040.0,13.0,0.0,1148736.0,1.0,0.0,0.0
426,0,1,675,675,1024,1024,0,0,16,0,32,64,__amd_rocclr_copyBuffer,158971221691235,158971221694202,427,22,0.0,1221.0,0.0,15.0,0.0,0.0,0.0,0.0,0.0,0.0,0.0,0.0,1.0,9018.0,13.0,0.0,1161748.0,1.0,0.0,0.0
427,0,1,675,675,512,512,0,0,16,0,32,64,__amd_rocclr_copyBuffer,158971222061555,158971222064602,428,22,0.0,1136.0,0.0,7.0,0.0,0.0,0.0,0.0,0.0,0.0,0.0,0.0,1.0,9040.0,13.0,0.0,1160536.0,1.0,0.0,0.0
428,0,1,675,675,1024,1024,0,0,16,0,32,64,__amd_rocclr_copyBuffer,158971222430071,158971222433118,429,22,0.0,1136.0,0.0,15.0,0.0,0.0,0.0,0.0,0.0,0.0,0.0,0.0,1.0,9049.0,13.0,0.0,1176566.0,1.0,0.0,0.0
429,0,1,675,675,1024,1024,0,0,16,0,32,64,__amd_rocclr_copyBuffer,158971222802557,158971222805563,430,22,0.0,1136.0,0.0,15.0,0.0,0.0,0.0,0.0,0.0,0.0,0.0,0.0,1.0,9031.0,13.0,0.0,1159780.0,1.0,0.0,0.0
430,0,1,675,675,1024,1024,0,0,16,0,32,64,__amd_rocclr_copyBuffer,158971223171754,158971223174721,431,22,0.0,1136.0,0.0,15.0,0.0,0.0,0.0,0.0,0.0,0.0,0.0,0.0,1.0,9047.0,13.0,0.0,1164722.0,1.0,0.0,0.0
431,0,1,675,675,1024,1024,0,0,16,0,32,64,__amd_rocclr_copyBuffer,158971223540070,158971223543157,432,22,0.0,1136.0,0.0,15.0,0.0,0.0,0.0,0.0,0.0,0.0,0.0,0.0,1.0,9020.0,13.0,0.0,1172447.0,1.0,0.0,0.0
432,0,1,675,675,1024,1024,0,0,16,0,32,64,__amd_rocclr_copyBuffer,158971223913558,158971223916725,433,22,0.0,1136.0,0.0,17.0,0.0,0.0,0.0,0.0,0.0,0.0,0.0,0.0,1.0,9053.0,13.0,0.0,1166642.0,1.0,0.0,0.0
433,0,1,675,675,1024,1024,0,0,16,0,32,64,__amd_rocclr_copyBuffer,158971224285401,158971224288448,434,22,0.0,1136.0,0.0,17.0,0.0,0.0,0.0,0.0,0.0,0.0,0.0,0.0,1.0,9020.0,13.0,0.0,1160406.0,1.0,0.0,0.0
434,0,1,675,675,1024,1024,0,0,16,0,32,64,__amd_rocclr_copyBuffer,158971224655441,158971224658488,435,22,0.0,1136.0,0.0,15.0,0.0,0.0,0.0,0.0,0.0,0.0,0.0,0.0,1.0,9000.0,13.0,0.0,1177154.0,1.0,0.0,0.0
435,0,1,675,675,512,512,0,0,16,0,32,64,__amd_rocclr_copyBuffer,158971225023316,158971225026282,436,22,0.0,1136.0,0.0,7.0,0.0,0.0,0.0,0.0,0.0,0.0,0.0,0.0,1.0,9037.0,13.0,0.0,1163364.0,1.0,0.0,0.0
436,0,1,675,675,1024,1024,0,0,16,0,32,64,__amd_rocclr_copyBuffer,158971225393275,158971225396322,437,22,0.0,1136.0,0.0,15.0,0.0,0.0,0.0,0.0,0.0,0.0,0.0,0.0,1.0,8998.0,13.0,0.0,1165422.0,1.0,0.0,0.0
437,0,1,675,675,1024,1024,0,0,16,0,32,64,__amd_rocclr_copyBuffer,158971225761831,158971225764798,438,22,0.0,1136.0,0.0,15.0,0.0,0.0,0.0,0.0,0.0,0.0,0.0,0.0,1.0,9021.0,13.0,0.0,1172949.0,1.0,0.0,0.0
438,0,1,675,675,1024,1024,0,0,16,0,32,64,__amd_rocclr_copyBuffer,158971226130107,158971226133074,439,22,0.0,1136.0,0.0,15.0,0.0,0.0,0.0,0.0,0.0,0.0,0.0,0.0,1.0,9033.0,13.0,0.0,1164180.0,1.0,0.0,0.0
439,0,1,675,675,1024,1024,0,0,16,0,32,64,__amd_rocclr_copyBuffer,158971226499665,158971226502712,440,22,0.0,1136.0,0.0,15.0,0.0,0.0,0.0,0.0,0.0,0.0,0.0,0.0,1.0,9049.0,13.0,0.0,1161415.0,1.0,0.0,0.0
440,0,1,675,675,1024,1024,0,0,16,0,32,64,__amd_rocclr_copyBuffer,158971226869064,158971226871990,441,22,0.0,1136.0,0.0,15.0,0.0,0.0,0.0,0.0,0.0,0.0,0.0,0.0,1.0,9012.0,13.0,0.0,1177112.0,1.0,0.0,0.0
441,0,1,675,675,1024,1024,0,0,16,0,32,64,__amd_rocclr_copyBuffer,158971227241749,158971227244596,442,22,0.0,1136.0,0.0,15.0,0.0,0.0,0.0,0.0,0.0,0.0,0.0,0.0,1.0,9018.0,13.0,0.0,1157422.0,1.0,0.0,0.0
442,0,1,675,675,1024,1024,0,0,16,0,32,64,__amd_rocclr_copyBuffer,158971227613072,158971227616038,443,22,0.0,1136.0,0.0,15.0,0.0,0.0,0.0,0.0,0.0,0.0,0.0,0.0,1.0,9008.0,13.0,0.0,1165062.0,1.0,0.0,0.0
443,0,1,675,675,512,512,0,0,16,0,32,64,__amd_rocclr_copyBuffer,158971227981628,158971227984675,444,22,0.0,1136.0,0.0,7.0,0.0,0.0,0.0,0.0,0.0,0.0,0.0,0.0,1.0,9040.0,13.0,0.0,1174862.0,1.0,0.0,0.0
444,0,1,675,675,1024,1024,0,0,16,0,32,64,__amd_rocclr_copyBuffer,158971228350986,158971228353873,445,22,0.0,1136.0,0.0,15.0,0.0,0.0,0.0,0.0,0.0,0.0,0.0,0.0,1.0,9040.0,13.0,0.0,1164008.0,1.0,0.0,0.0
445,0,1,675,675,1024,1024,0,0,16,0,32,64,__amd_rocclr_copyBuffer,158971228720986,158971228723872,446,22,0.0,1136.0,0.0,15.0,0.0,0.0,0.0,0.0,0.0,0.0,0.0,0.0,1.0,9048.0,13.0,0.0,1157539.0,1.0,0.0,0.0
446,0,1,675,675,1024,1024,0,0,16,0,32,64,__amd_rocclr_copyBuffer,158971229094593,158971229097440,447,22,0.0,1136.0,0.0,15.0,0.0,0.0,0.0,0.0,0.0,0.0,0.0,0.0,1.0,9010.0,13.0,0.0,1174656.0,1.0,0.0,0.0
447,0,1,675,675,512,512,0,0,16,0,32,64,__amd_rocclr_copyBuffer,158971229464553,158971229469724,448,22,0.0,1136.0,0.0,7.0,0.0,0.0,0.0,0.0,0.0,0.0,0.0,0.0,1.0,9367.0,13.0,0.0,1204147.0,1.0,0.0,0.0
448,0,1,675,675,512,512,0,0,16,0,32,64,__amd_rocclr_copyBuffer,158971229835995,158971229838361,449,22,0.0,1136.0,0.0,7.0,0.0,0.0,0.0,0.0,0.0,0.0,0.0,0.0,1.0,9216.0,13.0,0.0,1154266.0,1.0,0.0,0.0
449,0,1,675,675,512,512,0,0,16,0,32,64,__amd_rocclr_copyBuffer,158971230205113,158971230207599,450,22,0.0,1136.0,0.0,7.0,0.0,0.0,0.0,0.0,0.0,0.0,0.0,0.0,1.0,9256.0,13.0,0.0,1165895.0,1.0,0.0,0.0
450,0,1,675,675,512,512,0,0,16,0,32,64,__amd_rocclr_copyBuffer,158971230573549,158971230576035,451,22,0.0,1136.0,0.0,7.0,0.0,0.0,0.0,0.0,0.0,0.0,0.0,0.0,1.0,9238.0,13.0,0.0,1153898.0,1.0,0.0,0.0
451,0,1,675,675,1024,1024,0,0,16,0,32,64,__amd_rocclr_copyBuffer,158971230942707,158971230946836,452,22,0.0,1136.0,0.0,15.0,0.0,0.0,0.0,0.0,0.0,0.0,0.0,0.0,1.0,9262.0,13.0,0.0,1168489.0,1.0,0.0,0.0
452,0,1,675,675,512,512,0,0,16,0,32,64,__amd_rocclr_copyBuffer,158971231313909,158971231316515,453,22,0.0,1136.0,0.0,7.0,0.0,0.0,0.0,0.0,0.0,0.0,0.0,0.0,1.0,9261.0,13.0,0.0,1167056.0,1.0,0.0,0.0
453,0,1,675,675,512,512,0,0,16,0,32,64,__amd_rocclr_copyBuffer,158971231685712,158971231688318,454,22,0.0,1136.0,0.0,7.0,0.0,0.0,0.0,0.0,0.0,0.0,0.0,0.0,1.0,9231.0,13.0,0.0,1152572.0,1.0,0.0,0.0
454,0,1,675,675,512,512,0,0,16,0,32,64,__amd_rocclr_copyBuffer,158971232055912,158971232058518,455,22,0.0,1136.0,0.0,7.0,0.0,0.0,0.0,0.0,0.0,0.0,0.0,0.0,1.0,9187.0,13.0,0.0,1154296.0,1.0,0.0,0.0
455,0,1,675,675,512,512,0,0,16,0,32,64,__amd_rocclr_copyBuffer,158971232424028,158971232429360,456,22,0.0,1136.0,0.0,7.0,0.0,0.0,0.0,0.0,0.0,0.0,0.0,0.0,1.0,9314.0,13.0,0.0,1216693.0,1.0,0.0,0.0
456,0,1,675,675,512,512,0,0,16,0,32,64,__amd_rocclr_copyBuffer,158971232800722,158971232804331,457,22,0.0,1136.0,0.0,7.0,0.0,0.0,0.0,0.0,0.0,0.0,0.0,0.0,1.0,9221.0,13.0,0.0,1132420.0,1.0,0.0,0.0
457,0,1,675,675,512,512,0,0,16,0,32,64,__amd_rocclr_copyBuffer,158971233175974,158971233178580,458,22,0.0,1136.0,0.0,7.0,0.0,0.0,0.0,0.0,0.0,0.0,0.0,0.0,1.0,9225.0,13.0,0.0,1134419.0,1.0,0.0,0.0
458,0,1,675,675,512,512,0,0,16,0,32,64,__amd_rocclr_copyBuffer,158971233542806,158971233545372,459,22,0.0,1221.0,0.0,7.0,0.0,0.0,0.0,0.0,0.0,0.0,0.0,0.0,1.0,9224.0,13.0,0.0,1166680.0,1.0,0.0,0.0
459,0,1,675,675,1024,1024,0,0,16,0,32,64,__amd_rocclr_copyBuffer,158971233912244,158971233915813,460,22,0.0,1136.0,0.0,15.0,0.0,0.0,0.0,0.0,0.0,0.0,0.0,0.0,1.0,9290.0,13.0,0.0,1169230.0,1.0,0.0,0.0
460,0,1,675,675,512,512,0,0,16,0,32,64,__amd_rocclr_copyBuffer,158971234281562,158971234284048,461,22,0.0,1136.0,0.0,7.0,0.0,0.0,0.0,0.0,0.0,0.0,0.0,0.0,1.0,9204.0,13.0,0.0,1154432.0,1.0,0.0,0.0
461,0,1,675,675,512,512,0,0,16,0,32,64,__amd_rocclr_copyBuffer,158971234650600,158971234653206,462,22,0.0,1136.0,0.0,7.0,0.0,0.0,0.0,0.0,0.0,0.0,0.0,0.0,1.0,9217.0,13.0,0.0,1163721.0,1.0,0.0,0.0
462,0,1,675,675,512,512,0,0,16,0,32,64,__amd_rocclr_copyBuffer,158971235019798,158971235022363,463,22,0.0,1136.0,0.0,7.0,0.0,0.0,0.0,0.0,0.0,0.0,0.0,0.0,1.0,9219.0,13.0,0.0,1156286.0,1.0,0.0,0.0
463,0,1,675,675,512,512,0,0,16,0,32,64,__amd_rocclr_copyBuffer,158971235386550,158971235391882,464,22,0.0,1136.0,0.0,7.0,0.0,0.0,0.0,0.0,0.0,0.0,0.0,0.0,1.0,9532.0,13.0,0.0,1205957.0,1.0,0.0,0.0
464,0,1,675,675,512,512,0,0,16,0,32,64,__amd_rocclr_copyBuffer,158971235758393,158971235761079,465,22,0.0,1136.0,0.0,10.0,0.0,0.0,0.0,0.0,0.0,0.0,0.0,0.0,1.0,9214.0,13.0,0.0,1168102.0,1.0,0.0,0.0
465,0,1,675,675,512,512,0,0,16,0,32,64,__amd_rocclr_copyBuffer,158971236128754,158971236131480,466,22,0.0,1136.0,0.0,9.0,0.0,0.0,0.0,0.0,0.0,0.0,0.0,0.0,1.0,9183.0,13.0,0.0,1154551.0,1.0,0.0,0.0
466,0,1,675,675,512,512,0,0,16,0,32,64,__amd_rocclr_copyBuffer,158971236496468,158971236499034,467,22,0.0,1136.0,0.0,7.0,0.0,0.0,0.0,0.0,0.0,0.0,0.0,0.0,1.0,9194.0,13.0,0.0,1155814.0,1.0,0.0,0.0
467,0,1,675,675,1024,1024,0,0,16,0,32,64,__amd_rocclr_copyBuffer,158971236867751,158971236871198,468,22,0.0,1136.0,0.0,15.0,0.0,0.0,0.0,0.0,0.0,0.0,0.0,0.0,1.0,9522.0,13.0,0.0,1184356.0,1.0,0.0,0.0
468,0,1,675,675,512,512,0,0,16,0,32,64,__amd_rocclr_copyBuffer,158971237239153,158971237241719,469,22,0.0,1136.0,0.0,7.0,0.0,0.0,0.0,0.0,0.0,0.0,0.0,0.0,1.0,9251.0,13.0,0.0,1155956.0,1.0,0.0,0.0
469,0,1,675,675,512,512,0,0,16,0,32,64,__amd_rocclr_copyBuffer,158971237606787,158971237609353,470,22,0.0,1136.0,0.0,7.0,0.0,0.0,0.0,0.0,0.0,0.0,0.0,0.0,1.0,9223.0,13.0,0.0,1152951.0,1.0,0.0,0.0
470,0,1,675,675,512,512,0,0,16,0,32,64,__amd_rocclr_copyBuffer,158971237980515,158971237983121,471,22,0.0,1136.0,0.0,7.0,0.0,0.0,0.0,0.0,0.0,0.0,0.0,0.0,1.0,9223.0,13.0,0.0,1168162.0,1.0,0.0,0.0
471,0,1,675,675,512,512,0,0,16,0,32,64,__amd_rocclr_copyBuffer,158971238349312,158971238354564,472,22,0.0,1136.0,0.0,7.0,0.0,0.0,0.0,0.0,0.0,0.0,0.0,0.0,1.0,9000.0,13.0,0.0,1205821.0,1.0,0.0,0.0
472,0,1,675,675,512,512,0,0,16,0,32,64,__amd_rocclr_copyBuffer,158971238719713,158971238722278,473,22,0.0,1136.0,0.0,7.0,0.0,0.0,0.0,0.0,0.0,0.0,0.0,0.0,1.0,9225.0,13.0,0.0,1156158.0,1.0,0.0,0.0
473,0,1,675,675,512,512,0,0,16,0,32,64,__amd_rocclr_copyBuffer,158971239088269,158971239090755,474,22,0.0,1136.0,0.0,7.0,0.0,0.0,0.0,0.0,0.0,0.0,0.0,0.0,1.0,9210.0,13.0,0.0,1166049.0,1.0,0.0,0.0
474,0,1,675,675,512,512,0,0,16,0,32,64,__amd_rocclr_copyBuffer,158971239454660,158971239457226,475,22,0.0,1221.0,0.0,7.0,0.0,0.0,0.0,0.0,0.0,0.0,0.0,0.0,1.0,9240.0,13.0,0.0,1156466.0,1.0,0.0,0.0
475,0,1,675,675,1024,1024,0,0,16,0,32,64,__amd_rocclr_copyBuffer,158971239830994,158971239834522,476,22,0.0,1136.0,0.0,15.0,0.0,0.0,0.0,0.0,0.0,0.0,0.0,0.0,1.0,9054.0,13.0,0.0,1169628.0,1.0,0.0,0.0
476,0,1,675,675,512,512,0,0,16,0,32,64,__amd_rocclr_copyBuffer,158971240201836,158971240204441,477,22,0.0,1136.0,0.0,7.0,0.0,0.0,0.0,0.0,0.0,0.0,0.0,0.0,1.0,9262.0,13.0,0.0,1168804.0,1.0,0.0,0.0
477,0,1,675,675,512,512,0,0,16,0,32,64,__amd_rocclr_copyBuffer,158971240574160,158971240576686,478,22,0.0,1136.0,0.0,7.0,0.0,0.0,0.0,0.0,0.0,0.0,0.0,0.0,1.0,9257.0,13.0,0.0,1151228.0,1.0,0.0,0.0
478,0,1,675,675,512,512,0,0,16,0,32,64,__amd_rocclr_copyBuffer,158971240945363,158971240947969,479,22,0.0,1136.0,0.0,7.0,0.0,0.0,0.0,0.0,0.0,0.0,0.0,0.0,1.0,9235.0,13.0,0.0,1156274.0,1.0,0.0,0.0
479,0,1,675,675,512,512,0,0,16,0,32,64,__amd_rocclr_copyBuffer,158971241314641,158971241319892,480,22,0.0,1136.0,0.0,7.0,0.0,0.0,0.0,0.0,0.0,0.0,0.0,0.0,1.0,9267.0,13.0,0.0,1213902.0,1.0,0.0,0.0
480,0,1,675,675,512,512,0,0,16,0,32,64,__amd_rocclr_copyBuffer,158971241685562,158971241687968,481,22,0.0,1136.0,0.0,7.0,0.0,0.0,0.0,0.0,0.0,0.0,0.0,0.0,1.0,9208.0,13.0,0.0,1150482.0,1.0,0.0,0.0
481,0,1,675,675,512,512,0,0,16,0,32,64,__amd_rocclr_copyBuffer,158971242053998,158971242056484,482,22,0.0,1136.0,0.0,7.0,0.0,0.0,0.0,0.0,0.0,0.0,0.0,0.0,1.0,9209.0,13.0,0.0,1151561.0,1.0,0.0,0.0
482,0,1,675,675,512,512,0,0,16,0,32,64,__amd_rocclr_copyBuffer,158971242422554,158971242425120,483,22,0.0,1221.0,0.0,7.0,0.0,0.0,0.0,0.0,0.0,0.0,0.0,0.0,1.0,9209.0,13.0,0.0,1171608.0,1.0,0.0,0.0
483,0,1,675,675,1024,1024,0,0,16,0,32,64,__amd_rocclr_copyBuffer,158971242792353,158971242795801,484,22,0.0,1136.0,0.0,15.0,0.0,0.0,0.0,0.0,0.0,0.0,0.0,0.0,1.0,9245.0,13.0,0.0,1164727.0,1.0,0.0,0.0
484,0,1,675,675,512,512,0,0,16,0,32,64,__amd_rocclr_copyBuffer,158971243161311,158971243163796,485,22,0.0,1136.0,0.0,7.0,0.0,0.0,0.0,0.0,0.0,0.0,0.0,0.0,1.0,9221.0,13.0,0.0,1155518.0,1.0,0.0,0.0
485,0,1,675,675,512,512,0,0,16,0,32,64,__amd_rocclr_copyBuffer,158971243531831,158971243534397,486,22,0.0,1136.0,0.0,7.0,0.0,0.0,0.0,0.0,0.0,0.0,0.0,0.0,1.0,9216.0,13.0,0.0,1164871.0,1.0,0.0,0.0
486,0,1,675,675,512,512,0,0,16,0,32,64,__amd_rocclr_copyBuffer,158971243902913,158971243905359,487,22,0.0,1136.0,0.0,7.0,0.0,0.0,0.0,0.0,0.0,0.0,0.0,0.0,1.0,9211.0,13.0,0.0,1154558.0,1.0,0.0,0.0
487,0,1,675,675,512,512,0,0,16,0,32,64,__amd_rocclr_copyBuffer,158971244272432,158971244277403,488,22,0.0,1136.0,0.0,7.0,0.0,0.0,0.0,0.0,0.0,0.0,0.0,0.0,1.0,9209.0,13.0,0.0,1197803.0,1.0,0.0,0.0
488,0,1,675,675,512,512,0,0,16,0,32,64,__amd_rocclr_copyBuffer,158971244642471,158971244644917,489,22,0.0,1136.0,0.0,7.0,0.0,0.0,0.0,0.0,0.0,0.0,0.0,0.0,1.0,9197.0,13.0,0.0,1140346.0,1.0,0.0,0.0
489,0,1,675,675,512,512,0,0,16,0,32,64,__amd_rocclr_copyBuffer,158971245013593,158971245016199,490,22,0.0,1136.0,0.0,7.0,0.0,0.0,0.0,0.0,0.0,0.0,0.0,0.0,1.0,9197.0,13.0,0.0,1128588.0,1.0,0.0,0.0
490,0,1,675,675,512,512,0,0,16,0,32,64,__amd_rocclr_copyBuffer,158971245384796,158971245387281,491,22,0.0,1221.0,0.0,7.0,0.0,0.0,0.0,0.0,0.0,0.0,0.0,0.0,1.0,9225.0,13.0,0.0,1154230.0,1.0,0.0,0.0
491,0,1,675,675,1024,1024,0,0,16,0,32,64,__amd_rocclr_copyBuffer,158971245751387,158971245754755,492,22,0.0,1136.0,0.0,15.0,0.0,0.0,0.0,0.0,0.0,0.0,0.0,0.0,1.0,9241.0,13.0,0.0,1178059.0,1.0,0.0,0.0
492,0,1,675,675,512,512,0,0,16,0,32,64,__amd_rocclr_copyBuffer,158971246120144,158971246122630,493,22,0.0,1136.0,0.0,7.0,0.0,0.0,0.0,0.0,0.0,0.0,0.0,0.0,1.0,9224.0,13.0,0.0,1154408.0,1.0,0.0,0.0
493,0,1,675,675,512,512,0,0,16,0,32,64,__amd_rocclr_copyBuffer,158971246488179,158971246490665,494,22,0.0,1136.0,0.0,7.0,0.0,0.0,0.0,0.0,0.0,0.0,0.0,0.0,1.0,9235.0,13.0,0.0,1152540.0,1.0,0.0,0.0
494,0,1,675,675,512,512,0,0,16,0,32,64,__amd_rocclr_copyBuffer,158971246861707,158971246864192,495,22,0.0,1136.0,0.0,7.0,0.0,0.0,0.0,0.0,0.0,0.0,0.0,0.0,1.0,9202.0,13.0,0.0,1162840.0,1.0,0.0,0.0
